path,case,what,basis,source
cases/beale-ciphers/sources/gillogly_1980_plain.txt,beale-ciphers,article or web page still in copyright (Gillogly 1980 in Cryptologia,article or web page still in copyright (Gillogly 1980 in Cryptologia; George Love; unmuseum.org),https://web.archive.org/web/20060126085231/http://members.fortunecity.com/jpeschel/gillog3.htm
cases/beale-ciphers/sources/love_plain.txt,beale-ciphers,article or web page still in copyright (Gillogly 1980 in Cryptologia,article or web page still in copyright (Gillogly 1980 in Cryptologia; George Love; unmuseum.org),https://web.archive.org/web/20060420134206/http://www.myoutbox.net/blove.htm
cases/beale-ciphers/sources/papers/king_1993_fragments/1885_pamphlet.json,beale-ciphers,"excerpts of a work still in copyright (King 1993, Cryptologia","excerpts of a work still in copyright (King 1993, Cryptologia; Poundstone, Big Secrets 1983 and Biggest Secrets 1993)","no URL recorded; the file name gives the source: ""1885 pamphlet"""
cases/beale-ciphers/sources/papers/king_1993_fragments/aaabbcdeff.json,beale-ciphers,"excerpts of a work still in copyright (King 1993, Cryptologia","excerpts of a work still in copyright (King 1993, Cryptologia; Poundstone, Big Secrets 1983 and Biggest Secrets 1993)","no URL recorded; the file name gives the source: ""aaabbcdeff"""
cases/beale-ciphers/sources/papers/king_1993_fragments/differ_pamphlet.json,beale-ciphers,"excerpts of a work still in copyright (King 1993, Cryptologia","excerpts of a work still in copyright (King 1993, Cryptologia; Poundstone, Big Secrets 1983 and Biggest Secrets 1993)","no URL recorded; the file name gives the source: ""differ pamphlet"""
cases/beale-ciphers/sources/papers/king_1993_fragments/elaborate_hoax.json,beale-ciphers,"excerpts of a work still in copyright (King 1993, Cryptologia","excerpts of a work still in copyright (King 1993, Cryptologia; Poundstone, Big Secrets 1983 and Biggest Secrets 1993)","no URL recorded; the file name gives the source: ""elaborate hoax"""
cases/beale-ciphers/sources/papers/king_1993_fragments/flush_out.json,beale-ciphers,"excerpts of a work still in copyright (King 1993, Cryptologia","excerpts of a work still in copyright (King 1993, Cryptologia; Poundstone, Big Secrets 1983 and Biggest Secrets 1993)","no URL recorded; the file name gives the source: ""flush out"""
cases/beale-ciphers/sources/papers/king_1993_fragments/gillogly_302.json,beale-ciphers,"excerpts of a work still in copyright (King 1993, Cryptologia","excerpts of a work still in copyright (King 1993, Cryptologia; Poundstone, Big Secrets 1983 and Biggest Secrets 1993)","no URL recorded; the file name gives the source: ""gillogly 302"""
cases/beale-ciphers/sources/papers/king_1993_fragments/hart_version.json,beale-ciphers,"excerpts of a work still in copyright (King 1993, Cryptologia","excerpts of a work still in copyright (King 1993, Cryptologia; Poundstone, Big Secrets 1983 and Biggest Secrets 1993)","no URL recorded; the file name gives the source: ""hart version"""
cases/beale-ciphers/sources/papers/king_1993_fragments/hill_independently.json,beale-ciphers,"excerpts of a work still in copyright (King 1993, Cryptologia","excerpts of a work still in copyright (King 1993, Cryptologia; Poundstone, Big Secrets 1983 and Biggest Secrets 1993)","no URL recorded; the file name gives the source: ""hill independently"""
cases/beale-ciphers/sources/papers/king_1993_fragments/hoax_gillogly_holst.json,beale-ciphers,"excerpts of a work still in copyright (King 1993, Cryptologia","excerpts of a work still in copyright (King 1993, Cryptologia; Poundstone, Big Secrets 1983 and Biggest Secrets 1993)","no URL recorded; the file name gives the source: ""hoax gillogly holst"""
cases/beale-ciphers/sources/papers/king_1993_fragments/later_versions.json,beale-ciphers,"excerpts of a work still in copyright (King 1993, Cryptologia","excerpts of a work still in copyright (King 1993, Cryptologia; Poundstone, Big Secrets 1983 and Biggest Secrets 1993)","no URL recorded; the file name gives the source: ""later versions"""
cases/beale-ciphers/sources/papers/king_1993_fragments/misnumbered.json,beale-ciphers,"excerpts of a work still in copyright (King 1993, Cryptologia","excerpts of a work still in copyright (King 1993, Cryptologia; Poundstone, Big Secrets 1983 and Biggest Secrets 1993)","no URL recorded; the file name gives the source: ""misnumbered"""
cases/beale-ciphers/sources/papers/king_1993_fragments/published_versions.json,beale-ciphers,"excerpts of a work still in copyright (King 1993, Cryptologia","excerpts of a work still in copyright (King 1993, Cryptologia; Poundstone, Big Secrets 1983 and Biggest Secrets 1993)","no URL recorded; the file name gives the source: ""published versions"""
cases/beale-ciphers/sources/papers/king_1993_fragments/purposely.json,beale-ciphers,"excerpts of a work still in copyright (King 1993, Cryptologia","excerpts of a work still in copyright (King 1993, Cryptologia; Poundstone, Big Secrets 1983 and Biggest Secrets 1993)","no URL recorded; the file name gives the source: ""purposely"""
cases/beale-ciphers/sources/papers/king_1993_fragments/reconstruction_title.json,beale-ciphers,"excerpts of a work still in copyright (King 1993, Cryptologia","excerpts of a work still in copyright (King 1993, Cryptologia; Poundstone, Big Secrets 1983 and Biggest Secrets 1993)","no URL recorded; the file name gives the source: ""reconstruction title"""
cases/beale-ciphers/sources/papers/king_1993_fragments/seven_simple.json,beale-ciphers,"excerpts of a work still in copyright (King 1993, Cryptologia","excerpts of a work still in copyright (King 1993, Cryptologia; Poundstone, Big Secrets 1983 and Biggest Secrets 1993)","no URL recorded; the file name gives the source: ""seven simple"""
cases/beale-ciphers/sources/papers/king_1993_fragments/versions_ciphers.json,beale-ciphers,"excerpts of a work still in copyright (King 1993, Cryptologia","excerpts of a work still in copyright (King 1993, Cryptologia; Poundstone, Big Secrets 1983 and Biggest Secrets 1993)","no URL recorded; the file name gives the source: ""versions ciphers"""
cases/beale-ciphers/sources/papers/poundstone_fragments/big_secrets_1983_beale.json,beale-ciphers,"excerpts of a work still in copyright (King 1993, Cryptologia","excerpts of a work still in copyright (King 1993, Cryptologia; Poundstone, Big Secrets 1983 and Biggest Secrets 1993)","no URL recorded; the file name gives the source: ""big secrets 1983 beale"""
cases/beale-ciphers/sources/papers/poundstone_fragments/big_secrets_1983_poe_beale.json,beale-ciphers,"excerpts of a work still in copyright (King 1993, Cryptologia","excerpts of a work still in copyright (King 1993, Cryptologia; Poundstone, Big Secrets 1983 and Biggest Secrets 1993)","no URL recorded; the file name gives the source: ""big secrets 1983 poe beale"""
cases/beale-ciphers/sources/papers/poundstone_fragments/biggest_secrets_1993_poe_beale.json,beale-ciphers,"excerpts of a work still in copyright (King 1993, Cryptologia","excerpts of a work still in copyright (King 1993, Cryptologia; Poundstone, Big Secrets 1983 and Biggest Secrets 1993)","no URL recorded; the file name gives the source: ""biggest secrets 1993 poe beale"""
cases/beale-ciphers/sources/records/books/genealogyofbeale00hodg.txt,beale-ciphers,"Internet Archive item genealogyofbeale00hodg (""The genealogy of the Beale family (1399-1956) .."", 1956)","Internet Archive item genealogyofbeale00hodg (""The genealogy of the Beale family (1399-1956) .."", 1956); published 1956, still in copyright","Internet Archive item ""The genealogy of the Beale family (1399-1956) .."" (1956): https://archive.org/details/genealogyofbeale00hodg"
cases/beale-ciphers/sources/records/papers/schmeh_mtc3.pdf,beale-ciphers,"paper still in copyright (Schmeh, MTC3","paper still in copyright (Schmeh, MTC3; Wase 2020)",https://mysterytwister.org/media/challenges/pdf/mtc3-schmeh-04-beale-en.pdf
cases/beale-ciphers/sources/records/papers/schmeh_mtc3.txt,beale-ciphers,"paper still in copyright (Schmeh, MTC3","paper still in copyright (Schmeh, MTC3; Wase 2020)",https://mysterytwister.org/media/challenges/pdf/mtc3-schmeh-04-beale-en.pdf
cases/beale-ciphers/sources/records/papers/wase2020.pdf,beale-ciphers,"paper still in copyright (Schmeh, MTC3","paper still in copyright (Schmeh, MTC3; Wase 2020)",https://ep.liu.se/ecp/171/019/ecp2020_171_019.pdf
cases/beale-ciphers/sources/records/papers/wase2020.txt,beale-ciphers,"paper still in copyright (Schmeh, MTC3","paper still in copyright (Schmeh, MTC3; Wase 2020)",https://ep.liu.se/ecp/171/019/ecp2020_171_019.pdf
cases/beale-ciphers/sources/unmuseum_bealepap_wayback_plain.txt,beale-ciphers,article or web page still in copyright (Gillogly 1980 in Cryptologia,article or web page still in copyright (Gillogly 1980 in Cryptologia; George Love; unmuseum.org),https://web.archive.org/web/2019/http://www.unmuseum.org/bealepap.htm
cases/bixby-letter/dossier/grieve2016_lss_bixby_slides.pdf,bixby-letter,"conference slides still in copyright (Grieve 2016, 2017)","conference slides still in copyright (Grieve 2016, 2017)","no URL recorded; the file name gives the source: ""grieve2016 lss bixby slides"""
cases/bixby-letter/dossier/grieve2017_cl_bixby_slides.pdf,bixby-letter,"conference slides still in copyright (Grieve 2016, 2017)","conference slides still in copyright (Grieve 2016, 2017)","no URL recorded; the file name gives the source: ""grieve2017 cl bixby slides"""
cases/brunanburh/texts/bft598.txt,brunanburh,"article, book chapter, report or web page still in copyright","article, book chapter, report or web page still in copyright","no URL recorded; the file name gives the source: ""bft598"""
cases/brunanburh/texts/cavill_2014.txt,brunanburh,"article, book chapter, report or web page still in copyright","article, book chapter, report or web page still in copyright","no URL recorded; the file name gives the source: ""cavill 2014"""
cases/brunanburh/texts/cavill_casebook.txt,brunanburh,"article, book chapter, report or web page still in copyright","article, book chapter, report or web page still in copyright",https://www.nottingham.ac.uk/-sczsteve/09essay-cavill.pdf
cases/brunanburh/texts/chronicle_kings_alba.txt,brunanburh,"article, book chapter, report or web page still in copyright","article, book chapter, report or web page still in copyright","no URL recorded; the file name gives the source: ""chronicle kings alba"""
cases/brunanburh/texts/dingesmere2004.txt,brunanburh,"article, book chapter, report or web page still in copyright","article, book chapter, report or web page still in copyright",https://www.nottingham.ac.uk/-sczsteve/JEPNS_paper.PDF
cases/brunanburh/texts/ecc31_full.txt,brunanburh,"article, book chapter, report or web page still in copyright","article, book chapter, report or web page still in copyright",https://www.wirral.gov.uk/files/ecc31-search-battle-brunanburh-june-2021.pdf
cases/brunanburh/texts/grant_brough_v4.txt,brunanburh,"article, book chapter, report or web page still in copyright","article, book chapter, report or web page still in copyright","no URL recorded; the file name gives the source: ""grant brough v4"""
cases/brunanburh/texts/j_escaping.txt,brunanburh,"article, book chapter, report or web page still in copyright","article, book chapter, report or web page still in copyright",https://doi.org/10.1080/0013838X.2022.2067708
cases/brunanburh/texts/j_halloran2005.txt,brunanburh,"article, book chapter, report or web page still in copyright","article, book chapter, report or web page still in copyright",https://www.euppublishing.com/doi/abs/10.3366/shr.2005.84.2.133
cases/brunanburh/texts/j_halloran2010.txt,brunanburh,"article, book chapter, report or web page still in copyright","article, book chapter, report or web page still in copyright","no URL recorded; the file name gives the source: ""j halloran2010"""
cases/brunanburh/texts/j_lanchester.txt,brunanburh,"article, book chapter, report or web page still in copyright","article, book chapter, report or web page still in copyright",https://doi.org/10.1007/s11061-022-09758-1
cases/brunanburh/texts/j_natgeo.txt,brunanburh,"article, book chapter, report or web page still in copyright","article, book chapter, report or web page still in copyright","no URL recorded; the file name gives the source: ""j natgeo"""
cases/brunanburh/texts/j_thepast.txt,brunanburh,"article, book chapter, report or web page still in copyright","article, book chapter, report or web page still in copyright","no URL recorded; the file name gives the source: ""j thepast"""
cases/brunanburh/texts/j_wood2013.txt,brunanburh,"article, book chapter, report or web page still in copyright","article, book chapter, report or web page still in copyright",https://www.tandfonline.com/doi/abs/10.1179/0084427613Z.00000000021
cases/brunanburh/texts/majorosi.txt,brunanburh,"article, book chapter, report or web page still in copyright","article, book chapter, report or web page still in copyright","no URL recorded; the file name gives the source: ""majorosi"""
cases/brunanburh/texts/momentous.txt,brunanburh,"article, book chapter, report or web page still in copyright","article, book chapter, report or web page still in copyright",https://www.battlefieldstrust.com/resource-centre/battlepageview.asp?pageid=891
cases/brunanburh/texts/pickles_review.txt,brunanburh,"article, book chapter, report or web page still in copyright","article, book chapter, report or web page still in copyright",https://chesterrep.openrepository.com/handle/10034/627517
cases/brunanburh/texts/raw_sources/G100001A_507.html,brunanburh,"CELT (University College Cork) edition of an Irish annal, text and translation of 1983","CELT (University College Cork) edition of an Irish annal, text and translation of 1983; CELT permits use but not redistribution","CELT, University College Cork: https://celt.ucc.ie/published/G100001A/"
cases/brunanburh/texts/raw_sources/G100001A_508.html,brunanburh,"CELT (University College Cork) edition of an Irish annal, text and translation of 1983","CELT (University College Cork) edition of an Irish annal, text and translation of 1983; CELT permits use but not redistribution","CELT, University College Cork: https://celt.ucc.ie/published/G100001A/"
cases/brunanburh/texts/raw_sources/G100001A_index.html,brunanburh,"CELT (University College Cork) edition of an Irish annal, text and translation of 1983","CELT (University College Cork) edition of an Irish annal, text and translation of 1983; CELT permits use but not redistribution","CELT, University College Cork: https://celt.ucc.ie/published/G100001A/"
cases/brunanburh/texts/raw_sources/G100004_049.html,brunanburh,"CELT (University College Cork) edition of an Irish annal, text and translation of 1983","CELT (University College Cork) edition of an Irish annal, text and translation of 1983; CELT permits use but not redistribution","CELT, University College Cork: https://celt.ucc.ie/published/G100004/"
cases/brunanburh/texts/raw_sources/G100004_index.html,brunanburh,"CELT (University College Cork) edition of an Irish annal, text and translation of 1983","CELT (University College Cork) edition of an Irish annal, text and translation of 1983; CELT permits use but not redistribution","CELT, University College Cork: https://celt.ucc.ie/published/G100004/"
cases/brunanburh/texts/raw_sources/G100005B_004.html,brunanburh,"CELT (University College Cork) edition of an Irish annal, text and translation of 1983","CELT (University College Cork) edition of an Irish annal, text and translation of 1983; CELT permits use but not redistribution","CELT, University College Cork: https://celt.ucc.ie/published/G100005B/"
cases/brunanburh/texts/raw_sources/G100005B_index.html,brunanburh,"CELT (University College Cork) edition of an Irish annal, text and translation of 1983","CELT (University College Cork) edition of an Irish annal, text and translation of 1983; CELT permits use but not redistribution","CELT, University College Cork: https://celt.ucc.ie/published/G100005B/"
cases/brunanburh/texts/raw_sources/G100016_101.html,brunanburh,"CELT (University College Cork) edition of an Irish annal, text and translation of 1983","CELT (University College Cork) edition of an Irish annal, text and translation of 1983; CELT permits use but not redistribution","CELT, University College Cork: https://celt.ucc.ie/published/G100016/"
cases/brunanburh/texts/raw_sources/G100016_102.html,brunanburh,"CELT (University College Cork) edition of an Irish annal, text and translation of 1983","CELT (University College Cork) edition of an Irish annal, text and translation of 1983; CELT permits use but not redistribution","CELT, University College Cork: https://celt.ucc.ie/published/G100016/"
cases/brunanburh/texts/raw_sources/G100016_index.html,brunanburh,"CELT (University College Cork) edition of an Irish annal, text and translation of 1983","CELT (University College Cork) edition of an Irish annal, text and translation of 1983; CELT permits use but not redistribution","CELT, University College Cork: https://celt.ucc.ie/published/G100016/"
cases/brunanburh/texts/raw_sources/T100001A_507.html,brunanburh,"CELT (University College Cork) edition of an Irish annal, text and translation of 1983","CELT (University College Cork) edition of an Irish annal, text and translation of 1983; CELT permits use but not redistribution","CELT, University College Cork: https://celt.ucc.ie/published/T100001A/"
cases/brunanburh/texts/raw_sources/T100001A_508.html,brunanburh,"CELT (University College Cork) edition of an Irish annal, text and translation of 1983","CELT (University College Cork) edition of an Irish annal, text and translation of 1983; CELT permits use but not redistribution","CELT, University College Cork: https://celt.ucc.ie/published/T100001A/"
cases/brunanburh/texts/raw_sources/T100001A_index.html,brunanburh,"CELT (University College Cork) edition of an Irish annal, text and translation of 1983","CELT (University College Cork) edition of an Irish annal, text and translation of 1983; CELT permits use but not redistribution","CELT, University College Cork: https://celt.ucc.ie/published/T100001A/"
cases/brunanburh/texts/raw_sources/T100004_049.html,brunanburh,"CELT (University College Cork) edition of an Irish annal, text and translation of 1983","CELT (University College Cork) edition of an Irish annal, text and translation of 1983; CELT permits use but not redistribution","CELT, University College Cork: https://celt.ucc.ie/published/T100004/"
cases/brunanburh/texts/raw_sources/T100004_index.html,brunanburh,"CELT (University College Cork) edition of an Irish annal, text and translation of 1983","CELT (University College Cork) edition of an Irish annal, text and translation of 1983; CELT permits use but not redistribution","CELT, University College Cork: https://celt.ucc.ie/published/T100004/"
cases/brunanburh/texts/raw_sources/T100005B_004.html,brunanburh,"CELT (University College Cork) edition of an Irish annal, text and translation of 1983","CELT (University College Cork) edition of an Irish annal, text and translation of 1983; CELT permits use but not redistribution","CELT, University College Cork: https://celt.ucc.ie/published/T100005B/"
cases/brunanburh/texts/raw_sources/T100005B_index.html,brunanburh,"CELT (University College Cork) edition of an Irish annal, text and translation of 1983","CELT (University College Cork) edition of an Irish annal, text and translation of 1983; CELT permits use but not redistribution","CELT, University College Cork: https://celt.ucc.ie/published/T100005B/"
cases/brunanburh/texts/raw_sources/T100016_102.html,brunanburh,"CELT (University College Cork) edition of an Irish annal, text and translation of 1983","CELT (University College Cork) edition of an Irish annal, text and translation of 1983; CELT permits use but not redistribution","CELT, University College Cork: https://celt.ucc.ie/published/T100016/"
cases/brunanburh/texts/raw_sources/T100016_index.html,brunanburh,"CELT (University College Cork) edition of an Irish annal, text and translation of 1983","CELT (University College Cork) edition of an Irish annal, text and translation of 1983; CELT permits use but not redistribution","CELT, University College Cork: https://celt.ucc.ie/published/T100016/"
cases/brunanburh/texts/raw_sources/T100017_index.html,brunanburh,"CELT (University College Cork) edition of an Irish annal, text and translation of 1983","CELT (University College Cork) edition of an Irish annal, text and translation of 1983; CELT permits use but not redistribution","CELT, University College Cork: https://celt.ucc.ie/published/T100017/"
cases/brunanburh/texts/raw_sources/ac-abc-to-954-first-edition.txt,brunanburh,"Gough-Cooper, Annales Cambriae A, B and C in Parallel (Welsh Chronicles Research Group, 2016), still in copyright","Gough-Cooper, Annales Cambriae A, B and C in Parallel (Welsh Chronicles Research Group, 2016), still in copyright",Welsh Chronicles Research Group: http://croniclau.bangor.ac.uk/
cases/brunanburh/texts/raw_sources/ac-b-first-edition.txt,brunanburh,"Gough-Cooper, Annales Cambriae A, B and C in Parallel (Welsh Chronicles Research Group, 2016), still in copyright","Gough-Cooper, Annales Cambriae A, B and C in Parallel (Welsh Chronicles Research Group, 2016), still in copyright",Welsh Chronicles Research Group: http://croniclau.bangor.ac.uk/
cases/brunanburh/texts/raw_sources/annalescambriae1860.txt,brunanburh,web page still in copyright,web page still in copyright,"no URL recorded; the file name gives the source: ""annalescambriae1860"""
cases/brunanburh/texts/raw_sources/asc_a.html,brunanburh,web page still in copyright,web page still in copyright,"no URL recorded; the file name gives the source: ""asc a"""
cases/brunanburh/texts/raw_sources/asc_b.html,brunanburh,web page still in copyright,web page still in copyright,"no URL recorded; the file name gives the source: ""asc b"""
cases/brunanburh/texts/raw_sources/asc_c.html,brunanburh,web page still in copyright,web page still in copyright,"no URL recorded; the file name gives the source: ""asc c"""
cases/brunanburh/texts/raw_sources/asc_d.html,brunanburh,web page still in copyright,web page still in copyright,"no URL recorded; the file name gives the source: ""asc d"""
cases/brunanburh/texts/raw_sources/asc_e.html,brunanburh,web page still in copyright,web page still in copyright,"no URL recorded; the file name gives the source: ""asc e"""
cases/brunanburh/texts/raw_sources/asc_f.html,brunanburh,web page still in copyright,web page still in copyright,"no URL recorded; the file name gives the source: ""asc f"""
cases/brunanburh/texts/raw_sources/cavill.txt,brunanburh,web page still in copyright,web page still in copyright,https://www.nottingham.ac.uk/-sczsteve/Cavill_2014.pdf
cases/brunanburh/texts/raw_sources/egils_heimskringla.html,brunanburh,web page still in copyright,web page still in copyright,"no URL recorded; the file name gives the source: ""egils heimskringla"""
cases/brunanburh/texts/raw_sources/esawyer_407.html,brunanburh,"Electronic Sawyer charter-database page (King's College London), still in copyright","Electronic Sawyer charter-database page (King's College London), still in copyright",The Electronic Sawyer: https://esawyer.lib.cam.ac.uk/charter/407.html
cases/brunanburh/texts/raw_sources/esawyer_425.html,brunanburh,"Electronic Sawyer charter-database page (King's College London), still in copyright","Electronic Sawyer charter-database page (King's College London), still in copyright",The Electronic Sawyer: https://esawyer.lib.cam.ac.uk/charter/425.html
cases/brunanburh/texts/raw_sources/esawyer_426.html,brunanburh,"Electronic Sawyer charter-database page (King's College London), still in copyright","Electronic Sawyer charter-database page (King's College London), still in copyright",The Electronic Sawyer: https://esawyer.lib.cam.ac.uk/charter/426.html
cases/brunanburh/texts/raw_sources/esawyer_427.html,brunanburh,"Electronic Sawyer charter-database page (King's College London), still in copyright","Electronic Sawyer charter-database page (King's College London), still in copyright",The Electronic Sawyer: https://esawyer.lib.cam.ac.uk/charter/427.html
cases/brunanburh/texts/raw_sources/esawyer_428.html,brunanburh,"Electronic Sawyer charter-database page (King's College London), still in copyright","Electronic Sawyer charter-database page (King's College London), still in copyright",The Electronic Sawyer: https://esawyer.lib.cam.ac.uk/charter/428.html
cases/brunanburh/texts/raw_sources/esawyer_429.html,brunanburh,"Electronic Sawyer charter-database page (King's College London), still in copyright","Electronic Sawyer charter-database page (King's College London), still in copyright",The Electronic Sawyer: https://esawyer.lib.cam.ac.uk/charter/429.html
cases/brunanburh/texts/raw_sources/esawyer_430.html,brunanburh,"Electronic Sawyer charter-database page (King's College London), still in copyright","Electronic Sawyer charter-database page (King's College London), still in copyright",The Electronic Sawyer: https://esawyer.lib.cam.ac.uk/charter/430.html
cases/brunanburh/texts/raw_sources/esawyer_431.html,brunanburh,"Electronic Sawyer charter-database page (King's College London), still in copyright","Electronic Sawyer charter-database page (King's College London), still in copyright",The Electronic Sawyer: https://esawyer.lib.cam.ac.uk/charter/431.html
cases/brunanburh/texts/raw_sources/esawyer_432.html,brunanburh,"Electronic Sawyer charter-database page (King's College London), still in copyright","Electronic Sawyer charter-database page (King's College London), still in copyright",The Electronic Sawyer: https://esawyer.lib.cam.ac.uk/charter/432.html
cases/brunanburh/texts/raw_sources/esawyer_433.html,brunanburh,"Electronic Sawyer charter-database page (King's College London), still in copyright","Electronic Sawyer charter-database page (King's College London), still in copyright",The Electronic Sawyer: https://esawyer.lib.cam.ac.uk/charter/433.html
cases/brunanburh/texts/raw_sources/esawyer_434.html,brunanburh,"Electronic Sawyer charter-database page (King's College London), still in copyright","Electronic Sawyer charter-database page (King's College London), still in copyright",The Electronic Sawyer: https://esawyer.lib.cam.ac.uk/charter/434.html
cases/brunanburh/texts/raw_sources/esawyer_435.html,brunanburh,"Electronic Sawyer charter-database page (King's College London), still in copyright","Electronic Sawyer charter-database page (King's College London), still in copyright",The Electronic Sawyer: https://esawyer.lib.cam.ac.uk/charter/435.html
cases/brunanburh/texts/raw_sources/esawyer_436.html,brunanburh,"Electronic Sawyer charter-database page (King's College London), still in copyright","Electronic Sawyer charter-database page (King's College London), still in copyright",The Electronic Sawyer: https://esawyer.lib.cam.ac.uk/charter/436.html
cases/brunanburh/texts/raw_sources/esawyer_437.html,brunanburh,"Electronic Sawyer charter-database page (King's College London), still in copyright","Electronic Sawyer charter-database page (King's College London), still in copyright",The Electronic Sawyer: https://esawyer.lib.cam.ac.uk/charter/437.html
cases/brunanburh/texts/raw_sources/esawyer_438.html,brunanburh,"Electronic Sawyer charter-database page (King's College London), still in copyright","Electronic Sawyer charter-database page (King's College London), still in copyright",The Electronic Sawyer: https://esawyer.lib.cam.ac.uk/charter/438.html
cases/brunanburh/texts/raw_sources/esawyer_439.html,brunanburh,"Electronic Sawyer charter-database page (King's College London), still in copyright","Electronic Sawyer charter-database page (King's College London), still in copyright",The Electronic Sawyer: https://esawyer.lib.cam.ac.uk/charter/439.html
cases/brunanburh/texts/raw_sources/esawyer_440.html,brunanburh,"Electronic Sawyer charter-database page (King's College London), still in copyright","Electronic Sawyer charter-database page (King's College London), still in copyright",The Electronic Sawyer: https://esawyer.lib.cam.ac.uk/charter/440.html
cases/brunanburh/texts/raw_sources/esawyer_441.html,brunanburh,"Electronic Sawyer charter-database page (King's College London), still in copyright","Electronic Sawyer charter-database page (King's College London), still in copyright",The Electronic Sawyer: https://esawyer.lib.cam.ac.uk/charter/441.html
cases/brunanburh/texts/raw_sources/esawyer_442.html,brunanburh,"Electronic Sawyer charter-database page (King's College London), still in copyright","Electronic Sawyer charter-database page (King's College London), still in copyright",The Electronic Sawyer: https://esawyer.lib.cam.ac.uk/charter/442.html
cases/brunanburh/texts/raw_sources/esawyer_443.html,brunanburh,"Electronic Sawyer charter-database page (King's College London), still in copyright","Electronic Sawyer charter-database page (King's College London), still in copyright",The Electronic Sawyer: https://esawyer.lib.cam.ac.uk/charter/443.html
cases/brunanburh/texts/raw_sources/esawyer_444.html,brunanburh,"Electronic Sawyer charter-database page (King's College London), still in copyright","Electronic Sawyer charter-database page (King's College London), still in copyright",The Electronic Sawyer: https://esawyer.lib.cam.ac.uk/charter/444.html
cases/brunanburh/texts/raw_sources/esawyer_445.html,brunanburh,"Electronic Sawyer charter-database page (King's College London), still in copyright","Electronic Sawyer charter-database page (King's College London), still in copyright",The Electronic Sawyer: https://esawyer.lib.cam.ac.uk/charter/445.html
cases/brunanburh/texts/raw_sources/esawyer_446.html,brunanburh,"Electronic Sawyer charter-database page (King's College London), still in copyright","Electronic Sawyer charter-database page (King's College London), still in copyright",The Electronic Sawyer: https://esawyer.lib.cam.ac.uk/charter/446.html
cases/brunanburh/texts/raw_sources/mj_armes_en.html,brunanburh,web page still in copyright,web page still in copyright,"no URL recorded; the file name gives the source: ""mj armes en"""
cases/brunanburh/texts/raw_sources/mj_armes_w.html,brunanburh,web page still in copyright,web page still in copyright,"no URL recorded; the file name gives the source: ""mj armes w"""
cases/brunanburh/texts/sagabook14.txt,brunanburh,"article, book chapter, report or web page still in copyright","article, book chapter, report or web page still in copyright","no URL recorded; the file name gives the source: ""sagabook14"""
cases/brunanburh/texts/sal2014_jina.txt,brunanburh,"article, book chapter, report or web page still in copyright","article, book chapter, report or web page still in copyright","no URL recorded; the file name gives the source: ""sal2014 jina"""
cases/brunanburh/texts/senchus2012_jina.txt,brunanburh,"article, book chapter, report or web page still in copyright","article, book chapter, report or web page still in copyright","no URL recorded; the file name gives the source: ""senchus2012 jina"""
cases/brunanburh/texts/tudsbery.txt,brunanburh,"article, book chapter, report or web page still in copyright","article, book chapter, report or web page still in copyright","no URL recorded; the file name gives the source: ""tudsbery"""
cases/brunanburh/texts/yh_jina.txt,brunanburh,"article, book chapter, report or web page still in copyright","article, book chapter, report or web page still in copyright",https://doi.org/10.1080/0013838X.2022.2154045
cases/chicago-fire/bales/appendixD/catharine_mclaughlin.txt,chicago-fire,"testimony transcribed in the appendix of Bales, The Great Chicago Fire and the Myth of Mrs. O'Leary's Cow (2002)","testimony transcribed in the appendix of Bales, The Great Chicago Fire and the Myth of Mrs. O'Leary's Cow (2002); the 1871 testimony itself is public domain and the Tribune's reports of it are kept",https://www.loc.gov/resource/sn82014064/1871-11-26/ed-1/?sp=1
cases/chicago-fire/bales/appendixD/catherine_oleary.txt,chicago-fire,"testimony transcribed in the appendix of Bales, The Great Chicago Fire and the Myth of Mrs. O'Leary's Cow (2002)","testimony transcribed in the appendix of Bales, The Great Chicago Fire and the Myth of Mrs. O'Leary's Cow (2002); the 1871 testimony itself is public domain and the Tribune's reports of it are kept",https://greatchicagofire.org/oleary-legend-library/%E2%80%9Ckate-barn-afire%E2%80%9D/
cases/chicago-fire/bales/appendixD/catherine_sullivan.txt,chicago-fire,"testimony transcribed in the appendix of Bales, The Great Chicago Fire and the Myth of Mrs. O'Leary's Cow (2002)","testimony transcribed in the appendix of Bales, The Great Chicago Fire and the Myth of Mrs. O'Leary's Cow (2002); the 1871 testimony itself is public domain and the Tribune's reports of it are kept","no URL recorded; the file name gives the source: ""catherine sullivan"""
cases/chicago-fire/bales/appendixD/daniel_sullivan.txt,chicago-fire,"testimony transcribed in the appendix of Bales, The Great Chicago Fire and the Myth of Mrs. O'Leary's Cow (2002)","testimony transcribed in the appendix of Bales, The Great Chicago Fire and the Myth of Mrs. O'Leary's Cow (2002); the 1871 testimony itself is public domain and the Tribune's reports of it are kept",https://www.loc.gov/resource/sn82014064/1871-11-26/ed-1/?sp=1
cases/chicago-fire/bales/appendixD/dennis_regan.txt,chicago-fire,"testimony transcribed in the appendix of Bales, The Great Chicago Fire and the Myth of Mrs. O'Leary's Cow (2002)","testimony transcribed in the appendix of Bales, The Great Chicago Fire and the Myth of Mrs. O'Leary's Cow (2002); the 1871 testimony itself is public domain and the Tribune's reports of it are kept",https://www.loc.gov/resource/sn82014064/1871-11-25/ed-1/?sp=6
cases/chicago-fire/bales/appendixD/patrick_oleary.txt,chicago-fire,"testimony transcribed in the appendix of Bales, The Great Chicago Fire and the Myth of Mrs. O'Leary's Cow (2002)","testimony transcribed in the appendix of Bales, The Great Chicago Fire and the Myth of Mrs. O'Leary's Cow (2002); the 1871 testimony itself is public domain and the Tribune's reports of it are kept",https://www.loc.gov/resource/sn82014064/1871-11-26/ed-1/?sp=1
cases/chicago-fire/bales/appendixD/william_brown.txt,chicago-fire,"testimony transcribed in the appendix of Bales, The Great Chicago Fire and the Myth of Mrs. O'Leary's Cow (2002)","testimony transcribed in the appendix of Bales, The Great Chicago Fire and the Myth of Mrs. O'Leary's Cow (2002); the 1871 testimony itself is public domain and the Tribune's reports of it are kept","no URL recorded; the file name gives the source: ""william brown"""
cases/chicago-fire/bales/appendixD/witness_list.txt,chicago-fire,"testimony transcribed in the appendix of Bales, The Great Chicago Fire and the Myth of Mrs. O'Leary's Cow (2002)","testimony transcribed in the appendix of Bales, The Great Chicago Fire and the Myth of Mrs. O'Leary's Cow (2002); the 1871 testimony itself is public domain and the Tribune's reports of it are kept","no URL recorded; the file name gives the source: ""witness list"""
cases/chicago-fire/literature/gbooks/BALES_SNIPPETS_BY_QUERY.txt,chicago-fire,"search excerpts from a book still in copyright (Google Books, Open Library or Internet Archive full-text search)","search excerpts from a book still in copyright (Google Books, Open Library or Internet Archive full-text search)","no URL recorded; the file name gives the source: ""BALES SNIPPETS BY QUERY"""
cases/chicago-fire/literature/texts/americanheritage_olearys_full.txt,chicago-fire,article still in copyright (American Heritage,article still in copyright (American Heritage; Musham 1940; Chicago Tribune 1997-1998),https://www.americanheritage.com/olearys-and-great-chicago-fire
cases/chicago-fire/literature/texts/musham_1940_part3_commentary_cause.txt,chicago-fire,article still in copyright (American Heritage,article still in copyright (American Heritage; Musham 1940; Chicago Tribune 1997-1998),"no URL recorded; the file name gives the source: ""musham 1940 part3 commentary cause"""
cases/chicago-fire/literature/texts/musham_1940_start_of_fire_section.txt,chicago-fire,article still in copyright (American Heritage,article still in copyright (American Heritage; Musham 1940; Chicago Tribune 1997-1998),"no URL recorded; the file name gives the source: ""musham 1940 start of fire section"""
cases/chicago-fire/literature/texts/tribune_debartolo_1997-10-08.txt,chicago-fire,article still in copyright (American Heritage,article still in copyright (American Heritage; Musham 1940; Chicago Tribune 1997-1998),https://www.chicagotribune.com/news/ct-xpm-1997-10-08-9710080167-story.html
cases/chicago-fire/literature/texts/tribune_debartolo_1998-03-03.txt,chicago-fire,article still in copyright (American Heritage,article still in copyright (American Heritage; Musham 1940; Chicago Tribune 1997-1998),https://www.chicagotribune.com/news/ct-xpm-1998-03-03-9803030082-story.html
cases/chicago-fire/maps/images/musham_1940_plan_p98.jpg,chicago-fire,"plan reproduced from Musham 1940, still in copyright","plan reproduced from Musham 1940, still in copyright","no URL recorded; the file name gives the source: ""musham 1940 plan p98"""
cases/chicago-fire/press/pages/chicagology/chicago-fire.html,chicago-fire,page copied from a website still in copyright (chicagology.com,"page copied from a website still in copyright (chicagology.com; greatchicagofire.org, Chicago History Museum)",chicagology.com: https://chicagology.com/chicago-fire/
cases/chicago-fire/press/pages/chicagology/chicago-fire.txt,chicago-fire,page copied from a website still in copyright (chicagology.com,"page copied from a website still in copyright (chicagology.com; greatchicagofire.org, Chicago History Museum)",chicagology.com: https://chicagology.com/chicago-fire/
cases/chicago-fire/press/pages/chicagology/chicago-fire_aftermath.html,chicago-fire,page copied from a website still in copyright (chicagology.com,"page copied from a website still in copyright (chicagology.com; greatchicagofire.org, Chicago History Museum)",chicagology.com: https://chicagology.com/chicago-fire_aftermath/
cases/chicago-fire/press/pages/chicagology/chicago-fire_aftermath.txt,chicago-fire,page copied from a website still in copyright (chicagology.com,"page copied from a website still in copyright (chicagology.com; greatchicagofire.org, Chicago History Museum)",chicagology.com: https://chicagology.com/chicago-fire_aftermath/
cases/chicago-fire/press/pages/chicagology/chicago-fire_fire001.html,chicago-fire,page copied from a website still in copyright (chicagology.com,"page copied from a website still in copyright (chicagology.com; greatchicagofire.org, Chicago History Museum)",chicagology.com: https://chicagology.com/chicago-fire_fire001/
cases/chicago-fire/press/pages/chicagology/chicago-fire_fire001.txt,chicago-fire,page copied from a website still in copyright (chicagology.com,"page copied from a website still in copyright (chicagology.com; greatchicagofire.org, Chicago History Museum)",chicagology.com: https://chicagology.com/chicago-fire_fire001/
cases/chicago-fire/press/pages/chicagology/chicago-fire_fire002.html,chicago-fire,page copied from a website still in copyright (chicagology.com,"page copied from a website still in copyright (chicagology.com; greatchicagofire.org, Chicago History Museum)",chicagology.com: https://chicagology.com/chicago-fire_fire002/
cases/chicago-fire/press/pages/chicagology/chicago-fire_fire002.txt,chicago-fire,page copied from a website still in copyright (chicagology.com,"page copied from a website still in copyright (chicagology.com; greatchicagofire.org, Chicago History Museum)",chicagology.com: https://chicagology.com/chicago-fire_fire002/
cases/chicago-fire/press/pages/chicagology/chicago-fire_fire003.html,chicago-fire,page copied from a website still in copyright (chicagology.com,"page copied from a website still in copyright (chicagology.com; greatchicagofire.org, Chicago History Museum)",chicagology.com: https://chicagology.com/chicago-fire_fire003/
cases/chicago-fire/press/pages/chicagology/chicago-fire_fire003.txt,chicago-fire,page copied from a website still in copyright (chicagology.com,"page copied from a website still in copyright (chicagology.com; greatchicagofire.org, Chicago History Museum)",chicagology.com: https://chicagology.com/chicago-fire_fire003/
cases/chicago-fire/press/pages/chicagology/chicago-fire_fire004.html,chicago-fire,page copied from a website still in copyright (chicagology.com,"page copied from a website still in copyright (chicagology.com; greatchicagofire.org, Chicago History Museum)",chicagology.com: https://chicagology.com/chicago-fire_fire004/
cases/chicago-fire/press/pages/chicagology/chicago-fire_fire004.txt,chicago-fire,page copied from a website still in copyright (chicagology.com,"page copied from a website still in copyright (chicagology.com; greatchicagofire.org, Chicago History Museum)",chicagology.com: https://chicagology.com/chicago-fire_fire004/
cases/chicago-fire/press/pages/chicagology/chicago-fire_fire005.html,chicago-fire,page copied from a website still in copyright (chicagology.com,"page copied from a website still in copyright (chicagology.com; greatchicagofire.org, Chicago History Museum)",chicagology.com: https://chicagology.com/chicago-fire_fire005/
cases/chicago-fire/press/pages/chicagology/chicago-fire_fire005.txt,chicago-fire,page copied from a website still in copyright (chicagology.com,"page copied from a website still in copyright (chicagology.com; greatchicagofire.org, Chicago History Museum)",chicagology.com: https://chicagology.com/chicago-fire_fire005/
cases/chicago-fire/press/pages/chicagology/chicago-fire_fire006.html,chicago-fire,page copied from a website still in copyright (chicagology.com,"page copied from a website still in copyright (chicagology.com; greatchicagofire.org, Chicago History Museum)",chicagology.com: https://chicagology.com/chicago-fire_fire006/
cases/chicago-fire/press/pages/chicagology/chicago-fire_fire006.txt,chicago-fire,page copied from a website still in copyright (chicagology.com,"page copied from a website still in copyright (chicagology.com; greatchicagofire.org, Chicago History Museum)",chicagology.com: https://chicagology.com/chicago-fire_fire006/
cases/chicago-fire/press/pages/chicagology/chicago-fire_fire007.html,chicago-fire,page copied from a website still in copyright (chicagology.com,"page copied from a website still in copyright (chicagology.com; greatchicagofire.org, Chicago History Museum)",chicagology.com: https://chicagology.com/chicago-fire_fire007/
cases/chicago-fire/press/pages/chicagology/chicago-fire_fire007.txt,chicago-fire,page copied from a website still in copyright (chicagology.com,"page copied from a website still in copyright (chicagology.com; greatchicagofire.org, Chicago History Museum)",chicagology.com: https://chicagology.com/chicago-fire_fire007/
cases/chicago-fire/press/pages/chicagology/chicago-fire_fire008.html,chicago-fire,page copied from a website still in copyright (chicagology.com,"page copied from a website still in copyright (chicagology.com; greatchicagofire.org, Chicago History Museum)",chicagology.com: https://chicagology.com/chicago-fire_fire008/
cases/chicago-fire/press/pages/chicagology/chicago-fire_fire008.txt,chicago-fire,page copied from a website still in copyright (chicagology.com,"page copied from a website still in copyright (chicagology.com; greatchicagofire.org, Chicago History Museum)",chicagology.com: https://chicagology.com/chicago-fire_fire008/
cases/chicago-fire/press/pages/chicagology/chicago-fire_fire009.html,chicago-fire,page copied from a website still in copyright (chicagology.com,"page copied from a website still in copyright (chicagology.com; greatchicagofire.org, Chicago History Museum)",chicagology.com: https://chicagology.com/chicago-fire_fire009/
cases/chicago-fire/press/pages/chicagology/chicago-fire_fire009.txt,chicago-fire,page copied from a website still in copyright (chicagology.com,"page copied from a website still in copyright (chicagology.com; greatchicagofire.org, Chicago History Museum)",chicagology.com: https://chicagology.com/chicago-fire_fire009/
cases/chicago-fire/press/pages/chicagology/chicago-fire_fire010.html,chicago-fire,page copied from a website still in copyright (chicagology.com,"page copied from a website still in copyright (chicagology.com; greatchicagofire.org, Chicago History Museum)",chicagology.com: https://chicagology.com/chicago-fire_fire010/
cases/chicago-fire/press/pages/chicagology/chicago-fire_fire010.txt,chicago-fire,page copied from a website still in copyright (chicagology.com,"page copied from a website still in copyright (chicagology.com; greatchicagofire.org, Chicago History Museum)",chicagology.com: https://chicagology.com/chicago-fire_fire010/
cases/chicago-fire/press/pages/chicagology/chicago-fire_fire011.html,chicago-fire,page copied from a website still in copyright (chicagology.com,"page copied from a website still in copyright (chicagology.com; greatchicagofire.org, Chicago History Museum)",chicagology.com: https://chicagology.com/chicago-fire_fire011/
cases/chicago-fire/press/pages/chicagology/chicago-fire_fire011.txt,chicago-fire,page copied from a website still in copyright (chicagology.com,"page copied from a website still in copyright (chicagology.com; greatchicagofire.org, Chicago History Museum)",chicagology.com: https://chicagology.com/chicago-fire_fire011/
cases/chicago-fire/press/pages/chicagology/chicago-fire_fire012.html,chicago-fire,page copied from a website still in copyright (chicagology.com,"page copied from a website still in copyright (chicagology.com; greatchicagofire.org, Chicago History Museum)",chicagology.com: https://chicagology.com/chicago-fire_fire012/
cases/chicago-fire/press/pages/chicagology/chicago-fire_fire012.txt,chicago-fire,page copied from a website still in copyright (chicagology.com,"page copied from a website still in copyright (chicagology.com; greatchicagofire.org, Chicago History Museum)",chicagology.com: https://chicagology.com/chicago-fire_fire012/
cases/chicago-fire/press/pages/chicagology/chicago-fire_fire013.html,chicago-fire,page copied from a website still in copyright (chicagology.com,"page copied from a website still in copyright (chicagology.com; greatchicagofire.org, Chicago History Museum)",chicagology.com: https://chicagology.com/chicago-fire_fire013/
cases/chicago-fire/press/pages/chicagology/chicago-fire_fire013.txt,chicago-fire,page copied from a website still in copyright (chicagology.com,"page copied from a website still in copyright (chicagology.com; greatchicagofire.org, Chicago History Museum)",chicagology.com: https://chicagology.com/chicago-fire_fire013/
cases/chicago-fire/press/pages/chicagology/chicago-fire_fire014.html,chicago-fire,page copied from a website still in copyright (chicagology.com,"page copied from a website still in copyright (chicagology.com; greatchicagofire.org, Chicago History Museum)",chicagology.com: https://chicagology.com/chicago-fire_fire014/
cases/chicago-fire/press/pages/chicagology/chicago-fire_fire014.txt,chicago-fire,page copied from a website still in copyright (chicagology.com,"page copied from a website still in copyright (chicagology.com; greatchicagofire.org, Chicago History Museum)",chicagology.com: https://chicagology.com/chicago-fire_fire014/
cases/chicago-fire/press/pages/chicagology/chicago-fire_fire015.html,chicago-fire,page copied from a website still in copyright (chicagology.com,"page copied from a website still in copyright (chicagology.com; greatchicagofire.org, Chicago History Museum)",chicagology.com: https://chicagology.com/chicago-fire_fire015/
cases/chicago-fire/press/pages/chicagology/chicago-fire_fire015.txt,chicago-fire,page copied from a website still in copyright (chicagology.com,"page copied from a website still in copyright (chicagology.com; greatchicagofire.org, Chicago History Museum)",chicagology.com: https://chicagology.com/chicago-fire_fire015/
cases/chicago-fire/press/pages/chicagology/chicago-fire_fire016.html,chicago-fire,page copied from a website still in copyright (chicagology.com,"page copied from a website still in copyright (chicagology.com; greatchicagofire.org, Chicago History Museum)",chicagology.com: https://chicagology.com/chicago-fire_fire016/
cases/chicago-fire/press/pages/chicagology/chicago-fire_fire016.txt,chicago-fire,page copied from a website still in copyright (chicagology.com,"page copied from a website still in copyright (chicagology.com; greatchicagofire.org, Chicago History Museum)",chicagology.com: https://chicagology.com/chicago-fire_fire016/
cases/chicago-fire/press/pages/chicagology/chicago-fire_fire017.html,chicago-fire,page copied from a website still in copyright (chicagology.com,"page copied from a website still in copyright (chicagology.com; greatchicagofire.org, Chicago History Museum)",chicagology.com: https://chicagology.com/chicago-fire_fire017/
cases/chicago-fire/press/pages/chicagology/chicago-fire_fire017.txt,chicago-fire,page copied from a website still in copyright (chicagology.com,"page copied from a website still in copyright (chicagology.com; greatchicagofire.org, Chicago History Museum)",chicagology.com: https://chicagology.com/chicago-fire_fire017/
cases/chicago-fire/press/pages/chicagology/chicago-fire_fire018.html,chicago-fire,page copied from a website still in copyright (chicagology.com,"page copied from a website still in copyright (chicagology.com; greatchicagofire.org, Chicago History Museum)",chicagology.com: https://chicagology.com/chicago-fire_fire018/
cases/chicago-fire/press/pages/chicagology/chicago-fire_fire018.txt,chicago-fire,page copied from a website still in copyright (chicagology.com,"page copied from a website still in copyright (chicagology.com; greatchicagofire.org, Chicago History Museum)",chicagology.com: https://chicagology.com/chicago-fire_fire018/
cases/chicago-fire/press/pages/chicagology/chicago-fire_fire019.html,chicago-fire,page copied from a website still in copyright (chicagology.com,"page copied from a website still in copyright (chicagology.com; greatchicagofire.org, Chicago History Museum)",chicagology.com: https://chicagology.com/chicago-fire_fire019/
cases/chicago-fire/press/pages/chicagology/chicago-fire_fire019.txt,chicago-fire,page copied from a website still in copyright (chicagology.com,"page copied from a website still in copyright (chicagology.com; greatchicagofire.org, Chicago History Museum)",chicagology.com: https://chicagology.com/chicago-fire_fire019/
cases/chicago-fire/press/pages/chicagology/chicago-fire_fire020.html,chicago-fire,page copied from a website still in copyright (chicagology.com,"page copied from a website still in copyright (chicagology.com; greatchicagofire.org, Chicago History Museum)",chicagology.com: https://chicagology.com/chicago-fire_fire020/
cases/chicago-fire/press/pages/chicagology/chicago-fire_fire020.txt,chicago-fire,page copied from a website still in copyright (chicagology.com,"page copied from a website still in copyright (chicagology.com; greatchicagofire.org, Chicago History Museum)",chicagology.com: https://chicagology.com/chicago-fire_fire020/
cases/chicago-fire/press/pages/chicagology/chicago-fire_fire021.html,chicago-fire,page copied from a website still in copyright (chicagology.com,"page copied from a website still in copyright (chicagology.com; greatchicagofire.org, Chicago History Museum)",chicagology.com: https://chicagology.com/chicago-fire_fire021/
cases/chicago-fire/press/pages/chicagology/chicago-fire_fire021.txt,chicago-fire,page copied from a website still in copyright (chicagology.com,"page copied from a website still in copyright (chicagology.com; greatchicagofire.org, Chicago History Museum)",chicagology.com: https://chicagology.com/chicago-fire_fire021/
cases/chicago-fire/press/pages/chicagology/chicago-fire_fire022.html,chicago-fire,page copied from a website still in copyright (chicagology.com,"page copied from a website still in copyright (chicagology.com; greatchicagofire.org, Chicago History Museum)",chicagology.com: https://chicagology.com/chicago-fire_fire022/
cases/chicago-fire/press/pages/chicagology/chicago-fire_fire022.txt,chicago-fire,page copied from a website still in copyright (chicagology.com,"page copied from a website still in copyright (chicagology.com; greatchicagofire.org, Chicago History Museum)",chicagology.com: https://chicagology.com/chicago-fire_fire022/
cases/chicago-fire/press/pages/chicagology/chicago-fire_fire023.html,chicago-fire,page copied from a website still in copyright (chicagology.com,"page copied from a website still in copyright (chicagology.com; greatchicagofire.org, Chicago History Museum)",chicagology.com: https://chicagology.com/chicago-fire_fire023/
cases/chicago-fire/press/pages/chicagology/chicago-fire_fire023.txt,chicago-fire,page copied from a website still in copyright (chicagology.com,"page copied from a website still in copyright (chicagology.com; greatchicagofire.org, Chicago History Museum)",chicagology.com: https://chicagology.com/chicago-fire_fire023/
cases/chicago-fire/press/pages/chicagology/chicago-fire_fire024.html,chicago-fire,page copied from a website still in copyright (chicagology.com,"page copied from a website still in copyright (chicagology.com; greatchicagofire.org, Chicago History Museum)",chicagology.com: https://chicagology.com/chicago-fire_fire024/
cases/chicago-fire/press/pages/chicagology/chicago-fire_fire024.txt,chicago-fire,page copied from a website still in copyright (chicagology.com,"page copied from a website still in copyright (chicagology.com; greatchicagofire.org, Chicago History Museum)",chicagology.com: https://chicagology.com/chicago-fire_fire024/
cases/chicago-fire/press/pages/chicagology/chicago-fire_fire025.html,chicago-fire,page copied from a website still in copyright (chicagology.com,"page copied from a website still in copyright (chicagology.com; greatchicagofire.org, Chicago History Museum)",chicagology.com: https://chicagology.com/chicago-fire_fire025/
cases/chicago-fire/press/pages/chicagology/chicago-fire_fire025.txt,chicago-fire,page copied from a website still in copyright (chicagology.com,"page copied from a website still in copyright (chicagology.com; greatchicagofire.org, Chicago History Museum)",chicagology.com: https://chicagology.com/chicago-fire_fire025/
cases/chicago-fire/press/pages/chicagology/chicago-fire_fire026.html,chicago-fire,page copied from a website still in copyright (chicagology.com,"page copied from a website still in copyright (chicagology.com; greatchicagofire.org, Chicago History Museum)",chicagology.com: https://chicagology.com/chicago-fire_fire026/
cases/chicago-fire/press/pages/chicagology/chicago-fire_fire026.txt,chicago-fire,page copied from a website still in copyright (chicagology.com,"page copied from a website still in copyright (chicagology.com; greatchicagofire.org, Chicago History Museum)",chicagology.com: https://chicagology.com/chicago-fire_fire026/
cases/chicago-fire/press/pages/chicagology/chicago-fire_fire027.html,chicago-fire,page copied from a website still in copyright (chicagology.com,"page copied from a website still in copyright (chicagology.com; greatchicagofire.org, Chicago History Museum)",chicagology.com: https://chicagology.com/chicago-fire_fire027/
cases/chicago-fire/press/pages/chicagology/chicago-fire_fire027.txt,chicago-fire,page copied from a website still in copyright (chicagology.com,"page copied from a website still in copyright (chicagology.com; greatchicagofire.org, Chicago History Museum)",chicagology.com: https://chicagology.com/chicago-fire_fire027/
cases/chicago-fire/press/pages/chicagology/chicago-fire_fire028.html,chicago-fire,page copied from a website still in copyright (chicagology.com,"page copied from a website still in copyright (chicagology.com; greatchicagofire.org, Chicago History Museum)",chicagology.com: https://chicagology.com/chicago-fire_fire028/
cases/chicago-fire/press/pages/chicagology/chicago-fire_fire028.txt,chicago-fire,page copied from a website still in copyright (chicagology.com,"page copied from a website still in copyright (chicagology.com; greatchicagofire.org, Chicago History Museum)",chicagology.com: https://chicagology.com/chicago-fire_fire028/
cases/chicago-fire/press/pages/chicagology/chicago-fire_fire029.html,chicago-fire,page copied from a website still in copyright (chicagology.com,"page copied from a website still in copyright (chicagology.com; greatchicagofire.org, Chicago History Museum)",chicagology.com: https://chicagology.com/chicago-fire_fire029/
cases/chicago-fire/press/pages/chicagology/chicago-fire_fire029.txt,chicago-fire,page copied from a website still in copyright (chicagology.com,"page copied from a website still in copyright (chicagology.com; greatchicagofire.org, Chicago History Museum)",chicagology.com: https://chicagology.com/chicago-fire_fire029/
cases/chicago-fire/press/pages/chicagology/chicago-fire_fire030.html,chicago-fire,page copied from a website still in copyright (chicagology.com,"page copied from a website still in copyright (chicagology.com; greatchicagofire.org, Chicago History Museum)",chicagology.com: https://chicagology.com/chicago-fire_fire030/
cases/chicago-fire/press/pages/chicagology/chicago-fire_fire030.txt,chicago-fire,page copied from a website still in copyright (chicagology.com,"page copied from a website still in copyright (chicagology.com; greatchicagofire.org, Chicago History Museum)",chicagology.com: https://chicagology.com/chicago-fire_fire030/
cases/chicago-fire/press/pages/chicagology/chicago-fire_fire031.html,chicago-fire,page copied from a website still in copyright (chicagology.com,"page copied from a website still in copyright (chicagology.com; greatchicagofire.org, Chicago History Museum)",chicagology.com: https://chicagology.com/chicago-fire_fire031/
cases/chicago-fire/press/pages/chicagology/chicago-fire_fire031.txt,chicago-fire,page copied from a website still in copyright (chicagology.com,"page copied from a website still in copyright (chicagology.com; greatchicagofire.org, Chicago History Museum)",chicagology.com: https://chicagology.com/chicago-fire_fire031/
cases/chicago-fire/press/pages/chicagology/chicago-fire_fire032.html,chicago-fire,page copied from a website still in copyright (chicagology.com,"page copied from a website still in copyright (chicagology.com; greatchicagofire.org, Chicago History Museum)",chicagology.com: https://chicagology.com/chicago-fire_fire032/
cases/chicago-fire/press/pages/chicagology/chicago-fire_fire032.txt,chicago-fire,page copied from a website still in copyright (chicagology.com,"page copied from a website still in copyright (chicagology.com; greatchicagofire.org, Chicago History Museum)",chicagology.com: https://chicagology.com/chicago-fire_fire032/
cases/chicago-fire/press/pages/chicagology/chicago-fire_fire033.html,chicago-fire,page copied from a website still in copyright (chicagology.com,"page copied from a website still in copyright (chicagology.com; greatchicagofire.org, Chicago History Museum)",chicagology.com: https://chicagology.com/chicago-fire_fire033/
cases/chicago-fire/press/pages/chicagology/chicago-fire_fire033.txt,chicago-fire,page copied from a website still in copyright (chicagology.com,"page copied from a website still in copyright (chicagology.com; greatchicagofire.org, Chicago History Museum)",chicagology.com: https://chicagology.com/chicago-fire_fire033/
cases/chicago-fire/press/pages/chicagology/chicago-fire_fire034.html,chicago-fire,page copied from a website still in copyright (chicagology.com,"page copied from a website still in copyright (chicagology.com; greatchicagofire.org, Chicago History Museum)",chicagology.com: https://chicagology.com/chicago-fire_fire034/
cases/chicago-fire/press/pages/chicagology/chicago-fire_fire034.txt,chicago-fire,page copied from a website still in copyright (chicagology.com,"page copied from a website still in copyright (chicagology.com; greatchicagofire.org, Chicago History Museum)",chicagology.com: https://chicagology.com/chicago-fire_fire034/
cases/chicago-fire/press/pages/chicagology/chicago-fire_fire035.html,chicago-fire,page copied from a website still in copyright (chicagology.com,"page copied from a website still in copyright (chicagology.com; greatchicagofire.org, Chicago History Museum)",chicagology.com: https://chicagology.com/chicago-fire_fire035/
cases/chicago-fire/press/pages/chicagology/chicago-fire_fire035.txt,chicago-fire,page copied from a website still in copyright (chicagology.com,"page copied from a website still in copyright (chicagology.com; greatchicagofire.org, Chicago History Museum)",chicagology.com: https://chicagology.com/chicago-fire_fire035/
cases/chicago-fire/press/pages/chicagology/chicago-fire_fire037.html,chicago-fire,page copied from a website still in copyright (chicagology.com,"page copied from a website still in copyright (chicagology.com; greatchicagofire.org, Chicago History Museum)",chicagology.com: https://chicagology.com/chicago-fire_fire037/
cases/chicago-fire/press/pages/chicagology/chicago-fire_fire037.txt,chicago-fire,page copied from a website still in copyright (chicagology.com,"page copied from a website still in copyright (chicagology.com; greatchicagofire.org, Chicago History Museum)",chicagology.com: https://chicagology.com/chicago-fire_fire037/
cases/chicago-fire/press/pages/chicagology/chicago-fire_fire038.html,chicago-fire,page copied from a website still in copyright (chicagology.com,"page copied from a website still in copyright (chicagology.com; greatchicagofire.org, Chicago History Museum)",chicagology.com: https://chicagology.com/chicago-fire_fire038/
cases/chicago-fire/press/pages/chicagology/chicago-fire_fire038.txt,chicago-fire,page copied from a website still in copyright (chicagology.com,"page copied from a website still in copyright (chicagology.com; greatchicagofire.org, Chicago History Museum)",chicagology.com: https://chicagology.com/chicago-fire_fire038/
cases/chicago-fire/press/pages/chicagology/chicago-fire_fire039.html,chicago-fire,page copied from a website still in copyright (chicagology.com,"page copied from a website still in copyright (chicagology.com; greatchicagofire.org, Chicago History Museum)",chicagology.com: https://chicagology.com/chicago-fire_fire039/
cases/chicago-fire/press/pages/chicagology/chicago-fire_fire039.txt,chicago-fire,page copied from a website still in copyright (chicagology.com,"page copied from a website still in copyright (chicagology.com; greatchicagofire.org, Chicago History Museum)",chicagology.com: https://chicagology.com/chicago-fire_fire039/
cases/chicago-fire/press/pages/chicagology/chicago-fire_fire040.html,chicago-fire,page copied from a website still in copyright (chicagology.com,"page copied from a website still in copyright (chicagology.com; greatchicagofire.org, Chicago History Museum)",chicagology.com: https://chicagology.com/chicago-fire_fire040/
cases/chicago-fire/press/pages/chicagology/chicago-fire_fire040.txt,chicago-fire,page copied from a website still in copyright (chicagology.com,"page copied from a website still in copyright (chicagology.com; greatchicagofire.org, Chicago History Museum)",chicagology.com: https://chicagology.com/chicago-fire_fire040/
cases/chicago-fire/press/pages/chicagology/chicago-fire_fire041.html,chicago-fire,page copied from a website still in copyright (chicagology.com,"page copied from a website still in copyright (chicagology.com; greatchicagofire.org, Chicago History Museum)",chicagology.com: https://chicagology.com/chicago-fire_fire041/
cases/chicago-fire/press/pages/chicagology/chicago-fire_fire041.txt,chicago-fire,page copied from a website still in copyright (chicagology.com,"page copied from a website still in copyright (chicagology.com; greatchicagofire.org, Chicago History Museum)",chicagology.com: https://chicagology.com/chicago-fire_fire041/
cases/chicago-fire/press/pages/chicagology/chicago-fire_fire042.html,chicago-fire,page copied from a website still in copyright (chicagology.com,"page copied from a website still in copyright (chicagology.com; greatchicagofire.org, Chicago History Museum)",chicagology.com: https://chicagology.com/chicago-fire_fire042/
cases/chicago-fire/press/pages/chicagology/chicago-fire_fire042.txt,chicago-fire,page copied from a website still in copyright (chicagology.com,"page copied from a website still in copyright (chicagology.com; greatchicagofire.org, Chicago History Museum)",chicagology.com: https://chicagology.com/chicago-fire_fire042/
cases/chicago-fire/press/pages/chicagology/chicago-fire_fire043.html,chicago-fire,page copied from a website still in copyright (chicagology.com,"page copied from a website still in copyright (chicagology.com; greatchicagofire.org, Chicago History Museum)",chicagology.com: https://chicagology.com/chicago-fire_fire043/
cases/chicago-fire/press/pages/chicagology/chicago-fire_fire043.txt,chicago-fire,page copied from a website still in copyright (chicagology.com,"page copied from a website still in copyright (chicagology.com; greatchicagofire.org, Chicago History Museum)",chicagology.com: https://chicagology.com/chicago-fire_fire043/
cases/chicago-fire/press/pages/chicagology/chicago-fire_fire044.html,chicago-fire,page copied from a website still in copyright (chicagology.com,"page copied from a website still in copyright (chicagology.com; greatchicagofire.org, Chicago History Museum)",chicagology.com: https://chicagology.com/chicago-fire_fire044/
cases/chicago-fire/press/pages/chicagology/chicago-fire_fire044.txt,chicago-fire,page copied from a website still in copyright (chicagology.com,"page copied from a website still in copyright (chicagology.com; greatchicagofire.org, Chicago History Museum)",chicagology.com: https://chicagology.com/chicago-fire_fire044/
cases/chicago-fire/press/pages/chicagology/chicago-fire_fire045.html,chicago-fire,page copied from a website still in copyright (chicagology.com,"page copied from a website still in copyright (chicagology.com; greatchicagofire.org, Chicago History Museum)",chicagology.com: https://chicagology.com/chicago-fire_fire045/
cases/chicago-fire/press/pages/chicagology/chicago-fire_fire045.txt,chicago-fire,page copied from a website still in copyright (chicagology.com,"page copied from a website still in copyright (chicagology.com; greatchicagofire.org, Chicago History Museum)",chicagology.com: https://chicagology.com/chicago-fire_fire045/
cases/chicago-fire/press/pages/chicagology/chicago-fire_fire046.html,chicago-fire,page copied from a website still in copyright (chicagology.com,"page copied from a website still in copyright (chicagology.com; greatchicagofire.org, Chicago History Museum)",chicagology.com: https://chicagology.com/chicago-fire_fire046/
cases/chicago-fire/press/pages/chicagology/chicago-fire_fire046.txt,chicago-fire,page copied from a website still in copyright (chicagology.com,"page copied from a website still in copyright (chicagology.com; greatchicagofire.org, Chicago History Museum)",chicagology.com: https://chicagology.com/chicago-fire_fire046/
cases/chicago-fire/press/pages/chicagology/chicago-fire_fire047.html,chicago-fire,page copied from a website still in copyright (chicagology.com,"page copied from a website still in copyright (chicagology.com; greatchicagofire.org, Chicago History Museum)",chicagology.com: https://chicagology.com/chicago-fire_fire047/
cases/chicago-fire/press/pages/chicagology/chicago-fire_fire047.txt,chicago-fire,page copied from a website still in copyright (chicagology.com,"page copied from a website still in copyright (chicagology.com; greatchicagofire.org, Chicago History Museum)",chicagology.com: https://chicagology.com/chicago-fire_fire047/
cases/chicago-fire/press/pages/chicagology/chicago-fire_fire048.html,chicago-fire,page copied from a website still in copyright (chicagology.com,"page copied from a website still in copyright (chicagology.com; greatchicagofire.org, Chicago History Museum)",chicagology.com: https://chicagology.com/chicago-fire_fire048/
cases/chicago-fire/press/pages/chicagology/chicago-fire_fire048.txt,chicago-fire,page copied from a website still in copyright (chicagology.com,"page copied from a website still in copyright (chicagology.com; greatchicagofire.org, Chicago History Museum)",chicagology.com: https://chicagology.com/chicago-fire_fire048/
cases/chicago-fire/press/pages/chicagology/chicago-fire_fire049.html,chicago-fire,page copied from a website still in copyright (chicagology.com,"page copied from a website still in copyright (chicagology.com; greatchicagofire.org, Chicago History Museum)",chicagology.com: https://chicagology.com/chicago-fire_fire049/
cases/chicago-fire/press/pages/chicagology/chicago-fire_fire049.txt,chicago-fire,page copied from a website still in copyright (chicagology.com,"page copied from a website still in copyright (chicagology.com; greatchicagofire.org, Chicago History Museum)",chicagology.com: https://chicagology.com/chicago-fire_fire049/
cases/chicago-fire/press/pages/chicagology/chicago-fire_fire050.html,chicago-fire,page copied from a website still in copyright (chicagology.com,"page copied from a website still in copyright (chicagology.com; greatchicagofire.org, Chicago History Museum)",chicagology.com: https://chicagology.com/chicago-fire_fire050/
cases/chicago-fire/press/pages/chicagology/chicago-fire_fire050.txt,chicago-fire,page copied from a website still in copyright (chicagology.com,"page copied from a website still in copyright (chicagology.com; greatchicagofire.org, Chicago History Museum)",chicagology.com: https://chicagology.com/chicago-fire_fire050/
cases/chicago-fire/press/pages/chicagology/chicago-fire_fire051.html,chicago-fire,page copied from a website still in copyright (chicagology.com,"page copied from a website still in copyright (chicagology.com; greatchicagofire.org, Chicago History Museum)",chicagology.com: https://chicagology.com/chicago-fire_fire051/
cases/chicago-fire/press/pages/chicagology/chicago-fire_fire051.txt,chicago-fire,page copied from a website still in copyright (chicagology.com,"page copied from a website still in copyright (chicagology.com; greatchicagofire.org, Chicago History Museum)",chicagology.com: https://chicagology.com/chicago-fire_fire051/
cases/chicago-fire/press/pages/chicagology/chicago-fire_fire052.html,chicago-fire,page copied from a website still in copyright (chicagology.com,"page copied from a website still in copyright (chicagology.com; greatchicagofire.org, Chicago History Museum)",chicagology.com: https://chicagology.com/chicago-fire_fire052/
cases/chicago-fire/press/pages/chicagology/chicago-fire_fire052.txt,chicago-fire,page copied from a website still in copyright (chicagology.com,"page copied from a website still in copyright (chicagology.com; greatchicagofire.org, Chicago History Museum)",chicagology.com: https://chicagology.com/chicago-fire_fire052/
cases/chicago-fire/press/pages/chicagology/chicago-fire_fire053.html,chicago-fire,page copied from a website still in copyright (chicagology.com,"page copied from a website still in copyright (chicagology.com; greatchicagofire.org, Chicago History Museum)",chicagology.com: https://chicagology.com/chicago-fire_fire053/
cases/chicago-fire/press/pages/chicagology/chicago-fire_fire053.txt,chicago-fire,page copied from a website still in copyright (chicagology.com,"page copied from a website still in copyright (chicagology.com; greatchicagofire.org, Chicago History Museum)",chicagology.com: https://chicagology.com/chicago-fire_fire053/
cases/chicago-fire/press/pages/chicagology/chicago-fire_fire054.html,chicago-fire,page copied from a website still in copyright (chicagology.com,"page copied from a website still in copyright (chicagology.com; greatchicagofire.org, Chicago History Museum)",chicagology.com: https://chicagology.com/chicago-fire_fire054/
cases/chicago-fire/press/pages/chicagology/chicago-fire_fire054.txt,chicago-fire,page copied from a website still in copyright (chicagology.com,"page copied from a website still in copyright (chicagology.com; greatchicagofire.org, Chicago History Museum)",chicagology.com: https://chicagology.com/chicago-fire_fire054/
cases/chicago-fire/press/pages/chicagology/chicago-fire_prefire196.html,chicago-fire,page copied from a website still in copyright (chicagology.com,"page copied from a website still in copyright (chicagology.com; greatchicagofire.org, Chicago History Museum)",chicagology.com: https://chicagology.com/chicago-fire_prefire196/
cases/chicago-fire/press/pages/chicagology/chicago-fire_prefire196.txt,chicago-fire,page copied from a website still in copyright (chicagology.com,"page copied from a website still in copyright (chicagology.com; greatchicagofire.org, Chicago History Museum)",chicagology.com: https://chicagology.com/chicago-fire_prefire196/
cases/chicago-fire/press/pages/chicagology/index.html,chicago-fire,page copied from a website still in copyright (chicagology.com,"page copied from a website still in copyright (chicagology.com; greatchicagofire.org, Chicago History Museum)",chicagology.com: https://chicagology.com/index/
cases/chicago-fire/press/pages/chicagology/index.txt,chicago-fire,page copied from a website still in copyright (chicagology.com,"page copied from a website still in copyright (chicagology.com; greatchicagofire.org, Chicago History Museum)",chicagology.com: https://chicagology.com/index/
cases/chicago-fire/press/pages/gcf/eyewitnesses.html,chicago-fire,page copied from a website still in copyright (chicagology.com,"page copied from a website still in copyright (chicagology.com; greatchicagofire.org, Chicago History Museum)",greatchicagofire.org (Chicago History Museum): https://www.greatchicagofire.org/eyewitnesses/
cases/chicago-fire/press/pages/gcf/eyewitnesses.txt,chicago-fire,page copied from a website still in copyright (chicagology.com,"page copied from a website still in copyright (chicagology.com; greatchicagofire.org, Chicago History Museum)",greatchicagofire.org (Chicago History Museum): https://www.greatchicagofire.org/eyewitnesses/
cases/chicago-fire/press/pages/gcf/fanning-flames.html,chicago-fire,page copied from a website still in copyright (chicagology.com,"page copied from a website still in copyright (chicagology.com; greatchicagofire.org, Chicago History Museum)",greatchicagofire.org (Chicago History Museum): https://www.greatchicagofire.org/fanning-flames/
cases/chicago-fire/press/pages/gcf/fanning-flames.txt,chicago-fire,page copied from a website still in copyright (chicagology.com,"page copied from a website still in copyright (chicagology.com; greatchicagofire.org, Chicago History Museum)",greatchicagofire.org (Chicago History Museum): https://www.greatchicagofire.org/fanning-flames/
cases/chicago-fire/press/pages/gcf/landmarks_oleary-home.html,chicago-fire,page copied from a website still in copyright (chicagology.com,"page copied from a website still in copyright (chicagology.com; greatchicagofire.org, Chicago History Museum)",greatchicagofire.org (Chicago History Museum): https://www.greatchicagofire.org/landmarks_oleary-home/
cases/chicago-fire/press/pages/gcf/landmarks_oleary-home.txt,chicago-fire,page copied from a website still in copyright (chicagology.com,"page copied from a website still in copyright (chicagology.com; greatchicagofire.org, Chicago History Museum)",greatchicagofire.org (Chicago History Museum): https://www.greatchicagofire.org/landmarks_oleary-home/
cases/chicago-fire/press/pages/gcf/landmarks_saturday-night-fire.html,chicago-fire,page copied from a website still in copyright (chicagology.com,"page copied from a website still in copyright (chicagology.com; greatchicagofire.org, Chicago History Museum)",greatchicagofire.org (Chicago History Museum): https://www.greatchicagofire.org/landmarks_saturday-night-fire/
cases/chicago-fire/press/pages/gcf/landmarks_saturday-night-fire.txt,chicago-fire,page copied from a website still in copyright (chicagology.com,"page copied from a website still in copyright (chicagology.com; greatchicagofire.org, Chicago History Museum)",greatchicagofire.org (Chicago History Museum): https://www.greatchicagofire.org/landmarks_saturday-night-fire/
cases/chicago-fire/press/pages/gcf/media-event-library_adamantine-bulwarks-of-hell.html,chicago-fire,page copied from a website still in copyright (chicagology.com,"page copied from a website still in copyright (chicagology.com; greatchicagofire.org, Chicago History Museum)",greatchicagofire.org (Chicago History Museum): https://www.greatchicagofire.org/media-event-library_adamantine-bulwarks-of-hell/
cases/chicago-fire/press/pages/gcf/media-event-library_adamantine-bulwarks-of-hell.txt,chicago-fire,page copied from a website still in copyright (chicagology.com,"page copied from a website still in copyright (chicagology.com; greatchicagofire.org, Chicago History Museum)",greatchicagofire.org (Chicago History Museum): https://www.greatchicagofire.org/media-event-library_adamantine-bulwarks-of-hell/
cases/chicago-fire/press/pages/gcf/media-event-library_chicago-distress.html,chicago-fire,page copied from a website still in copyright (chicagology.com,"page copied from a website still in copyright (chicagology.com; greatchicagofire.org, Chicago History Museum)",greatchicagofire.org (Chicago History Museum): https://www.greatchicagofire.org/media-event-library_chicago-distress/
cases/chicago-fire/press/pages/gcf/media-event-library_chicago-distress.txt,chicago-fire,page copied from a website still in copyright (chicagology.com,"page copied from a website still in copyright (chicagology.com; greatchicagofire.org, Chicago History Museum)",greatchicagofire.org (Chicago History Museum): https://www.greatchicagofire.org/media-event-library_chicago-distress/
cases/chicago-fire/press/pages/gcf/media-event-library_night-of-terror-sympathy-and-relief.html,chicago-fire,page copied from a website still in copyright (chicagology.com,"page copied from a website still in copyright (chicagology.com; greatchicagofire.org, Chicago History Museum)",greatchicagofire.org (Chicago History Museum): https://www.greatchicagofire.org/media-event-library_night-of-terror-sympathy-and-relief/
cases/chicago-fire/press/pages/gcf/media-event-library_night-of-terror-sympathy-and-relief.txt,chicago-fire,page copied from a website still in copyright (chicagology.com,"page copied from a website still in copyright (chicagology.com; greatchicagofire.org, Chicago History Museum)",greatchicagofire.org (Chicago History Museum): https://www.greatchicagofire.org/media-event-library_night-of-terror-sympathy-and-relief/
cases/chicago-fire/press/pages/gcf/media-event-library_silver-lining-of-cloud.html,chicago-fire,page copied from a website still in copyright (chicagology.com,"page copied from a website still in copyright (chicagology.com; greatchicagofire.org, Chicago History Museum)",greatchicagofire.org (Chicago History Museum): https://www.greatchicagofire.org/media-event-library_silver-lining-of-cloud/
cases/chicago-fire/press/pages/gcf/media-event-library_silver-lining-of-cloud.txt,chicago-fire,page copied from a website still in copyright (chicagology.com,"page copied from a website still in copyright (chicagology.com; greatchicagofire.org, Chicago History Museum)",greatchicagofire.org (Chicago History Museum): https://www.greatchicagofire.org/media-event-library_silver-lining-of-cloud/
cases/chicago-fire/press/pages/gcf/media-event.html,chicago-fire,page copied from a website still in copyright (chicagology.com,"page copied from a website still in copyright (chicagology.com; greatchicagofire.org, Chicago History Museum)",greatchicagofire.org (Chicago History Museum): https://www.greatchicagofire.org/media-event/
cases/chicago-fire/press/pages/gcf/media-event.txt,chicago-fire,page copied from a website still in copyright (chicagology.com,"page copied from a website still in copyright (chicagology.com; greatchicagofire.org, Chicago History Museum)",greatchicagofire.org (Chicago History Museum): https://www.greatchicagofire.org/media-event/
cases/chicago-fire/press/pages/gcf/media-event_arresting-images.html,chicago-fire,page copied from a website still in copyright (chicagology.com,"page copied from a website still in copyright (chicagology.com; greatchicagofire.org, Chicago History Museum)",greatchicagofire.org (Chicago History Museum): https://www.greatchicagofire.org/media-event_arresting-images/
cases/chicago-fire/press/pages/gcf/media-event_arresting-images.txt,chicago-fire,page copied from a website still in copyright (chicagology.com,"page copied from a website still in copyright (chicagology.com; greatchicagofire.org, Chicago History Museum)",greatchicagofire.org (Chicago History Museum): https://www.greatchicagofire.org/media-event_arresting-images/
cases/chicago-fire/press/pages/gcf/media-event_front-page-news.html,chicago-fire,page copied from a website still in copyright (chicagology.com,"page copied from a website still in copyright (chicagology.com; greatchicagofire.org, Chicago History Museum)",greatchicagofire.org (Chicago History Museum): https://www.greatchicagofire.org/media-event_front-page-news/
cases/chicago-fire/press/pages/gcf/media-event_front-page-news.txt,chicago-fire,page copied from a website still in copyright (chicagology.com,"page copied from a website still in copyright (chicagology.com; greatchicagofire.org, Chicago History Museum)",greatchicagofire.org (Chicago History Museum): https://www.greatchicagofire.org/media-event_front-page-news/
cases/chicago-fire/press/pages/gcf/media-event_index.html.html,chicago-fire,page copied from a website still in copyright (chicagology.com,"page copied from a website still in copyright (chicagology.com; greatchicagofire.org, Chicago History Museum)",greatchicagofire.org (Chicago History Museum): https://www.greatchicagofire.org/media-event_index.html/
cases/chicago-fire/press/pages/gcf/media-event_index.html.txt,chicago-fire,page copied from a website still in copyright (chicagology.com,"page copied from a website still in copyright (chicagology.com; greatchicagofire.org, Chicago History Museum)",greatchicagofire.org (Chicago History Museum): https://www.greatchicagofire.org/media-event_index.html/
cases/chicago-fire/press/pages/gcf/media-event_instant-history.html,chicago-fire,page copied from a website still in copyright (chicagology.com,"page copied from a website still in copyright (chicagology.com; greatchicagofire.org, Chicago History Museum)",greatchicagofire.org (Chicago History Museum): https://www.greatchicagofire.org/media-event_instant-history/
cases/chicago-fire/press/pages/gcf/media-event_instant-history.txt,chicago-fire,page copied from a website still in copyright (chicagology.com,"page copied from a website still in copyright (chicagology.com; greatchicagofire.org, Chicago History Museum)",greatchicagofire.org (Chicago History Museum): https://www.greatchicagofire.org/media-event_instant-history/
cases/chicago-fire/press/pages/gcf/media-event_media-event-library.html,chicago-fire,page copied from a website still in copyright (chicagology.com,"page copied from a website still in copyright (chicagology.com; greatchicagofire.org, Chicago History Museum)",greatchicagofire.org (Chicago History Museum): https://www.greatchicagofire.org/media-event_media-event-library/
cases/chicago-fire/press/pages/gcf/media-event_media-event-library.txt,chicago-fire,page copied from a website still in copyright (chicagology.com,"page copied from a website still in copyright (chicagology.com; greatchicagofire.org, Chicago History Museum)",greatchicagofire.org (Chicago History Museum): https://www.greatchicagofire.org/media-event_media-event-library/
cases/chicago-fire/press/pages/gcf/oleary-legend-library_%e2%80%9ckate-barn-afire%e2%80%9d.html,chicago-fire,page copied from a website still in copyright (chicagology.com,"page copied from a website still in copyright (chicagology.com; greatchicagofire.org, Chicago History Museum)",greatchicagofire.org (Chicago History Museum): https://www.greatchicagofire.org/oleary-legend-library_%e2%80%9ckate-barn-afire%e2%80%9d/
cases/chicago-fire/press/pages/gcf/oleary-legend-library_%e2%80%9ckate-barn-afire%e2%80%9d.txt,chicago-fire,page copied from a website still in copyright (chicagology.com,"page copied from a website still in copyright (chicagology.com; greatchicagofire.org, Chicago History Museum)",greatchicagofire.org (Chicago History Museum): https://www.greatchicagofire.org/oleary-legend-library_%e2%80%9ckate-barn-afire%e2%80%9d/
cases/chicago-fire/press/pages/gcf/oleary-legend-library_%e2%80%9cmrs-leary%e2%80%99s-cow%e2%80%9d.html,chicago-fire,page copied from a website still in copyright (chicagology.com,"page copied from a website still in copyright (chicagology.com; greatchicagofire.org, Chicago History Museum)",greatchicagofire.org (Chicago History Museum): https://www.greatchicagofire.org/oleary-legend-library_%e2%80%9cmrs-leary%e2%80%99s-cow%e2%80%9d/
cases/chicago-fire/press/pages/gcf/oleary-legend-library_%e2%80%9cmrs-leary%e2%80%99s-cow%e2%80%9d.txt,chicago-fire,page copied from a website still in copyright (chicagology.com,"page copied from a website still in copyright (chicagology.com; greatchicagofire.org, Chicago History Museum)",greatchicagofire.org (Chicago History Museum): https://www.greatchicagofire.org/oleary-legend-library_%e2%80%9cmrs-leary%e2%80%99s-cow%e2%80%9d/
cases/chicago-fire/press/pages/gcf/oleary-legend-library_official-report.html,chicago-fire,page copied from a website still in copyright (chicagology.com,"page copied from a website still in copyright (chicagology.com; greatchicagofire.org, Chicago History Museum)",greatchicagofire.org (Chicago History Museum): https://www.greatchicagofire.org/oleary-legend-library_official-report/
cases/chicago-fire/press/pages/gcf/oleary-legend-library_official-report.txt,chicago-fire,page copied from a website still in copyright (chicagology.com,"page copied from a website still in copyright (chicagology.com; greatchicagofire.org, Chicago History Museum)",greatchicagofire.org (Chicago History Museum): https://www.greatchicagofire.org/oleary-legend-library_official-report/
cases/chicago-fire/press/pages/gcf/oleary-legend.html,chicago-fire,page copied from a website still in copyright (chicagology.com,"page copied from a website still in copyright (chicagology.com; greatchicagofire.org, Chicago History Museum)",greatchicagofire.org (Chicago History Museum): https://www.greatchicagofire.org/oleary-legend/
cases/chicago-fire/press/pages/gcf/oleary-legend.txt,chicago-fire,page copied from a website still in copyright (chicagology.com,"page copied from a website still in copyright (chicagology.com; greatchicagofire.org, Chicago History Museum)",greatchicagofire.org (Chicago History Museum): https://www.greatchicagofire.org/oleary-legend/
cases/chicago-fire/press/pages/gcf/oleary-legend_index.html.html,chicago-fire,page copied from a website still in copyright (chicagology.com,"page copied from a website still in copyright (chicagology.com; greatchicagofire.org, Chicago History Museum)",greatchicagofire.org (Chicago History Museum): https://www.greatchicagofire.org/oleary-legend_index.html/
cases/chicago-fire/press/pages/gcf/oleary-legend_index.html.txt,chicago-fire,page copied from a website still in copyright (chicagology.com,"page copied from a website still in copyright (chicagology.com; greatchicagofire.org, Chicago History Museum)",greatchicagofire.org (Chicago History Museum): https://www.greatchicagofire.org/oleary-legend_index.html/
cases/chicago-fire/press/pages/gcf/oleary-legend_o%e2%80%99learys-film.html,chicago-fire,page copied from a website still in copyright (chicagology.com,"page copied from a website still in copyright (chicagology.com; greatchicagofire.org, Chicago History Museum)",greatchicagofire.org (Chicago History Museum): https://www.greatchicagofire.org/oleary-legend_o%e2%80%99learys-film/
cases/chicago-fire/press/pages/gcf/oleary-legend_o%e2%80%99learys-film.txt,chicago-fire,page copied from a website still in copyright (chicagology.com,"page copied from a website still in copyright (chicagology.com; greatchicagofire.org, Chicago History Museum)",greatchicagofire.org (Chicago History Museum): https://www.greatchicagofire.org/oleary-legend_o%e2%80%99learys-film/
cases/chicago-fire/press/pages/gcf/oleary-legend_oleary-legend-library.html,chicago-fire,page copied from a website still in copyright (chicagology.com,"page copied from a website still in copyright (chicagology.com; greatchicagofire.org, Chicago History Museum)",greatchicagofire.org (Chicago History Museum): https://www.greatchicagofire.org/oleary-legend_oleary-legend-library/
cases/chicago-fire/press/pages/gcf/oleary-legend_oleary-legend-library.txt,chicago-fire,page copied from a website still in copyright (chicagology.com,"page copied from a website still in copyright (chicagology.com; greatchicagofire.org, Chicago History Museum)",greatchicagofire.org (Chicago History Museum): https://www.greatchicagofire.org/oleary-legend_oleary-legend-library/
cases/chicago-fire/press/pages/gcf/oleary-legend_saga-continues.html,chicago-fire,page copied from a website still in copyright (chicagology.com,"page copied from a website still in copyright (chicagology.com; greatchicagofire.org, Chicago History Museum)",greatchicagofire.org (Chicago History Museum): https://www.greatchicagofire.org/oleary-legend_saga-continues/
cases/chicago-fire/press/pages/gcf/oleary-legend_saga-continues.txt,chicago-fire,page copied from a website still in copyright (chicagology.com,"page copied from a website still in copyright (chicagology.com; greatchicagofire.org, Chicago History Museum)",greatchicagofire.org (Chicago History Museum): https://www.greatchicagofire.org/oleary-legend_saga-continues/
cases/chicago-fire/press/pages/gcf/oleary-legend_star-born.html,chicago-fire,page copied from a website still in copyright (chicagology.com,"page copied from a website still in copyright (chicagology.com; greatchicagofire.org, Chicago History Museum)",greatchicagofire.org (Chicago History Museum): https://www.greatchicagofire.org/oleary-legend_star-born/
cases/chicago-fire/press/pages/gcf/oleary-legend_star-born.txt,chicago-fire,page copied from a website still in copyright (chicagology.com,"page copied from a website still in copyright (chicagology.com; greatchicagofire.org, Chicago History Museum)",greatchicagofire.org (Chicago History Museum): https://www.greatchicagofire.org/oleary-legend_star-born/
cases/chicago-fire/press/pages/gcf/oleary-legend_string-of-endorsements.html,chicago-fire,page copied from a website still in copyright (chicagology.com,"page copied from a website still in copyright (chicagology.com; greatchicagofire.org, Chicago History Museum)",greatchicagofire.org (Chicago History Museum): https://www.greatchicagofire.org/oleary-legend_string-of-endorsements/
cases/chicago-fire/press/pages/gcf/oleary-legend_string-of-endorsements.txt,chicago-fire,page copied from a website still in copyright (chicagology.com,"page copied from a website still in copyright (chicagology.com; greatchicagofire.org, Chicago History Museum)",greatchicagofire.org (Chicago History Museum): https://www.greatchicagofire.org/oleary-legend_string-of-endorsements/
cases/chicago-fire/press/pages/gcf/timeline_item_1871-10-07.html,chicago-fire,page copied from a website still in copyright (chicagology.com,"page copied from a website still in copyright (chicagology.com; greatchicagofire.org, Chicago History Museum)",greatchicagofire.org (Chicago History Museum): https://www.greatchicagofire.org/timeline_item_1871-10-07/
cases/chicago-fire/press/pages/gcf/timeline_item_1871-10-07.txt,chicago-fire,page copied from a website still in copyright (chicagology.com,"page copied from a website still in copyright (chicagology.com; greatchicagofire.org, Chicago History Museum)",greatchicagofire.org (Chicago History Museum): https://www.greatchicagofire.org/timeline_item_1871-10-07/
cases/chicago-fire/press/pages/gcf/timeline_item_1871-10-08.html,chicago-fire,page copied from a website still in copyright (chicagology.com,"page copied from a website still in copyright (chicagology.com; greatchicagofire.org, Chicago History Museum)",greatchicagofire.org (Chicago History Museum): https://www.greatchicagofire.org/timeline_item_1871-10-08/
cases/chicago-fire/press/pages/gcf/timeline_item_1871-10-08.txt,chicago-fire,page copied from a website still in copyright (chicagology.com,"page copied from a website still in copyright (chicagology.com; greatchicagofire.org, Chicago History Museum)",greatchicagofire.org (Chicago History Museum): https://www.greatchicagofire.org/timeline_item_1871-10-08/
cases/chicago-fire/press/pages/gcf/timeline_item_1871-10-09.html,chicago-fire,page copied from a website still in copyright (chicagology.com,"page copied from a website still in copyright (chicagology.com; greatchicagofire.org, Chicago History Museum)",greatchicagofire.org (Chicago History Museum): https://www.greatchicagofire.org/timeline_item_1871-10-09/
cases/chicago-fire/press/pages/gcf/timeline_item_1871-10-09.txt,chicago-fire,page copied from a website still in copyright (chicagology.com,"page copied from a website still in copyright (chicagology.com; greatchicagofire.org, Chicago History Museum)",greatchicagofire.org (Chicago History Museum): https://www.greatchicagofire.org/timeline_item_1871-10-09/
cases/chicago-fire/press/pages/gcf/timeline_item_1871-10-10.html,chicago-fire,page copied from a website still in copyright (chicagology.com,"page copied from a website still in copyright (chicagology.com; greatchicagofire.org, Chicago History Museum)",greatchicagofire.org (Chicago History Museum): https://www.greatchicagofire.org/timeline_item_1871-10-10/
cases/chicago-fire/press/pages/gcf/timeline_item_1871-10-10.txt,chicago-fire,page copied from a website still in copyright (chicagology.com,"page copied from a website still in copyright (chicagology.com; greatchicagofire.org, Chicago History Museum)",greatchicagofire.org (Chicago History Museum): https://www.greatchicagofire.org/timeline_item_1871-10-10/
cases/chicago-fire/press/pages/gcf/timeline_item_1871-10-11.html,chicago-fire,page copied from a website still in copyright (chicagology.com,"page copied from a website still in copyright (chicagology.com; greatchicagofire.org, Chicago History Museum)",greatchicagofire.org (Chicago History Museum): https://www.greatchicagofire.org/timeline_item_1871-10-11/
cases/chicago-fire/press/pages/gcf/timeline_item_1871-10-11.txt,chicago-fire,page copied from a website still in copyright (chicagology.com,"page copied from a website still in copyright (chicagology.com; greatchicagofire.org, Chicago History Museum)",greatchicagofire.org (Chicago History Museum): https://www.greatchicagofire.org/timeline_item_1871-10-11/
cases/chicago-fire/press/pages/gcf/timeline_item_1871-10-12.html,chicago-fire,page copied from a website still in copyright (chicagology.com,"page copied from a website still in copyright (chicagology.com; greatchicagofire.org, Chicago History Museum)",greatchicagofire.org (Chicago History Museum): https://www.greatchicagofire.org/timeline_item_1871-10-12/
cases/chicago-fire/press/pages/gcf/timeline_item_1871-10-12.txt,chicago-fire,page copied from a website still in copyright (chicagology.com,"page copied from a website still in copyright (chicagology.com; greatchicagofire.org, Chicago History Museum)",greatchicagofire.org (Chicago History Museum): https://www.greatchicagofire.org/timeline_item_1871-10-12/
cases/chicago-fire/press/pages/gcf/timeline_item_1871-10-13.html,chicago-fire,page copied from a website still in copyright (chicagology.com,"page copied from a website still in copyright (chicagology.com; greatchicagofire.org, Chicago History Museum)",greatchicagofire.org (Chicago History Museum): https://www.greatchicagofire.org/timeline_item_1871-10-13/
cases/chicago-fire/press/pages/gcf/timeline_item_1871-10-13.txt,chicago-fire,page copied from a website still in copyright (chicagology.com,"page copied from a website still in copyright (chicagology.com; greatchicagofire.org, Chicago History Museum)",greatchicagofire.org (Chicago History Museum): https://www.greatchicagofire.org/timeline_item_1871-10-13/
cases/chicago-fire/press/pages/gcf/timeline_item_1871-10-15.html,chicago-fire,page copied from a website still in copyright (chicagology.com,"page copied from a website still in copyright (chicagology.com; greatchicagofire.org, Chicago History Museum)",greatchicagofire.org (Chicago History Museum): https://www.greatchicagofire.org/timeline_item_1871-10-15/
cases/chicago-fire/press/pages/gcf/timeline_item_1871-10-15.txt,chicago-fire,page copied from a website still in copyright (chicagology.com,"page copied from a website still in copyright (chicagology.com; greatchicagofire.org, Chicago History Museum)",greatchicagofire.org (Chicago History Museum): https://www.greatchicagofire.org/timeline_item_1871-10-15/
cases/chicago-fire/press/pages/gcf/timeline_item_1871-10-18.html,chicago-fire,page copied from a website still in copyright (chicagology.com,"page copied from a website still in copyright (chicagology.com; greatchicagofire.org, Chicago History Museum)",greatchicagofire.org (Chicago History Museum): https://www.greatchicagofire.org/timeline_item_1871-10-18/
cases/chicago-fire/press/pages/gcf/timeline_item_1871-10-18.txt,chicago-fire,page copied from a website still in copyright (chicagology.com,"page copied from a website still in copyright (chicagology.com; greatchicagofire.org, Chicago History Museum)",greatchicagofire.org (Chicago History Museum): https://www.greatchicagofire.org/timeline_item_1871-10-18/
cases/chicago-fire/press/pages/gcf/timeline_item_1871-10-19.html,chicago-fire,page copied from a website still in copyright (chicagology.com,"page copied from a website still in copyright (chicagology.com; greatchicagofire.org, Chicago History Museum)",greatchicagofire.org (Chicago History Museum): https://www.greatchicagofire.org/timeline_item_1871-10-19/
cases/chicago-fire/press/pages/gcf/timeline_item_1871-10-19.txt,chicago-fire,page copied from a website still in copyright (chicagology.com,"page copied from a website still in copyright (chicagology.com; greatchicagofire.org, Chicago History Museum)",greatchicagofire.org (Chicago History Museum): https://www.greatchicagofire.org/timeline_item_1871-10-19/
cases/chicago-fire/press/pages/gcf/timeline_item_1871-10-20.html,chicago-fire,page copied from a website still in copyright (chicagology.com,"page copied from a website still in copyright (chicagology.com; greatchicagofire.org, Chicago History Museum)",greatchicagofire.org (Chicago History Museum): https://www.greatchicagofire.org/timeline_item_1871-10-20/
cases/chicago-fire/press/pages/gcf/timeline_item_1871-10-20.txt,chicago-fire,page copied from a website still in copyright (chicagology.com,"page copied from a website still in copyright (chicagology.com; greatchicagofire.org, Chicago History Museum)",greatchicagofire.org (Chicago History Museum): https://www.greatchicagofire.org/timeline_item_1871-10-20/
cases/chicago-fire/press/pages/gcf/timeline_item_1871-10-25.html,chicago-fire,page copied from a website still in copyright (chicagology.com,"page copied from a website still in copyright (chicagology.com; greatchicagofire.org, Chicago History Museum)",greatchicagofire.org (Chicago History Museum): https://www.greatchicagofire.org/timeline_item_1871-10-25/
cases/chicago-fire/press/pages/gcf/timeline_item_1871-10-25.txt,chicago-fire,page copied from a website still in copyright (chicagology.com,"page copied from a website still in copyright (chicagology.com; greatchicagofire.org, Chicago History Museum)",greatchicagofire.org (Chicago History Museum): https://www.greatchicagofire.org/timeline_item_1871-10-25/
cases/chicago-fire/press/pages/gcf/timeline_item_1871-10-31.html,chicago-fire,page copied from a website still in copyright (chicagology.com,"page copied from a website still in copyright (chicagology.com; greatchicagofire.org, Chicago History Museum)",greatchicagofire.org (Chicago History Museum): https://www.greatchicagofire.org/timeline_item_1871-10-31/
cases/chicago-fire/press/pages/gcf/timeline_item_1871-10-31.txt,chicago-fire,page copied from a website still in copyright (chicagology.com,"page copied from a website still in copyright (chicagology.com; greatchicagofire.org, Chicago History Museum)",greatchicagofire.org (Chicago History Museum): https://www.greatchicagofire.org/timeline_item_1871-10-31/
cases/chicago-fire/press/pages/gcf/timeline_item_1871-11-07.html,chicago-fire,page copied from a website still in copyright (chicagology.com,"page copied from a website still in copyright (chicagology.com; greatchicagofire.org, Chicago History Museum)",greatchicagofire.org (Chicago History Museum): https://www.greatchicagofire.org/timeline_item_1871-11-07/
cases/chicago-fire/press/pages/gcf/timeline_item_1871-11-07.txt,chicago-fire,page copied from a website still in copyright (chicagology.com,"page copied from a website still in copyright (chicagology.com; greatchicagofire.org, Chicago History Museum)",greatchicagofire.org (Chicago History Museum): https://www.greatchicagofire.org/timeline_item_1871-11-07/
cases/chicago-fire/press/pages/gcf/timeline_item_1871-11-10.html,chicago-fire,page copied from a website still in copyright (chicagology.com,"page copied from a website still in copyright (chicagology.com; greatchicagofire.org, Chicago History Museum)",greatchicagofire.org (Chicago History Museum): https://www.greatchicagofire.org/timeline_item_1871-11-10/
cases/chicago-fire/press/pages/gcf/timeline_item_1871-11-10.txt,chicago-fire,page copied from a website still in copyright (chicagology.com,"page copied from a website still in copyright (chicagology.com; greatchicagofire.org, Chicago History Museum)",greatchicagofire.org (Chicago History Museum): https://www.greatchicagofire.org/timeline_item_1871-11-10/
cases/chicago-fire/press/pages/gcf/timeline_item_1871-11-16.html,chicago-fire,page copied from a website still in copyright (chicagology.com,"page copied from a website still in copyright (chicagology.com; greatchicagofire.org, Chicago History Museum)",greatchicagofire.org (Chicago History Museum): https://www.greatchicagofire.org/timeline_item_1871-11-16/
cases/chicago-fire/press/pages/gcf/timeline_item_1871-11-16.txt,chicago-fire,page copied from a website still in copyright (chicagology.com,"page copied from a website still in copyright (chicagology.com; greatchicagofire.org, Chicago History Museum)",greatchicagofire.org (Chicago History Museum): https://www.greatchicagofire.org/timeline_item_1871-11-16/
cases/chicago-fire/press/pages/gcf/timeline_item_1871-11-17.html,chicago-fire,page copied from a website still in copyright (chicagology.com,"page copied from a website still in copyright (chicagology.com; greatchicagofire.org, Chicago History Museum)",greatchicagofire.org (Chicago History Museum): https://www.greatchicagofire.org/timeline_item_1871-11-17/
cases/chicago-fire/press/pages/gcf/timeline_item_1871-11-17.txt,chicago-fire,page copied from a website still in copyright (chicagology.com,"page copied from a website still in copyright (chicagology.com; greatchicagofire.org, Chicago History Museum)",greatchicagofire.org (Chicago History Museum): https://www.greatchicagofire.org/timeline_item_1871-11-17/
cases/chicago-fire/press/pages/gcf/timeline_item_1871-11-24.html,chicago-fire,page copied from a website still in copyright (chicagology.com,"page copied from a website still in copyright (chicagology.com; greatchicagofire.org, Chicago History Museum)",greatchicagofire.org (Chicago History Museum): https://www.greatchicagofire.org/timeline_item_1871-11-24/
cases/chicago-fire/press/pages/gcf/timeline_item_1871-11-24.txt,chicago-fire,page copied from a website still in copyright (chicagology.com,"page copied from a website still in copyright (chicagology.com; greatchicagofire.org, Chicago History Museum)",greatchicagofire.org (Chicago History Museum): https://www.greatchicagofire.org/timeline_item_1871-11-24/
cases/chicago-fire/press/pages/gcf/timeline_item_1871-11-25.html,chicago-fire,page copied from a website still in copyright (chicagology.com,"page copied from a website still in copyright (chicagology.com; greatchicagofire.org, Chicago History Museum)",greatchicagofire.org (Chicago History Museum): https://www.greatchicagofire.org/timeline_item_1871-11-25/
cases/chicago-fire/press/pages/gcf/timeline_item_1871-11-25.txt,chicago-fire,page copied from a website still in copyright (chicagology.com,"page copied from a website still in copyright (chicagology.com; greatchicagofire.org, Chicago History Museum)",greatchicagofire.org (Chicago History Museum): https://www.greatchicagofire.org/timeline_item_1871-11-25/
cases/chicago-fire/press/pages/gcf/timeline_item_1871-11-29.html,chicago-fire,page copied from a website still in copyright (chicagology.com,"page copied from a website still in copyright (chicagology.com; greatchicagofire.org, Chicago History Museum)",greatchicagofire.org (Chicago History Museum): https://www.greatchicagofire.org/timeline_item_1871-11-29/
cases/chicago-fire/press/pages/gcf/timeline_item_1871-11-29.txt,chicago-fire,page copied from a website still in copyright (chicagology.com,"page copied from a website still in copyright (chicagology.com; greatchicagofire.org, Chicago History Museum)",greatchicagofire.org (Chicago History Museum): https://www.greatchicagofire.org/timeline_item_1871-11-29/
cases/chicago-fire/press/pages/gcf/timeline_item_1871-12-01.html,chicago-fire,page copied from a website still in copyright (chicagology.com,"page copied from a website still in copyright (chicagology.com; greatchicagofire.org, Chicago History Museum)",greatchicagofire.org (Chicago History Museum): https://www.greatchicagofire.org/timeline_item_1871-12-01/
cases/chicago-fire/press/pages/gcf/timeline_item_1871-12-01.txt,chicago-fire,page copied from a website still in copyright (chicagology.com,"page copied from a website still in copyright (chicagology.com; greatchicagofire.org, Chicago History Museum)",greatchicagofire.org (Chicago History Museum): https://www.greatchicagofire.org/timeline_item_1871-12-01/
cases/chicago-fire/press/pages/gcf/timeline_item_1871-12-03.html,chicago-fire,page copied from a website still in copyright (chicagology.com,"page copied from a website still in copyright (chicagology.com; greatchicagofire.org, Chicago History Museum)",greatchicagofire.org (Chicago History Museum): https://www.greatchicagofire.org/timeline_item_1871-12-03/
cases/chicago-fire/press/pages/gcf/timeline_item_1871-12-03.txt,chicago-fire,page copied from a website still in copyright (chicagology.com,"page copied from a website still in copyright (chicagology.com; greatchicagofire.org, Chicago History Museum)",greatchicagofire.org (Chicago History Museum): https://www.greatchicagofire.org/timeline_item_1871-12-03/
cases/chicago-fire/press/pages/gcf/timeline_item_1871-12-04.html,chicago-fire,page copied from a website still in copyright (chicagology.com,"page copied from a website still in copyright (chicagology.com; greatchicagofire.org, Chicago History Museum)",greatchicagofire.org (Chicago History Museum): https://www.greatchicagofire.org/timeline_item_1871-12-04/
cases/chicago-fire/press/pages/gcf/timeline_item_1871-12-04.txt,chicago-fire,page copied from a website still in copyright (chicagology.com,"page copied from a website still in copyright (chicagology.com; greatchicagofire.org, Chicago History Museum)",greatchicagofire.org (Chicago History Museum): https://www.greatchicagofire.org/timeline_item_1871-12-04/
cases/chicago-fire/press/pages/gcf/timeline_item_1871-12-11.html,chicago-fire,page copied from a website still in copyright (chicagology.com,"page copied from a website still in copyright (chicagology.com; greatchicagofire.org, Chicago History Museum)",greatchicagofire.org (Chicago History Museum): https://www.greatchicagofire.org/timeline_item_1871-12-11/
cases/chicago-fire/press/pages/gcf/timeline_item_1871-12-11.txt,chicago-fire,page copied from a website still in copyright (chicagology.com,"page copied from a website still in copyright (chicagology.com; greatchicagofire.org, Chicago History Museum)",greatchicagofire.org (Chicago History Museum): https://www.greatchicagofire.org/timeline_item_1871-12-11/
cases/chicago-fire/press/pages/gcf/timeline_item_1871-12-16.html,chicago-fire,page copied from a website still in copyright (chicagology.com,"page copied from a website still in copyright (chicagology.com; greatchicagofire.org, Chicago History Museum)",greatchicagofire.org (Chicago History Museum): https://www.greatchicagofire.org/timeline_item_1871-12-16/
cases/chicago-fire/press/pages/gcf/timeline_item_1871-12-16.txt,chicago-fire,page copied from a website still in copyright (chicagology.com,"page copied from a website still in copyright (chicagology.com; greatchicagofire.org, Chicago History Museum)",greatchicagofire.org (Chicago History Museum): https://www.greatchicagofire.org/timeline_item_1871-12-16/
cases/chicago-fire/press/pages/gcf/timeline_item_1871-12-20.html,chicago-fire,page copied from a website still in copyright (chicagology.com,"page copied from a website still in copyright (chicagology.com; greatchicagofire.org, Chicago History Museum)",greatchicagofire.org (Chicago History Museum): https://www.greatchicagofire.org/timeline_item_1871-12-20/
cases/chicago-fire/press/pages/gcf/timeline_item_1871-12-20.txt,chicago-fire,page copied from a website still in copyright (chicagology.com,"page copied from a website still in copyright (chicagology.com; greatchicagofire.org, Chicago History Museum)",greatchicagofire.org (Chicago History Museum): https://www.greatchicagofire.org/timeline_item_1871-12-20/
cases/chicago-fire/press/pages/gcf/timeline_item_1871-12-25.html,chicago-fire,page copied from a website still in copyright (chicagology.com,"page copied from a website still in copyright (chicagology.com; greatchicagofire.org, Chicago History Museum)",greatchicagofire.org (Chicago History Museum): https://www.greatchicagofire.org/timeline_item_1871-12-25/
cases/chicago-fire/press/pages/gcf/timeline_item_1871-12-25.txt,chicago-fire,page copied from a website still in copyright (chicagology.com,"page copied from a website still in copyright (chicagology.com; greatchicagofire.org, Chicago History Museum)",greatchicagofire.org (Chicago History Museum): https://www.greatchicagofire.org/timeline_item_1871-12-25/
cases/chicago-fire/press/pages/gcf/timeline_item_1871-12-30.html,chicago-fire,page copied from a website still in copyright (chicagology.com,"page copied from a website still in copyright (chicagology.com; greatchicagofire.org, Chicago History Museum)",greatchicagofire.org (Chicago History Museum): https://www.greatchicagofire.org/timeline_item_1871-12-30/
cases/chicago-fire/press/pages/gcf/timeline_item_1871-12-30.txt,chicago-fire,page copied from a website still in copyright (chicagology.com,"page copied from a website still in copyright (chicagology.com; greatchicagofire.org, Chicago History Museum)",greatchicagofire.org (Chicago History Museum): https://www.greatchicagofire.org/timeline_item_1871-12-30/
cases/chicago-fire/press/pages/gcf/tours_saturday-night-fire-and-oleary-cottage.html,chicago-fire,page copied from a website still in copyright (chicagology.com,"page copied from a website still in copyright (chicagology.com; greatchicagofire.org, Chicago History Museum)",greatchicagofire.org (Chicago History Museum): https://www.greatchicagofire.org/tours_saturday-night-fire-and-oleary-cottage/
cases/chicago-fire/press/pages/gcf/tours_saturday-night-fire-and-oleary-cottage.txt,chicago-fire,page copied from a website still in copyright (chicagology.com,"page copied from a website still in copyright (chicagology.com; greatchicagofire.org, Chicago History Museum)",greatchicagofire.org (Chicago History Museum): https://www.greatchicagofire.org/tours_saturday-night-fire-and-oleary-cottage/
cases/chicago-fire/press/pages/gcf/view-item_452.html,chicago-fire,page copied from a website still in copyright (chicagology.com,"page copied from a website still in copyright (chicagology.com; greatchicagofire.org, Chicago History Museum)",greatchicagofire.org (Chicago History Museum): https://www.greatchicagofire.org/view-item_452/
cases/chicago-fire/press/pages/gcf/view-item_452.txt,chicago-fire,page copied from a website still in copyright (chicagology.com,"page copied from a website still in copyright (chicagology.com; greatchicagofire.org, Chicago History Museum)",greatchicagofire.org (Chicago History Museum): https://www.greatchicagofire.org/view-item_452/
cases/chicago-fire/press/pages/gcf/view-item_619.html,chicago-fire,page copied from a website still in copyright (chicagology.com,"page copied from a website still in copyright (chicagology.com; greatchicagofire.org, Chicago History Museum)",greatchicagofire.org (Chicago History Museum): https://www.greatchicagofire.org/view-item_619/
cases/chicago-fire/press/pages/gcf/view-item_619.txt,chicago-fire,page copied from a website still in copyright (chicagology.com,"page copied from a website still in copyright (chicagology.com; greatchicagofire.org, Chicago History Museum)",greatchicagofire.org (Chicago History Museum): https://www.greatchicagofire.org/view-item_619/
cases/chicago-fire/transcript/text/bales/bales_2002_openlibrary_search_inside_snippets.md,chicago-fire,"Open Library search excerpts of Bales 2002, still in copyright","Open Library search excerpts of Bales 2002, still in copyright",https://openlibrary.org/search/inside.json?q=
cases/chicago-fire/transcript/text/chicagology/chicagology.com_chicago-fire_.txt,chicago-fire,text copied from a website still in copyright,text copied from a website still in copyright,chicagology.com: https://chicagology.com/
cases/chicago-fire/transcript/text/chicagology/chicagology.com_chicago-fire_fire030_.txt,chicago-fire,text copied from a website still in copyright,text copied from a website still in copyright,chicagology.com: https://chicagology.com/
cases/chicago-fire/transcript/text/chicagology/chicagology.com_chicago-fire_fire038_.txt,chicago-fire,text copied from a website still in copyright,text copied from a website still in copyright,chicagology.com: https://chicagology.com/
cases/chicago-fire/transcript/text/chicagology/chicagology.com_chicago-fire_fire045_.txt,chicago-fire,text copied from a website still in copyright,text copied from a website still in copyright,chicagology.com: https://chicagology.com/
cases/chicago-fire/transcript/text/chicagology/chicagology.com_chicago-fire_fire050_.txt,chicago-fire,text copied from a website still in copyright,text copied from a website still in copyright,chicagology.com: https://chicagology.com/
cases/chicago-fire/transcript/text/chicagology/chicagology.com_chicago-fire_fire052_.txt,chicago-fire,text copied from a website still in copyright,text copied from a website still in copyright,chicagology.com: https://chicagology.com/
cases/chicago-fire/transcript/text/gcf/greatchicagofire.org_eyewitnesses_.txt,chicago-fire,text copied from a website still in copyright,text copied from a website still in copyright,greatchicagofire.org (Chicago History Museum): https://www.greatchicagofire.org/greatchicagofire.org_eyewitnesses_/
cases/chicago-fire/transcript/text/gcf/greatchicagofire.org_eyewitnesses_anthology-of-fire-narratives_.txt,chicago-fire,text copied from a website still in copyright,text copied from a website still in copyright,greatchicagofire.org (Chicago History Museum): https://www.greatchicagofire.org/greatchicagofire.org_eyewitnesses_anthology-of-fire-narratives_/
cases/chicago-fire/transcript/text/gcf/greatchicagofire.org_great-conflagration_conflagration-library_.txt,chicago-fire,text copied from a website still in copyright,text copied from a website still in copyright,greatchicagofire.org (Chicago History Museum): https://www.greatchicagofire.org/greatchicagofire.org_great-conflagration_conflagration-library_/
cases/chicago-fire/transcript/text/gcf/greatchicagofire.org_item_ichi-32210_.txt,chicago-fire,text copied from a website still in copyright,text copied from a website still in copyright,greatchicagofire.org (Chicago History Museum): https://www.greatchicagofire.org/greatchicagofire.org_item_ichi-32210_/
cases/chicago-fire/transcript/text/gcf/greatchicagofire.org_oleary-legend-library_E2_80_9Ckate-barn-afire_E2_80_9D_.txt,chicago-fire,text copied from a website still in copyright,text copied from a website still in copyright,greatchicagofire.org (Chicago History Museum): https://www.greatchicagofire.org/greatchicagofire.org_oleary-legend-library_E2_80_9Ckate-barn-afire_E2_80_9D_/
cases/chicago-fire/transcript/text/gcf/greatchicagofire.org_oleary-legend-library_e2_80_9cmrs-leary_e2_80_99s-cow_e2_80_9d_.txt,chicago-fire,text copied from a website still in copyright,text copied from a website still in copyright,greatchicagofire.org (Chicago History Museum): https://www.greatchicagofire.org/greatchicagofire.org_oleary-legend-library_e2_80_9cmrs-leary_e2_80_99s-cow_e2_80_9d_/
cases/chicago-fire/transcript/text/gcf/greatchicagofire.org_oleary-legend-library_official-report_.txt,chicago-fire,text copied from a website still in copyright,text copied from a website still in copyright,greatchicagofire.org (Chicago History Museum): https://www.greatchicagofire.org/greatchicagofire.org_oleary-legend-library_official-report_/
cases/chicago-fire/transcript/text/gcf/greatchicagofire.org_oleary-legend_.txt,chicago-fire,text copied from a website still in copyright,text copied from a website still in copyright,greatchicagofire.org (Chicago History Museum): https://www.greatchicagofire.org/greatchicagofire.org_oleary-legend_/
cases/chicago-fire/transcript/text/gcf/greatchicagofire.org_oleary-legend_oleary-legend-library_.txt,chicago-fire,text copied from a website still in copyright,text copied from a website still in copyright,greatchicagofire.org (Chicago History Museum): https://www.greatchicagofire.org/greatchicagofire.org_oleary-legend_oleary-legend-library_/
cases/chicago-fire/transcript/text/gcf/greatchicagofire.org_timeline_item_1871-10-20_.txt,chicago-fire,text copied from a website still in copyright,text copied from a website still in copyright,greatchicagofire.org (Chicago History Museum): https://www.greatchicagofire.org/greatchicagofire.org_timeline_item_1871-10-20_/
cases/chicago-fire/transcript/text/gcf/greatchicagofire.org_timeline_item_1871-10-25_.txt,chicago-fire,text copied from a website still in copyright,text copied from a website still in copyright,greatchicagofire.org (Chicago History Museum): https://www.greatchicagofire.org/greatchicagofire.org_timeline_item_1871-10-25_/
cases/chicago-fire/transcript/text/gcf/greatchicagofire.org_timeline_item_1871-10-31_.txt,chicago-fire,text copied from a website still in copyright,text copied from a website still in copyright,greatchicagofire.org (Chicago History Museum): https://www.greatchicagofire.org/greatchicagofire.org_timeline_item_1871-10-31_/
cases/chicago-fire/transcript/text/gcf/greatchicagofire.org_timeline_item_1871-11-07_.txt,chicago-fire,text copied from a website still in copyright,text copied from a website still in copyright,greatchicagofire.org (Chicago History Museum): https://www.greatchicagofire.org/greatchicagofire.org_timeline_item_1871-11-07_/
cases/chicago-fire/transcript/text/gcf/greatchicagofire.org_timeline_item_1871-11-10_.txt,chicago-fire,text copied from a website still in copyright,text copied from a website still in copyright,greatchicagofire.org (Chicago History Museum): https://www.greatchicagofire.org/greatchicagofire.org_timeline_item_1871-11-10_/
cases/chicago-fire/transcript/text/gcf/greatchicagofire.org_timeline_item_1871-11-16_.txt,chicago-fire,text copied from a website still in copyright,text copied from a website still in copyright,greatchicagofire.org (Chicago History Museum): https://www.greatchicagofire.org/greatchicagofire.org_timeline_item_1871-11-16_/
cases/chicago-fire/transcript/text/gcf/greatchicagofire.org_timeline_item_1871-11-17_.txt,chicago-fire,text copied from a website still in copyright,text copied from a website still in copyright,greatchicagofire.org (Chicago History Museum): https://www.greatchicagofire.org/greatchicagofire.org_timeline_item_1871-11-17_/
cases/chicago-fire/transcript/text/gcf/greatchicagofire.org_timeline_item_1871-11-24_.txt,chicago-fire,text copied from a website still in copyright,text copied from a website still in copyright,greatchicagofire.org (Chicago History Museum): https://www.greatchicagofire.org/greatchicagofire.org_timeline_item_1871-11-24_/
cases/chicago-fire/transcript/text/gcf/greatchicagofire.org_timeline_item_1871-11-25_.txt,chicago-fire,text copied from a website still in copyright,text copied from a website still in copyright,greatchicagofire.org (Chicago History Museum): https://www.greatchicagofire.org/greatchicagofire.org_timeline_item_1871-11-25_/
cases/chicago-fire/transcript/text/gcf/greatchicagofire.org_timeline_item_1871-11-29_.txt,chicago-fire,text copied from a website still in copyright,text copied from a website still in copyright,greatchicagofire.org (Chicago History Museum): https://www.greatchicagofire.org/greatchicagofire.org_timeline_item_1871-11-29_/
cases/chicago-fire/transcript/text/gcf/greatchicagofire.org_timeline_item_1871-12-01_.txt,chicago-fire,text copied from a website still in copyright,text copied from a website still in copyright,greatchicagofire.org (Chicago History Museum): https://www.greatchicagofire.org/greatchicagofire.org_timeline_item_1871-12-01_/
cases/chicago-fire/transcript/text/gcf/greatchicagofire.org_timeline_item_1871-12-03_.txt,chicago-fire,text copied from a website still in copyright,text copied from a website still in copyright,greatchicagofire.org (Chicago History Museum): https://www.greatchicagofire.org/greatchicagofire.org_timeline_item_1871-12-03_/
cases/chicago-fire/transcript/text/gcf/greatchicagofire.org_timeline_item_1871-12-04_.txt,chicago-fire,text copied from a website still in copyright,text copied from a website still in copyright,greatchicagofire.org (Chicago History Museum): https://www.greatchicagofire.org/greatchicagofire.org_timeline_item_1871-12-04_/
cases/chicago-fire/transcript/text/gcf/greatchicagofire.org_timeline_item_1871-12-11_.txt,chicago-fire,text copied from a website still in copyright,text copied from a website still in copyright,greatchicagofire.org (Chicago History Museum): https://www.greatchicagofire.org/greatchicagofire.org_timeline_item_1871-12-11_/
cases/chicago-fire/transcript/text/other/agilewriter_PegLegSullivan.txt,chicago-fire,web page or magazine article still in copyright,web page or magazine article still in copyright,"no URL recorded; the file name gives the source: ""agilewriter PegLegSullivan"""
cases/chicago-fire/transcript/text/other/courses.shroutdocs.org_his254-spring2014_tag_daniel-peg-leg-sullivan_.txt,chicago-fire,web page or magazine article still in copyright,web page or magazine article still in copyright,"no URL recorded; the file name gives the source: ""courses.shroutdocs.org his254 spring2014 tag daniel peg leg sullivan """
cases/chicago-fire/transcript/text/other/en.wikipedia.org_w_index.php_title_Catherine_O_27Leary_action_raw.txt,chicago-fire,web page or magazine article still in copyright,web page or magazine article still in copyright,https://en.wikipedia.org/w/index.php?title=Catherine_O%27Leary&action=raw
cases/chicago-fire/transcript/text/other/en.wikipedia.org_w_index.php_title_Daniel_Sullivan_(Chicago_fire)_action_raw.txt,chicago-fire,web page or magazine article still in copyright,web page or magazine article still in copyright,"no URL recorded; the file name gives the source: ""en.wikipedia.org w index.php title Daniel Sullivan (Chicago fire) action raw"""
cases/chicago-fire/transcript/text/other/en.wikipedia.org_w_index.php_title_Great_Chicago_Fire_action_raw.txt,chicago-fire,web page or magazine article still in copyright,web page or magazine article still in copyright,https://en.wikipedia.org/w/index.php?title=Great_Chicago_Fire&action=raw
cases/chicago-fire/transcript/text/other/preservationchicago_chicagomag.txt,chicago-fire,web page or magazine article still in copyright,web page or magazine article still in copyright,https://www.preservationchicago.org/chicago-magazine-the-great-chicago-fire-as-told-by-those-who-lived-through-it/
cases/chicago-fire/transcript/text/other/www.chicagomag.com_chicago-magazine_october-2021_inside-the-great-chicago-fire_.txt,chicago-fire,web page or magazine article still in copyright,web page or magazine article still in copyright,https://www.chicagomag.com/ (the path is in the file name)
cases/chicago-fire/transcript/text/other/www.smithsonianmag.com_history_what-or-who-caused-the-great-chicago-fire-61481977_.txt,chicago-fire,web page or magazine article still in copyright,web page or magazine article still in copyright,https://www.smithsonianmag.com/ (the path is in the file name)
cases/chicago-fire/transcript/text/pdf/www.chicago.gov_content_dam_city_depts_zlup_Historic_Preservation_Publications_Site_of_Chicago_Fire.pdf.txt,chicago-fire,"document from a city, bar-association or law-firm website","document from a city, bar-association or law-firm website; terms not open",https://www.chicago.gov/ (the path is in the file name)
cases/chicago-fire/transcript/text/pdf/www.iadclaw.org_assets_1_6_15-2_-_Fact_Pattern_-_City_of_Chi_v._Catherine_OLeary_Fact_v2.pdf.txt,chicago-fire,"document from a city, bar-association or law-firm website","document from a city, bar-association or law-firm website; terms not open",https://www.iadclaw.org/ (the path is in the file name)
cases/chicago-fire/transcript/text/pdf/www.isba.org_sites_default_files_teachers_mocktrial_2001_20Chicago_20Fire.pdf.txt,chicago-fire,"document from a city, bar-association or law-firm website","document from a city, bar-association or law-firm website; terms not open",https://www.isba.org/ (the path is in the file name)
cases/chicago-fire/transcript/text/pdf/www.isba.org_sites_default_files_teachers_mocktrial_2001_Chicago_Fire.pdf.txt,chicago-fire,"document from a city, bar-association or law-firm website","document from a city, bar-association or law-firm website; terms not open",https://www.isba.org/ (the path is in the file name)
cases/dancing-plague/sources/bartholomew/Bartholomew_2000_Rethinking_dancing_mania_SI.pdf,dancing-plague,"article, book, press kit or excerpt still in copyright","article, book, press kit or excerpt still in copyright",https://centerforinquiry.s3.amazonaws.com/wp-content/uploads/sites/29/2000/07/22164850/p42.pdf
cases/dancing-plague/sources/bartholomew/Bartholomew_2000_Rethinking_dancing_mania_SI.txt,dancing-plague,"article, book, press kit or excerpt still in copyright","article, book, press kit or excerpt still in copyright",https://centerforinquiry.s3.amazonaws.com/wp-content/uploads/sites/29/2000/07/22164850/p42.pdf
cases/dancing-plague/sources/climate/ahdb_ergot.html,dancing-plague,"article, book chapter or web page still in copyright","article, book chapter or web page still in copyright",https://ahdb.org.uk/ergot
cases/dancing-plague/sources/climate/ahdb_ergot.txt,dancing-plague,"article, book chapter or web page still in copyright","article, book chapter or web page still in copyright",https://ahdb.org.uk/ergot
cases/dancing-plague/sources/climate/ahdb_ergot_life_cycle.html,dancing-plague,"article, book chapter or web page still in copyright","article, book chapter or web page still in copyright",https://ahdb.org.uk/ergot
cases/dancing-plague/sources/climate/ahdb_ergot_life_cycle.txt,dancing-plague,"article, book chapter or web page still in copyright","article, book chapter or web page still in copyright",https://ahdb.org.uk/ergot
cases/dancing-plague/sources/climate/barger1931_biusante_djvu.txt,dancing-plague,"Barger, Ergot and Ergotism (1931), still in copyright in the United States","Barger, Ergot and Ergotism (1931), still in copyright in the United States",https://archive.org/download/BIUSante_pharma_042461/BIUSante_pharma_042461_djvu.txt
cases/dancing-plague/sources/climate/barger_absentis_ch2.html,dancing-plague,"article, book chapter or web page still in copyright","article, book chapter or web page still in copyright",https://archive.org/download/BIUSante_pharma_042461/BIUSante_pharma_042461_djvu.txt
cases/dancing-plague/sources/climate/buszello_mangeljahre_oberrhein.pdf,dancing-plague,"article, book chapter or web page still in copyright","article, book chapter or web page still in copyright",https://regionalia.blb-karlsruhe.de/frontdoor/deliver/index/docId/18372/file/BLB_Buszello_Mangeljahre_Oberrhein.pdf
cases/dancing-plague/sources/climate/buszello_mangeljahre_oberrhein.txt,dancing-plague,"article, book chapter or web page still in copyright","article, book chapter or web page still in copyright",https://regionalia.blb-karlsruhe.de/frontdoor/deliver/index/docId/18372/file/BLB_Buszello_Mangeljahre_Oberrhein.pdf
cases/dancing-plague/sources/climate/glaser_riemann2009_jqs.pdf,dancing-plague,"article, book chapter or web page still in copyright","article, book chapter or web page still in copyright",https://www.ncei.noaa.gov/pub/data/paleo/historical/europe/glaser2009temperature/glaser2009temperature.txt
cases/dancing-plague/sources/climate/glaser_riemann2009_jqs.txt,dancing-plague,"article, book chapter or web page still in copyright","article, book chapter or web page still in copyright",https://www.ncei.noaa.gov/pub/data/paleo/historical/europe/glaser2009temperature/glaser2009temperature.txt
cases/dancing-plague/sources/climate/gpih_Allen_Strasbourg_1313-1875.xlsx,dancing-plague,"publisher page, journal article or web page still in copyright","publisher page, journal article or web page still in copyright",https://gpih.ucdavis.edu/files/Allen_Strasbourg_1313-1875.xlsx
cases/dancing-plague/sources/climate/gpih_Frankfurt_1500-1800.xls,dancing-plague,"publisher page, journal article or web page still in copyright","publisher page, journal article or web page still in copyright",https://gpih.ucdavis.edu/files/Frankfurt_1500-1800.xls
cases/dancing-plague/sources/climate/holzwart_getreideanbau_elsass_magisterarbeit.pdf,dancing-plague,thesis still in copyright,thesis still in copyright,https://publikationen.uni-tuebingen.de/xmlui/bitstream/handle/10900/47146/pdf/Holzwart_Magisterarbeit.pdf
cases/dancing-plague/sources/climate/holzwart_getreideanbau_elsass_magisterarbeit.txt,dancing-plague,thesis still in copyright,thesis still in copyright,https://publikationen.uni-tuebingen.de/xmlui/bitstream/handle/10900/47146/pdf/Holzwart_Magisterarbeit.pdf
cases/dancing-plague/sources/climate/miedaner_geiger2015_toxins_europepmc.txt,dancing-plague,"article, book chapter or web page still in copyright","article, book chapter or web page still in copyright",https://www.ebi.ac.uk/europepmc/webservices/rest/PMC4379517/fullTextXML
cases/dancing-plague/sources/climate/miedaner_geiger2015_toxins_europepmc.xml,dancing-plague,"article, book chapter or web page still in copyright","article, book chapter or web page still in copyright",https://www.ebi.ac.uk/europepmc/webservices/rest/PMC4379517/fullTextXML
cases/dancing-plague/sources/climate/nuffield_allen_strasbourg.xls,dancing-plague,"publisher page, journal article or web page still in copyright","publisher page, journal article or web page still in copyright",https://gpih.ucdavis.edu/files/Allen_Strasbourg_1313-1875.xlsx
cases/dancing-plague/sources/climate/pmc7088414_sweating_sickness.html,dancing-plague,journal article from PubMed Central,"journal article from PubMed Central; licence not verified, so treated as in copyright",https://pmc.ncbi.nlm.nih.gov/articles/PMC7088414/
cases/dancing-plague/sources/climate/pmc7088414_sweating_sickness.txt,dancing-plague,journal article from PubMed Central,"journal article from PubMed Central; licence not verified, so treated as in copyright",https://pmc.ncbi.nlm.nih.gov/articles/PMC7088414/
cases/dancing-plague/sources/climate/sheik2023_aufstandspraevention_oberrhein_bundschuh.pdf,dancing-plague,"article, book chapter or web page still in copyright","article, book chapter or web page still in copyright",https://regionalia.blb-karlsruhe.de/frontdoor/deliver/index/docId/26281/file/BLB_Sheik_Aufstandspraevention_Oberrhein.pdf
cases/dancing-plague/sources/climate/sheik2023_aufstandspraevention_oberrhein_bundschuh.txt,dancing-plague,"article, book chapter or web page still in copyright","article, book chapter or web page still in copyright",https://regionalia.blb-karlsruhe.de/frontdoor/deliver/index/docId/26281/file/BLB_Sheik_Aufstandspraevention_Oberrhein.pdf
cases/dancing-plague/sources/climate/waller2008_in_a_spin_endeavour.pdf,dancing-plague,"article, book chapter or web page still in copyright","article, book chapter or web page still in copyright",https://sarabethbuckley.wordpress.com/wp-content/uploads/2014/11/in-a-spin-the-mysterious-dancing-epidemic-of-1518.pdf
cases/dancing-plague/sources/climate/waller2008_in_a_spin_endeavour.txt,dancing-plague,"article, book chapter or web page still in copyright","article, book chapter or web page still in copyright",https://sarabethbuckley.wordpress.com/wp-content/uploads/2014/11/in-a-spin-the-mysterious-dancing-epidemic-of-1518.pdf
cases/dancing-plague/sources/climate/waller2009_bps_psychologist.html,dancing-plague,"article, book chapter or web page still in copyright","article, book chapter or web page still in copyright",https://sarabethbuckley.wordpress.com/wp-content/uploads/2014/11/in-a-spin-the-mysterious-dancing-epidemic-of-1518.pdf
cases/dancing-plague/sources/climate/waller2009_bps_psychologist.txt,dancing-plague,"article, book chapter or web page still in copyright","article, book chapter or web page still in copyright",https://sarabethbuckley.wordpress.com/wp-content/uploads/2014/11/in-a-spin-the-mysterious-dancing-epidemic-of-1518.pdf
cases/dancing-plague/sources/context/Dossier_enseignant_1518.pdf,dancing-plague,"article, excerpt, catalogue or web page still in copyright","article, excerpt, catalogue or web page still in copyright","no URL recorded; the file name gives the source: ""Dossier enseignant 1518"""
cases/dancing-plague/sources/context/Dossier_enseignant_1518.txt,dancing-plague,"article, excerpt, catalogue or web page still in copyright","article, excerpt, catalogue or web page still in copyright","no URL recorded; the file name gives the source: ""Dossier enseignant 1518"""
cases/dancing-plague/sources/context/agorha_dupeux_1518_catalogue.html,dancing-plague,"article, excerpt, catalogue or web page still in copyright","article, excerpt, catalogue or web page still in copyright","no URL recorded; the file name gives the source: ""agorha dupeux 1518 catalogue"""
cases/dancing-plague/sources/context/agorha_dupeux_1518_catalogue.md,dancing-plague,"article, excerpt, catalogue or web page still in copyright","article, excerpt, catalogue or web page still in copyright","no URL recorded; the file name gives the source: ""agorha dupeux 1518 catalogue"""
cases/dancing-plague/sources/context/bartholomew2000_rethinking_dancing_mania_SI.pdf,dancing-plague,"article, excerpt, catalogue or web page still in copyright","article, excerpt, catalogue or web page still in copyright",https://skepticalinquirer.org/2000/07/rethinking-the-dancing-mania/
cases/dancing-plague/sources/context/bartholomew2000_rethinking_dancing_mania_SI.txt,dancing-plague,"article, excerpt, catalogue or web page still in copyright","article, excerpt, catalogue or web page still in copyright",https://skepticalinquirer.org/2000/07/rethinking-the-dancing-mania/
cases/dancing-plague/sources/context/bartholomew2000_skeptical_inquirer.html,dancing-plague,"article, excerpt, catalogue or web page still in copyright","article, excerpt, catalogue or web page still in copyright",https://skepticalinquirer.org/2000/07/rethinking-the-dancing-mania/
cases/dancing-plague/sources/context/bartholomew2000_skeptical_inquirer.md,dancing-plague,"article, excerpt, catalogue or web page still in copyright","article, excerpt, catalogue or web page still in copyright",https://skepticalinquirer.org/2000/07/rethinking-the-dancing-mania/
cases/dancing-plague/sources/context/brant_augustana/bra_n001.html,dancing-plague,"article, excerpt, catalogue or web page still in copyright","article, excerpt, catalogue or web page still in copyright","Bibliotheca Augustana (Sebastian Brant, Das Narrenschiff): https://www.hs-augsburg.de/~harsch/germanica/Chronologie/15Jh/Brant/bra_intr.html"
cases/dancing-plague/sources/context/brant_augustana/bra_n002.html,dancing-plague,"article, excerpt, catalogue or web page still in copyright","article, excerpt, catalogue or web page still in copyright","Bibliotheca Augustana (Sebastian Brant, Das Narrenschiff): https://www.hs-augsburg.de/~harsch/germanica/Chronologie/15Jh/Brant/bra_intr.html"
cases/dancing-plague/sources/context/brant_augustana/bra_n003.html,dancing-plague,"article, excerpt, catalogue or web page still in copyright","article, excerpt, catalogue or web page still in copyright","Bibliotheca Augustana (Sebastian Brant, Das Narrenschiff): https://www.hs-augsburg.de/~harsch/germanica/Chronologie/15Jh/Brant/bra_intr.html"
cases/dancing-plague/sources/context/brant_augustana/bra_n004.html,dancing-plague,"article, excerpt, catalogue or web page still in copyright","article, excerpt, catalogue or web page still in copyright","Bibliotheca Augustana (Sebastian Brant, Das Narrenschiff): https://www.hs-augsburg.de/~harsch/germanica/Chronologie/15Jh/Brant/bra_intr.html"
cases/dancing-plague/sources/context/brant_augustana/bra_n005.html,dancing-plague,"article, excerpt, catalogue or web page still in copyright","article, excerpt, catalogue or web page still in copyright","Bibliotheca Augustana (Sebastian Brant, Das Narrenschiff): https://www.hs-augsburg.de/~harsch/germanica/Chronologie/15Jh/Brant/bra_intr.html"
cases/dancing-plague/sources/context/brant_augustana/bra_n006.html,dancing-plague,"article, excerpt, catalogue or web page still in copyright","article, excerpt, catalogue or web page still in copyright","Bibliotheca Augustana (Sebastian Brant, Das Narrenschiff): https://www.hs-augsburg.de/~harsch/germanica/Chronologie/15Jh/Brant/bra_intr.html"
cases/dancing-plague/sources/context/brant_augustana/bra_n007.html,dancing-plague,"article, excerpt, catalogue or web page still in copyright","article, excerpt, catalogue or web page still in copyright","Bibliotheca Augustana (Sebastian Brant, Das Narrenschiff): https://www.hs-augsburg.de/~harsch/germanica/Chronologie/15Jh/Brant/bra_intr.html"
cases/dancing-plague/sources/context/brant_augustana/bra_n008.html,dancing-plague,"article, excerpt, catalogue or web page still in copyright","article, excerpt, catalogue or web page still in copyright","Bibliotheca Augustana (Sebastian Brant, Das Narrenschiff): https://www.hs-augsburg.de/~harsch/germanica/Chronologie/15Jh/Brant/bra_intr.html"
cases/dancing-plague/sources/context/brant_augustana/bra_n009.html,dancing-plague,"article, excerpt, catalogue or web page still in copyright","article, excerpt, catalogue or web page still in copyright","Bibliotheca Augustana (Sebastian Brant, Das Narrenschiff): https://www.hs-augsburg.de/~harsch/germanica/Chronologie/15Jh/Brant/bra_intr.html"
cases/dancing-plague/sources/context/brant_augustana/bra_n010.html,dancing-plague,"article, excerpt, catalogue or web page still in copyright","article, excerpt, catalogue or web page still in copyright","Bibliotheca Augustana (Sebastian Brant, Das Narrenschiff): https://www.hs-augsburg.de/~harsch/germanica/Chronologie/15Jh/Brant/bra_intr.html"
cases/dancing-plague/sources/context/brant_augustana/bra_n011.html,dancing-plague,"article, excerpt, catalogue or web page still in copyright","article, excerpt, catalogue or web page still in copyright","Bibliotheca Augustana (Sebastian Brant, Das Narrenschiff): https://www.hs-augsburg.de/~harsch/germanica/Chronologie/15Jh/Brant/bra_intr.html"
cases/dancing-plague/sources/context/brant_augustana/bra_n012.html,dancing-plague,"article, excerpt, catalogue or web page still in copyright","article, excerpt, catalogue or web page still in copyright","Bibliotheca Augustana (Sebastian Brant, Das Narrenschiff): https://www.hs-augsburg.de/~harsch/germanica/Chronologie/15Jh/Brant/bra_intr.html"
cases/dancing-plague/sources/context/brant_augustana/bra_n013.html,dancing-plague,"article, excerpt, catalogue or web page still in copyright","article, excerpt, catalogue or web page still in copyright","Bibliotheca Augustana (Sebastian Brant, Das Narrenschiff): https://www.hs-augsburg.de/~harsch/germanica/Chronologie/15Jh/Brant/bra_intr.html"
cases/dancing-plague/sources/context/brant_augustana/bra_n014.html,dancing-plague,"article, excerpt, catalogue or web page still in copyright","article, excerpt, catalogue or web page still in copyright","Bibliotheca Augustana (Sebastian Brant, Das Narrenschiff): https://www.hs-augsburg.de/~harsch/germanica/Chronologie/15Jh/Brant/bra_intr.html"
cases/dancing-plague/sources/context/brant_augustana/bra_n015.html,dancing-plague,"article, excerpt, catalogue or web page still in copyright","article, excerpt, catalogue or web page still in copyright","Bibliotheca Augustana (Sebastian Brant, Das Narrenschiff): https://www.hs-augsburg.de/~harsch/germanica/Chronologie/15Jh/Brant/bra_intr.html"
cases/dancing-plague/sources/context/brant_augustana/bra_n016.html,dancing-plague,"article, excerpt, catalogue or web page still in copyright","article, excerpt, catalogue or web page still in copyright","Bibliotheca Augustana (Sebastian Brant, Das Narrenschiff): https://www.hs-augsburg.de/~harsch/germanica/Chronologie/15Jh/Brant/bra_intr.html"
cases/dancing-plague/sources/context/brant_augustana/bra_n017.html,dancing-plague,"article, excerpt, catalogue or web page still in copyright","article, excerpt, catalogue or web page still in copyright","Bibliotheca Augustana (Sebastian Brant, Das Narrenschiff): https://www.hs-augsburg.de/~harsch/germanica/Chronologie/15Jh/Brant/bra_intr.html"
cases/dancing-plague/sources/context/brant_augustana/bra_n018.html,dancing-plague,"article, excerpt, catalogue or web page still in copyright","article, excerpt, catalogue or web page still in copyright","Bibliotheca Augustana (Sebastian Brant, Das Narrenschiff): https://www.hs-augsburg.de/~harsch/germanica/Chronologie/15Jh/Brant/bra_intr.html"
cases/dancing-plague/sources/context/brant_augustana/bra_n019.html,dancing-plague,"article, excerpt, catalogue or web page still in copyright","article, excerpt, catalogue or web page still in copyright","Bibliotheca Augustana (Sebastian Brant, Das Narrenschiff): https://www.hs-augsburg.de/~harsch/germanica/Chronologie/15Jh/Brant/bra_intr.html"
cases/dancing-plague/sources/context/brant_augustana/bra_n020.html,dancing-plague,"article, excerpt, catalogue or web page still in copyright","article, excerpt, catalogue or web page still in copyright","Bibliotheca Augustana (Sebastian Brant, Das Narrenschiff): https://www.hs-augsburg.de/~harsch/germanica/Chronologie/15Jh/Brant/bra_intr.html"
cases/dancing-plague/sources/context/brant_augustana/bra_n021.html,dancing-plague,"article, excerpt, catalogue or web page still in copyright","article, excerpt, catalogue or web page still in copyright","Bibliotheca Augustana (Sebastian Brant, Das Narrenschiff): https://www.hs-augsburg.de/~harsch/germanica/Chronologie/15Jh/Brant/bra_intr.html"
cases/dancing-plague/sources/context/brant_augustana/bra_n022.html,dancing-plague,"article, excerpt, catalogue or web page still in copyright","article, excerpt, catalogue or web page still in copyright","Bibliotheca Augustana (Sebastian Brant, Das Narrenschiff): https://www.hs-augsburg.de/~harsch/germanica/Chronologie/15Jh/Brant/bra_intr.html"
cases/dancing-plague/sources/context/brant_augustana/bra_n023.html,dancing-plague,"article, excerpt, catalogue or web page still in copyright","article, excerpt, catalogue or web page still in copyright","Bibliotheca Augustana (Sebastian Brant, Das Narrenschiff): https://www.hs-augsburg.de/~harsch/germanica/Chronologie/15Jh/Brant/bra_intr.html"
cases/dancing-plague/sources/context/brant_augustana/bra_n024.html,dancing-plague,"article, excerpt, catalogue or web page still in copyright","article, excerpt, catalogue or web page still in copyright","Bibliotheca Augustana (Sebastian Brant, Das Narrenschiff): https://www.hs-augsburg.de/~harsch/germanica/Chronologie/15Jh/Brant/bra_intr.html"
cases/dancing-plague/sources/context/brant_augustana/bra_n025.html,dancing-plague,"article, excerpt, catalogue or web page still in copyright","article, excerpt, catalogue or web page still in copyright","Bibliotheca Augustana (Sebastian Brant, Das Narrenschiff): https://www.hs-augsburg.de/~harsch/germanica/Chronologie/15Jh/Brant/bra_intr.html"
cases/dancing-plague/sources/context/brant_augustana/bra_n026.html,dancing-plague,"article, excerpt, catalogue or web page still in copyright","article, excerpt, catalogue or web page still in copyright","Bibliotheca Augustana (Sebastian Brant, Das Narrenschiff): https://www.hs-augsburg.de/~harsch/germanica/Chronologie/15Jh/Brant/bra_intr.html"
cases/dancing-plague/sources/context/brant_augustana/bra_n027.html,dancing-plague,"article, excerpt, catalogue or web page still in copyright","article, excerpt, catalogue or web page still in copyright","Bibliotheca Augustana (Sebastian Brant, Das Narrenschiff): https://www.hs-augsburg.de/~harsch/germanica/Chronologie/15Jh/Brant/bra_intr.html"
cases/dancing-plague/sources/context/brant_augustana/bra_n028.html,dancing-plague,"article, excerpt, catalogue or web page still in copyright","article, excerpt, catalogue or web page still in copyright","Bibliotheca Augustana (Sebastian Brant, Das Narrenschiff): https://www.hs-augsburg.de/~harsch/germanica/Chronologie/15Jh/Brant/bra_intr.html"
cases/dancing-plague/sources/context/brant_augustana/bra_n029.html,dancing-plague,"article, excerpt, catalogue or web page still in copyright","article, excerpt, catalogue or web page still in copyright","Bibliotheca Augustana (Sebastian Brant, Das Narrenschiff): https://www.hs-augsburg.de/~harsch/germanica/Chronologie/15Jh/Brant/bra_intr.html"
cases/dancing-plague/sources/context/brant_augustana/bra_n030.html,dancing-plague,"article, excerpt, catalogue or web page still in copyright","article, excerpt, catalogue or web page still in copyright","Bibliotheca Augustana (Sebastian Brant, Das Narrenschiff): https://www.hs-augsburg.de/~harsch/germanica/Chronologie/15Jh/Brant/bra_intr.html"
cases/dancing-plague/sources/context/brant_augustana/bra_n031.html,dancing-plague,"article, excerpt, catalogue or web page still in copyright","article, excerpt, catalogue or web page still in copyright","Bibliotheca Augustana (Sebastian Brant, Das Narrenschiff): https://www.hs-augsburg.de/~harsch/germanica/Chronologie/15Jh/Brant/bra_intr.html"
cases/dancing-plague/sources/context/brant_augustana/bra_n032.html,dancing-plague,"article, excerpt, catalogue or web page still in copyright","article, excerpt, catalogue or web page still in copyright","Bibliotheca Augustana (Sebastian Brant, Das Narrenschiff): https://www.hs-augsburg.de/~harsch/germanica/Chronologie/15Jh/Brant/bra_intr.html"
cases/dancing-plague/sources/context/brant_augustana/bra_n033.html,dancing-plague,"article, excerpt, catalogue or web page still in copyright","article, excerpt, catalogue or web page still in copyright","Bibliotheca Augustana (Sebastian Brant, Das Narrenschiff): https://www.hs-augsburg.de/~harsch/germanica/Chronologie/15Jh/Brant/bra_intr.html"
cases/dancing-plague/sources/context/brant_augustana/bra_n034.html,dancing-plague,"article, excerpt, catalogue or web page still in copyright","article, excerpt, catalogue or web page still in copyright","Bibliotheca Augustana (Sebastian Brant, Das Narrenschiff): https://www.hs-augsburg.de/~harsch/germanica/Chronologie/15Jh/Brant/bra_intr.html"
cases/dancing-plague/sources/context/brant_augustana/bra_n035.html,dancing-plague,"article, excerpt, catalogue or web page still in copyright","article, excerpt, catalogue or web page still in copyright","Bibliotheca Augustana (Sebastian Brant, Das Narrenschiff): https://www.hs-augsburg.de/~harsch/germanica/Chronologie/15Jh/Brant/bra_intr.html"
cases/dancing-plague/sources/context/brant_augustana/bra_n036.html,dancing-plague,"article, excerpt, catalogue or web page still in copyright","article, excerpt, catalogue or web page still in copyright","Bibliotheca Augustana (Sebastian Brant, Das Narrenschiff): https://www.hs-augsburg.de/~harsch/germanica/Chronologie/15Jh/Brant/bra_intr.html"
cases/dancing-plague/sources/context/brant_augustana/bra_n037.html,dancing-plague,"article, excerpt, catalogue or web page still in copyright","article, excerpt, catalogue or web page still in copyright","Bibliotheca Augustana (Sebastian Brant, Das Narrenschiff): https://www.hs-augsburg.de/~harsch/germanica/Chronologie/15Jh/Brant/bra_intr.html"
cases/dancing-plague/sources/context/brant_augustana/bra_n038.html,dancing-plague,"article, excerpt, catalogue or web page still in copyright","article, excerpt, catalogue or web page still in copyright","Bibliotheca Augustana (Sebastian Brant, Das Narrenschiff): https://www.hs-augsburg.de/~harsch/germanica/Chronologie/15Jh/Brant/bra_intr.html"
cases/dancing-plague/sources/context/brant_augustana/bra_n039.html,dancing-plague,"article, excerpt, catalogue or web page still in copyright","article, excerpt, catalogue or web page still in copyright","Bibliotheca Augustana (Sebastian Brant, Das Narrenschiff): https://www.hs-augsburg.de/~harsch/germanica/Chronologie/15Jh/Brant/bra_intr.html"
cases/dancing-plague/sources/context/brant_augustana/bra_n040.html,dancing-plague,"article, excerpt, catalogue or web page still in copyright","article, excerpt, catalogue or web page still in copyright","Bibliotheca Augustana (Sebastian Brant, Das Narrenschiff): https://www.hs-augsburg.de/~harsch/germanica/Chronologie/15Jh/Brant/bra_intr.html"
cases/dancing-plague/sources/context/brant_augustana/bra_n041.html,dancing-plague,"article, excerpt, catalogue or web page still in copyright","article, excerpt, catalogue or web page still in copyright","Bibliotheca Augustana (Sebastian Brant, Das Narrenschiff): https://www.hs-augsburg.de/~harsch/germanica/Chronologie/15Jh/Brant/bra_intr.html"
cases/dancing-plague/sources/context/brant_augustana/bra_n042.html,dancing-plague,"article, excerpt, catalogue or web page still in copyright","article, excerpt, catalogue or web page still in copyright","Bibliotheca Augustana (Sebastian Brant, Das Narrenschiff): https://www.hs-augsburg.de/~harsch/germanica/Chronologie/15Jh/Brant/bra_intr.html"
cases/dancing-plague/sources/context/brant_augustana/bra_n043.html,dancing-plague,"article, excerpt, catalogue or web page still in copyright","article, excerpt, catalogue or web page still in copyright","Bibliotheca Augustana (Sebastian Brant, Das Narrenschiff): https://www.hs-augsburg.de/~harsch/germanica/Chronologie/15Jh/Brant/bra_intr.html"
cases/dancing-plague/sources/context/brant_augustana/bra_n044.html,dancing-plague,"article, excerpt, catalogue or web page still in copyright","article, excerpt, catalogue or web page still in copyright","Bibliotheca Augustana (Sebastian Brant, Das Narrenschiff): https://www.hs-augsburg.de/~harsch/germanica/Chronologie/15Jh/Brant/bra_intr.html"
cases/dancing-plague/sources/context/brant_augustana/bra_n045.html,dancing-plague,"article, excerpt, catalogue or web page still in copyright","article, excerpt, catalogue or web page still in copyright","Bibliotheca Augustana (Sebastian Brant, Das Narrenschiff): https://www.hs-augsburg.de/~harsch/germanica/Chronologie/15Jh/Brant/bra_intr.html"
cases/dancing-plague/sources/context/brant_augustana/bra_n046.html,dancing-plague,"article, excerpt, catalogue or web page still in copyright","article, excerpt, catalogue or web page still in copyright","Bibliotheca Augustana (Sebastian Brant, Das Narrenschiff): https://www.hs-augsburg.de/~harsch/germanica/Chronologie/15Jh/Brant/bra_intr.html"
cases/dancing-plague/sources/context/brant_augustana/bra_n047.html,dancing-plague,"article, excerpt, catalogue or web page still in copyright","article, excerpt, catalogue or web page still in copyright","Bibliotheca Augustana (Sebastian Brant, Das Narrenschiff): https://www.hs-augsburg.de/~harsch/germanica/Chronologie/15Jh/Brant/bra_intr.html"
cases/dancing-plague/sources/context/brant_augustana/bra_n048.html,dancing-plague,"article, excerpt, catalogue or web page still in copyright","article, excerpt, catalogue or web page still in copyright","Bibliotheca Augustana (Sebastian Brant, Das Narrenschiff): https://www.hs-augsburg.de/~harsch/germanica/Chronologie/15Jh/Brant/bra_intr.html"
cases/dancing-plague/sources/context/brant_augustana/bra_n049.html,dancing-plague,"article, excerpt, catalogue or web page still in copyright","article, excerpt, catalogue or web page still in copyright","Bibliotheca Augustana (Sebastian Brant, Das Narrenschiff): https://www.hs-augsburg.de/~harsch/germanica/Chronologie/15Jh/Brant/bra_intr.html"
cases/dancing-plague/sources/context/brant_augustana/bra_n050.html,dancing-plague,"article, excerpt, catalogue or web page still in copyright","article, excerpt, catalogue or web page still in copyright","Bibliotheca Augustana (Sebastian Brant, Das Narrenschiff): https://www.hs-augsburg.de/~harsch/germanica/Chronologie/15Jh/Brant/bra_intr.html"
cases/dancing-plague/sources/context/brant_augustana/bra_n051.html,dancing-plague,"article, excerpt, catalogue or web page still in copyright","article, excerpt, catalogue or web page still in copyright","Bibliotheca Augustana (Sebastian Brant, Das Narrenschiff): https://www.hs-augsburg.de/~harsch/germanica/Chronologie/15Jh/Brant/bra_intr.html"
cases/dancing-plague/sources/context/brant_augustana/bra_n052.html,dancing-plague,"article, excerpt, catalogue or web page still in copyright","article, excerpt, catalogue or web page still in copyright","Bibliotheca Augustana (Sebastian Brant, Das Narrenschiff): https://www.hs-augsburg.de/~harsch/germanica/Chronologie/15Jh/Brant/bra_intr.html"
cases/dancing-plague/sources/context/brant_augustana/bra_n053.html,dancing-plague,"article, excerpt, catalogue or web page still in copyright","article, excerpt, catalogue or web page still in copyright","Bibliotheca Augustana (Sebastian Brant, Das Narrenschiff): https://www.hs-augsburg.de/~harsch/germanica/Chronologie/15Jh/Brant/bra_intr.html"
cases/dancing-plague/sources/context/brant_augustana/bra_n054.html,dancing-plague,"article, excerpt, catalogue or web page still in copyright","article, excerpt, catalogue or web page still in copyright","Bibliotheca Augustana (Sebastian Brant, Das Narrenschiff): https://www.hs-augsburg.de/~harsch/germanica/Chronologie/15Jh/Brant/bra_intr.html"
cases/dancing-plague/sources/context/brant_augustana/bra_n055.html,dancing-plague,"article, excerpt, catalogue or web page still in copyright","article, excerpt, catalogue or web page still in copyright","Bibliotheca Augustana (Sebastian Brant, Das Narrenschiff): https://www.hs-augsburg.de/~harsch/germanica/Chronologie/15Jh/Brant/bra_intr.html"
cases/dancing-plague/sources/context/brant_augustana/bra_n056.html,dancing-plague,"article, excerpt, catalogue or web page still in copyright","article, excerpt, catalogue or web page still in copyright","Bibliotheca Augustana (Sebastian Brant, Das Narrenschiff): https://www.hs-augsburg.de/~harsch/germanica/Chronologie/15Jh/Brant/bra_intr.html"
cases/dancing-plague/sources/context/brant_augustana/bra_n057.html,dancing-plague,"article, excerpt, catalogue or web page still in copyright","article, excerpt, catalogue or web page still in copyright","Bibliotheca Augustana (Sebastian Brant, Das Narrenschiff): https://www.hs-augsburg.de/~harsch/germanica/Chronologie/15Jh/Brant/bra_intr.html"
cases/dancing-plague/sources/context/brant_augustana/bra_n058.html,dancing-plague,"article, excerpt, catalogue or web page still in copyright","article, excerpt, catalogue or web page still in copyright","Bibliotheca Augustana (Sebastian Brant, Das Narrenschiff): https://www.hs-augsburg.de/~harsch/germanica/Chronologie/15Jh/Brant/bra_intr.html"
cases/dancing-plague/sources/context/brant_augustana/bra_n059.html,dancing-plague,"article, excerpt, catalogue or web page still in copyright","article, excerpt, catalogue or web page still in copyright","Bibliotheca Augustana (Sebastian Brant, Das Narrenschiff): https://www.hs-augsburg.de/~harsch/germanica/Chronologie/15Jh/Brant/bra_intr.html"
cases/dancing-plague/sources/context/brant_augustana/bra_n060.html,dancing-plague,"article, excerpt, catalogue or web page still in copyright","article, excerpt, catalogue or web page still in copyright","Bibliotheca Augustana (Sebastian Brant, Das Narrenschiff): https://www.hs-augsburg.de/~harsch/germanica/Chronologie/15Jh/Brant/bra_intr.html"
cases/dancing-plague/sources/context/brant_augustana/bra_n061.html,dancing-plague,"article, excerpt, catalogue or web page still in copyright","article, excerpt, catalogue or web page still in copyright","Bibliotheca Augustana (Sebastian Brant, Das Narrenschiff): https://www.hs-augsburg.de/~harsch/germanica/Chronologie/15Jh/Brant/bra_intr.html"
cases/dancing-plague/sources/context/brant_augustana/bra_n062.html,dancing-plague,"article, excerpt, catalogue or web page still in copyright","article, excerpt, catalogue or web page still in copyright","Bibliotheca Augustana (Sebastian Brant, Das Narrenschiff): https://www.hs-augsburg.de/~harsch/germanica/Chronologie/15Jh/Brant/bra_intr.html"
cases/dancing-plague/sources/context/brant_augustana/bra_n063.html,dancing-plague,"article, excerpt, catalogue or web page still in copyright","article, excerpt, catalogue or web page still in copyright","Bibliotheca Augustana (Sebastian Brant, Das Narrenschiff): https://www.hs-augsburg.de/~harsch/germanica/Chronologie/15Jh/Brant/bra_intr.html"
cases/dancing-plague/sources/context/brant_augustana/bra_n064.html,dancing-plague,"article, excerpt, catalogue or web page still in copyright","article, excerpt, catalogue or web page still in copyright","Bibliotheca Augustana (Sebastian Brant, Das Narrenschiff): https://www.hs-augsburg.de/~harsch/germanica/Chronologie/15Jh/Brant/bra_intr.html"
cases/dancing-plague/sources/context/brant_augustana/bra_n065.html,dancing-plague,"article, excerpt, catalogue or web page still in copyright","article, excerpt, catalogue or web page still in copyright","Bibliotheca Augustana (Sebastian Brant, Das Narrenschiff): https://www.hs-augsburg.de/~harsch/germanica/Chronologie/15Jh/Brant/bra_intr.html"
cases/dancing-plague/sources/context/brant_augustana/bra_n066.html,dancing-plague,"article, excerpt, catalogue or web page still in copyright","article, excerpt, catalogue or web page still in copyright","Bibliotheca Augustana (Sebastian Brant, Das Narrenschiff): https://www.hs-augsburg.de/~harsch/germanica/Chronologie/15Jh/Brant/bra_intr.html"
cases/dancing-plague/sources/context/brant_augustana/bra_n067.html,dancing-plague,"article, excerpt, catalogue or web page still in copyright","article, excerpt, catalogue or web page still in copyright","Bibliotheca Augustana (Sebastian Brant, Das Narrenschiff): https://www.hs-augsburg.de/~harsch/germanica/Chronologie/15Jh/Brant/bra_intr.html"
cases/dancing-plague/sources/context/brant_augustana/bra_n068.html,dancing-plague,"article, excerpt, catalogue or web page still in copyright","article, excerpt, catalogue or web page still in copyright","Bibliotheca Augustana (Sebastian Brant, Das Narrenschiff): https://www.hs-augsburg.de/~harsch/germanica/Chronologie/15Jh/Brant/bra_intr.html"
cases/dancing-plague/sources/context/brant_augustana/bra_n069.html,dancing-plague,"article, excerpt, catalogue or web page still in copyright","article, excerpt, catalogue or web page still in copyright","Bibliotheca Augustana (Sebastian Brant, Das Narrenschiff): https://www.hs-augsburg.de/~harsch/germanica/Chronologie/15Jh/Brant/bra_intr.html"
cases/dancing-plague/sources/context/brant_augustana/bra_n070.html,dancing-plague,"article, excerpt, catalogue or web page still in copyright","article, excerpt, catalogue or web page still in copyright","Bibliotheca Augustana (Sebastian Brant, Das Narrenschiff): https://www.hs-augsburg.de/~harsch/germanica/Chronologie/15Jh/Brant/bra_intr.html"
cases/dancing-plague/sources/context/brant_augustana/bra_n071.html,dancing-plague,"article, excerpt, catalogue or web page still in copyright","article, excerpt, catalogue or web page still in copyright","Bibliotheca Augustana (Sebastian Brant, Das Narrenschiff): https://www.hs-augsburg.de/~harsch/germanica/Chronologie/15Jh/Brant/bra_intr.html"
cases/dancing-plague/sources/context/brant_augustana/bra_n072.html,dancing-plague,"article, excerpt, catalogue or web page still in copyright","article, excerpt, catalogue or web page still in copyright","Bibliotheca Augustana (Sebastian Brant, Das Narrenschiff): https://www.hs-augsburg.de/~harsch/germanica/Chronologie/15Jh/Brant/bra_intr.html"
cases/dancing-plague/sources/context/brant_augustana/bra_n073.html,dancing-plague,"article, excerpt, catalogue or web page still in copyright","article, excerpt, catalogue or web page still in copyright","Bibliotheca Augustana (Sebastian Brant, Das Narrenschiff): https://www.hs-augsburg.de/~harsch/germanica/Chronologie/15Jh/Brant/bra_intr.html"
cases/dancing-plague/sources/context/brant_augustana/bra_n074.html,dancing-plague,"article, excerpt, catalogue or web page still in copyright","article, excerpt, catalogue or web page still in copyright","Bibliotheca Augustana (Sebastian Brant, Das Narrenschiff): https://www.hs-augsburg.de/~harsch/germanica/Chronologie/15Jh/Brant/bra_intr.html"
cases/dancing-plague/sources/context/brant_augustana/bra_n075.html,dancing-plague,"article, excerpt, catalogue or web page still in copyright","article, excerpt, catalogue or web page still in copyright","Bibliotheca Augustana (Sebastian Brant, Das Narrenschiff): https://www.hs-augsburg.de/~harsch/germanica/Chronologie/15Jh/Brant/bra_intr.html"
cases/dancing-plague/sources/context/brant_augustana/bra_n076.html,dancing-plague,"article, excerpt, catalogue or web page still in copyright","article, excerpt, catalogue or web page still in copyright","Bibliotheca Augustana (Sebastian Brant, Das Narrenschiff): https://www.hs-augsburg.de/~harsch/germanica/Chronologie/15Jh/Brant/bra_intr.html"
cases/dancing-plague/sources/context/brant_augustana/bra_n077.html,dancing-plague,"article, excerpt, catalogue or web page still in copyright","article, excerpt, catalogue or web page still in copyright","Bibliotheca Augustana (Sebastian Brant, Das Narrenschiff): https://www.hs-augsburg.de/~harsch/germanica/Chronologie/15Jh/Brant/bra_intr.html"
cases/dancing-plague/sources/context/brant_augustana/bra_n078.html,dancing-plague,"article, excerpt, catalogue or web page still in copyright","article, excerpt, catalogue or web page still in copyright","Bibliotheca Augustana (Sebastian Brant, Das Narrenschiff): https://www.hs-augsburg.de/~harsch/germanica/Chronologie/15Jh/Brant/bra_intr.html"
cases/dancing-plague/sources/context/brant_augustana/bra_n079.html,dancing-plague,"article, excerpt, catalogue or web page still in copyright","article, excerpt, catalogue or web page still in copyright","Bibliotheca Augustana (Sebastian Brant, Das Narrenschiff): https://www.hs-augsburg.de/~harsch/germanica/Chronologie/15Jh/Brant/bra_intr.html"
cases/dancing-plague/sources/context/brant_augustana/bra_n080.html,dancing-plague,"article, excerpt, catalogue or web page still in copyright","article, excerpt, catalogue or web page still in copyright","Bibliotheca Augustana (Sebastian Brant, Das Narrenschiff): https://www.hs-augsburg.de/~harsch/germanica/Chronologie/15Jh/Brant/bra_intr.html"
cases/dancing-plague/sources/context/brant_augustana/bra_n081.html,dancing-plague,"article, excerpt, catalogue or web page still in copyright","article, excerpt, catalogue or web page still in copyright","Bibliotheca Augustana (Sebastian Brant, Das Narrenschiff): https://www.hs-augsburg.de/~harsch/germanica/Chronologie/15Jh/Brant/bra_intr.html"
cases/dancing-plague/sources/context/brant_augustana/bra_n082.html,dancing-plague,"article, excerpt, catalogue or web page still in copyright","article, excerpt, catalogue or web page still in copyright","Bibliotheca Augustana (Sebastian Brant, Das Narrenschiff): https://www.hs-augsburg.de/~harsch/germanica/Chronologie/15Jh/Brant/bra_intr.html"
cases/dancing-plague/sources/context/brant_augustana/bra_n083.html,dancing-plague,"article, excerpt, catalogue or web page still in copyright","article, excerpt, catalogue or web page still in copyright","Bibliotheca Augustana (Sebastian Brant, Das Narrenschiff): https://www.hs-augsburg.de/~harsch/germanica/Chronologie/15Jh/Brant/bra_intr.html"
cases/dancing-plague/sources/context/brant_augustana/bra_n084.html,dancing-plague,"article, excerpt, catalogue or web page still in copyright","article, excerpt, catalogue or web page still in copyright","Bibliotheca Augustana (Sebastian Brant, Das Narrenschiff): https://www.hs-augsburg.de/~harsch/germanica/Chronologie/15Jh/Brant/bra_intr.html"
cases/dancing-plague/sources/context/brant_augustana/bra_n085.html,dancing-plague,"article, excerpt, catalogue or web page still in copyright","article, excerpt, catalogue or web page still in copyright","Bibliotheca Augustana (Sebastian Brant, Das Narrenschiff): https://www.hs-augsburg.de/~harsch/germanica/Chronologie/15Jh/Brant/bra_intr.html"
cases/dancing-plague/sources/context/brant_augustana/bra_n086.html,dancing-plague,"article, excerpt, catalogue or web page still in copyright","article, excerpt, catalogue or web page still in copyright","Bibliotheca Augustana (Sebastian Brant, Das Narrenschiff): https://www.hs-augsburg.de/~harsch/germanica/Chronologie/15Jh/Brant/bra_intr.html"
cases/dancing-plague/sources/context/brant_augustana/bra_n087.html,dancing-plague,"article, excerpt, catalogue or web page still in copyright","article, excerpt, catalogue or web page still in copyright","Bibliotheca Augustana (Sebastian Brant, Das Narrenschiff): https://www.hs-augsburg.de/~harsch/germanica/Chronologie/15Jh/Brant/bra_intr.html"
cases/dancing-plague/sources/context/brant_augustana/bra_n088.html,dancing-plague,"article, excerpt, catalogue or web page still in copyright","article, excerpt, catalogue or web page still in copyright","Bibliotheca Augustana (Sebastian Brant, Das Narrenschiff): https://www.hs-augsburg.de/~harsch/germanica/Chronologie/15Jh/Brant/bra_intr.html"
cases/dancing-plague/sources/context/brant_augustana/bra_n089.html,dancing-plague,"article, excerpt, catalogue or web page still in copyright","article, excerpt, catalogue or web page still in copyright","Bibliotheca Augustana (Sebastian Brant, Das Narrenschiff): https://www.hs-augsburg.de/~harsch/germanica/Chronologie/15Jh/Brant/bra_intr.html"
cases/dancing-plague/sources/context/brant_augustana/bra_n090.html,dancing-plague,"article, excerpt, catalogue or web page still in copyright","article, excerpt, catalogue or web page still in copyright","Bibliotheca Augustana (Sebastian Brant, Das Narrenschiff): https://www.hs-augsburg.de/~harsch/germanica/Chronologie/15Jh/Brant/bra_intr.html"
cases/dancing-plague/sources/context/brant_augustana/bra_n091.html,dancing-plague,"article, excerpt, catalogue or web page still in copyright","article, excerpt, catalogue or web page still in copyright","Bibliotheca Augustana (Sebastian Brant, Das Narrenschiff): https://www.hs-augsburg.de/~harsch/germanica/Chronologie/15Jh/Brant/bra_intr.html"
cases/dancing-plague/sources/context/brant_augustana/bra_n092.html,dancing-plague,"article, excerpt, catalogue or web page still in copyright","article, excerpt, catalogue or web page still in copyright","Bibliotheca Augustana (Sebastian Brant, Das Narrenschiff): https://www.hs-augsburg.de/~harsch/germanica/Chronologie/15Jh/Brant/bra_intr.html"
cases/dancing-plague/sources/context/brant_augustana/bra_n093.html,dancing-plague,"article, excerpt, catalogue or web page still in copyright","article, excerpt, catalogue or web page still in copyright","Bibliotheca Augustana (Sebastian Brant, Das Narrenschiff): https://www.hs-augsburg.de/~harsch/germanica/Chronologie/15Jh/Brant/bra_intr.html"
cases/dancing-plague/sources/context/brant_augustana/bra_n094.html,dancing-plague,"article, excerpt, catalogue or web page still in copyright","article, excerpt, catalogue or web page still in copyright","Bibliotheca Augustana (Sebastian Brant, Das Narrenschiff): https://www.hs-augsburg.de/~harsch/germanica/Chronologie/15Jh/Brant/bra_intr.html"
cases/dancing-plague/sources/context/brant_augustana/bra_n095.html,dancing-plague,"article, excerpt, catalogue or web page still in copyright","article, excerpt, catalogue or web page still in copyright","Bibliotheca Augustana (Sebastian Brant, Das Narrenschiff): https://www.hs-augsburg.de/~harsch/germanica/Chronologie/15Jh/Brant/bra_intr.html"
cases/dancing-plague/sources/context/brant_augustana/bra_n096.html,dancing-plague,"article, excerpt, catalogue or web page still in copyright","article, excerpt, catalogue or web page still in copyright","Bibliotheca Augustana (Sebastian Brant, Das Narrenschiff): https://www.hs-augsburg.de/~harsch/germanica/Chronologie/15Jh/Brant/bra_intr.html"
cases/dancing-plague/sources/context/brant_augustana/bra_n097.html,dancing-plague,"article, excerpt, catalogue or web page still in copyright","article, excerpt, catalogue or web page still in copyright","Bibliotheca Augustana (Sebastian Brant, Das Narrenschiff): https://www.hs-augsburg.de/~harsch/germanica/Chronologie/15Jh/Brant/bra_intr.html"
cases/dancing-plague/sources/context/brant_augustana/bra_n098.html,dancing-plague,"article, excerpt, catalogue or web page still in copyright","article, excerpt, catalogue or web page still in copyright","Bibliotheca Augustana (Sebastian Brant, Das Narrenschiff): https://www.hs-augsburg.de/~harsch/germanica/Chronologie/15Jh/Brant/bra_intr.html"
cases/dancing-plague/sources/context/brant_augustana/bra_n099.html,dancing-plague,"article, excerpt, catalogue or web page still in copyright","article, excerpt, catalogue or web page still in copyright","Bibliotheca Augustana (Sebastian Brant, Das Narrenschiff): https://www.hs-augsburg.de/~harsch/germanica/Chronologie/15Jh/Brant/bra_intr.html"
cases/dancing-plague/sources/context/brant_augustana/bra_n100.html,dancing-plague,"article, excerpt, catalogue or web page still in copyright","article, excerpt, catalogue or web page still in copyright","Bibliotheca Augustana (Sebastian Brant, Das Narrenschiff): https://www.hs-augsburg.de/~harsch/germanica/Chronologie/15Jh/Brant/bra_intr.html"
cases/dancing-plague/sources/context/brant_augustana/bra_n101.html,dancing-plague,"article, excerpt, catalogue or web page still in copyright","article, excerpt, catalogue or web page still in copyright","Bibliotheca Augustana (Sebastian Brant, Das Narrenschiff): https://www.hs-augsburg.de/~harsch/germanica/Chronologie/15Jh/Brant/bra_intr.html"
cases/dancing-plague/sources/context/brant_augustana/bra_n102.html,dancing-plague,"article, excerpt, catalogue or web page still in copyright","article, excerpt, catalogue or web page still in copyright","Bibliotheca Augustana (Sebastian Brant, Das Narrenschiff): https://www.hs-augsburg.de/~harsch/germanica/Chronologie/15Jh/Brant/bra_intr.html"
cases/dancing-plague/sources/context/brant_augustana/bra_n103.html,dancing-plague,"article, excerpt, catalogue or web page still in copyright","article, excerpt, catalogue or web page still in copyright","Bibliotheca Augustana (Sebastian Brant, Das Narrenschiff): https://www.hs-augsburg.de/~harsch/germanica/Chronologie/15Jh/Brant/bra_intr.html"
cases/dancing-plague/sources/context/brant_augustana/bra_n104.html,dancing-plague,"article, excerpt, catalogue or web page still in copyright","article, excerpt, catalogue or web page still in copyright","Bibliotheca Augustana (Sebastian Brant, Das Narrenschiff): https://www.hs-augsburg.de/~harsch/germanica/Chronologie/15Jh/Brant/bra_intr.html"
cases/dancing-plague/sources/context/brant_augustana/bra_n105.html,dancing-plague,"article, excerpt, catalogue or web page still in copyright","article, excerpt, catalogue or web page still in copyright","Bibliotheca Augustana (Sebastian Brant, Das Narrenschiff): https://www.hs-augsburg.de/~harsch/germanica/Chronologie/15Jh/Brant/bra_intr.html"
cases/dancing-plague/sources/context/brant_augustana/bra_n106.html,dancing-plague,"article, excerpt, catalogue or web page still in copyright","article, excerpt, catalogue or web page still in copyright","Bibliotheca Augustana (Sebastian Brant, Das Narrenschiff): https://www.hs-augsburg.de/~harsch/germanica/Chronologie/15Jh/Brant/bra_intr.html"
cases/dancing-plague/sources/context/brant_augustana/bra_n107.html,dancing-plague,"article, excerpt, catalogue or web page still in copyright","article, excerpt, catalogue or web page still in copyright","Bibliotheca Augustana (Sebastian Brant, Das Narrenschiff): https://www.hs-augsburg.de/~harsch/germanica/Chronologie/15Jh/Brant/bra_intr.html"
cases/dancing-plague/sources/context/brant_augustana/bra_n108.html,dancing-plague,"article, excerpt, catalogue or web page still in copyright","article, excerpt, catalogue or web page still in copyright","Bibliotheca Augustana (Sebastian Brant, Das Narrenschiff): https://www.hs-augsburg.de/~harsch/germanica/Chronologie/15Jh/Brant/bra_intr.html"
cases/dancing-plague/sources/context/brant_augustana/bra_n109.html,dancing-plague,"article, excerpt, catalogue or web page still in copyright","article, excerpt, catalogue or web page still in copyright","Bibliotheca Augustana (Sebastian Brant, Das Narrenschiff): https://www.hs-augsburg.de/~harsch/germanica/Chronologie/15Jh/Brant/bra_intr.html"
cases/dancing-plague/sources/context/brant_augustana/bra_n110.html,dancing-plague,"article, excerpt, catalogue or web page still in copyright","article, excerpt, catalogue or web page still in copyright","Bibliotheca Augustana (Sebastian Brant, Das Narrenschiff): https://www.hs-augsburg.de/~harsch/germanica/Chronologie/15Jh/Brant/bra_intr.html"
cases/dancing-plague/sources/context/brant_augustana/bra_n111.html,dancing-plague,"article, excerpt, catalogue or web page still in copyright","article, excerpt, catalogue or web page still in copyright","Bibliotheca Augustana (Sebastian Brant, Das Narrenschiff): https://www.hs-augsburg.de/~harsch/germanica/Chronologie/15Jh/Brant/bra_intr.html"
cases/dancing-plague/sources/context/brant_augustana/bra_n112.html,dancing-plague,"article, excerpt, catalogue or web page still in copyright","article, excerpt, catalogue or web page still in copyright","Bibliotheca Augustana (Sebastian Brant, Das Narrenschiff): https://www.hs-augsburg.de/~harsch/germanica/Chronologie/15Jh/Brant/bra_intr.html"
cases/dancing-plague/sources/context/brant_narrenschiff_61_augustana.html,dancing-plague,"article, excerpt, catalogue or web page still in copyright","article, excerpt, catalogue or web page still in copyright",https://www.hs-augsburg.de/~harsch/germanica/Chronologie/15Jh/Brant/bra_n061.html
cases/dancing-plague/sources/context/brant_narrenschiff_61_augustana.md,dancing-plague,"article, excerpt, catalogue or web page still in copyright","article, excerpt, catalogue or web page still in copyright",https://www.hs-augsburg.de/~harsch/germanica/Chronologie/15Jh/Brant/bra_n061.html
cases/dancing-plague/sources/context/brant_narrenschiff_index_augustana.html,dancing-plague,"article, excerpt, catalogue or web page still in copyright","article, excerpt, catalogue or web page still in copyright","no URL recorded; the file name gives the source: ""brant narrenschiff index augustana"""
cases/dancing-plague/sources/context/brant_narrenschiff_index_augustana.md,dancing-plague,"article, excerpt, catalogue or web page still in copyright","article, excerpt, catalogue or web page still in copyright","no URL recorded; the file name gives the source: ""brant narrenschiff index augustana"""
cases/dancing-plague/sources/context/clementz2016_revue_alsace_cr_waller.html,dancing-plague,"article, excerpt, catalogue or web page still in copyright","article, excerpt, catalogue or web page still in copyright",https://journals.openedition.org/alsace/2447
cases/dancing-plague/sources/context/clementz2016_revue_alsace_cr_waller.md,dancing-plague,"article, excerpt, catalogue or web page still in copyright","article, excerpt, catalogue or web page still in copyright",https://journals.openedition.org/alsace/2447
cases/dancing-plague/sources/context/coze_2018_fievre_de_danse.html,dancing-plague,"article, excerpt, catalogue or web page still in copyright","article, excerpt, catalogue or web page still in copyright","no URL recorded; the file name gives the source: ""coze 2018 fievre de danse"""
cases/dancing-plague/sources/context/coze_2018_fievre_de_danse.md,dancing-plague,"article, excerpt, catalogue or web page still in copyright","article, excerpt, catalogue or web page still in copyright","no URL recorded; the file name gives the source: ""coze 2018 fievre de danse"""
cases/dancing-plague/sources/context/dhialsace_danse_de_saint_guy_clementz.html,dancing-plague,"article, excerpt, catalogue or web page still in copyright","article, excerpt, catalogue or web page still in copyright",https://www.dhialsace.bnu.fr/wiki/Danse_de_Saint-Guy
cases/dancing-plague/sources/context/dhialsace_danse_de_saint_guy_clementz.md,dancing-plague,"article, excerpt, catalogue or web page still in copyright","article, excerpt, catalogue or web page still in copyright",https://www.dhialsace.bnu.fr/wiki/Danse_de_Saint-Guy
cases/dancing-plague/sources/context/gmx_rohmann_strassburger_tanzwut.html,dancing-plague,"article, excerpt, catalogue or web page still in copyright","article, excerpt, catalogue or web page still in copyright",https://www.gmx.at/magazine/wissen/geschichte/strassburger-tanzwut-
cases/dancing-plague/sources/context/gmx_rohmann_strassburger_tanzwut.md,dancing-plague,"article, excerpt, catalogue or web page still in copyright","article, excerpt, catalogue or web page still in copyright",https://www.gmx.at/magazine/wissen/geschichte/strassburger-tanzwut-
cases/dancing-plague/sources/context/hsozkult_knaeble_rohmann_review_2013.html,dancing-plague,"article, excerpt, catalogue or web page still in copyright","article, excerpt, catalogue or web page still in copyright",https://www.hsozkult.de/publicationreview/id/reb-18686
cases/dancing-plague/sources/context/hsozkult_knaeble_rohmann_review_2013.md,dancing-plague,"article, excerpt, catalogue or web page still in copyright","article, excerpt, catalogue or web page still in copyright",https://www.hsozkult.de/publicationreview/id/reb-18686
cases/dancing-plague/sources/context/lieux_insolites_grotte_saint_vit.html,dancing-plague,"article, excerpt, catalogue or web page still in copyright","article, excerpt, catalogue or web page still in copyright","no URL recorded; the file name gives the source: ""lieux insolites grotte saint vit"""
cases/dancing-plague/sources/context/lieux_insolites_grotte_saint_vit.md,dancing-plague,"article, excerpt, catalogue or web page still in copyright","article, excerpt, catalogue or web page still in copyright","no URL recorded; the file name gives the source: ""lieux insolites grotte saint vit"""
cases/dancing-plague/sources/context/midelfort1999_ch1_vitus_excerpt.txt,dancing-plague,"article, excerpt, catalogue or web page still in copyright","article, excerpt, catalogue or web page still in copyright","no URL recorded; the file name gives the source: ""midelfort1999 ch1 vitus excerpt"""
cases/dancing-plague/sources/context/murner_augustana_index.html,dancing-plague,"article, excerpt, catalogue or web page still in copyright","article, excerpt, catalogue or web page still in copyright","no URL recorded; the file name gives the source: ""murner augustana index"""
cases/dancing-plague/sources/context/murner_augustana_index.md,dancing-plague,"article, excerpt, catalogue or web page still in copyright","article, excerpt, catalogue or web page still in copyright","no URL recorded; the file name gives the source: ""murner augustana index"""
cases/dancing-plague/sources/context/musees_strasbourg_catalogue_1518.html,dancing-plague,"article, excerpt, catalogue or web page still in copyright","article, excerpt, catalogue or web page still in copyright","no URL recorded; the file name gives the source: ""musees strasbourg catalogue 1518"""
cases/dancing-plague/sources/context/musees_strasbourg_catalogue_1518.md,dancing-plague,"article, excerpt, catalogue or web page still in copyright","article, excerpt, catalogue or web page still in copyright","no URL recorded; the file name gives the source: ""musees strasbourg catalogue 1518"""
cases/dancing-plague/sources/context/mythische_orte_saverne.html,dancing-plague,"article, excerpt, catalogue or web page still in copyright","article, excerpt, catalogue or web page still in copyright","no URL recorded; the file name gives the source: ""mythische orte saverne"""
cases/dancing-plague/sources/context/mythische_orte_saverne.md,dancing-plague,"article, excerpt, catalogue or web page still in copyright","article, excerpt, catalogue or web page still in copyright","no URL recorded; the file name gives the source: ""mythische orte saverne"""
cases/dancing-plague/sources/context/rohmann2009_crossref.html,dancing-plague,"article, excerpt, catalogue or web page still in copyright","article, excerpt, catalogue or web page still in copyright",https://api.crossref.org/works/10.1177/097194580901200102
cases/dancing-plague/sources/context/rohmann2009_crossref.md,dancing-plague,"article, excerpt, catalogue or web page still in copyright","article, excerpt, catalogue or web page still in copyright",https://api.crossref.org/works/10.1177/097194580901200102
cases/dancing-plague/sources/context/rohmann2009_mhj_sage.html,dancing-plague,"article, excerpt, catalogue or web page still in copyright","article, excerpt, catalogue or web page still in copyright","no URL recorded; the file name gives the source: ""rohmann2009 mhj sage"""
cases/dancing-plague/sources/context/rohmann2009_mhj_sage.md,dancing-plague,"article, excerpt, catalogue or web page still in copyright","article, excerpt, catalogue or web page still in copyright","no URL recorded; the file name gives the source: ""rohmann2009 mhj sage"""
cases/dancing-plague/sources/context/rohmann2018_mittelalter_degruyter.html,dancing-plague,"article, excerpt, catalogue or web page still in copyright","article, excerpt, catalogue or web page still in copyright","no URL recorded; the file name gives the source: ""rohmann2018 mittelalter degruyter"""
cases/dancing-plague/sources/context/rohmann2018_mittelalter_degruyter.md,dancing-plague,"article, excerpt, catalogue or web page still in copyright","article, excerpt, catalogue or web page still in copyright","no URL recorded; the file name gives the source: ""rohmann2018 mittelalter degruyter"""
cases/dancing-plague/sources/context/rohmann2020_ZGO168_tanzwallfahrten_oberrhein.pdf,dancing-plague,"article, excerpt, catalogue or web page still in copyright","article, excerpt, catalogue or web page still in copyright","no URL recorded; the file name gives the source: ""rohmann2020 ZGO168 tanzwallfahrten oberrhein"""
cases/dancing-plague/sources/context/rohmann2020_ZGO168_tanzwallfahrten_oberrhein.txt,dancing-plague,"article, excerpt, catalogue or web page still in copyright","article, excerpt, catalogue or web page still in copyright","no URL recorded; the file name gives the source: ""rohmann2020 ZGO168 tanzwallfahrten oberrhein"""
cases/dancing-plague/sources/context/rohmann_frankfurt_projekt_tanzwut.html,dancing-plague,"article, excerpt, catalogue or web page still in copyright","article, excerpt, catalogue or web page still in copyright",https://www.vandenhoeck-ruprecht-verlage.com/
cases/dancing-plague/sources/context/rohmann_frankfurt_projekt_tanzwut.md,dancing-plague,"article, excerpt, catalogue or web page still in copyright","article, excerpt, catalogue or web page still in copyright",https://www.vandenhoeck-ruprecht-verlage.com/
cases/dancing-plague/sources/context/rohmann_rostock_profile.html,dancing-plague,"article, excerpt, catalogue or web page still in copyright","article, excerpt, catalogue or web page still in copyright",https://www.vandenhoeck-ruprecht-verlage.com/
cases/dancing-plague/sources/context/rohmann_rostock_profile.md,dancing-plague,"article, excerpt, catalogue or web page still in copyright","article, excerpt, catalogue or web page still in copyright",https://www.vandenhoeck-ruprecht-verlage.com/
cases/dancing-plague/sources/context/rue89_2018_epidemie_de_danse.html,dancing-plague,"article, excerpt, catalogue or web page still in copyright","article, excerpt, catalogue or web page still in copyright",https://www.rue89strasbourg.com/
cases/dancing-plague/sources/context/rue89_2018_epidemie_de_danse.md,dancing-plague,"article, excerpt, catalogue or web page still in copyright","article, excerpt, catalogue or web page still in copyright",https://www.rue89strasbourg.com/
cases/dancing-plague/sources/context/sehepunkte_2017_03_toc.html,dancing-plague,"article, excerpt, catalogue or web page still in copyright","article, excerpt, catalogue or web page still in copyright","no URL recorded; the file name gives the source: ""sehepunkte 2017 03 toc"""
cases/dancing-plague/sources/context/sehepunkte_2017_03_toc.md,dancing-plague,"article, excerpt, catalogue or web page still in copyright","article, excerpt, catalogue or web page still in copyright","no URL recorded; the file name gives the source: ""sehepunkte 2017 03 toc"""
cases/dancing-plague/sources/context/sehepunkte_search_rohmann.html,dancing-plague,"article, excerpt, catalogue or web page still in copyright","article, excerpt, catalogue or web page still in copyright","no URL recorded; the file name gives the source: ""sehepunkte search rohmann"""
cases/dancing-plague/sources/context/sehepunkte_search_rohmann.md,dancing-plague,"article, excerpt, catalogue or web page still in copyright","article, excerpt, catalogue or web page still in copyright","no URL recorded; the file name gives the source: ""sehepunkte search rohmann"""
cases/dancing-plague/sources/context/unesco_echternach_hopping_procession.html,dancing-plague,"article, excerpt, catalogue or web page still in copyright","article, excerpt, catalogue or web page still in copyright",https://ich.unesco.org/en/RL/hopping-procession-of-echternach-00392
cases/dancing-plague/sources/context/unesco_echternach_hopping_procession.md,dancing-plague,"article, excerpt, catalogue or web page still in copyright","article, excerpt, catalogue or web page still in copyright",https://ich.unesco.org/en/RL/hopping-procession-of-echternach-00392
cases/dancing-plague/sources/context/vr_elibrary_tanzwut_toc.html,dancing-plague,"article, excerpt, catalogue or web page still in copyright","article, excerpt, catalogue or web page still in copyright",https://www.vandenhoeck-ruprecht-verlage.com/
cases/dancing-plague/sources/context/vr_elibrary_tanzwut_toc.md,dancing-plague,"article, excerpt, catalogue or web page still in copyright","article, excerpt, catalogue or web page still in copyright",https://www.vandenhoeck-ruprecht-verlage.com/
cases/dancing-plague/sources/context/vr_verlag_tanzwut_page.html,dancing-plague,"article, excerpt, catalogue or web page still in copyright","article, excerpt, catalogue or web page still in copyright",https://www.vandenhoeck-ruprecht-verlage.com/
cases/dancing-plague/sources/context/vr_verlag_tanzwut_page.md,dancing-plague,"article, excerpt, catalogue or web page still in copyright","article, excerpt, catalogue or web page still in copyright",https://www.vandenhoeck-ruprecht-verlage.com/
cases/dancing-plague/sources/context/zeno_wander1867_veit.html,dancing-plague,"article, excerpt, catalogue or web page still in copyright","article, excerpt, catalogue or web page still in copyright","no URL recorded; the file name gives the source: ""zeno wander1867 veit"""
cases/dancing-plague/sources/context/zeno_wander1867_veit.md,dancing-plague,"article, excerpt, catalogue or web page still in copyright","article, excerpt, catalogue or web page still in copyright","no URL recorded; the file name gives the source: ""zeno wander1867 veit"""
cases/dancing-plague/sources/context/zeno_wander1867_veitstanz.html,dancing-plague,"article, excerpt, catalogue or web page still in copyright","article, excerpt, catalogue or web page still in copyright","no URL recorded; the file name gives the source: ""zeno wander1867 veitstanz"""
cases/dancing-plague/sources/context/zeno_wander1867_veitstanz.md,dancing-plague,"article, excerpt, catalogue or web page still in copyright","article, excerpt, catalogue or web page still in copyright","no URL recorded; the file name gives the source: ""zeno wander1867 veitstanz"""
cases/dancing-plague/sources/expo2018/dossier_de_presse_fievre_de_la_danse_2018.pdf,dancing-plague,"article, book, press kit or excerpt still in copyright","article, book, press kit or excerpt still in copyright",https://histoiresduniversites.wordpress.com/wp-content/uploads/2018/11/fic3a8vre-de-la-danse.pdf
cases/dancing-plague/sources/expo2018/dossier_de_presse_fievre_de_la_danse_2018.txt,dancing-plague,"article, book, press kit or excerpt still in copyright","article, book, press kit or excerpt still in copyright",https://histoiresduniversites.wordpress.com/wp-content/uploads/2018/11/fic3a8vre-de-la-danse.pdf
cases/dancing-plague/sources/expo2018/dossier_enseignant_1518.pdf,dancing-plague,"article, book, press kit or excerpt still in copyright","article, book, press kit or excerpt still in copyright","no URL recorded; the file name gives the source: ""dossier enseignant 1518"""
cases/dancing-plague/sources/expo2018/dossier_enseignant_1518.txt,dancing-plague,"article, book, press kit or excerpt still in copyright","article, book, press kit or excerpt still in copyright","no URL recorded; the file name gives the source: ""dossier enseignant 1518"""
cases/dancing-plague/sources/expo2018/hathitrust_gebwiler_stenzel_blocked_page.html,dancing-plague,"article, book, press kit or excerpt still in copyright","article, book, press kit or excerpt still in copyright","no URL recorded; the file name gives the source: ""hathitrust gebwiler stenzel blocked page"""
cases/dancing-plague/sources/expo2018/mythische_orte_tanzwut.txt,dancing-plague,"article, book, press kit or excerpt still in copyright","article, book, press kit or excerpt still in copyright","no URL recorded; the file name gives the source: ""mythische orte tanzwut"""
cases/dancing-plague/sources/medical/fulltext/Barger1931_Ergot_and_Ergotism_BIUSante_djvu.txt,dancing-plague,"Barger, Ergot and Ergotism (1931), still in copyright in the United States","Barger, Ergot and Ergotism (1931), still in copyright in the United States","no URL recorded; the file name gives the source: ""Barger1931 Ergot and Ergotism BIUSante djvu"""
cases/dancing-plague/sources/medical/fulltext/Bartholomew2000_SkepticalInquirer.txt,dancing-plague,article still in copyright,article still in copyright,"no URL recorded; the file name gives the source: ""Bartholomew2000 SkepticalInquirer"""
cases/dancing-plague/sources/medical/fulltext/Gabbai1951_BMJ_PontStEsprit.txt,dancing-plague,article still in copyright,article still in copyright,"no URL recorded; the file name gives the source: ""Gabbai1951 BMJ PontStEsprit"""
cases/dancing-plague/sources/medical/fulltext/HolzwartSchaefer2000_Getreideanbau_Elsass_Strassburg.txt,dancing-plague,thesis still in copyright,thesis still in copyright,https://publikationen.uni-tuebingen.de/xmlui/handle/10900/47146
cases/dancing-plague/sources/medical/fulltext/PMC10300494.txt,dancing-plague,journal article from PubMed Central,"journal article from PubMed Central; licence not verified, so treated as in copyright",PubMed Central: https://www.ncbi.nlm.nih.gov/pmc/articles/PMC10300494/
cases/dancing-plague/sources/medical/fulltext/PMC10387241.txt,dancing-plague,journal article from PubMed Central,"journal article from PubMed Central; licence not verified, so treated as in copyright",PubMed Central: https://www.ncbi.nlm.nih.gov/pmc/articles/PMC10387241/
cases/dancing-plague/sources/medical/fulltext/PMC10467117.txt,dancing-plague,journal article from PubMed Central,"journal article from PubMed Central; licence not verified, so treated as in copyright",PubMed Central: https://www.ncbi.nlm.nih.gov/pmc/articles/PMC10467117/
cases/dancing-plague/sources/medical/fulltext/PMC10609535.txt,dancing-plague,journal article from PubMed Central,"journal article from PubMed Central; licence not verified, so treated as in copyright",PubMed Central: https://www.ncbi.nlm.nih.gov/pmc/articles/PMC10609535/
cases/dancing-plague/sources/medical/fulltext/PMC10834577.txt,dancing-plague,journal article from PubMed Central,"journal article from PubMed Central; licence not verified, so treated as in copyright",PubMed Central: https://www.ncbi.nlm.nih.gov/pmc/articles/PMC10834577/
cases/dancing-plague/sources/medical/fulltext/PMC11202928.txt,dancing-plague,journal article from PubMed Central,"journal article from PubMed Central; licence not verified, so treated as in copyright",PubMed Central: https://www.ncbi.nlm.nih.gov/pmc/articles/PMC11202928/
cases/dancing-plague/sources/medical/fulltext/PMC12630018.txt,dancing-plague,journal article from PubMed Central,"journal article from PubMed Central; licence not verified, so treated as in copyright",PubMed Central: https://www.ncbi.nlm.nih.gov/pmc/articles/PMC12630018/
cases/dancing-plague/sources/medical/fulltext/PMC13039774.txt,dancing-plague,journal article from PubMed Central,"journal article from PubMed Central; licence not verified, so treated as in copyright",PubMed Central: https://www.ncbi.nlm.nih.gov/pmc/articles/PMC13039774/
cases/dancing-plague/sources/medical/fulltext/PMC4379517.txt,dancing-plague,journal article from PubMed Central,"journal article from PubMed Central; licence not verified, so treated as in copyright",PubMed Central: https://www.ncbi.nlm.nih.gov/pmc/articles/PMC4379517/
cases/dancing-plague/sources/medical/fulltext/PMC4454991.txt,dancing-plague,journal article from PubMed Central,"journal article from PubMed Central; licence not verified, so treated as in copyright",PubMed Central: https://www.ncbi.nlm.nih.gov/pmc/articles/PMC4454991/
cases/dancing-plague/sources/medical/fulltext/PMC5117086.txt,dancing-plague,journal article from PubMed Central,"journal article from PubMed Central; licence not verified, so treated as in copyright",PubMed Central: https://www.ncbi.nlm.nih.gov/pmc/articles/PMC5117086/
cases/dancing-plague/sources/medical/fulltext/PMC5992463.txt,dancing-plague,journal article from PubMed Central,"journal article from PubMed Central; licence not verified, so treated as in copyright",PubMed Central: https://www.ncbi.nlm.nih.gov/pmc/articles/PMC5992463/
cases/dancing-plague/sources/medical/fulltext/PMC6356045.txt,dancing-plague,journal article from PubMed Central,"journal article from PubMed Central; licence not verified, so treated as in copyright",PubMed Central: https://www.ncbi.nlm.nih.gov/pmc/articles/PMC6356045/
cases/dancing-plague/sources/medical/fulltext/PMC6780610.txt,dancing-plague,journal article from PubMed Central,"journal article from PubMed Central; licence not verified, so treated as in copyright",PubMed Central: https://www.ncbi.nlm.nih.gov/pmc/articles/PMC6780610/
cases/dancing-plague/sources/medical/fulltext/PMC7396040.txt,dancing-plague,journal article from PubMed Central,"journal article from PubMed Central; licence not verified, so treated as in copyright",PubMed Central: https://www.ncbi.nlm.nih.gov/pmc/articles/PMC7396040/
cases/dancing-plague/sources/medical/fulltext/PMC7704439.txt,dancing-plague,journal article from PubMed Central,"journal article from PubMed Central; licence not verified, so treated as in copyright",PubMed Central: https://www.ncbi.nlm.nih.gov/pmc/articles/PMC7704439/
cases/dancing-plague/sources/medical/fulltext/PMC7975928.txt,dancing-plague,journal article from PubMed Central,"journal article from PubMed Central; licence not verified, so treated as in copyright",PubMed Central: https://www.ncbi.nlm.nih.gov/pmc/articles/PMC7975928/
cases/dancing-plague/sources/medical/fulltext/PMC8639927.txt,dancing-plague,journal article from PubMed Central,"journal article from PubMed Central; licence not verified, so treated as in copyright",PubMed Central: https://www.ncbi.nlm.nih.gov/pmc/articles/PMC8639927/
cases/dancing-plague/sources/medical/fulltext/PMC9309505.txt,dancing-plague,journal article from PubMed Central,"journal article from PubMed Central; licence not verified, so treated as in copyright",PubMed Central: https://www.ncbi.nlm.nih.gov/pmc/articles/PMC9309505/
cases/dancing-plague/sources/medical/fulltext/PubMed_abstracts_collected.md,dancing-plague,article still in copyright,article still in copyright,"no URL recorded; the file name gives the source: ""PubMed abstracts collected"""
cases/dancing-plague/sources/medical/fulltext/Urga2002_Arsi_ergotism.txt,dancing-plague,article still in copyright,article still in copyright,"no URL recorded; the file name gives the source: ""Urga2002 Arsi ergotism"""
cases/dancing-plague/sources/medical/fulltext/WHO_EMRO_EpiMonitor_2012_MPI_Afghanistan.txt,dancing-plague,article still in copyright,article still in copyright,"no URL recorded; the file name gives the source: ""WHO EMRO EpiMonitor 2012 MPI Afghanistan"""
cases/dancing-plague/sources/medical/fulltext/Waller2009_BPS_Psychologist_DancingPlagues.txt,dancing-plague,article still in copyright,article still in copyright,"no URL recorded; the file name gives the source: ""Waller2009 BPS Psychologist DancingPlagues"""
cases/dancing-plague/sources/medical/pdf/Bartholomew2000_SkepticalInquirer_RethinkingDancingMania.pdf,dancing-plague,article still in copyright,article still in copyright,"no URL recorded; the file name gives the source: ""Bartholomew2000 SkepticalInquirer RethinkingDancingMania"""
cases/dancing-plague/sources/medical/pdf/Gabbai1951_BMJ_PontStEsprit.pdf,dancing-plague,article still in copyright,article still in copyright,"no URL recorded; the file name gives the source: ""Gabbai1951 BMJ PontStEsprit"""
cases/dancing-plague/sources/medical/pdf/Urga2002_EthiopJHealthDev_Arsi_ergotism.pdf,dancing-plague,article still in copyright,article still in copyright,"no URL recorded; the file name gives the source: ""Urga2002 EthiopJHealthDev Arsi ergotism"""
cases/dancing-plague/sources/medical/pdf/WHO_EMRO_EpiMonitor_2012_MPI_Afghanistan.pdf,dancing-plague,article still in copyright,article still in copyright,"no URL recorded; the file name gives the source: ""WHO EMRO EpiMonitor 2012 MPI Afghanistan"""
cases/dancing-plague/sources/midelfort-a2/midelfort_history_of_madness_archiveorg_2022scan_djvu.txt,dancing-plague,"article, book, press kit or excerpt still in copyright","article, book, press kit or excerpt still in copyright",https://archive.org/details/h.-c.-erik-midelfort-a-history-of-madness-in-sixteenth-century-germany-2022-stan
cases/dancing-plague/sources/miller2017/Miller_2017_DanceResearch_wayback.html,dancing-plague,"article, book, press kit or excerpt still in copyright","article, book, press kit or excerpt still in copyright",https://www.euppublishing.com/doi/full/10.3366/drs.2017.0199
cases/dancing-plague/sources/miller2017/Miller_2017_DanceResearch_wayback.txt,dancing-plague,"article, book, press kit or excerpt still in copyright","article, book, press kit or excerpt still in copyright",https://www.euppublishing.com/doi/full/10.3366/drs.2017.0199
cases/dancing-plague/sources/misc/B_pubmed_abstracts_2026-09-14.txt,dancing-plague,"article, book, press kit or excerpt still in copyright","article, book, press kit or excerpt still in copyright","no URL recorded; the file name gives the source: ""B pubmed abstracts 2026 09 14"""
cases/dancing-plague/sources/misc/dossier_enseignant_1518.pdf,dancing-plague,"article, book, press kit or excerpt still in copyright","article, book, press kit or excerpt still in copyright","no URL recorded; the file name gives the source: ""dossier enseignant 1518"""
cases/dancing-plague/sources/misc/dossier_enseignant_1518.txt,dancing-plague,"article, book, press kit or excerpt still in copyright","article, book, press kit or excerpt still in copyright","no URL recorded; the file name gives the source: ""dossier enseignant 1518"""
cases/dancing-plague/sources/misc/fievre_danse_dossier.pdf,dancing-plague,"article, book, press kit or excerpt still in copyright","article, book, press kit or excerpt still in copyright","no URL recorded; the file name gives the source: ""fievre danse dossier"""
cases/dancing-plague/sources/misc/fievre_danse_dossier.txt,dancing-plague,"article, book, press kit or excerpt still in copyright","article, book, press kit or excerpt still in copyright","no URL recorded; the file name gives the source: ""fievre danse dossier"""
cases/dancing-plague/sources/openlibrary-snippets/ol_snippets_batch1.json,dancing-plague,"article, book, press kit or excerpt still in copyright","article, book, press kit or excerpt still in copyright","no URL recorded; the file name gives the source: ""ol snippets batch1"""
cases/dancing-plague/sources/openlibrary-snippets/ol_snippets_batch2.json,dancing-plague,"article, book, press kit or excerpt still in copyright","article, book, press kit or excerpt still in copyright","no URL recorded; the file name gives the source: ""ol snippets batch2"""
cases/dancing-plague/sources/openlibrary-snippets/ol_snippets_batch3.json,dancing-plague,"article, book, press kit or excerpt still in copyright","article, book, press kit or excerpt still in copyright","no URL recorded; the file name gives the source: ""ol snippets batch3"""
cases/dancing-plague/sources/openlibrary-snippets/ol_snippets_batch4.json,dancing-plague,"article, book, press kit or excerpt still in copyright","article, book, press kit or excerpt still in copyright","no URL recorded; the file name gives the source: ""ol snippets batch4"""
cases/dancing-plague/sources/paracelsus-huser-theo/huser_HC_236a.html,dancing-plague,pages copied from a digital edition website of the Huser Paracelsus edition,pages copied from a digital edition website of the Huser Paracelsus edition; the 1589-1591 text is public domain but the edition site is not,"Theophrastus Paracelsus, Huser edition (digital edition website; the page id is in the file name)"
cases/dancing-plague/sources/paracelsus-huser-theo/huser_HE1_267.html,dancing-plague,pages copied from a digital edition website of the Huser Paracelsus edition,pages copied from a digital edition website of the Huser Paracelsus edition; the 1589-1591 text is public domain but the edition site is not,"Theophrastus Paracelsus, Huser edition (digital edition website; the page id is in the file name)"
cases/dancing-plague/sources/paracelsus-huser-theo/huser_HE2_164.html,dancing-plague,pages copied from a digital edition website of the Huser Paracelsus edition,pages copied from a digital edition website of the Huser Paracelsus edition; the 1589-1591 text is public domain but the edition site is not,"Theophrastus Paracelsus, Huser edition (digital edition website; the page id is in the file name)"
cases/dancing-plague/sources/paracelsus-huser-theo/huser_HE4_051_shift0.html,dancing-plague,pages copied from a digital edition website of the Huser Paracelsus edition,pages copied from a digital edition website of the Huser Paracelsus edition; the 1589-1591 text is public domain but the edition site is not,"Theophrastus Paracelsus, Huser edition (digital edition website; the page id is in the file name)"
cases/dancing-plague/sources/paracelsus-huser-theo/huser_HE4_051_shift1.html,dancing-plague,pages copied from a digital edition website of the Huser Paracelsus edition,pages copied from a digital edition website of the Huser Paracelsus edition; the 1589-1591 text is public domain but the edition site is not,"Theophrastus Paracelsus, Huser edition (digital edition website; the page id is in the file name)"
cases/dancing-plague/sources/paracelsus-huser-theo/huser_HE4_051_shift2.html,dancing-plague,pages copied from a digital edition website of the Huser Paracelsus edition,pages copied from a digital edition website of the Huser Paracelsus edition; the 1589-1591 text is public domain but the edition site is not,"Theophrastus Paracelsus, Huser edition (digital edition website; the page id is in the file name)"
cases/dancing-plague/sources/paracelsus-huser-theo/huser_HE4_051_shift3.html,dancing-plague,pages copied from a digital edition website of the Huser Paracelsus edition,pages copied from a digital edition website of the Huser Paracelsus edition; the 1589-1591 text is public domain but the edition site is not,"Theophrastus Paracelsus, Huser edition (digital edition website; the page id is in the file name)"
cases/dancing-plague/sources/paracelsus-huser-theo/huser_HE4_051_shift4.html,dancing-plague,pages copied from a digital edition website of the Huser Paracelsus edition,pages copied from a digital edition website of the Huser Paracelsus edition; the 1589-1591 text is public domain but the edition site is not,"Theophrastus Paracelsus, Huser edition (digital edition website; the page id is in the file name)"
cases/dancing-plague/sources/paracelsus-huser-theo/huser_HE4_079_shift0.html,dancing-plague,pages copied from a digital edition website of the Huser Paracelsus edition,pages copied from a digital edition website of the Huser Paracelsus edition; the 1589-1591 text is public domain but the edition site is not,"Theophrastus Paracelsus, Huser edition (digital edition website; the page id is in the file name)"
cases/dancing-plague/sources/paracelsus-huser-theo/huser_HE4_079_shift1.html,dancing-plague,pages copied from a digital edition website of the Huser Paracelsus edition,pages copied from a digital edition website of the Huser Paracelsus edition; the 1589-1591 text is public domain but the edition site is not,"Theophrastus Paracelsus, Huser edition (digital edition website; the page id is in the file name)"
cases/dancing-plague/sources/paracelsus-huser-theo/huser_HE4_079_shift2.html,dancing-plague,pages copied from a digital edition website of the Huser Paracelsus edition,pages copied from a digital edition website of the Huser Paracelsus edition; the 1589-1591 text is public domain but the edition site is not,"Theophrastus Paracelsus, Huser edition (digital edition website; the page id is in the file name)"
cases/dancing-plague/sources/paracelsus-huser-theo/huser_HE4_079_shift3.html,dancing-plague,pages copied from a digital edition website of the Huser Paracelsus edition,pages copied from a digital edition website of the Huser Paracelsus edition; the 1589-1591 text is public domain but the edition site is not,"Theophrastus Paracelsus, Huser edition (digital edition website; the page id is in the file name)"
cases/dancing-plague/sources/paracelsus-huser-theo/theo_HE01_263_s0.html,dancing-plague,pages copied from a digital edition website of the Huser Paracelsus edition,pages copied from a digital edition website of the Huser Paracelsus edition; the 1589-1591 text is public domain but the edition site is not,"Theophrastus Paracelsus, Huser edition (digital edition website; the page id is in the file name)"
cases/dancing-plague/sources/paracelsus-huser-theo/theo_HE01_263_s1.html,dancing-plague,pages copied from a digital edition website of the Huser Paracelsus edition,pages copied from a digital edition website of the Huser Paracelsus edition; the 1589-1591 text is public domain but the edition site is not,"Theophrastus Paracelsus, Huser edition (digital edition website; the page id is in the file name)"
cases/dancing-plague/sources/paracelsus-huser-theo/theo_HE01_263_s2.html,dancing-plague,pages copied from a digital edition website of the Huser Paracelsus edition,pages copied from a digital edition website of the Huser Paracelsus edition; the 1589-1591 text is public domain but the edition site is not,"Theophrastus Paracelsus, Huser edition (digital edition website; the page id is in the file name)"
cases/dancing-plague/sources/paracelsus-huser-theo/theo_troffea.html,dancing-plague,pages copied from a digital edition website of the Huser Paracelsus edition,pages copied from a digital edition website of the Huser Paracelsus edition; the 1589-1591 text is public domain but the edition site is not,"Theophrastus Paracelsus, Huser edition (digital edition website; the page id is in the file name)"
cases/dancing-plague/sources/press/DiscoveryNews_2008-08-01_Viegas_wayback.html,dancing-plague,"article, book, press kit or excerpt still in copyright","article, book, press kit or excerpt still in copyright",http://dsc.discovery.com/news/2008/08/01/dancing-death-mystery.html
cases/dancing-plague/sources/press/DiscoveryNews_2008-08-01_Viegas_wayback.txt,dancing-plague,"article, book, press kit or excerpt still in copyright","article, book, press kit or excerpt still in copyright",http://dsc.discovery.com/news/2008/08/01/dancing-death-mystery.html
cases/dancing-plague/sources/press/Rue89Strasbourg_2018-10-18_Ruhlmann_143726.html,dancing-plague,"article, book, press kit or excerpt still in copyright","article, book, press kit or excerpt still in copyright",https://www.rue89strasbourg.com/strasbourg-epidemie-de-danse-de-1518-143726
cases/dancing-plague/sources/press/Rue89Strasbourg_2018-10-18_Ruhlmann_143726.txt,dancing-plague,"article, book, press kit or excerpt still in copyright","article, book, press kit or excerpt still in copyright",https://www.rue89strasbourg.com/strasbourg-epidemie-de-danse-de-1518-143726
cases/dancing-plague/sources/press/Rue89Strasbourg_2018_Teule_131064.html,dancing-plague,"article, book, press kit or excerpt still in copyright","article, book, press kit or excerpt still in copyright",https://www.rue89strasbourg.com/1518-strasbourg-transe-danse-collective-131064
cases/dancing-plague/sources/press/Rue89Strasbourg_2018_Teule_131064.txt,dancing-plague,"article, book, press kit or excerpt still in copyright","article, book, press kit or excerpt still in copyright",https://www.rue89strasbourg.com/1518-strasbourg-transe-danse-collective-131064
cases/dancing-plague/sources/rohmann/Rohmann_2018_Tanz_als_Krankheit_DasMittelalter.pdf,dancing-plague,"article, book, press kit or excerpt still in copyright","article, book, press kit or excerpt still in copyright","no URL recorded; the file name gives the source: ""Rohmann 2018 Tanz als Krankheit DasMittelalter"""
cases/dancing-plague/sources/rohmann/Rohmann_Tanzwallfahrten_Oberrhein_BLB.pdf,dancing-plague,"article, book, press kit or excerpt still in copyright","article, book, press kit or excerpt still in copyright",https://doi.org/10.57962/regionalia-20237
cases/dancing-plague/sources/rohmann/Rohmann_Tanzwallfahrten_Oberrhein_BLB.txt,dancing-plague,"article, book, press kit or excerpt still in copyright","article, book, press kit or excerpt still in copyright",https://doi.org/10.57962/regionalia-20237
cases/dancing-plague/sources/strasbourg2018/Dossier_enseignant_1518.pdf,dancing-plague,"article, book, press kit or excerpt still in copyright","article, book, press kit or excerpt still in copyright","no URL recorded; the file name gives the source: ""Dossier enseignant 1518"""
cases/dancing-plague/sources/strasbourg2018/Dossier_enseignant_1518.txt,dancing-plague,"article, book, press kit or excerpt still in copyright","article, book, press kit or excerpt still in copyright","no URL recorded; the file name gives the source: ""Dossier enseignant 1518"""
cases/dancing-plague/sources/strasbourg2018/fievre-de-la-danse_presskit.pdf,dancing-plague,"article, book, press kit or excerpt still in copyright","article, book, press kit or excerpt still in copyright",https://histoiresduniversites.wordpress.com/wp-content/uploads/2018/11/fic3a8vre-de-la-danse.pdf
cases/dancing-plague/sources/strasbourg2018/fievre-de-la-danse_presskit.txt,dancing-plague,"article, book, press kit or excerpt still in copyright","article, book, press kit or excerpt still in copyright",https://histoiresduniversites.wordpress.com/wp-content/uploads/2018/11/fic3a8vre-de-la-danse.pdf
cases/dancing-plague/sources/waller/Waller_2008_Endeavour_In_a_spin.txt,dancing-plague,"article, book, press kit or excerpt still in copyright","article, book, press kit or excerpt still in copyright",https://sarabethbuckley.wordpress.com/wp-content/uploads/2014/11/in-a-spin-the-mysterious-dancing-epidemic-of-1518.pdf
cases/dancing-plague/sources/waller/Waller_2008_Endeavour_In_a_spin_copy_sarabethbuckley.pdf,dancing-plague,"article, book, press kit or excerpt still in copyright","article, book, press kit or excerpt still in copyright",https://sarabethbuckley.wordpress.com/wp-content/uploads/2014/11/in-a-spin-the-mysterious-dancing-epidemic-of-1518.pdf
cases/dancing-plague/sources/waller/Waller_2009_Lancet_wayback.html,dancing-plague,"article, book, press kit or excerpt still in copyright","article, book, press kit or excerpt still in copyright",http://www.thelancet.com/journals/lancet/article/PIIS0140-6736(09
cases/dancing-plague/sources/waller/Waller_2009_Lancet_wayback.txt,dancing-plague,"article, book, press kit or excerpt still in copyright","article, book, press kit or excerpt still in copyright",http://www.thelancet.com/journals/lancet/article/PIIS0140-6736(09
cases/dancing-plague/sources/waller/Waller_2009_Psychologist_wayback.html,dancing-plague,"article, book, press kit or excerpt still in copyright","article, book, press kit or excerpt still in copyright",https://thepsychologist.bps.org.uk/volume-22/edition-7/looking-back-dancing-plagues-and-mass-hysteria
cases/dancing-plague/sources/waller/Waller_2009_Psychologist_wayback.txt,dancing-plague,"article, book, press kit or excerpt still in copyright","article, book, press kit or excerpt still in copyright",https://thepsychologist.bps.org.uk/volume-22/edition-7/looking-back-dancing-plagues-and-mass-hysteria
cases/double-falsehood/sources/documents/Alotaibi_2016_Liverpool_thesis.pdf,double-falsehood,"PhD thesis (Liverpool 2016), still in copyright","PhD thesis (Liverpool 2016), still in copyright",https://livrepository.liverpool.ac.uk/2008887/1/AlotaibiNas_July2016_2008887.pdf
cases/double-falsehood/sources/documents/Alotaibi_2016_Liverpool_thesis.txt,double-falsehood,"PhD thesis (Liverpool 2016), still in copyright","PhD thesis (Liverpool 2016), still in copyright",https://livrepository.liverpool.ac.uk/2008887/1/AlotaibiNas_July2016_2008887.pdf
cases/double-falsehood/sources/documents/biographicaldict0004high_djvu.txt,double-falsehood,"Internet Archive lending-library scan biographicaldict0004high (""A biographical dictionary of actors, actresses, musicians, dancers, managers & o"", 1973)","Internet Archive lending-library scan biographicaldict0004high (""A biographical dictionary of actors, actresses, musicians, dancers, managers & o"", 1973); in copyright","Internet Archive item ""A biographical dictionary of actors, actresses, musicians, dancers, managers & other stage"" (1973): https://archive.org/details/biographicaldict0004high"
cases/double-falsehood/sources/documents/bwb_P8-CNY-541_djvu.txt,double-falsehood,"Internet Archive lending-library scan bwb_P8-CNY-541 (""The London Stage, 1660 - 1800, Part 3, 2 Volumes, 1729-1747: A Calendar of Plays"", 1961-12-01)","Internet Archive lending-library scan bwb_P8-CNY-541 (""The London Stage, 1660 - 1800, Part 3, 2 Volumes, 1729-1747: A Calendar of Plays"", 1961-12-01); in copyright","Internet Archive item ""The London Stage, 1660 - 1800, Part 3, 2 Volumes, 1729-1747: A Calendar of Plays, Entertai"" (1961-12-01): https://archive.org/details/bwb_P8-CNY-541"
cases/double-falsehood/sources/documents/londonstage166010000e4e4_djvu.txt,double-falsehood,Internet Archive lending-library scan of a book still in copyright (Chambers 1923,Internet Archive lending-library scan of a book still in copyright (Chambers 1923; Allardyce Nicoll; The London Stage 1660-1800),"no URL recorded; the file name gives the source: ""londonstage166010000e4e4 djvu"""
cases/double-falsehood/sources/documents/londonstage166010000geor_djvu.txt,double-falsehood,"Internet Archive lending-library scan londonstage166010000geor (""the london stage 1660-1800"", 1962)","Internet Archive lending-library scan londonstage166010000geor (""the london stage 1660-1800"", 1962); in copyright","Internet Archive item ""the london stage 1660-1800"" (1962): https://archive.org/details/londonstage166010000geor"
cases/double-falsehood/sources/documents/londonstage166010000hsco_djvu.txt,double-falsehood,"Internet Archive lending-library scan londonstage166010000hsco (""The London Stage 1660-1800 : A Calendar of Plays, Entertainments & Afterpieces, "", 1961-01-01)","Internet Archive lending-library scan londonstage166010000hsco (""The London Stage 1660-1800 : A Calendar of Plays, Entertainments & Afterpieces, "", 1961-01-01); in copyright","Internet Archive item ""The London Stage 1660-1800 : A Calendar of Plays, Entertainments & Afterpieces, Together w"" (1961-01-01): https://archive.org/details/londonstage166010000hsco"
cases/double-falsehood/sources/documents/londonstage166010002unse_m8i0_djvu.txt,double-falsehood,"Internet Archive lending-library scan londonstage166010002unse (""The London stage, 1660-1800","Internet Archive lending-library scan londonstage166010002unse (""The London stage, 1660-1800 ; a critical introduction"", 1968); in copyright","Internet Archive item ""The London stage, 1660-1800 ; a critical introduction"" (1968): https://archive.org/details/londonstage166010002unse"
cases/double-falsehood/sources/documents/lostplays_Cardenio.html,double-falsehood,Lost Plays Database page (CC BY-NC-SA,Lost Plays Database page (CC BY-NC-SA; kept out for consistency with the other web copies),https://lostplays.folger.edu/Cardenio
cases/double-falsehood/sources/scholarship/alotaibi-2016-liverpool-phd-double-falsehood.pdf,double-falsehood,"article, thesis, book chapter, abstract or web page still in copyright","article, thesis, book chapter, abstract or web page still in copyright",https://livrepository.liverpool.ac.uk/2008887/1/AlotaibiNas_July2016_2008887.pdf
cases/double-falsehood/sources/scholarship/alotaibi-2016-liverpool-phd-double-falsehood.txt,double-falsehood,"article, thesis, book chapter, abstract or web page still in copyright","article, thesis, book chapter, abstract or web page still in copyright",https://livrepository.liverpool.ac.uk/2008887/1/AlotaibiNas_July2016_2008887.pdf
cases/double-falsehood/sources/scholarship/boyd-pennebaker-2015-pubmed-abstract.txt,double-falsehood,"article, thesis, book chapter, abstract or web page still in copyright","article, thesis, book chapter, abstract or web page still in copyright",https://eutils.ncbi.nlm.nih.gov/entrez/eutils/efetch.fcgi?db=pubmed&id=25854277&retmode=xml
cases/double-falsehood/sources/scholarship/boyd-pennebaker-2015-pubmed-efetch.xml,double-falsehood,"article, thesis, book chapter, abstract or web page still in copyright","article, thesis, book chapter, abstract or web page still in copyright",https://eutils.ncbi.nlm.nih.gov/entrez/eutils/efetch.fcgi?db=pubmed&id=25854277&retmode=xml
cases/double-falsehood/sources/scholarship/boyd-pubmed.html,double-falsehood,"article, thesis, book chapter, abstract or web page still in copyright","article, thesis, book chapter, abstract or web page still in copyright",https://pubmed.ncbi.nlm.nih.gov/25854277/
cases/double-falsehood/sources/scholarship/elliott-valenza-2010-two-tough-nuts.pdf,double-falsehood,"article, thesis, book chapter, abstract or web page still in copyright","article, thesis, book chapter, abstract or web page still in copyright",https://www1.cmc.edu/pages/faculty/welliott/UTConference/2ToughNuts.pdf
cases/double-falsehood/sources/scholarship/elliott-valenza-2010-two-tough-nuts.txt,double-falsehood,"article, thesis, book chapter, abstract or web page still in copyright","article, thesis, book chapter, abstract or web page still in copyright",https://www1.cmc.edu/pages/faculty/welliott/UTConference/2ToughNuts.pdf
cases/double-falsehood/sources/scholarship/hope-1994-authorship-archiveorg.txt,double-falsehood,"article, thesis, book chapter, abstract or web page still in copyright","article, thesis, book chapter, abstract or web page still in copyright",https://archive.org/download/authorshipofshak00hope/authorshipofshak00hope_djvu.txt
cases/double-falsehood/sources/scholarship/hope-gb-search.html,double-falsehood,"article, thesis, book chapter, abstract or web page still in copyright","article, thesis, book chapter, abstract or web page still in copyright","no URL recorded; the file name gives the source: ""hope gb search"""
cases/double-falsehood/sources/scholarship/lostplays-cardenio.html,double-falsehood,"article, thesis, book chapter, abstract or web page still in copyright","article, thesis, book chapter, abstract or web page still in copyright",https://lostplays.folger.edu/Cardenio
cases/double-falsehood/sources/scholarship/lostplays-cardenio.txt,double-falsehood,"article, thesis, book chapter, abstract or web page still in copyright","article, thesis, book chapter, abstract or web page still in copyright",https://lostplays.folger.edu/Cardenio
cases/double-falsehood/sources/scholarship/muir-1960-shakespeare-as-collaborator.txt,double-falsehood,"article, thesis, book chapter, abstract or web page still in copyright","article, thesis, book chapter, abstract or web page still in copyright",https://archive.org/download/shakespeareascol0000muir/..._djvu.txt
cases/double-falsehood/sources/scholarship/nos-authorship-companion-2017-archiveorg.txt,double-falsehood,"article, thesis, book chapter, abstract or web page still in copyright","article, thesis, book chapter, abstract or web page still in copyright",https://archive.org/download/the-new-oxford-shakespeare-authorship-companion/...%20_djvu.txt
cases/double-falsehood/sources/scholarship/oup-chapter-148738613.html,double-falsehood,"article, thesis, book chapter, abstract or web page still in copyright","article, thesis, book chapter, abstract or web page still in copyright",https://academic.oup.com/book/5674/chapter-abstract/
cases/double-falsehood/sources/scholarship/oup-chapter-148742415.html,double-falsehood,"article, thesis, book chapter, abstract or web page still in copyright","article, thesis, book chapter, abstract or web page still in copyright","no URL recorded; the file name gives the source: ""oup chapter 148742415"""
cases/double-falsehood/sources/scholarship/oup-chapter-148744314.html,double-falsehood,"article, thesis, book chapter, abstract or web page still in copyright","article, thesis, book chapter, abstract or web page still in copyright","no URL recorded; the file name gives the source: ""oup chapter 148744314"""
cases/double-falsehood/sources/scholarship/oup-chapter-148745903.html,double-falsehood,"article, thesis, book chapter, abstract or web page still in copyright","article, thesis, book chapter, abstract or web page still in copyright","no URL recorded; the file name gives the source: ""oup chapter 148745903"""
cases/double-falsehood/sources/scholarship/oup-chapter-148755564.html,double-falsehood,"article, thesis, book chapter, abstract or web page still in copyright","article, thesis, book chapter, abstract or web page still in copyright","no URL recorded; the file name gives the source: ""oup chapter 148755564"""
cases/double-falsehood/sources/scholarship/oup-chapter-148761037.html,double-falsehood,"article, thesis, book chapter, abstract or web page still in copyright","article, thesis, book chapter, abstract or web page still in copyright","no URL recorded; the file name gives the source: ""oup chapter 148761037"""
cases/double-falsehood/sources/scholarship/oxfordian-2009-auditing-claremont.pdf,double-falsehood,"article, thesis, book chapter, abstract or web page still in copyright","article, thesis, book chapter, abstract or web page still in copyright","no URL recorded; the file name gives the source: ""oxfordian 2009 auditing claremont"""
cases/double-falsehood/sources/scholarship/oxfordian-2009-auditing-claremont.txt,double-falsehood,"article, thesis, book chapter, abstract or web page still in copyright","article, thesis, book chapter, abstract or web page still in copyright","no URL recorded; the file name gives the source: ""oxfordian 2009 auditing claremont"""
cases/double-falsehood/sources/scholarship/pabon-cardenio-cervantes-shakespeare-fletcher.pdf,double-falsehood,"article, thesis, book chapter, abstract or web page still in copyright","article, thesis, book chapter, abstract or web page still in copyright",https://cvc.cervantes.es/literatura/cervantistas/congresos/cg_II/cg_II_33.pdf
cases/double-falsehood/sources/scholarship/pabon-cardenio-cervantes-shakespeare-fletcher.txt,double-falsehood,"article, thesis, book chapter, abstract or web page still in copyright","article, thesis, book chapter, abstract or web page still in copyright",https://cvc.cervantes.es/literatura/cervantistas/congresos/cg_II/cg_II_33.pdf
cases/double-falsehood/sources/scholarship/probe-academic_oup_com_nq_article_abstract_68_2_184_6288889.html,double-falsehood,"article, thesis, book chapter, abstract or web page still in copyright","article, thesis, book chapter, abstract or web page still in copyright","no URL recorded; the file name gives the source: ""probe academic oup com nq article abstract 68 2 184 6288889"""
cases/double-falsehood/sources/scholarship/probe-oro_open_ac_uk_31057_.html,double-falsehood,"article, thesis, book chapter, abstract or web page still in copyright","article, thesis, book chapter, abstract or web page still in copyright",https://oro.open.ac.uk/31057/
cases/double-falsehood/sources/scholarship/probe-wrap_warwick_ac_uk_44199_.html,double-falsehood,"article, thesis, book chapter, abstract or web page still in copyright","article, thesis, book chapter, abstract or web page still in copyright",https://wrap.warwick.ac.uk/44199/
cases/double-falsehood/sources/scholarship/renref-review-quest-for-cardenio.pdf,double-falsehood,"article, thesis, book chapter, abstract or web page still in copyright","article, thesis, book chapter, abstract or web page still in copyright",https://jps.library.utoronto.ca/index.php/renref/article/download/26381/19568/59314
cases/double-falsehood/sources/scholarship/renref-review-quest-for-cardenio.txt,double-falsehood,"article, thesis, book chapter, abstract or web page still in copyright","article, thesis, book chapter, abstract or web page still in copyright",https://jps.library.utoronto.ca/index.php/renref/article/download/26381/19568/59314
cases/double-falsehood/sources/scholarship/springer-bourus-taylor-2013-book.html,double-falsehood,"article, thesis, book chapter, abstract or web page still in copyright","article, thesis, book chapter, abstract or web page still in copyright",https://link.springer.com/book/10.1007/978-3-319-46514-2
cases/double-falsehood/sources/scholarship/springer-payne-2016-book.html,double-falsehood,"article, thesis, book chapter, abstract or web page still in copyright","article, thesis, book chapter, abstract or web page still in copyright",https://link.springer.com/book/10.1007/978-3-319-46514-2
cases/double-falsehood/sources/scholarship/taylor-2016-fake-shakespeare-jems5.pdf,double-falsehood,"article, thesis, book chapter, abstract or web page still in copyright","article, thesis, book chapter, abstract or web page still in copyright",https://oajournals.fupress.net/index.php/bsfm-jems/article/download/7067/7065/6944
cases/double-falsehood/sources/scholarship/taylor-2016-fake-shakespeare-jems5.txt,double-falsehood,"article, thesis, book chapter, abstract or web page still in copyright","article, thesis, book chapter, abstract or web page still in copyright",https://oajournals.fupress.net/index.php/bsfm-jems/article/download/7067/7065/6944
cases/double-falsehood/sources/scholarship/unige-review-nos-authorship-companion.pdf,double-falsehood,"article, thesis, book chapter, abstract or web page still in copyright","article, thesis, book chapter, abstract or web page still in copyright",https://access.archive-ouverte.unige.ch/access/metadata/3aac3d85-8e8e-4c59-8844-55a31682f7b5/download
cases/double-falsehood/sources/scholarship/unige-review-nos-authorship-companion.txt,double-falsehood,"article, thesis, book chapter, abstract or web page still in copyright","article, thesis, book chapter, abstract or web page still in copyright",https://access.archive-ouverte.unige.ch/access/metadata/3aac3d85-8e8e-4c59-8844-55a31682f7b5/download
cases/double-falsehood/sources/scholarship/web/britannica-double-falsehood.html,double-falsehood,"article, thesis, book chapter, abstract or web page still in copyright","article, thesis, book chapter, abstract or web page still in copyright",https://www.britannica.com/topic/Double-Falsehood
cases/double-falsehood/sources/scholarship/web/britannica-double-falsehood.txt,double-falsehood,"article, thesis, book chapter, abstract or web page still in copyright","article, thesis, book chapter, abstract or web page still in copyright",https://www.britannica.com/topic/Double-Falsehood
cases/double-falsehood/sources/scholarship/web/cambridge-freehafer-1969-abstract.html,double-falsehood,"article, thesis, book chapter, abstract or web page still in copyright","article, thesis, book chapter, abstract or web page still in copyright",https://www.cambridge.org/core/journals/pmla/article/abs/cardenio-by-shakespeare-and-fletcher/ADB9FA83C08E8BE7B42142BB3EBB654B
cases/double-falsehood/sources/scholarship/web/cambridge-freehafer-1969-abstract.txt,double-falsehood,"article, thesis, book chapter, abstract or web page still in copyright","article, thesis, book chapter, abstract or web page still in copyright",https://www.cambridge.org/core/journals/pmla/article/abs/cardenio-by-shakespeare-and-fletcher/ADB9FA83C08E8BE7B42142BB3EBB654B
cases/double-falsehood/sources/scholarship/web/cambridge-hammond-2014-abstract.html,double-falsehood,"article, thesis, book chapter, abstract or web page still in copyright","article, thesis, book chapter, abstract or web page still in copyright",https://www.cambridge.org/core/books/abs/shakespeare-survey/double-falsehood-the-forgery-hypothesis-the-charles-dickson-enigma-and-a-stern-rejoinder/956D5D334DA06D7FB3BA7076274164F1
cases/double-falsehood/sources/scholarship/web/cambridge-hammond-2014-abstract.txt,double-falsehood,"article, thesis, book chapter, abstract or web page still in copyright","article, thesis, book chapter, abstract or web page still in copyright",https://www.cambridge.org/core/books/abs/shakespeare-survey/double-falsehood-the-forgery-hypothesis-the-charles-dickson-enigma-and-a-stern-rejoinder/956D5D334DA06D7FB3BA7076274164F1
cases/double-falsehood/sources/scholarship/web/cambridge-kukowski-1991-abstract.html,double-falsehood,"article, thesis, book chapter, abstract or web page still in copyright","article, thesis, book chapter, abstract or web page still in copyright",https://www.cambridge.org/core/books/abs/shakespeare-survey/hand-of-john-fletcher-in-double-falsehood/548BEC40D1311D728FAB933DF4F4C77B
cases/double-falsehood/sources/scholarship/web/cambridge-kukowski-1991-abstract.txt,double-falsehood,"article, thesis, book chapter, abstract or web page still in copyright","article, thesis, book chapter, abstract or web page still in copyright",https://www.cambridge.org/core/books/abs/shakespeare-survey/hand-of-john-fletcher-in-double-falsehood/548BEC40D1311D728FAB933DF4F4C77B
cases/double-falsehood/sources/scholarship/web/cambridge-pujante-1998-abstract.html,double-falsehood,"article, thesis, book chapter, abstract or web page still in copyright","article, thesis, book chapter, abstract or web page still in copyright",https://www.cambridge.org/core/books/abs/shakespeare-survey/double-falsehood-and-the-verbal-parallels-with-sheltons-don-quixote/6E194E907F9CC14AB49B1B2F14E75817
cases/double-falsehood/sources/scholarship/web/cambridge-pujante-1998-abstract.txt,double-falsehood,"article, thesis, book chapter, abstract or web page still in copyright","article, thesis, book chapter, abstract or web page still in copyright",https://www.cambridge.org/core/books/abs/shakespeare-survey/double-falsehood-and-the-verbal-parallels-with-sheltons-don-quixote/6E194E907F9CC14AB49B1B2F14E75817
cases/double-falsehood/sources/scholarship/web/cmc-news-shakespeare-clinic-students.html,double-falsehood,"article, thesis, book chapter, abstract or web page still in copyright","article, thesis, book chapter, abstract or web page still in copyright",https://www.cmc.edu/news/the-shakespeare-clinic-students-to-report-on-latest-findings-in-continuing-authorship-question
cases/double-falsehood/sources/scholarship/web/cmc-news-shakespeare-clinic-students.txt,double-falsehood,"article, thesis, book chapter, abstract or web page still in copyright","article, thesis, book chapter, abstract or web page still in copyright",https://www.cmc.edu/news/the-shakespeare-clinic-students-to-report-on-latest-findings-in-continuing-authorship-question
cases/double-falsehood/sources/scholarship/web/conversation-2015-double-falsehood-neither-true-nor-false.html,double-falsehood,"article, thesis, book chapter, abstract or web page still in copyright","article, thesis, book chapter, abstract or web page still in copyright",https://theconversation.com/shakespeares-double-falsehood-alas-thats-neither-true-nor-false-41509
cases/double-falsehood/sources/scholarship/web/conversation-2015-double-falsehood-neither-true-nor-false.txt,double-falsehood,"article, thesis, book chapter, abstract or web page still in copyright","article, thesis, book chapter, abstract or web page still in copyright",https://theconversation.com/shakespeares-double-falsehood-alas-thats-neither-true-nor-false-41509
cases/double-falsehood/sources/scholarship/web/emls-scotsig.html,double-falsehood,"article, thesis, book chapter, abstract or web page still in copyright","article, thesis, book chapter, abstract or web page still in copyright",https://extra.shu.ac.uk/emls/12-2/scotsig2.htm
cases/double-falsehood/sources/scholarship/web/emls-scotsig.txt,double-falsehood,"article, thesis, book chapter, abstract or web page still in copyright","article, thesis, book chapter, abstract or web page still in copyright",https://extra.shu.ac.uk/emls/12-2/scotsig2.htm
cases/double-falsehood/sources/scholarship/web/hamletweblog-2010-arden-review.html,double-falsehood,"article, thesis, book chapter, abstract or web page still in copyright","article, thesis, book chapter, abstract or web page still in copyright",http://thehamletweblog.blogspot.com/2010/06/double-falsehood-arden-shakespeare.html
cases/double-falsehood/sources/scholarship/web/hamletweblog-2010-arden-review.txt,double-falsehood,"article, thesis, book chapter, abstract or web page still in copyright","article, thesis, book chapter, abstract or web page still in copyright",http://thehamletweblog.blogspot.com/2010/06/double-falsehood-arden-shakespeare.html
cases/double-falsehood/sources/scholarship/web/lmu-munich-miscellany11-double-falsehood.html,double-falsehood,"article, thesis, book chapter, abstract or web page still in copyright","article, thesis, book chapter, abstract or web page still in copyright",https://www.en.shakespeare-bibliothek.anglistik.uni-muenchen.de/miscellany/archive/miscellany11/index.html
cases/double-falsehood/sources/scholarship/web/lmu-munich-miscellany11-double-falsehood.txt,double-falsehood,"article, thesis, book chapter, abstract or web page still in copyright","article, thesis, book chapter, abstract or web page still in copyright",https://www.en.shakespeare-bibliothek.anglistik.uni-muenchen.de/miscellany/archive/miscellany11/index.html
cases/double-falsehood/sources/scholarship/web/london-magazine-looking-for-shakespeare.html,double-falsehood,"article, thesis, book chapter, abstract or web page still in copyright","article, thesis, book chapter, abstract or web page still in copyright",https://thelondonmagazine.org/article/looking-for-shakespeare/
cases/double-falsehood/sources/scholarship/web/london-magazine-looking-for-shakespeare.txt,double-falsehood,"article, thesis, book chapter, abstract or web page still in copyright","article, thesis, book chapter, abstract or web page still in copyright",https://thelondonmagazine.org/article/looking-for-shakespeare/
cases/double-falsehood/sources/scholarship/web/nicholl-2010-lrb-cardenios-ghost.html,double-falsehood,"article, thesis, book chapter, abstract or web page still in copyright","article, thesis, book chapter, abstract or web page still in copyright",https://www.lrb.co.uk/the-paper/v32/n23/charles-nicholl/cardenio-s-ghost
cases/double-falsehood/sources/scholarship/web/nicholl-2010-lrb-cardenios-ghost.txt,double-falsehood,"article, thesis, book chapter, abstract or web page still in copyright","article, thesis, book chapter, abstract or web page still in copyright",https://www.lrb.co.uk/the-paper/v32/n23/charles-nicholl/cardenio-s-ghost
cases/double-falsehood/sources/scholarship/web/nickhern-2011-spotlight-cardenio.html,double-falsehood,"article, thesis, book chapter, abstract or web page still in copyright","article, thesis, book chapter, abstract or web page still in copyright",https://nickhernbooksblog.com/2011/04/28/spotlight-cardenio/
cases/double-falsehood/sources/scholarship/web/nickhern-2011-spotlight-cardenio.txt,double-falsehood,"article, thesis, book chapter, abstract or web page still in copyright","article, thesis, book chapter, abstract or web page still in copyright",https://nickhernbooksblog.com/2011/04/28/spotlight-cardenio/
cases/double-falsehood/sources/scholarship/web/notesinthemargin-2015-psychological-text-analysis.html,double-falsehood,"article, thesis, book chapter, abstract or web page still in copyright","article, thesis, book chapter, abstract or web page still in copyright",https://www.notesinthemargin.org/2015/04/12/psychological-text-analysis/
cases/double-falsehood/sources/scholarship/web/notesinthemargin-2015-psychological-text-analysis.txt,double-falsehood,"article, thesis, book chapter, abstract or web page still in copyright","article, thesis, book chapter, abstract or web page still in copyright",https://www.notesinthemargin.org/2015/04/12/psychological-text-analysis/
cases/double-falsehood/sources/scholarship/web/playsinternational-doran-cardenio.html,double-falsehood,"article, thesis, book chapter, abstract or web page still in copyright","article, thesis, book chapter, abstract or web page still in copyright",https://playsinternational.org.uk/greg-doran-on-his-cardenio-project-with-the-rsc/
cases/double-falsehood/sources/scholarship/web/playsinternational-doran-cardenio.txt,double-falsehood,"article, thesis, book chapter, abstract or web page still in copyright","article, thesis, book chapter, abstract or web page still in copyright",https://playsinternational.org.uk/greg-doran-on-his-cardenio-project-with-the-rsc/
cases/double-falsehood/sources/scholarship/web/shakespeareblog-2014-finding-cardenio.html,double-falsehood,"article, thesis, book chapter, abstract or web page still in copyright","article, thesis, book chapter, abstract or web page still in copyright",https://theshakespeareblog.com/2014/01/finding-shakespeares-lost-play-cardenio/
cases/double-falsehood/sources/scholarship/web/shakespeareblog-2014-finding-cardenio.txt,double-falsehood,"article, thesis, book chapter, abstract or web page still in copyright","article, thesis, book chapter, abstract or web page still in copyright",https://theshakespeareblog.com/2014/01/finding-shakespeares-lost-play-cardenio/
cases/double-falsehood/sources/scholarship/web/utexas-2015-news-boyd-pennebaker.html,double-falsehood,"article, thesis, book chapter, abstract or web page still in copyright","article, thesis, book chapter, abstract or web page still in copyright",https://news.utexas.edu/2015/04/10/shakespeare-wrote-contested-play-suggests-text-analysis/
cases/double-falsehood/sources/scholarship/web/utexas-2015-news-boyd-pennebaker.txt,double-falsehood,"article, thesis, book chapter, abstract or web page still in copyright","article, thesis, book chapter, abstract or web page still in copyright",https://news.utexas.edu/2015/04/10/shakespeare-wrote-contested-play-suggests-text-analysis/
cases/double-falsehood/sources/scholarship/web/warwick-kirwan-2011-chasing-windmills-record.html,double-falsehood,"article, thesis, book chapter, abstract or web page still in copyright","article, thesis, book chapter, abstract or web page still in copyright",https://wrap.warwick.ac.uk/44199/
cases/double-falsehood/sources/scholarship/web/warwick-kirwan-2011-chasing-windmills-record.txt,double-falsehood,"article, thesis, book chapter, abstract or web page still in copyright","article, thesis, book chapter, abstract or web page still in copyright",https://wrap.warwick.ac.uk/44199/
cases/double-falsehood/sources/scholarship/web/wikipedia-history-of-cardenio.html,double-falsehood,"article, thesis, book chapter, abstract or web page still in copyright","article, thesis, book chapter, abstract or web page still in copyright",https://en.wikipedia.org/wiki/The_History_of_Cardenio
cases/double-falsehood/sources/scholarship/web/wikipedia-history-of-cardenio.txt,double-falsehood,"article, thesis, book chapter, abstract or web page still in copyright","article, thesis, book chapter, abstract or web page still in copyright",https://en.wikipedia.org/wiki/The_History_of_Cardenio
cases/double-falsehood/sources/scholarship/wikipedia-double-falsehood.html,double-falsehood,"article, thesis, book chapter, abstract or web page still in copyright","article, thesis, book chapter, abstract or web page still in copyright",https://en.wikipedia.org/wiki/Double_Falsehood
cases/double-falsehood/sources/scholarship/wikipedia-double-falsehood.txt,double-falsehood,"article, thesis, book chapter, abstract or web page still in copyright","article, thesis, book chapter, abstract or web page still in copyright",https://en.wikipedia.org/wiki/Double_Falsehood
cases/dyatlov-pass/code/geo/raw/case-files-1-2.html,dyatlov-pass,"page or image copied from dyatlovpass.com, still in copyright","page or image copied from dyatlovpass.com, still in copyright",dyatlovpass.com: https://dyatlovpass.com/case-files-1-2
cases/dyatlov-pass/code/geo/raw/case-files-136-198.html,dyatlov-pass,"page or image copied from dyatlovpass.com, still in copyright","page or image copied from dyatlovpass.com, still in copyright",dyatlovpass.com: https://dyatlovpass.com/case-files-136-198
cases/dyatlov-pass/code/geo/raw/case-files-136-198.txt,dyatlov-pass,"page or image copied from dyatlovpass.com, still in copyright","page or image copied from dyatlovpass.com, still in copyright",dyatlovpass.com: https://dyatlovpass.com/case-files-136-198
cases/dyatlov-pass/code/geo/raw/case-files-2.html,dyatlov-pass,"page or image copied from dyatlovpass.com, still in copyright","page or image copied from dyatlovpass.com, still in copyright",dyatlovpass.com: https://dyatlovpass.com/case-files-2
cases/dyatlov-pass/code/geo/raw/case-files-2.txt,dyatlov-pass,"page or image copied from dyatlovpass.com, still in copyright","page or image copied from dyatlovpass.com, still in copyright",dyatlovpass.com: https://dyatlovpass.com/case-files-2
cases/dyatlov-pass/code/geo/raw/case-files-3-6.html,dyatlov-pass,"page or image copied from dyatlovpass.com, still in copyright","page or image copied from dyatlovpass.com, still in copyright",dyatlovpass.com: https://dyatlovpass.com/case-files-3-6
cases/dyatlov-pass/code/geo/raw/case-files-3-6.txt,dyatlov-pass,"page or image copied from dyatlovpass.com, still in copyright","page or image copied from dyatlovpass.com, still in copyright",dyatlovpass.com: https://dyatlovpass.com/case-files-3-6
cases/dyatlov-pass/code/geo/raw/case-files-384-387.html,dyatlov-pass,"page or image copied from dyatlovpass.com, still in copyright","page or image copied from dyatlovpass.com, still in copyright",dyatlovpass.com: https://dyatlovpass.com/case-files-384-387
cases/dyatlov-pass/code/geo/raw/case-files-384-387.txt,dyatlov-pass,"page or image copied from dyatlovpass.com, still in copyright","page or image copied from dyatlovpass.com, still in copyright",dyatlovpass.com: https://dyatlovpass.com/case-files-384-387
cases/dyatlov-pass/code/geo/raw/case-files-62-75.html,dyatlov-pass,"page or image copied from dyatlovpass.com, still in copyright","page or image copied from dyatlovpass.com, still in copyright",dyatlovpass.com: https://dyatlovpass.com/case-files-62-75
cases/dyatlov-pass/code/geo/raw/case-files-62-75.txt,dyatlov-pass,"page or image copied from dyatlovpass.com, still in copyright","page or image copied from dyatlovpass.com, still in copyright",dyatlovpass.com: https://dyatlovpass.com/case-files-62-75
cases/dyatlov-pass/code/geo/raw/case-files-76-85.html,dyatlov-pass,"page or image copied from dyatlovpass.com, still in copyright","page or image copied from dyatlovpass.com, still in copyright",dyatlovpass.com: https://dyatlovpass.com/case-files-76-85
cases/dyatlov-pass/code/geo/raw/case-files-76-85.txt,dyatlov-pass,"page or image copied from dyatlovpass.com, still in copyright","page or image copied from dyatlovpass.com, still in copyright",dyatlovpass.com: https://dyatlovpass.com/case-files-76-85
cases/dyatlov-pass/code/geo/raw/dyatlovpass-googlemap.kml,dyatlov-pass,"page or image copied from dyatlovpass.com, still in copyright","page or image copied from dyatlovpass.com, still in copyright","no URL recorded; the file name gives the source: ""dyatlovpass googlemap.kml"""
cases/dyatlov-pass/code/geo/raw/map.html,dyatlov-pass,"page or image copied from dyatlovpass.com, still in copyright","page or image copied from dyatlovpass.com, still in copyright",dyatlovpass.com: https://dyatlovpass.com/
cases/dyatlov-pass/code/geo/raw/map.txt,dyatlov-pass,"page or image copied from dyatlovpass.com, still in copyright","page or image copied from dyatlovpass.com, still in copyright",dyatlovpass.com: https://dyatlovpass.com/
cases/dyatlov-pass/code/geo/raw/maslennikov/Dyatlov-pass-Maslennikov-loose-pages-Burmantovo-weather-report.jpg,dyatlov-pass,"page or image copied from dyatlovpass.com, still in copyright","page or image copied from dyatlovpass.com, still in copyright","dyatlovpass.com, Maslennikov notebook pages: https://dyatlovpass.com/maslennikov-notebook"
cases/dyatlov-pass/code/geo/raw/maslennikov/Dyatlov-pass-Maslennikov-loose-pages-azimuths-from-the-tent.jpg,dyatlov-pass,"page or image copied from dyatlovpass.com, still in copyright","page or image copied from dyatlovpass.com, still in copyright","dyatlovpass.com, Maslennikov notebook pages: https://dyatlovpass.com/maslennikov-notebook"
cases/dyatlov-pass/code/geo/raw/maslennikov/Dyatlov-pass-Maslennikov-loose-pages-location-of-the-bodies.jpg,dyatlov-pass,"page or image copied from dyatlovpass.com, still in copyright","page or image copied from dyatlovpass.com, still in copyright","dyatlovpass.com, Maslennikov notebook pages: https://dyatlovpass.com/maslennikov-notebook"
cases/dyatlov-pass/code/geo/raw/maslennikov/Dyatlov-pass-Maslennikov-notebook-2-27.jpg,dyatlov-pass,"page or image copied from dyatlovpass.com, still in copyright","page or image copied from dyatlovpass.com, still in copyright","dyatlovpass.com, Maslennikov notebook pages: https://dyatlovpass.com/maslennikov-notebook"
cases/dyatlov-pass/code/geo/raw/maslennikov/Dyatlov-pass-Maslennikov-notebook-2-51.jpg,dyatlov-pass,"page or image copied from dyatlovpass.com, still in copyright","page or image copied from dyatlovpass.com, still in copyright","dyatlovpass.com, Maslennikov notebook pages: https://dyatlovpass.com/maslennikov-notebook"
cases/dyatlov-pass/code/geo/raw/maslennikov/Dyatlov-pass-Maslennikov-notebook-2-53.jpg,dyatlov-pass,"page or image copied from dyatlovpass.com, still in copyright","page or image copied from dyatlovpass.com, still in copyright","dyatlovpass.com, Maslennikov notebook pages: https://dyatlovpass.com/maslennikov-notebook"
cases/dyatlov-pass/code/geo/raw/maslennikov/Dyatlov-pass-Maslennikov-notebook-2-69.jpg,dyatlov-pass,"page or image copied from dyatlovpass.com, still in copyright","page or image copied from dyatlovpass.com, still in copyright","dyatlovpass.com, Maslennikov notebook pages: https://dyatlovpass.com/maslennikov-notebook"
cases/dyatlov-pass/code/geo/raw/maslennikov/crop_azimuths.png,dyatlov-pass,"page or image copied from dyatlovpass.com, still in copyright","page or image copied from dyatlovpass.com, still in copyright","dyatlovpass.com, Maslennikov notebook pages: https://dyatlovpass.com/maslennikov-notebook"
cases/dyatlov-pass/code/geo/raw/maslennikov/crop_burmantovo.png,dyatlov-pass,"page or image copied from dyatlovpass.com, still in copyright","page or image copied from dyatlovpass.com, still in copyright","dyatlovpass.com, Maslennikov notebook pages: https://dyatlovpass.com/maslennikov-notebook"
cases/dyatlov-pass/code/geo/raw/maslennikov/crop_scheme_top.png,dyatlov-pass,"page or image copied from dyatlovpass.com, still in copyright","page or image copied from dyatlovpass.com, still in copyright","dyatlovpass.com, Maslennikov notebook pages: https://dyatlovpass.com/maslennikov-notebook"
cases/dyatlov-pass/code/geo/raw/maslennikov/crop_slope_sketch.png,dyatlov-pass,"page or image copied from dyatlovpass.com, still in copyright","page or image copied from dyatlovpass.com, still in copyright","dyatlovpass.com, Maslennikov notebook pages: https://dyatlovpass.com/maslennikov-notebook"
cases/dyatlov-pass/code/geo/raw/site_1079.html,dyatlov-pass,"page or image copied from dyatlovpass.com, still in copyright","page or image copied from dyatlovpass.com, still in copyright",dyatlovpass.com: https://dyatlovpass.com/1079
cases/dyatlov-pass/code/geo/raw/site_1079.txt,dyatlov-pass,"page or image copied from dyatlovpass.com, still in copyright","page or image copied from dyatlovpass.com, still in copyright",dyatlovpass.com: https://dyatlovpass.com/1079
cases/dyatlov-pass/code/geo/raw/site_burmantovo-weather-february-1959.html,dyatlov-pass,"page or image copied from dyatlovpass.com, still in copyright","page or image copied from dyatlovpass.com, still in copyright",dyatlovpass.com: https://dyatlovpass.com/burmantovo-weather-february-1959
cases/dyatlov-pass/code/geo/raw/site_burmantovo-weather-february-1959.txt,dyatlov-pass,"page or image copied from dyatlovpass.com, still in copyright","page or image copied from dyatlovpass.com, still in copyright",dyatlovpass.com: https://dyatlovpass.com/burmantovo-weather-february-1959
cases/dyatlov-pass/code/geo/raw/site_case-files-index.html,dyatlov-pass,"page or image copied from dyatlovpass.com, still in copyright","page or image copied from dyatlovpass.com, still in copyright",dyatlovpass.com: https://dyatlovpass.com/case-files-index
cases/dyatlov-pass/code/geo/raw/site_coordinates.html,dyatlov-pass,"page or image copied from dyatlovpass.com, still in copyright","page or image copied from dyatlovpass.com, still in copyright",dyatlovpass.com: https://dyatlovpass.com/coordinates
cases/dyatlov-pass/code/geo/raw/site_dyatlov-pass-map.html,dyatlov-pass,"page or image copied from dyatlovpass.com, still in copyright","page or image copied from dyatlovpass.com, still in copyright",dyatlovpass.com: https://dyatlovpass.com/dyatlov-pass-map
cases/dyatlov-pass/code/geo/raw/site_instructions-from-air-maslennikov.html,dyatlov-pass,"page or image copied from dyatlovpass.com, still in copyright","page or image copied from dyatlovpass.com, still in copyright",dyatlovpass.com: https://dyatlovpass.com/instructions-from-air-maslennikov
cases/dyatlov-pass/code/geo/raw/site_instructions-from-air-maslennikov.txt,dyatlov-pass,"page or image copied from dyatlovpass.com, still in copyright","page or image copied from dyatlovpass.com, still in copyright",dyatlovpass.com: https://dyatlovpass.com/instructions-from-air-maslennikov
cases/dyatlov-pass/code/geo/raw/site_investigation-materials-2.html,dyatlov-pass,"page or image copied from dyatlovpass.com, still in copyright","page or image copied from dyatlovpass.com, still in copyright",dyatlovpass.com: https://dyatlovpass.com/investigation-materials-2
cases/dyatlov-pass/code/geo/raw/site_investigation-materials-2.txt,dyatlov-pass,"page or image copied from dyatlovpass.com, still in copyright","page or image copied from dyatlovpass.com, still in copyright",dyatlovpass.com: https://dyatlovpass.com/investigation-materials-2
cases/dyatlov-pass/code/geo/raw/site_labaz.html,dyatlov-pass,"page or image copied from dyatlovpass.com, still in copyright","page or image copied from dyatlovpass.com, still in copyright",dyatlovpass.com: https://dyatlovpass.com/labaz
cases/dyatlov-pass/code/geo/raw/site_labaz.txt,dyatlov-pass,"page or image copied from dyatlovpass.com, still in copyright","page or image copied from dyatlovpass.com, still in copyright",dyatlovpass.com: https://dyatlovpass.com/labaz
cases/dyatlov-pass/code/geo/raw/site_maps.html,dyatlov-pass,"page or image copied from dyatlovpass.com, still in copyright","page or image copied from dyatlovpass.com, still in copyright",dyatlovpass.com: https://dyatlovpass.com/maps
cases/dyatlov-pass/code/geo/raw/site_maps.txt,dyatlov-pass,"page or image copied from dyatlovpass.com, still in copyright","page or image copied from dyatlovpass.com, still in copyright",dyatlovpass.com: https://dyatlovpass.com/maps
cases/dyatlov-pass/code/geo/raw/site_maslennikov-notebook-2.html,dyatlov-pass,"page or image copied from dyatlovpass.com, still in copyright","page or image copied from dyatlovpass.com, still in copyright",dyatlovpass.com: https://dyatlovpass.com/maslennikov-notebook-2
cases/dyatlov-pass/code/geo/raw/site_maslennikov-notebook-2.txt,dyatlov-pass,"page or image copied from dyatlovpass.com, still in copyright","page or image copied from dyatlovpass.com, still in copyright",dyatlovpass.com: https://dyatlovpass.com/maslennikov-notebook-2
cases/dyatlov-pass/code/geo/raw/site_maslennikov-notebook.html,dyatlov-pass,"page or image copied from dyatlovpass.com, still in copyright","page or image copied from dyatlovpass.com, still in copyright",dyatlovpass.com: https://dyatlovpass.com/maslennikov-notebook
cases/dyatlov-pass/code/geo/raw/site_maslennikov-notebook.txt,dyatlov-pass,"page or image copied from dyatlovpass.com, still in copyright","page or image copied from dyatlovpass.com, still in copyright",dyatlovpass.com: https://dyatlovpass.com/maslennikov-notebook
cases/dyatlov-pass/code/geo/raw/site_ravine.html,dyatlov-pass,"page or image copied from dyatlovpass.com, still in copyright","page or image copied from dyatlovpass.com, still in copyright",dyatlovpass.com: https://dyatlovpass.com/ravine
cases/dyatlov-pass/code/geo/raw/site_ravine.txt,dyatlov-pass,"page or image copied from dyatlovpass.com, still in copyright","page or image copied from dyatlovpass.com, still in copyright",dyatlovpass.com: https://dyatlovpass.com/ravine
cases/dyatlov-pass/code/geo/raw/site_search-photos.html,dyatlov-pass,"page or image copied from dyatlovpass.com, still in copyright","page or image copied from dyatlovpass.com, still in copyright",dyatlovpass.com: https://dyatlovpass.com/search-photos
cases/dyatlov-pass/code/geo/raw/site_search-photos.txt,dyatlov-pass,"page or image copied from dyatlovpass.com, still in copyright","page or image copied from dyatlovpass.com, still in copyright",dyatlovpass.com: https://dyatlovpass.com/search-photos
cases/dyatlov-pass/code/geo/raw/site_the-cedar.html,dyatlov-pass,"page or image copied from dyatlovpass.com, still in copyright","page or image copied from dyatlovpass.com, still in copyright",dyatlovpass.com: https://dyatlovpass.com/the-cedar
cases/dyatlov-pass/code/geo/raw/site_the-den.html,dyatlov-pass,"page or image copied from dyatlovpass.com, still in copyright","page or image copied from dyatlovpass.com, still in copyright",dyatlovpass.com: https://dyatlovpass.com/the-den
cases/dyatlov-pass/code/geo/raw/site_the-den.txt,dyatlov-pass,"page or image copied from dyatlovpass.com, still in copyright","page or image copied from dyatlovpass.com, still in copyright",dyatlovpass.com: https://dyatlovpass.com/the-den
cases/dyatlov-pass/code/geo/raw/site_the-ravine.html,dyatlov-pass,"page or image copied from dyatlovpass.com, still in copyright","page or image copied from dyatlovpass.com, still in copyright",dyatlovpass.com: https://dyatlovpass.com/the-ravine
cases/dyatlov-pass/code/geo/raw/site_the-tent.html,dyatlov-pass,"page or image copied from dyatlovpass.com, still in copyright","page or image copied from dyatlovpass.com, still in copyright",dyatlovpass.com: https://dyatlovpass.com/the-tent
cases/dyatlov-pass/code/geo/raw/site_the-tent.txt,dyatlov-pass,"page or image copied from dyatlovpass.com, still in copyright","page or image copied from dyatlovpass.com, still in copyright",dyatlovpass.com: https://dyatlovpass.com/the-tent
cases/dyatlov-pass/code/geo/raw/site_weather-reports.html,dyatlov-pass,"page or image copied from dyatlovpass.com, still in copyright","page or image copied from dyatlovpass.com, still in copyright",dyatlovpass.com: https://dyatlovpass.com/weather-reports
cases/dyatlov-pass/code/geo/raw/tent-location.body.txt,dyatlov-pass,"page or image copied from dyatlovpass.com, still in copyright","page or image copied from dyatlovpass.com, still in copyright",dyatlovpass.com: https://dyatlovpass.com/
cases/dyatlov-pass/code/geo/raw/tent-location.html,dyatlov-pass,"page or image copied from dyatlovpass.com, still in copyright","page or image copied from dyatlovpass.com, still in copyright",dyatlovpass.com: https://dyatlovpass.com/
cases/dyatlov-pass/code/geo/raw/tent-location.txt,dyatlov-pass,"page or image copied from dyatlovpass.com, still in copyright","page or image copied from dyatlovpass.com, still in copyright",dyatlovpass.com: https://dyatlovpass.com/
cases/dyatlov-pass/code/geo/raw/testimonies/case-files-209-220.html,dyatlov-pass,"page or image copied from dyatlovpass.com, still in copyright","page or image copied from dyatlovpass.com, still in copyright",dyatlovpass.com: https://dyatlovpass.com/case-files-209-220
cases/dyatlov-pass/code/geo/raw/testimonies/case-files-209-220.txt,dyatlov-pass,"page or image copied from dyatlovpass.com, still in copyright","page or image copied from dyatlovpass.com, still in copyright",dyatlovpass.com: https://dyatlovpass.com/case-files-209-220
cases/dyatlov-pass/code/geo/raw/testimonies/case-files-290-292.html,dyatlov-pass,"page or image copied from dyatlovpass.com, still in copyright","page or image copied from dyatlovpass.com, still in copyright",dyatlovpass.com: https://dyatlovpass.com/case-files-290-292
cases/dyatlov-pass/code/geo/raw/testimonies/case-files-290-292.txt,dyatlov-pass,"page or image copied from dyatlovpass.com, still in copyright","page or image copied from dyatlovpass.com, still in copyright",dyatlovpass.com: https://dyatlovpass.com/case-files-290-292
cases/dyatlov-pass/code/geo/raw/testimonies/case-files-295-297.html,dyatlov-pass,"page or image copied from dyatlovpass.com, still in copyright","page or image copied from dyatlovpass.com, still in copyright",dyatlovpass.com: https://dyatlovpass.com/case-files-295-297
cases/dyatlov-pass/code/geo/raw/testimonies/case-files-295-297.txt,dyatlov-pass,"page or image copied from dyatlovpass.com, still in copyright","page or image copied from dyatlovpass.com, still in copyright",dyatlovpass.com: https://dyatlovpass.com/case-files-295-297
cases/dyatlov-pass/code/geo/raw/testimonies/case-files-298-300.html,dyatlov-pass,"page or image copied from dyatlovpass.com, still in copyright","page or image copied from dyatlovpass.com, still in copyright",dyatlovpass.com: https://dyatlovpass.com/case-files-298-300
cases/dyatlov-pass/code/geo/raw/testimonies/case-files-298-300.txt,dyatlov-pass,"page or image copied from dyatlovpass.com, still in copyright","page or image copied from dyatlovpass.com, still in copyright",dyatlovpass.com: https://dyatlovpass.com/case-files-298-300
cases/dyatlov-pass/code/geo/raw/testimonies/case-files-303-304.html,dyatlov-pass,"page or image copied from dyatlovpass.com, still in copyright","page or image copied from dyatlovpass.com, still in copyright",dyatlovpass.com: https://dyatlovpass.com/case-files-303-304
cases/dyatlov-pass/code/geo/raw/testimonies/case-files-303-304.txt,dyatlov-pass,"page or image copied from dyatlovpass.com, still in copyright","page or image copied from dyatlovpass.com, still in copyright",dyatlovpass.com: https://dyatlovpass.com/case-files-303-304
cases/dyatlov-pass/code/geo/raw/testimonies/case-files-307-308.html,dyatlov-pass,"page or image copied from dyatlovpass.com, still in copyright","page or image copied from dyatlovpass.com, still in copyright",dyatlovpass.com: https://dyatlovpass.com/case-files-307-308
cases/dyatlov-pass/code/geo/raw/testimonies/case-files-307-308.txt,dyatlov-pass,"page or image copied from dyatlovpass.com, still in copyright","page or image copied from dyatlovpass.com, still in copyright",dyatlovpass.com: https://dyatlovpass.com/case-files-307-308
cases/dyatlov-pass/code/geo/raw/testimonies/case-files-309-312.html,dyatlov-pass,"page or image copied from dyatlovpass.com, still in copyright","page or image copied from dyatlovpass.com, still in copyright",dyatlovpass.com: https://dyatlovpass.com/case-files-309-312
cases/dyatlov-pass/code/geo/raw/testimonies/case-files-309-312.txt,dyatlov-pass,"page or image copied from dyatlovpass.com, still in copyright","page or image copied from dyatlovpass.com, still in copyright",dyatlovpass.com: https://dyatlovpass.com/case-files-309-312
cases/dyatlov-pass/code/geo/raw/testimonies/case-files-313-315.html,dyatlov-pass,"page or image copied from dyatlovpass.com, still in copyright","page or image copied from dyatlovpass.com, still in copyright",dyatlovpass.com: https://dyatlovpass.com/case-files-313-315
cases/dyatlov-pass/code/geo/raw/testimonies/case-files-313-315.txt,dyatlov-pass,"page or image copied from dyatlovpass.com, still in copyright","page or image copied from dyatlovpass.com, still in copyright",dyatlovpass.com: https://dyatlovpass.com/case-files-313-315
cases/dyatlov-pass/code/geo/raw/testimonies/case-files-316-329.html,dyatlov-pass,"page or image copied from dyatlovpass.com, still in copyright","page or image copied from dyatlovpass.com, still in copyright",dyatlovpass.com: https://dyatlovpass.com/case-files-316-329
cases/dyatlov-pass/code/geo/raw/testimonies/case-files-316-329.txt,dyatlov-pass,"page or image copied from dyatlovpass.com, still in copyright","page or image copied from dyatlovpass.com, still in copyright",dyatlovpass.com: https://dyatlovpass.com/case-files-316-329
cases/dyatlov-pass/code/geo/raw/testimonies/case-files-330-339.html,dyatlov-pass,"page or image copied from dyatlovpass.com, still in copyright","page or image copied from dyatlovpass.com, still in copyright",dyatlovpass.com: https://dyatlovpass.com/case-files-330-339
cases/dyatlov-pass/code/geo/raw/testimonies/case-files-330-339.txt,dyatlov-pass,"page or image copied from dyatlovpass.com, still in copyright","page or image copied from dyatlovpass.com, still in copyright",dyatlovpass.com: https://dyatlovpass.com/case-files-330-339
cases/dyatlov-pass/code/geo/raw/testimonies/case-files-341-343.html,dyatlov-pass,"page or image copied from dyatlovpass.com, still in copyright","page or image copied from dyatlovpass.com, still in copyright",dyatlovpass.com: https://dyatlovpass.com/case-files-341-343
cases/dyatlov-pass/code/geo/raw/testimonies/case-files-341-343.txt,dyatlov-pass,"page or image copied from dyatlovpass.com, still in copyright","page or image copied from dyatlovpass.com, still in copyright",dyatlovpass.com: https://dyatlovpass.com/case-files-341-343
cases/dyatlov-pass/code/geo/raw/testimonies/case-files-36-39.html,dyatlov-pass,"page or image copied from dyatlovpass.com, still in copyright","page or image copied from dyatlovpass.com, still in copyright",dyatlovpass.com: https://dyatlovpass.com/case-files-36-39
cases/dyatlov-pass/code/geo/raw/testimonies/case-files-36-39.txt,dyatlov-pass,"page or image copied from dyatlovpass.com, still in copyright","page or image copied from dyatlovpass.com, still in copyright",dyatlovpass.com: https://dyatlovpass.com/case-files-36-39
cases/dyatlov-pass/code/geo/raw/testimonies/case-files-362-369.html,dyatlov-pass,"page or image copied from dyatlovpass.com, still in copyright","page or image copied from dyatlovpass.com, still in copyright",dyatlovpass.com: https://dyatlovpass.com/case-files-362-369
cases/dyatlov-pass/code/geo/raw/testimonies/case-files-362-369.txt,dyatlov-pass,"page or image copied from dyatlovpass.com, still in copyright","page or image copied from dyatlovpass.com, still in copyright",dyatlovpass.com: https://dyatlovpass.com/case-files-362-369
cases/dyatlov-pass/code/geo/raw/testimonies/case-files-388-392.html,dyatlov-pass,"page or image copied from dyatlovpass.com, still in copyright","page or image copied from dyatlovpass.com, still in copyright",dyatlovpass.com: https://dyatlovpass.com/case-files-388-392
cases/dyatlov-pass/code/geo/raw/testimonies/case-files-388-392.txt,dyatlov-pass,"page or image copied from dyatlovpass.com, still in copyright","page or image copied from dyatlovpass.com, still in copyright",dyatlovpass.com: https://dyatlovpass.com/case-files-388-392
cases/dyatlov-pass/code/geo/raw/testimonies/case-files-76-81.html,dyatlov-pass,"page or image copied from dyatlovpass.com, still in copyright","page or image copied from dyatlovpass.com, still in copyright",dyatlovpass.com: https://dyatlovpass.com/case-files-76-81
cases/dyatlov-pass/code/geo/raw/testimonies/case-files-76-81.txt,dyatlov-pass,"page or image copied from dyatlovpass.com, still in copyright","page or image copied from dyatlovpass.com, still in copyright",dyatlovpass.com: https://dyatlovpass.com/case-files-76-81
cases/dyatlov-pass/code/geo/raw/testimonies/case-files-8-10.html,dyatlov-pass,"page or image copied from dyatlovpass.com, still in copyright","page or image copied from dyatlovpass.com, still in copyright",dyatlovpass.com: https://dyatlovpass.com/case-files-8-10
cases/dyatlov-pass/code/geo/raw/testimonies/case-files-8-10.txt,dyatlov-pass,"page or image copied from dyatlovpass.com, still in copyright","page or image copied from dyatlovpass.com, still in copyright",dyatlovpass.com: https://dyatlovpass.com/case-files-8-10
cases/dyatlov-pass/code/geo/raw/testimonies/case-files-88-93.html,dyatlov-pass,"page or image copied from dyatlovpass.com, still in copyright","page or image copied from dyatlovpass.com, still in copyright",dyatlovpass.com: https://dyatlovpass.com/case-files-88-93
cases/dyatlov-pass/code/geo/raw/testimonies/case-files-88-93.txt,dyatlov-pass,"page or image copied from dyatlovpass.com, still in copyright","page or image copied from dyatlovpass.com, still in copyright",dyatlovpass.com: https://dyatlovpass.com/case-files-88-93
cases/dyatlov-pass/data/borzenkov-2022-rebuttal_dyatlovpass-com.txt,dyatlov-pass,"text copied from dyatlovpass.com, still in copyright","text copied from dyatlovpass.com, still in copyright",dyatlovpass.com: https://dyatlovpass.com/
cases/dyatlov-pass/data/exhumation-2018/360-ru_2019-10-01_fond-pozhalovalsya.txt,dyatlov-pass,"news article, forum post or web page of 2018-2026, still in copyright","news article, forum post or web page of 2018-2026, still in copyright","360.ru, article of 2019-10-01 (search the site for the title in the file name)"
cases/dyatlov-pass/data/exhumation-2018/66-ru_2019-02-04_prokuratura-13-voprosov.txt,dyatlov-pass,"news article, forum post or web page of 2018-2026, still in copyright","news article, forum post or web page of 2018-2026, still in copyright","66.ru, article of 2019-02-04 (search the site for the title in the file name)"
cases/dyatlov-pass/data/exhumation-2018/aif-ru-chel_2019-02-25_tarasov.txt,dyatlov-pass,"news article, forum post or web page of 2018-2026, still in copyright","news article, forum post or web page of 2018-2026, still in copyright","chel.aif.ru, article of 2019-02-25 (search the site for the title in the file name)"
cases/dyatlov-pass/data/exhumation-2018/dyatlovpass-com_2018-04-14_zolotaryov-exhumation_en.txt,dyatlov-pass,"text copied from dyatlovpass.com, still in copyright","text copied from dyatlovpass.com, still in copyright","dyatlovpass.com, article of 2018-04-14 (search the site for the title in the file name)"
cases/dyatlov-pass/data/exhumation-2018/dyatlovpass-com_2018-04-14_zolotaryov-exhumation_ru.txt,dyatlov-pass,"text copied from dyatlovpass.com, still in copyright","text copied from dyatlovpass.com, still in copyright","dyatlovpass.com, article of 2018-04-14 (search the site for the title in the file name)"
cases/dyatlov-pass/data/exhumation-2018/dyatlovpass-com_2018-04-26_zolotaryov-exhumation-2_en.txt,dyatlov-pass,"text copied from dyatlovpass.com, still in copyright","text copied from dyatlovpass.com, still in copyright","dyatlovpass.com, article of 2018-04-26 (search the site for the title in the file name)"
cases/dyatlov-pass/data/exhumation-2018/dyatlovpass-com_2018-04-26_zolotaryov-exhumation-2_ru.txt,dyatlov-pass,"text copied from dyatlovpass.com, still in copyright","text copied from dyatlovpass.com, still in copyright","dyatlovpass.com, article of 2018-04-26 (search the site for the title in the file name)"
cases/dyatlov-pass/data/exhumation-2018/dyatlovpass-com_2018-05-17_zolotaryov-dna_en.txt,dyatlov-pass,"text copied from dyatlovpass.com, still in copyright","text copied from dyatlovpass.com, still in copyright","dyatlovpass.com, article of 2018-05-17 (search the site for the title in the file name)"
cases/dyatlov-pass/data/exhumation-2018/dyatlovpass-com_2018-05-17_zolotaryov-dna_ru.txt,dyatlov-pass,"text copied from dyatlovpass.com, still in copyright","text copied from dyatlovpass.com, still in copyright","dyatlovpass.com, article of 2018-05-17 (search the site for the title in the file name)"
cases/dyatlov-pass/data/exhumation-2018/dyatlovpass-com_2018-07-16_zolotaryov-exhumation-3_en.txt,dyatlov-pass,"text copied from dyatlovpass.com, still in copyright","text copied from dyatlovpass.com, still in copyright","dyatlovpass.com, article of 2018-07-16 (search the site for the title in the file name)"
cases/dyatlov-pass/data/exhumation-2018/dyatlovpass-com_2018-07-16_zolotaryov-exhumation-3_ru.txt,dyatlov-pass,"text copied from dyatlovpass.com, still in copyright","text copied from dyatlovpass.com, still in copyright","dyatlovpass.com, article of 2018-07-16 (search the site for the title in the file name)"
cases/dyatlov-pass/data/exhumation-2018/dyatlovpass-com_2019-02-11_channel1-borisov-show.txt,dyatlov-pass,"text copied from dyatlovpass.com, still in copyright","text copied from dyatlovpass.com, still in copyright","dyatlovpass.com, article of 2019-02-11 (search the site for the title in the file name)"
cases/dyatlov-pass/data/exhumation-2018/dyatlovpass-com_funerals-may-1959.txt,dyatlov-pass,"text copied from dyatlovpass.com, still in copyright","text copied from dyatlovpass.com, still in copyright","dyatlovpass.com, article of funerals-may-1959.txt (search the site for the title in the file name)"
cases/dyatlov-pass/data/exhumation-2018/dyatlovpass-com_semyon-zolotaryov_biography-summary.txt,dyatlov-pass,"text copied from dyatlovpass.com, still in copyright","text copied from dyatlovpass.com, still in copyright","dyatlovpass.com, article of semyon-zolotaryov (search the site for the title in the file name)"
cases/dyatlov-pass/data/exhumation-2018/dyatlovpass-com_updates.txt,dyatlov-pass,"text copied from dyatlovpass.com, still in copyright","text copied from dyatlovpass.com, still in copyright","dyatlovpass.com, article of updates.txt (search the site for the title in the file name)"
cases/dyatlov-pass/data/exhumation-2018/dyatlovpass-forum_2018-04-30_topic156_sazonova-posts.txt,dyatlov-pass,"news article, forum post or web page of 2018-2026, still in copyright","news article, forum post or web page of 2018-2026, still in copyright","forum.dyatlovpass.com, article of 2018-04-30 (search the site for the title in the file name)"
cases/dyatlov-pass/data/exhumation-2018/gazeta-ru_2019-02-26_tarasov-eksgumatsiya_wayback.txt,dyatlov-pass,"news article, forum post or web page of 2018-2026, still in copyright","news article, forum post or web page of 2018-2026, still in copyright","gazeta.ru, article of 2019-02-26 (search the site for the title in the file name)"
cases/dyatlov-pass/data/exhumation-2018/interfax-russia-ru_2020-07-22_kuryakov-interview_wayback.txt,dyatlov-pass,"news article, forum post or web page of 2018-2026, still in copyright","news article, forum post or web page of 2018-2026, still in copyright","interfax-russia.ru, article of 2020-07-22 (search the site for the title in the file name)"
cases/dyatlov-pass/data/exhumation-2018/kp-ru_2018-04-13_kto-pokhoronen-v-mogile-zolotareva.txt,dyatlov-pass,"news article, forum post or web page of 2018-2026, still in copyright","news article, forum post or web page of 2018-2026, still in copyright","kp.ru, article of 2018-04-13 (search the site for the title in the file name)"
cases/dyatlov-pass/data/exhumation-2018/kp-ru_2018-04-26_eto-byl-udar-bolshoy-sily_nikitin-sazonova.txt,dyatlov-pass,"news article, forum post or web page of 2018-2026, still in copyright","news article, forum post or web page of 2018-2026, still in copyright","kp.ru, article of 2018-04-26 (search the site for the title in the file name)"
cases/dyatlov-pass/data/exhumation-2018/kp-ru_2018-05-17_dnk-1-garkovenko.txt,dyatlov-pass,"news article, forum post or web page of 2018-2026, still in copyright","news article, forum post or web page of 2018-2026, still in copyright","kp.ru, article of 2018-05-17 (search the site for the title in the file name)"
cases/dyatlov-pass/data/exhumation-2018/kp-ru_2018-06-05_tumanov-pereekhal-avtomobil.txt,dyatlov-pass,"news article, forum post or web page of 2018-2026, still in copyright","news article, forum post or web page of 2018-2026, still in copyright","kp.ru, article of 2018-06-05 (search the site for the title in the file name)"
cases/dyatlov-pass/data/exhumation-2018/kp-ru_2018-07-16_dnk-2-ivanov-rcsme.txt,dyatlov-pass,"news article, forum post or web page of 2018-2026, still in copyright","news article, forum post or web page of 2018-2026, still in copyright","kp.ru, article of 2018-07-16 (search the site for the title in the file name)"
cases/dyatlov-pass/data/exhumation-2018/kp-ru_2018-09-27_tatuirovki.txt,dyatlov-pass,"news article, forum post or web page of 2018-2026, still in copyright","news article, forum post or web page of 2018-2026, still in copyright","kp.ru, article of 2018-09-27 (search the site for the title in the file name)"
cases/dyatlov-pass/data/exhumation-2018/kp-ru_2019-02-04_delo-bez-nomera.txt,dyatlov-pass,"news article, forum post or web page of 2018-2026, still in copyright","news article, forum post or web page of 2018-2026, still in copyright","kp.ru, article of 2019-02-04 (search the site for the title in the file name)"
cases/dyatlov-pass/data/exhumation-2018/kp-ru_2019-03-26_tumanov-vozmozhno-pytali.txt,dyatlov-pass,"news article, forum post or web page of 2018-2026, still in copyright","news article, forum post or web page of 2018-2026, still in copyright","kp.ru, article of 2019-03-26 (search the site for the title in the file name)"
cases/dyatlov-pass/data/exhumation-2018/kp-ru_2019-04-23_tumanov-otkuda-travmy.txt,dyatlov-pass,"news article, forum post or web page of 2018-2026, still in copyright","news article, forum post or web page of 2018-2026, still in copyright","kp.ru, article of 2019-04-23 (search the site for the title in the file name)"
cases/dyatlov-pass/data/exhumation-2018/kp-ru_2020-07-14_tumanov-on-prosecutors.txt,dyatlov-pass,"news article, forum post or web page of 2018-2026, still in copyright","news article, forum post or web page of 2018-2026, still in copyright","kp.ru, article of 2020-07-14 (search the site for the title in the file name)"
cases/dyatlov-pass/data/exhumation-2018/kp-ru_undated_smertelnaya-draka-tumanov.txt,dyatlov-pass,"news article, forum post or web page of 2018-2026, still in copyright","news article, forum post or web page of 2018-2026, still in copyright","kp.ru, article of undated (search the site for the title in the file name)"
cases/dyatlov-pass/data/exhumation-2018/mk-ru_2018-06-06_sudmedekspert-predlozhil-razgadku.txt,dyatlov-pass,"news article, forum post or web page of 2018-2026, still in copyright","news article, forum post or web page of 2018-2026, still in copyright","mk.ru, article of 2018-06-06 (search the site for the title in the file name)"
cases/dyatlov-pass/data/exhumation-2018/mk-ru_2019-02-04_prokuratura-soglasilas-eksgumirovat.txt,dyatlov-pass,"news article, forum post or web page of 2018-2026, still in copyright","news article, forum post or web page of 2018-2026, still in copyright","mk.ru, article of 2019-02-04 (search the site for the title in the file name)"
cases/dyatlov-pass/data/exhumation-2018/mk-ru_2019-02-28_kriminalisty-skr_nikitin-interview.txt,dyatlov-pass,"news article, forum post or web page of 2018-2026, still in copyright","news article, forum post or web page of 2018-2026, still in copyright","mk.ru, article of 2019-02-28 (search the site for the title in the file name)"
cases/dyatlov-pass/data/exhumation-2018/mountain-ru_2023_buyanov-doklad-64.txt,dyatlov-pass,"news article, forum post or web page of 2018-2026, still in copyright","news article, forum post or web page of 2018-2026, still in copyright","mountain.ru, article of 2023 (search the site for the title in the file name)"
cases/dyatlov-pass/data/exhumation-2018/nakanune-ru_2018-05-17_dnk-test.txt,dyatlov-pass,"news article, forum post or web page of 2018-2026, still in copyright","news article, forum post or web page of 2018-2026, still in copyright","nakanune.ru, article of 2018-05-17 (search the site for the title in the file name)"
cases/dyatlov-pass/data/exhumation-2018/nakanune-ru_2018-05-21_ankudinov.txt,dyatlov-pass,"news article, forum post or web page of 2018-2026, still in copyright","news article, forum post or web page of 2018-2026, still in copyright","nakanune.ru, article of 2018-05-21 (search the site for the title in the file name)"
cases/dyatlov-pass/data/exhumation-2018/nakanune-ru_2019-10-01_ogradit-mogily.txt,dyatlov-pass,"news article, forum post or web page of 2018-2026, still in copyright","news article, forum post or web page of 2018-2026, still in copyright","nakanune.ru, article of 2019-10-01 (search the site for the title in the file name)"
cases/dyatlov-pass/data/exhumation-2018/nakanune-ru_2019-10-01_rodnye-soglasny.txt,dyatlov-pass,"news article, forum post or web page of 2018-2026, still in copyright","news article, forum post or web page of 2018-2026, still in copyright","nakanune.ru, article of 2019-10-01 (search the site for the title in the file name)"
cases/dyatlov-pass/data/exhumation-2018/nakanune-ru_2020-07-13_kuntsevich.txt,dyatlov-pass,"news article, forum post or web page of 2018-2026, still in copyright","news article, forum post or web page of 2018-2026, still in copyright","nakanune.ru, article of 2020-07-13 (search the site for the title in the file name)"
cases/dyatlov-pass/data/exhumation-2018/radiokp-ru_2020-02-21_podcast-page.txt,dyatlov-pass,"news article, forum post or web page of 2018-2026, still in copyright","news article, forum post or web page of 2018-2026, still in copyright","radiokp.ru, article of 2020-02-21 (search the site for the title in the file name)"
cases/dyatlov-pass/data/exhumation-2018/rambler-ru_2025-01-24_samyy-zagadochnyy-turist.txt,dyatlov-pass,"news article, forum post or web page of 2018-2026, still in copyright","news article, forum post or web page of 2018-2026, still in copyright","rambler.ru, article of 2025-01-24 (search the site for the title in the file name)"
cases/dyatlov-pass/data/exhumation-2018/ria-ru_2019-10-01_fond-nezakonnaya-eksgumatsiya.txt,dyatlov-pass,"news article, forum post or web page of 2018-2026, still in copyright","news article, forum post or web page of 2018-2026, still in copyright","ria.ru, article of 2019-10-01 (search the site for the title in the file name)"
cases/dyatlov-pass/data/exhumation-2018/ria-ru_2020-07-11_raskryty-dannye-ekspertiz.txt,dyatlov-pass,"news article, forum post or web page of 2018-2026, still in copyright","news article, forum post or web page of 2018-2026, still in copyright","ria.ru, article of 2020-07-11 (search the site for the title in the file name)"
cases/dyatlov-pass/data/exhumation-2018/tass-ru_2019-10-01_fond-prosit-zapretit-eksgumatsiyu_wayback.txt,dyatlov-pass,"news article, forum post or web page of 2018-2026, still in copyright","news article, forum post or web page of 2018-2026, still in copyright","tass.ru, article of 2019-10-01 (search the site for the title in the file name)"
cases/dyatlov-pass/data/exhumation-2018/tvzvezda-ru_2018-04-27_udar-bolshoy-sily.txt,dyatlov-pass,"news article, forum post or web page of 2018-2026, still in copyright","news article, forum post or web page of 2018-2026, still in copyright","tvzvezda.ru, article of 2018-04-27 (search the site for the title in the file name)"
cases/dyatlov-pass/data/exhumation-2018/ura-news_2018-04-19_degterev-telo-propalo.txt,dyatlov-pass,"news article, forum post or web page of 2018-2026, still in copyright","news article, forum post or web page of 2018-2026, still in copyright","ura.news, article of 2018-04-19 (search the site for the title in the file name)"
cases/dyatlov-pass/data/exhumation-2018/ura-news_2018-05-16_dnk-drugoy-chelovek.txt,dyatlov-pass,"news article, forum post or web page of 2018-2026, still in copyright","news article, forum post or web page of 2018-2026, still in copyright","ura.news, article of 2018-05-16 (search the site for the title in the file name)"
cases/dyatlov-pass/data/exhumation-2018/ura-news_2018-05-17_sensatsiya-novoe-delo.txt,dyatlov-pass,"news article, forum post or web page of 2018-2026, still in copyright","news article, forum post or web page of 2018-2026, still in copyright","ura.news, article of 2018-05-17 (search the site for the title in the file name)"
cases/dyatlov-pass/data/exhumation-2018/ura-news_2026-06-02_rodnye-trebuyut-eksgumatsiyu.txt,dyatlov-pass,"news article, forum post or web page of 2018-2026, still in copyright","news article, forum post or web page of 2018-2026, still in copyright","ura.news, article of 2026-06-02 (search the site for the title in the file name)"
cases/dyatlov-pass/data/exhumation-2018/uralweb-ru_2018-04-20_fond-zayavlenie.txt,dyatlov-pass,"news article, forum post or web page of 2018-2026, still in copyright","news article, forum post or web page of 2018-2026, still in copyright","uralweb.ru, article of 2018-04-20 (search the site for the title in the file name)"
cases/dyatlov-pass/data/exhumation-2018/vesti-ru_2018-06_eksgumatsiya-dobavila-strannostey.txt,dyatlov-pass,"news article, forum post or web page of 2018-2026, still in copyright","news article, forum post or web page of 2018-2026, still in copyright","vesti.ru, article of 2018-06 (search the site for the title in the file name)"
cases/dyatlov-pass/data/exhumation-2018/vesti-ru_2019-10-01_fond-nezakonnaya-eksgumatsiya.txt,dyatlov-pass,"news article, forum post or web page of 2018-2026, still in copyright","news article, forum post or web page of 2018-2026, still in copyright","vesti.ru, article of 2019-10-01 (search the site for the title in the file name)"
cases/dyatlov-pass/data/exhumation-2018/zhurnal-lib-ru_undated_nagaev-tsinkovyy-grob.txt,dyatlov-pass,"news article, forum post or web page of 2018-2026, still in copyright","news article, forum post or web page of 2018-2026, still in copyright","zhurnal.lib.ru, article of undated (search the site for the title in the file name)"
cases/dyatlov-pass/data/karelin-avalanche-is-a-myth_dyatlovpass-com.txt,dyatlov-pass,"text copied from dyatlovpass.com, still in copyright","text copied from dyatlovpass.com, still in copyright",dyatlovpass.com: https://dyatlovpass.com/
cases/dyatlov-pass/data/louhi-et-al-byla-li-lavina_ru.txt,dyatlov-pass,article still in copyright,article still in copyright,https://dyatlovpass.com/louhi-dmitrievskaya-litvinova-ankudinov-ru
cases/dyatlov-pass/data/maslennikov-notebook-1_dyatlovpass-com.txt,dyatlov-pass,"text copied from dyatlovpass.com, still in copyright","text copied from dyatlovpass.com, still in copyright",dyatlovpass.com: https://dyatlovpass.com/
cases/dyatlov-pass/data/maslennikov-notebook-2_dyatlovpass-com.txt,dyatlov-pass,"text copied from dyatlovpass.com, still in copyright","text copied from dyatlovpass.com, still in copyright",dyatlovpass.com: https://dyatlovpass.com/
cases/dyatlov-pass/data/puzrin-gaume-2022-followup_dyatlovpass-com-mirror.txt,dyatlov-pass,"text copied from dyatlovpass.com, still in copyright","text copied from dyatlovpass.com, still in copyright",dyatlovpass.com: https://dyatlovpass.com/
cases/hannibal-alps/texts/abstracts_paywalled_papers_openalex.txt,hannibal-alps,"article, abstract set or web page still in copyright","article, abstract set or web page still in copyright","no URL recorded; the file name gives the source: ""abstracts paywalled papers openalex"""
cases/hannibal-alps/texts/berti_vollrath2026_pnas_energy_costs.xml,hannibal-alps,"article, abstract set or web page still in copyright","article, abstract set or web page still in copyright","no URL recorded; the file name gives the source: ""berti vollrath2026 pnas energy costs"""
cases/hannibal-alps/texts/degalbert2016_linkedin_C14_critique.html,hannibal-alps,"article, abstract set or web page still in copyright","article, abstract set or web page still in copyright","no URL recorded; the file name gives the source: ""degalbert2016 linkedin C14 critique"""
cases/hannibal-alps/texts/degalbert2016_linkedin_C14_critique.txt,hannibal-alps,"article, abstract set or web page still in copyright","article, abstract set or web page still in copyright","no URL recorded; the file name gives the source: ""degalbert2016 linkedin C14 critique"""
cases/hannibal-alps/texts/earth2016_trail_hannibals_army_elephants_alps.txt,hannibal-alps,"article, abstract set or web page still in copyright","article, abstract set or web page still in copyright","no URL recorded; the file name gives the source: ""earth2016 trail hannibals army elephants alps"""
cases/hannibal-alps/texts/earth_hannibals_trail_clues_geology.txt,hannibal-alps,"article, abstract set or web page still in copyright","article, abstract set or web page still in copyright","no URL recorded; the file name gives the source: ""earth hannibals trail clues geology"""
cases/hannibal-alps/texts/fiedler2025_frontiers_fecal_lipid_markers.txt,hannibal-alps,"article, abstract set or web page still in copyright","article, abstract set or web page still in copyright","no URL recorded; the file name gives the source: ""fiedler2025 frontiers fecal lipid markers"""
cases/hannibal-alps/texts/giguetcovex2019_srep_sedDNA.txt,hannibal-alps,"article, abstract set or web page still in copyright","article, abstract set or web page still in copyright","no URL recorded; the file name gives the source: ""giguetcovex2019 srep sedDNA"""
cases/hannibal-alps/texts/mahaney2014_MAA14_previous_landslide_zenodo14744.txt,hannibal-alps,"article, abstract set or web page still in copyright","article, abstract set or web page still in copyright","no URL recorded; the file name gives the source: ""mahaney2014 MAA14 previous landslide zenodo14744"""
cases/hannibal-alps/texts/mahaney2017_MAA17_magnetic_susceptibility_zenodo258081.txt,hannibal-alps,"article, abstract set or web page still in copyright","article, abstract set or web page still in copyright","no URL recorded; the file name gives the source: ""mahaney2017 MAA17 magnetic susceptibility zenodo258081"""
cases/hannibal-alps/texts/mahaney2017_archaeometry_partII_arcm12228.txt,hannibal-alps,"article, abstract set or web page still in copyright","article, abstract set or web page still in copyright","no URL recorded; the file name gives the source: ""mahaney2017 archaeometry partII arcm12228"""
cases/hannibal-alps/texts/mahaney2017_archaeometry_partI_arcm12231.txt,hannibal-alps,"article, abstract set or web page still in copyright","article, abstract set or web page still in copyright","no URL recorded; the file name gives the source: ""mahaney2017 archaeometry partI arcm12231"""
cases/hannibal-alps/texts/mahaney2020_hannibal_enigma_zenodo4007566.txt,hannibal-alps,"article, abstract set or web page still in copyright","article, abstract set or web page still in copyright","no URL recorded; the file name gives the source: ""mahaney2020 hannibal enigma zenodo4007566"""
cases/hannibal-alps/texts/mahaney2024_scientific_culture_polybius_zenodo8297673.txt,hannibal-alps,"article, abstract set or web page still in copyright","article, abstract set or web page still in copyright","no URL recorded; the file name gives the source: ""mahaney2024 scientific culture polybius zenodo8297673"""
cases/hannibal-alps/texts/mahaney2026_futile_route_quest_journalspress.txt,hannibal-alps,"article, abstract set or web page still in copyright","article, abstract set or web page still in copyright","no URL recorded; the file name gives the source: ""mahaney2026 futile route quest journalspress"""
cases/hannibal-alps/texts/pdf/mahaney2014_landslide_MAA.pdf,hannibal-alps,journal article still in copyright,journal article still in copyright,"no URL recorded; the file name gives the source: ""mahaney2014 landslide MAA"""
cases/hannibal-alps/texts/pdf/mahaney2017_magsus_MAA.pdf,hannibal-alps,journal article still in copyright,journal article still in copyright,"no URL recorded; the file name gives the source: ""mahaney2017 magsus MAA"""
cases/hannibal-alps/texts/pdf/mahaney2017_partII_qub.pdf,hannibal-alps,journal article still in copyright,journal article still in copyright,"no URL recorded; the file name gives the source: ""mahaney2017 partII qub"""
cases/hannibal-alps/texts/pdf/mahaney2017_partI_qub.pdf,hannibal-alps,journal article still in copyright,journal article still in copyright,"no URL recorded; the file name gives the source: ""mahaney2017 partI qub"""
cases/hannibal-alps/texts/pdf/mahaney2020_enigma_MAA.pdf,hannibal-alps,journal article still in copyright,journal article still in copyright,"no URL recorded; the file name gives the source: ""mahaney2020 enigma MAA"""
cases/hannibal-alps/texts/pdf/mahaney2023_scicult.pdf,hannibal-alps,journal article still in copyright,journal article still in copyright,"no URL recorded; the file name gives the source: ""mahaney2023 scicult"""
cases/hannibal-alps/texts/qub_news2016_hannibal_press_release.html,hannibal-alps,"article, abstract set or web page still in copyright","article, abstract set or web page still in copyright","no URL recorded; the file name gives the source: ""qub news2016 hannibal press release"""
cases/hannibal-alps/texts/qub_news2016_hannibal_press_release.txt,hannibal-alps,"article, abstract set or web page still in copyright","article, abstract set or web page still in copyright","no URL recorded; the file name gives the source: ""qub news2016 hannibal press release"""
cases/hannibal-alps/texts/scholarship/Connolly_Greece_and_Rome_at_War_ITALIAN_ed__Peter-Connolly-Greece-and-Rome-at-War_djvu.txt,hannibal-alps,book or article still in copyright,book or article still in copyright,"no URL recorded; the file name gives the source: ""Connolly Greece and Rome at War ITALIAN ed  Peter Connolly Greece and Rome at War djvu"""
cases/hannibal-alps/texts/scholarship/Goldsworthy_2007_Fall_of_Carthage_Punic_Wars__the-punic-wars-265-146bc_djvu.txt,hannibal-alps,book or article still in copyright,book or article still in copyright,"no URL recorded; the file name gives the source: ""Goldsworthy 2007 Fall of Carthage Punic Wars  the punic wars 265 146bc djvu"""
cases/hannibal-alps/texts/scholarship/Hornblower_2024_Hannibal_and_Scipio_Parallel_Lives__hannibal-and-scipio-parallel-lives_djvu.txt,hannibal-alps,book or article still in copyright,book or article still in copyright,"no URL recorded; the file name gives the source: ""Hornblower 2024 Hannibal and Scipio Parallel Lives  hannibal and scipio parallel lives djvu"""
cases/hannibal-alps/texts/scholarship/Hoyos_2015_Mastering_the_West__mastering-the-west-rome-and-carthage-at-war_djvu.txt,hannibal-alps,book or article still in copyright,book or article still in copyright,"no URL recorded; the file name gives the source: ""Hoyos 2015 Mastering the West  mastering the west rome and carthage at war djvu"""
cases/hannibal-alps/texts/scholarship/Mahaney_2026_Futile_Route_Quest_LJRHSS.pdf,hannibal-alps,book or article still in copyright,book or article still in copyright,"no URL recorded; the file name gives the source: ""Mahaney 2026 Futile Route Quest LJRHSS"""
cases/hannibal-alps/texts/scholarship/Mahaney_2026_Futile_Route_Quest_LJRHSS.txt,hannibal-alps,book or article still in copyright,book or article still in copyright,"no URL recorded; the file name gives the source: ""Mahaney 2026 Futile Route Quest LJRHSS"""
cases/hannibal-alps/texts/scholarship/OL_search_inside_snippets/1848_Hand_book_for_travellers_in_France_bein__handbookfortrav00lond.txt,hannibal-alps,"Open Library search-inside excerpts of books, many still in copyright","Open Library search-inside excerpts of books, many still in copyright","Internet Archive item ""Hand-book for travellers in France: being a guide to Normandy, Brittany; the rivers Loire,"" (1848): https://archive.org/details/handbookfortrav00lond"
cases/hannibal-alps/texts/scholarship/OL_search_inside_snippets/1848_Hand_book_for_travellers_in_France_bein__handbookfortrave00unse_2.txt,hannibal-alps,"Open Library search-inside excerpts of books, many still in copyright","Open Library search-inside excerpts of books, many still in copyright",Open Library search-inside excerpts of Internet Archive item handbookfortrave00unse: https://archive.org/details/handbookfortrave00unse
cases/hannibal-alps/texts/scholarship/OL_search_inside_snippets/1854_Handbook_for_travellers_in_France_bein__handbookfort00lond.txt,hannibal-alps,"Open Library search-inside excerpts of books, many still in copyright","Open Library search-inside excerpts of books, many still in copyright","Internet Archive item ""Handbook for travellers in France : being a guide to Normandy, Brittany, the Rivers Seine,"" (1854): https://archive.org/details/handbookfort00lond"
cases/hannibal-alps/texts/scholarship/OL_search_inside_snippets/1907_Roman_documents_and_decrees__romandocumentsde0007unse.txt,hannibal-alps,"Open Library search-inside excerpts of books, many still in copyright","Open Library search-inside excerpts of books, many still in copyright","Internet Archive item ""Roman documents and decrees"" (1907): https://archive.org/details/romandocumentsde0007unse"
cases/hannibal-alps/texts/scholarship/OL_search_inside_snippets/1914_Historicum_Romanorum_reliquiae__historicumromano0000unse_h6b8.txt,hannibal-alps,"Open Library search-inside excerpts of books, many still in copyright","Open Library search-inside excerpts of books, many still in copyright","Internet Archive item ""Historicum Romanorum reliquiae"" (1914): https://archive.org/details/historicumromano0000unse"
cases/hannibal-alps/texts/scholarship/OL_search_inside_snippets/1922_Die_schweizerischen_Alpenstrassen__alpenstrassen0000unse.txt,hannibal-alps,"Open Library search-inside excerpts of books, many still in copyright","Open Library search-inside excerpts of books, many still in copyright","Internet Archive item ""Die schweizerischen Alpenstrassen"" (1922): https://archive.org/details/alpenstrassen0000unse"
cases/hannibal-alps/texts/scholarship/OL_search_inside_snippets/1930_The_Cambridge_ancient_history_Vol_8__cambridgeancient0008unse.txt,hannibal-alps,"Open Library search-inside excerpts of books, many still in copyright","Open Library search-inside excerpts of books, many still in copyright","Internet Archive item ""The Cambridge ancient history / Vol. 8, Rome and the Mediterranean, 218-133 B.C"" (1930): https://archive.org/details/cambridgeancient0008unse"
cases/hannibal-alps/texts/scholarship/OL_search_inside_snippets/1961_Gibbon_s_Journey_from_Geneva_to_Rome__gibbonsjourneyfr0000unse_g3q8.txt,hannibal-alps,"Open Library search-inside excerpts of books, many still in copyright","Open Library search-inside excerpts of books, many still in copyright","Internet Archive item ""gibbon's journey from geneva to rome"" (1961): https://archive.org/details/gibbonsjourneyfr0000unse"
cases/hannibal-alps/texts/scholarship/OL_search_inside_snippets/1965_The_War_with_Hannibal_The_History_of_Ro__warwithhannibalh0000unse.txt,hannibal-alps,"Open Library search-inside excerpts of books, many still in copyright","Open Library search-inside excerpts of books, many still in copyright","Internet Archive item ""The War with Hannibal: The History of Rome from Its Foundation, Books XXI-XXX   by Titus L"" (1965): https://archive.org/details/warwithhannibalh0000unse"
cases/hannibal-alps/texts/scholarship/OL_search_inside_snippets/1968_Greece_and_Rome_builders_of_our_world__greeceromebuilde0000unse_q0v4.txt,hannibal-alps,"Open Library search-inside excerpts of books, many still in copyright","Open Library search-inside excerpts of books, many still in copyright","Internet Archive item ""greece and rome builders of our world"" (): https://archive.org/details/greeceromebuilde0000unse"
cases/hannibal-alps/texts/scholarship/OL_search_inside_snippets/1971_Bibliografia_di_storia_antica_e_diritto__bibliografiadist0000unse.txt,hannibal-alps,"Open Library search-inside excerpts of books, many still in copyright","Open Library search-inside excerpts of books, many still in copyright","Internet Archive item ""Bibliografia di storia antica e diritto romano"" (1971): https://archive.org/details/bibliografiadist0000unse"
cases/hannibal-alps/texts/scholarship/OL_search_inside_snippets/1977_Rho_ne_Alpes__rhonealpes0000unse.txt,hannibal-alps,"Open Library search-inside excerpts of books, many still in copyright","Open Library search-inside excerpts of books, many still in copyright","Internet Archive item ""Rhône-Alpes"" (1977): https://archive.org/details/rhonealpes0000unse"
cases/hannibal-alps/texts/scholarship/OL_search_inside_snippets/1978_Northern_Italy_from_the_Alps_to_Rome__northernitalyfro0000unse_o1q5.txt,hannibal-alps,"Open Library search-inside excerpts of books, many still in copyright","Open Library search-inside excerpts of books, many still in copyright","Internet Archive item ""Northern Italy : from the Alps to Rome"" (1985): https://archive.org/details/northernitalyfro0000unse"
cases/hannibal-alps/texts/scholarship/OL_search_inside_snippets/1980_Who_was_who_in_the_Roman_world_753_BC_A__whowaswhoinroman0000unse_f9b7.txt,hannibal-alps,"Open Library search-inside excerpts of books, many still in copyright","Open Library search-inside excerpts of books, many still in copyright","Internet Archive item ""Who was who in the Roman world"" (1984): https://archive.org/details/whowaswhoinroman0000unse"
cases/hannibal-alps/texts/scholarship/OL_search_inside_snippets/1981_Two_centuries_of_Roman_poetry_extracts__twocenturiesofro0000unse.txt,hannibal-alps,"Open Library search-inside excerpts of books, many still in copyright","Open Library search-inside excerpts of books, many still in copyright","Internet Archive item ""Two centuries of Roman poetry : extracts from Lucretius, Catullus, Virgil, Horace, Ovid, M"" (1981): https://archive.org/details/twocenturiesofro0000unse"
cases/hannibal-alps/texts/scholarship/OL_search_inside_snippets/1982_Romanitas_christianitas_Untersuchunge__romanitaschristi0000unse.txt,hannibal-alps,"Open Library search-inside excerpts of books, many still in copyright","Open Library search-inside excerpts of books, many still in copyright","Internet Archive item ""Romanitas, christianitas : Untersuchungen zur Geschichte und Literatur der römischen Kais"" (1982): https://archive.org/details/romanitaschristi0000unse"
cases/hannibal-alps/texts/scholarship/OL_search_inside_snippets/1986_Alpine_Journal_1986_Ed_J_Fairley__alpinejournal1980000unse.txt,hannibal-alps,"Open Library search-inside excerpts of books, many still in copyright","Open Library search-inside excerpts of books, many still in copyright","Internet Archive item ""Alpine Journal. 1986. Ed. J. Fairley"" (1986): https://archive.org/details/alpinejournal1980000unse"
cases/hannibal-alps/texts/scholarship/OL_search_inside_snippets/1987_Carthage_a_mosaic_of_ancient_Tunisia__carthagemosaicof0000unse.txt,hannibal-alps,"Open Library search-inside excerpts of books, many still in copyright","Open Library search-inside excerpts of books, many still in copyright","Internet Archive item ""Carthage : a mosaic of ancient Tunisia"" (1987): https://archive.org/details/carthagemosaicof0000unse"
cases/hannibal-alps/texts/scholarship/OL_search_inside_snippets/1987_Ecce_Romani__ecceromani0000unse.txt,hannibal-alps,"Open Library search-inside excerpts of books, many still in copyright","Open Library search-inside excerpts of books, many still in copyright","Internet Archive item ""Ecce Romani"" (1987): https://archive.org/details/ecceromani0000unse"
cases/hannibal-alps/texts/scholarship/OL_search_inside_snippets/1988_Alpes_du_Sud_Haute_Provence__alpesdusudhautep0000unse_u2y0.txt,hannibal-alps,"Open Library search-inside excerpts of books, many still in copyright","Open Library search-inside excerpts of books, many still in copyright","Internet Archive item ""Alpes du Sud, Haute-Provence"" (2000): https://archive.org/details/alpesdusudhautep0000unse"
cases/hannibal-alps/texts/scholarship/OL_search_inside_snippets/1988_Greeks_Romans_and_Barbarians_Spheres_o__bwb_KS-268-358.txt,hannibal-alps,"Open Library search-inside excerpts of books, many still in copyright","Open Library search-inside excerpts of books, many still in copyright",Open Library search-inside excerpts of Internet Archive item bwb_KS-268-358: https://archive.org/details/bwb_KS-268-358
cases/hannibal-alps/texts/scholarship/OL_search_inside_snippets/1989_The_Roman_world__romanworld0000unse.txt,hannibal-alps,"Open Library search-inside excerpts of books, many still in copyright","Open Library search-inside excerpts of books, many still in copyright","Internet Archive item ""The Roman world"" (1989): https://archive.org/details/romanworld0000unse"
cases/hannibal-alps/texts/scholarship/OL_search_inside_snippets/1991_Provence_Alpes_Co_te_d_Azur__provencealpescot0000unse.txt,hannibal-alps,"Open Library search-inside excerpts of books, many still in copyright","Open Library search-inside excerpts of books, many still in copyright","Internet Archive item ""Provence, Alpes, Côte d'Azur"" (1991): https://archive.org/details/provencealpescot0000unse"
cases/hannibal-alps/texts/scholarship/OL_search_inside_snippets/1992_Der_grosse_ADAC_Alpenfu_hrer_die_scho_ns__dergrosseadacalp0000unse.txt,hannibal-alps,"Open Library search-inside excerpts of books, many still in copyright","Open Library search-inside excerpts of books, many still in copyright","Internet Archive item ""Der grosse ADAC-Alpenführer die schönsten Ziele in den Bergen entdecken und erleben ; [a"" (1992): https://archive.org/details/dergrosseadacalp0000unse"
cases/hannibal-alps/texts/scholarship/OL_search_inside_snippets/1994_Alpes_du_Nord_Savoie_Dauphine__alpesdunordsavoi0000unse_l0k6.txt,hannibal-alps,"Open Library search-inside excerpts of books, many still in copyright","Open Library search-inside excerpts of books, many still in copyright","Internet Archive item ""Alpes du Nord : Savoie-Dauphiné"" (1991): https://archive.org/details/alpesdunordsavoi0000unse"
cases/hannibal-alps/texts/scholarship/OL_search_inside_snippets/1994_From_Hannibal_to_Saint_Augustine_ancie__fromhannibaltosa0000unse.txt,hannibal-alps,"Open Library search-inside excerpts of books, many still in copyright","Open Library search-inside excerpts of books, many still in copyright","Internet Archive item ""From Hannibal to Saint Augustine : ancient art of North Africa from the Musée du Louvre"" (1994): https://archive.org/details/fromhannibaltosa0000unse"
cases/hannibal-alps/texts/scholarship/OL_search_inside_snippets/1994_Studien_zur_Alpengeschichte_in_antiker_Z__studienzuralpeng0000unse.txt,hannibal-alps,"Open Library search-inside excerpts of books, many still in copyright","Open Library search-inside excerpts of books, many still in copyright","Internet Archive item ""Studien zur Alpengeschichte in antiker Zeit"" (1994): https://archive.org/details/studienzuralpeng0000unse"
cases/hannibal-alps/texts/scholarship/OL_search_inside_snippets/1995_Das_grosse_ADAC_Alpenbuch__dasgrosseadacalp0000unse.txt,hannibal-alps,"Open Library search-inside excerpts of books, many still in copyright","Open Library search-inside excerpts of books, many still in copyright","Internet Archive item ""Das grosse ADAC-Alpenbuch"" (1995): https://archive.org/details/dasgrosseadacalp0000unse"
cases/hannibal-alps/texts/scholarship/OL_search_inside_snippets/1998_Camargue_Alpilles_Montagnette__camarguealpilles0000unse.txt,hannibal-alps,"Open Library search-inside excerpts of books, many still in copyright","Open Library search-inside excerpts of books, many still in copyright","Internet Archive item ""Camargue : Alpilles, Montagnette"" (1998): https://archive.org/details/camarguealpilles0000unse"
cases/hannibal-alps/texts/scholarship/OL_search_inside_snippets/1998_Cultural_identity_in_the_Roman_Empire__culturalidentity0000unse_m1g5.txt,hannibal-alps,"Open Library search-inside excerpts of books, many still in copyright","Open Library search-inside excerpts of books, many still in copyright","Internet Archive item ""Cultural identity and educational policy"" (1985): https://archive.org/details/culturalidentity0000unse"
cases/hannibal-alps/texts/scholarship/OL_search_inside_snippets/1998_The_historians_of_ancient_Rome__historiansofanci0000unse.txt,hannibal-alps,"Open Library search-inside excerpts of books, many still in copyright","Open Library search-inside excerpts of books, many still in copyright","Internet Archive item ""The historians of ancient Rome"" (1998): https://archive.org/details/historiansofanci0000unse"
cases/hannibal-alps/texts/scholarship/OL_search_inside_snippets/1999_Alpes_Dauphine_Ise_re_1999_2000__alpesdauphineise0000unse.txt,hannibal-alps,"Open Library search-inside excerpts of books, many still in copyright","Open Library search-inside excerpts of books, many still in copyright","Internet Archive item ""Alpes, Dauphiné, Isère : 1999/2000"" (1999): https://archive.org/details/alpesdauphineise0000unse"
cases/hannibal-alps/texts/scholarship/OL_search_inside_snippets/2000_Alpes_du_Sud_Haute_Provence__alpesdusudhautep0000unse.txt,hannibal-alps,"Open Library search-inside excerpts of books, many still in copyright","Open Library search-inside excerpts of books, many still in copyright","Internet Archive item ""Alpes du Sud, Haute-Provence"" (2000): https://archive.org/details/alpesdusudhautep0000unse"
cases/hannibal-alps/texts/scholarship/OL_search_inside_snippets/2000_Map_by_map_directory_to_accompany_Barr__isbn_0691049459_1.txt,hannibal-alps,"Open Library search-inside excerpts of books, many still in copyright","Open Library search-inside excerpts of books, many still in copyright",Open Library search-inside excerpts of Internet Archive item isbn_0691049459: https://archive.org/details/isbn_0691049459
cases/hannibal-alps/texts/scholarship/OL_search_inside_snippets/2002_The_rise_of_the_Roman_Empire__riseofromanempir0000unse.txt,hannibal-alps,"Open Library search-inside excerpts of books, many still in copyright","Open Library search-inside excerpts of books, many still in copyright","Internet Archive item ""The rise of the Roman Empire"" (2002): https://archive.org/details/riseofromanempir0000unse"
cases/hannibal-alps/texts/scholarship/OL_search_inside_snippets/2002_The_rise_of_the_Roman_Empire__riseofromanempir0000unse_c3j2.txt,hannibal-alps,"Open Library search-inside excerpts of books, many still in copyright","Open Library search-inside excerpts of books, many still in copyright","Internet Archive item ""The rise of the Roman Empire"" (2002): https://archive.org/details/riseofromanempir0000unse"
cases/hannibal-alps/texts/scholarship/OL_search_inside_snippets/2004_Alpes__alpes0000unse_c1e5.txt,hannibal-alps,"Open Library search-inside excerpts of books, many still in copyright","Open Library search-inside excerpts of books, many still in copyright","Internet Archive item ""Alpes"" (2006): https://archive.org/details/alpes0000unse"
cases/hannibal-alps/texts/scholarship/OL_search_inside_snippets/2004_The_Cambridge_Companion_to_the_Roman_Rep__cambridgecompani0000unse_s0h2.txt,hannibal-alps,"Open Library search-inside excerpts of books, many still in copyright","Open Library search-inside excerpts of books, many still in copyright","Internet Archive item ""The Cambridge companion to travel writing"" (2002): https://archive.org/details/cambridgecompani0000unse"
cases/hannibal-alps/texts/scholarship/OL_search_inside_snippets/2006_Alpes__alpes0000unse.txt,hannibal-alps,"Open Library search-inside excerpts of books, many still in copyright","Open Library search-inside excerpts of books, many still in copyright","Internet Archive item ""Alpes"" (2006): https://archive.org/details/alpes0000unse"
cases/hannibal-alps/texts/scholarship/OL_search_inside_snippets/2006_Alpes_du_Sud_Haute_Provence__alpesdusudhautep0000unse_q0h4.txt,hannibal-alps,"Open Library search-inside excerpts of books, many still in copyright","Open Library search-inside excerpts of books, many still in copyright","Internet Archive item ""Alpes du Sud, Haute-Provence"" (2000): https://archive.org/details/alpesdusudhautep0000unse"
cases/hannibal-alps/texts/scholarship/OL_search_inside_snippets/2011_Carthage_must_be_destroyed__isbn_9780141018096.txt,hannibal-alps,"Open Library search-inside excerpts of books, many still in copyright","Open Library search-inside excerpts of books, many still in copyright",Open Library search-inside excerpts of Internet Archive item isbn: https://archive.org/details/isbn
cases/hannibal-alps/texts/scholarship/OL_search_inside_snippets/2011_French_Alps__frenchalps0000unse_n1f3.txt,hannibal-alps,"Open Library search-inside excerpts of books, many still in copyright","Open Library search-inside excerpts of books, many still in copyright","Internet Archive item ""French Alps"" (2007): https://archive.org/details/frenchalps0000unse"
cases/hannibal-alps/texts/scholarship/OL_search_inside_snippets/2012_French_Alps__frenchalps0000unse_u8x5.txt,hannibal-alps,"Open Library search-inside excerpts of books, many still in copyright","Open Library search-inside excerpts of books, many still in copyright","Internet Archive item ""French Alps"" (2007): https://archive.org/details/frenchalps0000unse"
cases/hannibal-alps/texts/scholarship/OL_search_inside_snippets/2014_The_Cambridge_Companion_to_the_Roman_Rep__cambridgecompani0000unse_a6s6.txt,hannibal-alps,"Open Library search-inside excerpts of books, many still in copyright","Open Library search-inside excerpts of books, many still in copyright","Internet Archive item ""The Cambridge companion to travel writing"" (2002): https://archive.org/details/cambridgecompani0000unse"
cases/hannibal-alps/texts/scholarship/OL_search_inside_snippets/2016_Conflict_in_ancient_Greece_and_Rome_th__conflictinancien0001unse.txt,hannibal-alps,"Open Library search-inside excerpts of books, many still in copyright","Open Library search-inside excerpts of books, many still in copyright","Internet Archive item ""Conflict in ancient Greece and Rome : the definitive political, social, and military encyc"" (2016): https://archive.org/details/conflictinancien0001unse"
cases/hannibal-alps/texts/scholarship/OL_search_inside_snippets/A_handbook_for_travellers_in_France_be__handbookfortrave00unse_9.txt,hannibal-alps,"Open Library search-inside excerpts of books, many still in copyright","Open Library search-inside excerpts of books, many still in copyright",Open Library search-inside excerpts of Internet Archive item handbookfortrave00unse: https://archive.org/details/handbookfortrave00unse
cases/hannibal-alps/texts/scholarship/OL_search_inside_snippets/Adolf_Vollmer_1872_Quaeritur_unde_belli_Punici_secundi_scri__quaeriturundebe01vollgoog.txt,hannibal-alps,"Open Library search-inside excerpts of books, many still in copyright","Open Library search-inside excerpts of books, many still in copyright",Open Library search-inside excerpts of Internet Archive item quaeriturundebe01vollgoog: https://archive.org/details/quaeriturundebe01vollgoog
cases/hannibal-alps/texts/scholarship/OL_search_inside_snippets/Adolfus_Vollmerus_1872_Quaeritur_unde_belli_punici_secundi_scri__quaeriturundebe00vollgoog.txt,hannibal-alps,"Open Library search-inside excerpts of books, many still in copyright","Open Library search-inside excerpts of books, many still in copyright",Open Library search-inside excerpts of Internet Archive item quaeriturundebe00vollgoog: https://archive.org/details/quaeriturundebe00vollgoog
cases/hannibal-alps/texts/scholarship/OL_search_inside_snippets/Agricol_Joseph_Fran_ois_F_1821_Dissertation_sur_le_passage_du_Rhone_et__dissertationsur00durgoog.txt,hannibal-alps,"Open Library search-inside excerpts of books, many still in copyright","Open Library search-inside excerpts of books, many still in copyright",Open Library search-inside excerpts of Internet Archive item dissertationsur00durgoog: https://archive.org/details/dissertationsur00durgoog
cases/hannibal-alps/texts/scholarship/OL_search_inside_snippets/Aicha_David_Soren_edit_1987_Carthage_A_Mosiac_of_Ancient_Tunisia__bwb_06-CZX-752.txt,hannibal-alps,"Open Library search-inside excerpts of books, many still in copyright","Open Library search-inside excerpts of books, many still in copyright",Open Library search-inside excerpts of Internet Archive item bwb_06-CZX-752: https://archive.org/details/bwb_06-CZX-752
cases/hannibal-alps/texts/scholarship/OL_search_inside_snippets/Alban_s_Joseph_Hyacinthe_1899_Gallia_christiana_novissima_histoire_d__galliachristiana01albauoft.txt,hannibal-alps,"Open Library search-inside excerpts of books, many still in copyright","Open Library search-inside excerpts of books, many still in copyright",Open Library search-inside excerpts of Internet Archive item galliachristiana01albauoft: https://archive.org/details/galliachristiana01albauoft
cases/hannibal-alps/texts/scholarship/OL_search_inside_snippets/Allcroft_Arthur_Hadrian_The_early_Principate_a_history_of_Rome__earlyprincipateh00allcuoft.txt,hannibal-alps,"Open Library search-inside excerpts of books, many still in copyright","Open Library search-inside excerpts of books, many still in copyright",Open Library search-inside excerpts of Internet Archive item earlyprincipateh00allcuoft: https://archive.org/details/earlyprincipateh00allcuoft
cases/hannibal-alps/texts/scholarship/OL_search_inside_snippets/Alpes_Hautes_France_D_1913_Inventaire_sommaire_des_Archives_de_part__inventairesomma01hautgoog.txt,hannibal-alps,"Open Library search-inside excerpts of books, many still in copyright","Open Library search-inside excerpts of books, many still in copyright",Open Library search-inside excerpts of Internet Archive item inventairesomma01hautgoog: https://archive.org/details/inventairesomma01hautgoog
cases/hannibal-alps/texts/scholarship/OL_search_inside_snippets/Alpes_du_Nord_Savoie_Dauphine__alpesdunordsavoi0000unse.txt,hannibal-alps,"Open Library search-inside excerpts of books, many still in copyright","Open Library search-inside excerpts of books, many still in copyright","Internet Archive item ""Alpes du Nord : Savoie-Dauphiné"" (1991): https://archive.org/details/alpesdunordsavoi0000unse"
cases/hannibal-alps/texts/scholarship/OL_search_inside_snippets/Alpine_Club_London_Engl_1862_Peaks_passes_and_glaciers_being_excu__peakspassesandg01kenngoog.txt,hannibal-alps,"Open Library search-inside excerpts of books, many still in copyright","Open Library search-inside excerpts of books, many still in copyright",Open Library search-inside excerpts of Internet Archive item peakspassesandg01kenngoog: https://archive.org/details/peakspassesandg01kenngoog
cases/hannibal-alps/texts/scholarship/OL_search_inside_snippets/Alpine_Club_London_Engl_1982_Alpine_Club_Library_catalogue__alpineclublibrar0000alpi.txt,hannibal-alps,"Open Library search-inside excerpts of books, many still in copyright","Open Library search-inside excerpts of books, many still in copyright","Internet Archive item ""Alpine Club Library catalogue"" (1982): https://archive.org/details/alpineclublibrar0000alpi"
cases/hannibal-alps/texts/scholarship/OL_search_inside_snippets/American_Alpine_Club_2000_American_Alpine_Journal_1988__isbn_9780930410339.txt,hannibal-alps,"Open Library search-inside excerpts of books, many still in copyright","Open Library search-inside excerpts of books, many still in copyright",Open Library search-inside excerpts of Internet Archive item isbn: https://archive.org/details/isbn
cases/hannibal-alps/texts/scholarship/OL_search_inside_snippets/Ammianus_Marcellinus_1862_The_Roman_history_of_Ammianus_Marcellinu__romanhistoryofam00ammiiala.txt,hannibal-alps,"Open Library search-inside excerpts of books, many still in copyright","Open Library search-inside excerpts of books, many still in copyright",Open Library search-inside excerpts of Internet Archive item romanhistoryofam00ammiiala: https://archive.org/details/romanhistoryofam00ammiiala
cases/hannibal-alps/texts/scholarship/OL_search_inside_snippets/Ammianus_Marcellinus_1894_The_Roman_history_of_Ammianus_Marcellinu__romanhistoryof00ammiiala.txt,hannibal-alps,"Open Library search-inside excerpts of books, many still in copyright","Open Library search-inside excerpts of books, many still in copyright",Open Library search-inside excerpts of Internet Archive item romanhistoryof00ammiiala: https://archive.org/details/romanhistoryof00ammiiala
cases/hannibal-alps/texts/scholarship/OL_search_inside_snippets/Ammianus_Marcellinus_1902_The_Roman_history_of_Ammianus_Marcellinu__romanhistoryofam00ammiuoft.txt,hannibal-alps,"Open Library search-inside excerpts of books, many still in copyright","Open Library search-inside excerpts of books, many still in copyright",Open Library search-inside excerpts of Internet Archive item romanhistoryofam00ammiuoft: https://archive.org/details/romanhistoryofam00ammiuoft
cases/hannibal-alps/texts/scholarship/OL_search_inside_snippets/Anderson_Poul_1926_2001_1997_Die_Chroniken_der_Zeitpatrouille_Roman__diechronikenderz0000ande.txt,hannibal-alps,"Open Library search-inside excerpts of books, many still in copyright","Open Library search-inside excerpts of books, many still in copyright","Internet Archive item ""Die Chroniken der Zeitpatrouille Roman"" (1997): https://archive.org/details/diechronikenderz0000ande"
cases/hannibal-alps/texts/scholarship/OL_search_inside_snippets/Andrew_Haggard_1898_Hannibal_s_Daughter__hannibalsdaught00hagggoog.txt,hannibal-alps,"Open Library search-inside excerpts of books, many still in copyright","Open Library search-inside excerpts of books, many still in copyright",Open Library search-inside excerpts of Internet Archive item hannibalsdaught00hagggoog: https://archive.org/details/hannibalsdaught00hagggoog
cases/hannibal-alps/texts/scholarship/OL_search_inside_snippets/Anglade_Jean_1915_2010_Une_vie_en_rouge_et_bleu_roman__unevieenrougeetb0000angl.txt,hannibal-alps,"Open Library search-inside excerpts of books, many still in copyright","Open Library search-inside excerpts of books, many still in copyright","Internet Archive item ""Une vie en rouge et bleu : roman"" (2010): https://archive.org/details/unevieenrougeetb0000angl"
cases/hannibal-alps/texts/scholarship/OL_search_inside_snippets/Anglade_Jean_1915_2017_1989_La_dame_aux_ronces_roman__ladameauxroncesr0000angl.txt,hannibal-alps,"Open Library search-inside excerpts of books, many still in copyright","Open Library search-inside excerpts of books, many still in copyright","Internet Archive item ""La dame aux ronces : [roman]"" (1989): https://archive.org/details/ladameauxroncesr0000angl"
cases/hannibal-alps/texts/scholarship/OL_search_inside_snippets/Anthon_Charles_1797_186_1851_A_classical_dictionary_containing_an_ac__classicaldiction00anth.txt,hannibal-alps,"Open Library search-inside excerpts of books, many still in copyright","Open Library search-inside excerpts of books, many still in copyright","Internet Archive item ""A classical dictionary: containing an account of the principal proper names mentioned in a"" (1851): https://archive.org/details/classicaldiction00anth"
cases/hannibal-alps/texts/scholarship/OL_search_inside_snippets/Anthon_Charles_1797_186_1852_A_classical_dictionary_containing_an_ac__classicaldiction00anth_0.txt,hannibal-alps,"Open Library search-inside excerpts of books, many still in copyright","Open Library search-inside excerpts of books, many still in copyright","Internet Archive item ""A classical dictionary: containing an account of the principal proper names mentioned in a"" (1851): https://archive.org/details/classicaldiction00anth"
cases/hannibal-alps/texts/scholarship/OL_search_inside_snippets/Anthon_Charles_1797_186_1860_A_new_classical_dictionary_of_Greek_and__newclassicaldict00anthiala.txt,hannibal-alps,"Open Library search-inside excerpts of books, many still in copyright","Open Library search-inside excerpts of books, many still in copyright",Open Library search-inside excerpts of Internet Archive item newclassicaldict00anthiala: https://archive.org/details/newclassicaldict00anthiala
cases/hannibal-alps/texts/scholarship/OL_search_inside_snippets/Anville_Jean_Baptiste_Bo_1760_Notice_de_l_ancienne_Gaule_tire_e_des_m__noticedelancien00anvigoog.txt,hannibal-alps,"Open Library search-inside excerpts of books, many still in copyright","Open Library search-inside excerpts of books, many still in copyright",Open Library search-inside excerpts of Internet Archive item noticedelancien00anvigoog: https://archive.org/details/noticedelancien00anvigoog
cases/hannibal-alps/texts/scholarship/OL_search_inside_snippets/Appianus_of_Alexandria_1899_The_Roman_history_Translated_from_the_G__romanhistorytran01appiuoft.txt,hannibal-alps,"Open Library search-inside excerpts of books, many still in copyright","Open Library search-inside excerpts of books, many still in copyright",Open Library search-inside excerpts of Internet Archive item romanhistorytran01appiuoft: https://archive.org/details/romanhistorytran01appiuoft
cases/hannibal-alps/texts/scholarship/OL_search_inside_snippets/Appianus_of_Alexandria_1912_Appian_s_Roman_history__appiansromanhist01appi.txt,hannibal-alps,"Open Library search-inside excerpts of books, many still in copyright","Open Library search-inside excerpts of books, many still in copyright","Internet Archive item ""Appian's Roman history"" ([1912-1913]): https://archive.org/details/appiansromanhist01appi"
cases/hannibal-alps/texts/scholarship/OL_search_inside_snippets/Appianus_of_Alexandria_Appian_s_Roman_history_with_an_English__appiansromanhist0001appi.txt,hannibal-alps,"Open Library search-inside excerpts of books, many still in copyright","Open Library search-inside excerpts of books, many still in copyright","Internet Archive item ""Appian's Roman history : with an English translation by Horace White"" (1912): https://archive.org/details/appiansromanhist0001appi"
cases/hannibal-alps/texts/scholarship/OL_search_inside_snippets/Archives_de_partementales_1913_Inventaire_sommaire_des_Archives_de_part__inventairesomma03hautgoog.txt,hannibal-alps,"Open Library search-inside excerpts of books, many still in copyright","Open Library search-inside excerpts of books, many still in copyright",Open Library search-inside excerpts of Internet Archive item inventairesomma03hautgoog: https://archive.org/details/inventairesomma03hautgoog
cases/hannibal-alps/texts/scholarship/OL_search_inside_snippets/Ardito_Stefano_1954_1995_Walking_climbing_in_the_Alps_a_guide__walkingclimbingi0000ardi.txt,hannibal-alps,"Open Library search-inside excerpts of books, many still in copyright","Open Library search-inside excerpts of books, many still in copyright","Internet Archive item ""Walking & climbing in the Alps : a guide to the finest routes"" (1995): https://archive.org/details/walkingclimbingi0000ardi"
cases/hannibal-alps/texts/scholarship/OL_search_inside_snippets/Arnold_Thomas_1795_1842_1846_The_history_of_Rome__historyofrome0002arno.txt,hannibal-alps,"Open Library search-inside excerpts of books, many still in copyright","Open Library search-inside excerpts of books, many still in copyright","Internet Archive item ""The history of Rome"" (1846): https://archive.org/details/historyofrome0002arno"
cases/hannibal-alps/texts/scholarship/OL_search_inside_snippets/Arnold_Thomas_1795_1842_1851_History_of_Rome__historyofrome00arno.txt,hannibal-alps,"Open Library search-inside excerpts of books, many still in copyright","Open Library search-inside excerpts of books, many still in copyright","Internet Archive item ""History of Rome"" (1851): https://archive.org/details/historyofrome00arno"
cases/hannibal-alps/texts/scholarship/OL_search_inside_snippets/Arnold_Thomas_1795_1842_1861_History_of_Rome__historyofrom00arno.txt,hannibal-alps,"Open Library search-inside excerpts of books, many still in copyright","Open Library search-inside excerpts of books, many still in copyright","Internet Archive item ""History of Rome"" (1861): https://archive.org/details/historyofrom00arno"
cases/hannibal-alps/texts/scholarship/OL_search_inside_snippets/Arnold_Thomas_1795_1842_1866_The_history_of_Rome_Reprinted_entire_fr__historyrome17arnogoog.txt,hannibal-alps,"Open Library search-inside excerpts of books, many still in copyright","Open Library search-inside excerpts of books, many still in copyright",Open Library search-inside excerpts of Internet Archive item historyrome17arnogoog: https://archive.org/details/historyrome17arnogoog
cases/hannibal-alps/texts/scholarship/OL_search_inside_snippets/Arnold_Thomas_1795_1842_1886_The_Second_Punic_War_being_chapters_of__secondpunicwarbe00arno.txt,hannibal-alps,"Open Library search-inside excerpts of books, many still in copyright","Open Library search-inside excerpts of books, many still in copyright","Internet Archive item ""The Second Punic War, being chapters of the history of Rome. Edited by William T. Arnold"" (1886): https://archive.org/details/secondpunicwarbe00arno"
cases/hannibal-alps/texts/scholarship/OL_search_inside_snippets/Arnold_Thomas_1795_1842_History_of_Rome__historyofrome003arno.txt,hannibal-alps,"Open Library search-inside excerpts of books, many still in copyright","Open Library search-inside excerpts of books, many still in copyright","Internet Archive item ""History of Rome"" (1838): https://archive.org/details/historyofrome003arno"
cases/hannibal-alps/texts/scholarship/OL_search_inside_snippets/Arnold_Thomas_1795_1842_The_history_of_Rome__historyofrome00arnorich.txt,hannibal-alps,"Open Library search-inside excerpts of books, many still in copyright","Open Library search-inside excerpts of books, many still in copyright","Internet Archive item ""History of Rome"" (1851): https://archive.org/details/historyofrome00arno"
cases/hannibal-alps/texts/scholarship/OL_search_inside_snippets/Arnott_Peter_D_Illustr_1970_AN_INTRODUCTION_TO_THE_ROMAN_WORLD__introductiontoro0000arno.txt,hannibal-alps,"Open Library search-inside excerpts of books, many still in copyright","Open Library search-inside excerpts of books, many still in copyright","Internet Archive item ""AN INTRODUCTION TO THE ROMAN WORLD"" (1970-01-01): https://archive.org/details/introductiontoro0000arno"
cases/hannibal-alps/texts/scholarship/OL_search_inside_snippets/Arnott_Peter_D_The_Romans_and_their_world__romanstheirworld00arno.txt,hannibal-alps,"Open Library search-inside excerpts of books, many still in copyright","Open Library search-inside excerpts of books, many still in copyright","Internet Archive item ""The Romans and their world"" (1970): https://archive.org/details/romanstheirworld00arno"
cases/hannibal-alps/texts/scholarship/OL_search_inside_snippets/Azan_Paul_1902_Annibal_dans_les_Alpes__annibaldanslesal00azan.txt,hannibal-alps,"Open Library search-inside excerpts of books, many still in copyright","Open Library search-inside excerpts of books, many still in copyright","Internet Archive item ""Annibal dans les Alpes"" (1902): https://archive.org/details/annibaldanslesal00azan"
cases/hannibal-alps/texts/scholarship/OL_search_inside_snippets/Azan_Paul_Jean_Louis_18_1902_Annibal_dans_les_Alpes__annibaldanslesa00azangoog.txt,hannibal-alps,"Open Library search-inside excerpts of books, many still in copyright","Open Library search-inside excerpts of books, many still in copyright",Open Library search-inside excerpts of Internet Archive item annibaldanslesa00azangoog: https://archive.org/details/annibaldanslesa00azangoog
cases/hannibal-alps/texts/scholarship/OL_search_inside_snippets/B_G_Niebuhr_1898_Lectures_on_The_History_Of_Rome_From_the__lecturesonhistor0000unse_j9p9.txt,hannibal-alps,"Open Library search-inside excerpts of books, many still in copyright","Open Library search-inside excerpts of books, many still in copyright","Internet Archive item ""lectures on the history of physiology"" (): https://archive.org/details/lecturesonhistor0000unse"
cases/hannibal-alps/texts/scholarship/OL_search_inside_snippets/Bagnall_Nigel_1927_2002_The_Punic_Wars_264_146_BC__punicwars264146b0000bagn.txt,hannibal-alps,"Open Library search-inside excerpts of books, many still in copyright","Open Library search-inside excerpts of books, many still in copyright","Internet Archive item ""The Punic Wars, 264-146 BC"" (2002): https://archive.org/details/punicwars264146b0000bagn"
cases/hannibal-alps/texts/scholarship/OL_search_inside_snippets/Bagnall_Nigel_1927_2002_The_Punic_Wars_Rome_Carthage_and_the__punicwarsromecar0000bagn.txt,hannibal-alps,"Open Library search-inside excerpts of books, many still in copyright","Open Library search-inside excerpts of books, many still in copyright","Internet Archive item ""The Punic Wars : Rome, Carthage and the struggle for the Mediterranean"" (1999): https://archive.org/details/punicwarsromecar0000bagn"
cases/hannibal-alps/texts/scholarship/OL_search_inside_snippets/Bagnall_Nigel_Nigel_Bag_2008_The_Punic_Wars__punicwars00bagn.txt,hannibal-alps,"Open Library search-inside excerpts of books, many still in copyright","Open Library search-inside excerpts of books, many still in copyright","Internet Archive item ""The Punic Wars"" (2008): https://archive.org/details/punicwars00bagn"
cases/hannibal-alps/texts/scholarship/OL_search_inside_snippets/Bahmanyar_Mir_2009_Vanquished_crushing_defeats_from_ancie__vanquishedcrushi0000bahm.txt,hannibal-alps,"Open Library search-inside excerpts of books, many still in copyright","Open Library search-inside excerpts of books, many still in copyright","Internet Archive item ""Vanquished : crushing defeats from ancient Rome to the 21st century"" (2009): https://archive.org/details/vanquishedcrushi0000bahm"
cases/hannibal-alps/texts/scholarship/OL_search_inside_snippets/Baker_G_P_George_Phil_1999_Hannibal__hannibal0000bake.txt,hannibal-alps,"Open Library search-inside excerpts of books, many still in copyright","Open Library search-inside excerpts of books, many still in copyright","Internet Archive item ""Hannibal"" (1999): https://archive.org/details/hannibal0000bake"
cases/hannibal-alps/texts/scholarship/OL_search_inside_snippets/Ball_John_1818_1889_1863_A_guide_to_the_western_Alps__guidetowesternal00ball_0.txt,hannibal-alps,"Open Library search-inside excerpts of books, many still in copyright","Open Library search-inside excerpts of books, many still in copyright","Internet Archive item ""A guide to the western Alps"" (1870): https://archive.org/details/guidetowesternal00ball"
cases/hannibal-alps/texts/scholarship/OL_search_inside_snippets/Ball_John_1818_1889_1899_Hints_and_notes_practical_and_scientific__hintsnotespracti00ballrich.txt,hannibal-alps,"Open Library search-inside excerpts of books, many still in copyright","Open Library search-inside excerpts of books, many still in copyright",Open Library search-inside excerpts of Internet Archive item hintsnotespracti00ballrich: https://archive.org/details/hintsnotespracti00ballrich
cases/hannibal-alps/texts/scholarship/OL_search_inside_snippets/Ball_John_1818_1889_f_1873_A_guide_to_the_Western_Alps__guidetowesternal00ball_1.txt,hannibal-alps,"Open Library search-inside excerpts of books, many still in copyright","Open Library search-inside excerpts of books, many still in copyright","Internet Archive item ""A guide to the western Alps"" (1870): https://archive.org/details/guidetowesternal00ball"
cases/hannibal-alps/texts/scholarship/OL_search_inside_snippets/Ball_John_1818_1889_f_1898_The_Western_Alps__westernalps00ball.txt,hannibal-alps,"Open Library search-inside excerpts of books, many still in copyright","Open Library search-inside excerpts of books, many still in copyright","Internet Archive item ""The Western Alps"" (1898): https://archive.org/details/westernalps00ball"
cases/hannibal-alps/texts/scholarship/OL_search_inside_snippets/Ball_John_1870_A_guide_to_the_western_Alps__guidetowesternal00ball.txt,hannibal-alps,"Open Library search-inside excerpts of books, many still in copyright","Open Library search-inside excerpts of books, many still in copyright","Internet Archive item ""A guide to the western Alps"" (1870): https://archive.org/details/guidetowesternal00ball"
cases/hannibal-alps/texts/scholarship/OL_search_inside_snippets/Balzac_Honor_de_1799_1_L_excommuni_roman_posthume_enti_reme__lexcommuniroma02balz.txt,hannibal-alps,"Open Library search-inside excerpts of books, many still in copyright","Open Library search-inside excerpts of books, many still in copyright","Internet Archive item ""L'excommunié : roman posthume (entièrement inédit)"" (1837): https://archive.org/details/lexcommuniroma02balz"
cases/hannibal-alps/texts/scholarship/OL_search_inside_snippets/Barbey_d_Aurevilly_J_J_1902_Le_roman_contemporain__leromancontempor00barbuoft.txt,hannibal-alps,"Open Library search-inside excerpts of books, many still in copyright","Open Library search-inside excerpts of books, many still in copyright",Open Library search-inside excerpts of Internet Archive item leromancontempor00barbuoft: https://archive.org/details/leromancontempor00barbuoft
cases/hannibal-alps/texts/scholarship/OL_search_inside_snippets/Barbour_Philippe_1964_2007_Rh_ne_Alpes__rhnealpes0000barb.txt,hannibal-alps,"Open Library search-inside excerpts of books, many still in copyright","Open Library search-inside excerpts of books, many still in copyright","Internet Archive item ""Rhône-Alpes"" (2007): https://archive.org/details/rhnealpes0000barb"
cases/hannibal-alps/texts/scholarship/OL_search_inside_snippets/Barthold_Georg_Niebuhr_1849_Lectures_on_the_History_of_Rome_From_th__lecturesonhistor0000bart_k7n5.txt,hannibal-alps,"Open Library search-inside excerpts of books, many still in copyright","Open Library search-inside excerpts of books, many still in copyright","Internet Archive item ""Lectures on the History of Rome: From the Earliest Times to the Fall of the Western Empire"" (2015-09-18): https://archive.org/details/lecturesonhistor0000bart"
cases/hannibal-alps/texts/scholarship/OL_search_inside_snippets/Bath_Tony_1981_Hannibal_s_campaigns_the_story_of_one__hannibalscampaig0000bath.txt,hannibal-alps,"Open Library search-inside excerpts of books, many still in copyright","Open Library search-inside excerpts of books, many still in copyright","Internet Archive item ""Hannibal's campaigns : the story of one of the greatest military commanders of all time"" (1981): https://archive.org/details/hannibalscampaig0000bath"
cases/hannibal-alps/texts/scholarship/OL_search_inside_snippets/Bath_Tony_1992_Hannibal_s_campaigns_the_story_of_one__isbn_9780880298179.txt,hannibal-alps,"Open Library search-inside excerpts of books, many still in copyright","Open Library search-inside excerpts of books, many still in copyright",Open Library search-inside excerpts of Internet Archive item isbn: https://archive.org/details/isbn
cases/hannibal-alps/texts/scholarship/OL_search_inside_snippets/Battle_Lois_Verfasser_1999_Herbstfeuer_Roman__herbstfeuerroman0000batt.txt,hannibal-alps,"Open Library search-inside excerpts of books, many still in copyright","Open Library search-inside excerpts of books, many still in copyright","Internet Archive item ""Herbstfeuer Roman"" (1999): https://archive.org/details/herbstfeuerroman0000batt"
cases/hannibal-alps/texts/scholarship/OL_search_inside_snippets/Baumann_Hans_1914_1988_I_marched_with_Hannibal__imarchedwithhann00baum.txt,hannibal-alps,"Open Library search-inside excerpts of books, many still in copyright","Open Library search-inside excerpts of books, many still in copyright","Internet Archive item ""I marched with Hannibal"" (1962): https://archive.org/details/imarchedwithhann00baum"
cases/hannibal-alps/texts/scholarship/OL_search_inside_snippets/Baumann_Hans_1914_1988_V_1972_Ich_zog_mit_Hannibal__ichzogmithanniba0000baum.txt,hannibal-alps,"Open Library search-inside excerpts of books, many still in copyright","Open Library search-inside excerpts of books, many still in copyright","Internet Archive item ""Ich zog mit Hannibal"" (1972): https://archive.org/details/ichzogmithanniba0000baum"
cases/hannibal-alps/texts/scholarship/OL_search_inside_snippets/Beattie_Andrew_2006_The_Alps_a_cultural_history__alpsculturalhist0000beat.txt,hannibal-alps,"Open Library search-inside excerpts of books, many still in copyright","Open Library search-inside excerpts of books, many still in copyright","Internet Archive item ""The Alps : a cultural history"" (2006): https://archive.org/details/alpsculturalhist0000beat"
cases/hannibal-alps/texts/scholarship/OL_search_inside_snippets/Beckinsale_Monica_1975_Southern_Europe_the_Mediterranean_and__southerneuropeme0000beck.txt,hannibal-alps,"Open Library search-inside excerpts of books, many still in copyright","Open Library search-inside excerpts of books, many still in copyright","Internet Archive item ""Southern Europe : the Mediterranean and Alpine lands"" (1975): https://archive.org/details/southerneuropeme0000beck"
cases/hannibal-alps/texts/scholarship/OL_search_inside_snippets/Benamou_G_M_Georges_M_2007_Le_fanto_me_de_Munich_roman__lefantomedemunic0000bena.txt,hannibal-alps,"Open Library search-inside excerpts of books, many still in copyright","Open Library search-inside excerpts of books, many still in copyright","Internet Archive item ""Le fantôme de Munich : [roman]"" (2007): https://archive.org/details/lefantomedemunic0000bena"
cases/hannibal-alps/texts/scholarship/OL_search_inside_snippets/Bergengruen_Werner_1892_1950_Herzog_Karl_der_Ku_hne_roman__herzogkarlderkuh0000berg_s6p6.txt,hannibal-alps,"Open Library search-inside excerpts of books, many still in copyright","Open Library search-inside excerpts of books, many still in copyright","Internet Archive item ""Herzog Karl der Kühne, Roman"" (1950): https://archive.org/details/herzogkarlderkuh0000berg"
cases/hannibal-alps/texts/scholarship/OL_search_inside_snippets/Bergengruen_Werner_1892_Herzog_Karl_der_Ku_hne_Roman__herzogkarlderkuh0000berg.txt,hannibal-alps,"Open Library search-inside excerpts of books, many still in copyright","Open Library search-inside excerpts of books, many still in copyright","Internet Archive item ""Herzog Karl der Kühne, Roman"" (1950): https://archive.org/details/herzogkarlderkuh0000berg"
cases/hannibal-alps/texts/scholarship/OL_search_inside_snippets/Berlepsch_Hermann_Alexan_1861_Die_Alpen_in_Natur_und_Lebensbildern_M__diealpeninnatur00berlgoog.txt,hannibal-alps,"Open Library search-inside excerpts of books, many still in copyright","Open Library search-inside excerpts of books, many still in copyright",Open Library search-inside excerpts of Internet Archive item diealpeninnatur00berlgoog: https://archive.org/details/diealpeninnatur00berlgoog
cases/hannibal-alps/texts/scholarship/OL_search_inside_snippets/Berlepsch_Hermann_Alexan_1861_The_Alps_or_Sketches_of_life_and_natur__alps00rittgoog.txt,hannibal-alps,"Open Library search-inside excerpts of books, many still in copyright","Open Library search-inside excerpts of books, many still in copyright",Open Library search-inside excerpts of Internet Archive item alps00rittgoog: https://archive.org/details/alps00rittgoog
cases/hannibal-alps/texts/scholarship/OL_search_inside_snippets/Bert_Paul_1833_1886_1878_La_pression_barome_trique_Recherches_de__lapressionbarom00bertgoog.txt,hannibal-alps,"Open Library search-inside excerpts of books, many still in copyright","Open Library search-inside excerpts of books, many still in copyright",Open Library search-inside excerpts of Internet Archive item lapressionbarom00bertgoog: https://archive.org/details/lapressionbarom00bertgoog
cases/hannibal-alps/texts/scholarship/OL_search_inside_snippets/Bert_Paul_1833_1886_1943_Barometric_pressure_researches_in_expe__barometricpressu00bert.txt,hannibal-alps,"Open Library search-inside excerpts of books, many still in copyright","Open Library search-inside excerpts of books, many still in copyright","Internet Archive item ""Barometric pressure : researches in experimental physiology"" (1943): https://archive.org/details/barometricpressu00bert"
cases/hannibal-alps/texts/scholarship/OL_search_inside_snippets/Bignami_Sormani_Emilio_1892_Dizionario_alpino_italiano__dizionarioalpino00bign.txt,hannibal-alps,"Open Library search-inside excerpts of books, many still in copyright","Open Library search-inside excerpts of books, many still in copyright","Internet Archive item ""Dizionario alpino italiano"" (1892): https://archive.org/details/dizionarioalpino00bign"
cases/hannibal-alps/texts/scholarship/OL_search_inside_snippets/Blanchard_Marcel_1920_Bibliographie_critique_de_l_histoire_des__bibliographiecr00blan.txt,hannibal-alps,"Open Library search-inside excerpts of books, many still in copyright","Open Library search-inside excerpts of books, many still in copyright","Internet Archive item ""Bibliographie critique de l'histoire des routes des Alpes occidentales sous l'État de Piém"" (1920): https://archive.org/details/bibliographiecr00blan"
cases/hannibal-alps/texts/scholarship/OL_search_inside_snippets/Blanchard_Marcel_1920_Bibliographie_critique_de_l_histoire_des__bibliographiecri00blan.txt,hannibal-alps,"Open Library search-inside excerpts of books, many still in copyright","Open Library search-inside excerpts of books, many still in copyright","Internet Archive item ""Bibliographie critique de l'histoire des routes des Alpes occidentales sous l'État de Piém"" (1920): https://archive.org/details/bibliographiecri00blan"
cases/hannibal-alps/texts/scholarship/OL_search_inside_snippets/Blanchard_Marcel_1920_Les_routes_des_Alpes_occidentales_a_l_p__lesroutesdesalpe00blan.txt,hannibal-alps,"Open Library search-inside excerpts of books, many still in copyright","Open Library search-inside excerpts of books, many still in copyright","Internet Archive item ""Les routes des Alpes occidentales a l'époque Napoléonienne (1796-1815), essai d'étude hist"" (1920): https://archive.org/details/lesroutesdesalpe00blan"
cases/hannibal-alps/texts/scholarship/OL_search_inside_snippets/Blanchard_Paul_2005_Northern_Italy_from_the_Alps_to_the_A__northernitalyfro0000blan.txt,hannibal-alps,"Open Library search-inside excerpts of books, many still in copyright","Open Library search-inside excerpts of books, many still in copyright","Internet Archive item ""Northern Italy : [from the Alps to the Adriatic]"" (2005): https://archive.org/details/northernitalyfro0000blan"
cases/hannibal-alps/texts/scholarship/OL_search_inside_snippets/Blanchet_Adrien_b_1866_Trait_des_monnaies_gauloises__traitdesmonnaie02blangoog.txt,hannibal-alps,"Open Library search-inside excerpts of books, many still in copyright","Open Library search-inside excerpts of books, many still in copyright",Open Library search-inside excerpts of Internet Archive item traitdesmonnaie02blangoog: https://archive.org/details/traitdesmonnaie02blangoog
cases/hannibal-alps/texts/scholarship/OL_search_inside_snippets/Blokker_Jan_1952_2009_Alle_wegen_naar_Rome_een_voettocht__allewegennaarrom0000blok.txt,hannibal-alps,"Open Library search-inside excerpts of books, many still in copyright","Open Library search-inside excerpts of books, many still in copyright","Internet Archive item ""Alle wegen naar Rome : een voettocht"" (2009): https://archive.org/details/allewegennaarrom0000blok"
cases/hannibal-alps/texts/scholarship/OL_search_inside_snippets/Boak_Arthur_E_R_Arthu_1965_A_history_of_Rome_to_A_D_565__historyofrometoa0000boak.txt,hannibal-alps,"Open Library search-inside excerpts of books, many still in copyright","Open Library search-inside excerpts of books, many still in copyright","Internet Archive item ""A history of Rome to A.D. 565"" (1965): https://archive.org/details/historyofrometoa0000boak"
cases/hannibal-alps/texts/scholarship/OL_search_inside_snippets/Bonnet_Yves_1935_2003_Imponde_rables_roman__imponderablesrom0000bonn.txt,hannibal-alps,"Open Library search-inside excerpts of books, many still in copyright","Open Library search-inside excerpts of books, many still in copyright","Internet Archive item ""Impondérables : roman"" (2003): https://archive.org/details/imponderablesrom0000bonn"
cases/hannibal-alps/texts/scholarship/OL_search_inside_snippets/Bonney_T_G_Thomas_Geo_1912_The_building_of_the_Alps__buildingalps00unkngoog.txt,hannibal-alps,"Open Library search-inside excerpts of books, many still in copyright","Open Library search-inside excerpts of books, many still in copyright",Open Library search-inside excerpts of Internet Archive item buildingalps00unkngoog: https://archive.org/details/buildingalps00unkngoog
cases/hannibal-alps/texts/scholarship/OL_search_inside_snippets/Bonney_T_G_Thomas_Geo_1912_The_building_of_the_Alps__buildingofalps00bonnrich.txt,hannibal-alps,"Open Library search-inside excerpts of books, many still in copyright","Open Library search-inside excerpts of books, many still in copyright","Internet Archive item ""The building of the Alps"" (1912): https://archive.org/details/buildingofalps00bonn"
cases/hannibal-alps/texts/scholarship/OL_search_inside_snippets/Bonney_T_G_Thomas_Geo_The_Alpine_regions_of_Switzerland_and_th__alpineregionsofs00bonnrich.txt,hannibal-alps,"Open Library search-inside excerpts of books, many still in copyright","Open Library search-inside excerpts of books, many still in copyright",Open Library search-inside excerpts of Internet Archive item alpineregionsofs00bonnrich: https://archive.org/details/alpineregionsofs00bonnrich
cases/hannibal-alps/texts/scholarship/OL_search_inside_snippets/Bonney_T_homas_G_eorge_1868_The_Alpine_regions_of_Switzerland_and_th__alpineregionssw00bonngoog.txt,hannibal-alps,"Open Library search-inside excerpts of books, many still in copyright","Open Library search-inside excerpts of books, many still in copyright",Open Library search-inside excerpts of Internet Archive item alpineregionssw00bonngoog: https://archive.org/details/alpineregionssw00bonngoog
cases/hannibal-alps/texts/scholarship/OL_search_inside_snippets/Bonney_Thomas_George_18_1912_The_building_of_the_Alps__buildingofalps00bonn.txt,hannibal-alps,"Open Library search-inside excerpts of books, many still in copyright","Open Library search-inside excerpts of books, many still in copyright","Internet Archive item ""The building of the Alps"" (1912): https://archive.org/details/buildingofalps00bonn"
cases/hannibal-alps/texts/scholarship/OL_search_inside_snippets/Borzi_Antonino_Malpighia_rassegna_mensuale_di_botanica__mobot31753002438072.txt,hannibal-alps,"Open Library search-inside excerpts of books, many still in copyright","Open Library search-inside excerpts of books, many still in copyright",Open Library search-inside excerpts of Internet Archive item mobot31753002438072: https://archive.org/details/mobot31753002438072
cases/hannibal-alps/texts/scholarship/OL_search_inside_snippets/Boston_Public_Library_1894_Alps_No_3_January_1894_Subject_ca__alpsno3january1800bost.txt,hannibal-alps,"Open Library search-inside excerpts of books, many still in copyright","Open Library search-inside excerpts of books, many still in copyright","Internet Archive item ""Alps. : No. 3. January, 1894. Subject catalogue"" (1894): https://archive.org/details/alpsno3january1800bost"
cases/hannibal-alps/texts/scholarship/OL_search_inside_snippets/Bouineau_Jacques_1999_Les_chemins_de_Je_rusalem_roman__lescheminsdejeru0000boui.txt,hannibal-alps,"Open Library search-inside excerpts of books, many still in copyright","Open Library search-inside excerpts of books, many still in copyright","Internet Archive item ""Les chemins de Jérusalem : roman"" (1999): https://archive.org/details/lescheminsdejeru0000boui"
cases/hannibal-alps/texts/scholarship/OL_search_inside_snippets/Bourdon_Franc_oise_1953_2012_Les_bateliers_du_Rho_ne_Roman__lesbateliersdurh0000bour_i1n8.txt,hannibal-alps,"Open Library search-inside excerpts of books, many still in copyright","Open Library search-inside excerpts of books, many still in copyright","Internet Archive item ""Les bateliers du Rhône : roman"" (2013): https://archive.org/details/lesbateliersdurh0000bour"
cases/hannibal-alps/texts/scholarship/OL_search_inside_snippets/Bowder_Diana_Who_was_who_in_the_Roman_world_753_BC_A__whowaswhoinroman00bowd.txt,hannibal-alps,"Open Library search-inside excerpts of books, many still in copyright","Open Library search-inside excerpts of books, many still in copyright","Internet Archive item ""Who was who in the Roman world, 753 BC-AD 476"" (1980): https://archive.org/details/whowaswhoinroman00bowd"
cases/hannibal-alps/texts/scholarship/OL_search_inside_snippets/Bradford_Ernle_Dusgate_S_2000_Hannibal__hannibal0000brad.txt,hannibal-alps,"Open Library search-inside excerpts of books, many still in copyright","Open Library search-inside excerpts of books, many still in copyright","Internet Archive item ""Hannibal"" (2000): https://archive.org/details/hannibal0000brad"
cases/hannibal-alps/texts/scholarship/OL_search_inside_snippets/Brennan_T_Corey_2000_The_praetorship_in_the_Roman_Republic__praetorshipinrom0001bren.txt,hannibal-alps,"Open Library search-inside excerpts of books, many still in copyright","Open Library search-inside excerpts of books, many still in copyright","Internet Archive item ""The praetorship in the Roman Republic"" (2000): https://archive.org/details/praetorshipinrom0001bren"
cases/hannibal-alps/texts/scholarship/OL_search_inside_snippets/Bret_Mulligan_2015_Cornelius_Nepos_Life_of_Hannibal_Latin__corneliusneposli0000bret.txt,hannibal-alps,"Open Library search-inside excerpts of books, many still in copyright","Open Library search-inside excerpts of books, many still in copyright","Internet Archive item ""Cornelius Nepos, Life of Hannibal: Latin Text, Notes, Maps, Illustrations and Vocabulary"" (2015-10-05): https://archive.org/details/corneliusneposli0000bret"
cases/hannibal-alps/texts/scholarship/OL_search_inside_snippets/Bret_Mulligan_2015_Cornelius_Nepos_Life_of_Hannibal_Latin__e5ade02a-2f32-495a-b879-98b54df04c0a.txt,hannibal-alps,"Open Library search-inside excerpts of books, many still in copyright","Open Library search-inside excerpts of books, many still in copyright",Open Library search-inside excerpts of Internet Archive item e5ade02a-2f32-495a-b879-98b54df04c0a: https://archive.org/details/e5ade02a-2f32-495a-b879-98b54df04c0a
cases/hannibal-alps/texts/scholarship/OL_search_inside_snippets/Brian_Caven_1980_The_Punic_Wars__punicwars0000bria.txt,hannibal-alps,"Open Library search-inside excerpts of books, many still in copyright","Open Library search-inside excerpts of books, many still in copyright","Internet Archive item ""The Punic Wars"" (1980): https://archive.org/details/punicwars0000bria"
cases/hannibal-alps/texts/scholarship/OL_search_inside_snippets/Brice_Michel_19_2005_La_star_du_X__lastardux0000bric.txt,hannibal-alps,"Open Library search-inside excerpts of books, many still in copyright","Open Library search-inside excerpts of books, many still in copyright","Internet Archive item ""La star du X"" (2005): https://archive.org/details/lastardux0000bric"
cases/hannibal-alps/texts/scholarship/OL_search_inside_snippets/Bringmann_Klaus_A_history_of_the_Roman_republic__historyofromanre0000klau.txt,hannibal-alps,"Open Library search-inside excerpts of books, many still in copyright","Open Library search-inside excerpts of books, many still in copyright","Internet Archive item ""A history of the Roman republic"" (2007): https://archive.org/details/historyofromanre0000klau"
cases/hannibal-alps/texts/scholarship/OL_search_inside_snippets/Brockedon_William_1787_1833_Journals_of_excursions_in_the_Alps_the__journalsofexcurs00broc.txt,hannibal-alps,"Open Library search-inside excerpts of books, many still in copyright","Open Library search-inside excerpts of books, many still in copyright","Internet Archive item ""Journals of excursions in the Alps : the Pennine, Graian, Cottian, Rhetian, Lepontian, and"" (1833): https://archive.org/details/journalsofexcurs00broc"
cases/hannibal-alps/texts/scholarship/OL_search_inside_snippets/Brockedon_William_1787_1833_Journals_of_excursions_in_the_Alps_the__journalsofexcurs00brocuoft.txt,hannibal-alps,"Open Library search-inside excerpts of books, many still in copyright","Open Library search-inside excerpts of books, many still in copyright","Internet Archive item ""Journals of excursions in the Alps : the Pennine, Graian, Cottian, Rhetian, Lepontian, and"" (1833): https://archive.org/details/journalsofexcurs00broc"
cases/hannibal-alps/texts/scholarship/OL_search_inside_snippets/Brockedon_William_1787_Illustrations_of_the_passes_of_the_Alps__illustrationsof01broc.txt,hannibal-alps,"Open Library search-inside excerpts of books, many still in copyright","Open Library search-inside excerpts of books, many still in copyright","Internet Archive item ""Illustrations of the passes of the Alps, by which Italy communicates with France, Switzerl"" ([n.d.]): https://archive.org/details/illustrationsof01broc"
cases/hannibal-alps/texts/scholarship/OL_search_inside_snippets/Bromwich_James_James_St_1993_The_Roman_remains_of_southern_France_a__romanremainsofso0000brom.txt,hannibal-alps,"Open Library search-inside excerpts of books, many still in copyright","Open Library search-inside excerpts of books, many still in copyright","Internet Archive item ""The Roman remains of southern France : a guidebook"" (1993): https://archive.org/details/romanremainsofso0000brom"
cases/hannibal-alps/texts/scholarship/OL_search_inside_snippets/Brooks_Philip_1963_2009_Hannibal_Rome_s_worst_nightmare__isbn_9780531221747.txt,hannibal-alps,"Open Library search-inside excerpts of books, many still in copyright","Open Library search-inside excerpts of books, many still in copyright",Open Library search-inside excerpts of Internet Archive item isbn: https://archive.org/details/isbn
cases/hannibal-alps/texts/scholarship/OL_search_inside_snippets/Bullitt_Orville_H_1978_Phoenicia_and_Carthage_a_thousand_year__phoeniciacarthag0000bull.txt,hannibal-alps,"Open Library search-inside excerpts of books, many still in copyright","Open Library search-inside excerpts of books, many still in copyright","Internet Archive item ""Phoenicia and Carthage : a thousand years to oblivion"" (1978): https://archive.org/details/phoeniciacarthag0000bull"
cases/hannibal-alps/texts/scholarship/OL_search_inside_snippets/Bunbury_E_H_Edward_He_1879_A_history_of_ancient_geography_among_the__historyofancient02bunb.txt,hannibal-alps,"Open Library search-inside excerpts of books, many still in copyright","Open Library search-inside excerpts of books, many still in copyright","Internet Archive item ""A history of ancient geography among the Greeks and Romans, from the earliest ages till th"" (1879): https://archive.org/details/historyofancient02bunb"
cases/hannibal-alps/texts/scholarship/OL_search_inside_snippets/Bunbury_Sir_Edward_Herb_1879_A_history_of_ancient_geography_among_the__ahistoryancient03bunbgoog.txt,hannibal-alps,"Open Library search-inside excerpts of books, many still in copyright","Open Library search-inside excerpts of books, many still in copyright",Open Library search-inside excerpts of Internet Archive item ahistoryancient03bunbgoog: https://archive.org/details/ahistoryancient03bunbgoog
cases/hannibal-alps/texts/scholarship/OL_search_inside_snippets/Bunson_Matthew_2012_Encyclopedia_of_ancient_Rome__encyclopediaofan0000buns_t2m6.txt,hannibal-alps,"Open Library search-inside excerpts of books, many still in copyright","Open Library search-inside excerpts of books, many still in copyright","Internet Archive item ""Encyclopedia of ancient Mesoamerica"" (1996): https://archive.org/details/encyclopediaofan0000buns"
cases/hannibal-alps/texts/scholarship/OL_search_inside_snippets/Burford_Tim_author_2016_The_rough_guide_to_Romania__roughguidetoroma0000burf_z2r4.txt,hannibal-alps,"Open Library search-inside excerpts of books, many still in copyright","Open Library search-inside excerpts of books, many still in copyright","Internet Archive item ""The rough guide to Romania"" (2001): https://archive.org/details/roughguidetoroma0000burf"
cases/hannibal-alps/texts/scholarship/OL_search_inside_snippets/Burl_Aubrey_2004_Catullus_a_poet_in_the_Rome_of_Julius__catulluspoetinro0000burl.txt,hannibal-alps,"Open Library search-inside excerpts of books, many still in copyright","Open Library search-inside excerpts of books, many still in copyright","Internet Archive item ""Catullus : a poet in the Rome of Julius Caesar"" (2004): https://archive.org/details/catulluspoetinro0000burl"
cases/hannibal-alps/texts/scholarship/OL_search_inside_snippets/Burl_Aubrey_2004_Catullus_a_poet_in_the_Rome_of_Julius__catulluspoetinro0000burl_j8y8.txt,hannibal-alps,"Open Library search-inside excerpts of books, many still in copyright","Open Library search-inside excerpts of books, many still in copyright","Internet Archive item ""Catullus : a poet in the Rome of Julius Caesar"" (2004): https://archive.org/details/catulluspoetinro0000burl"
cases/hannibal-alps/texts/scholarship/OL_search_inside_snippets/CH_EMILE_RUELLE_1880_BIBLIOGRAPHIE_GENERALE_DES_GAULES__bibliographiegen0000chem.txt,hannibal-alps,"Open Library search-inside excerpts of books, many still in copyright","Open Library search-inside excerpts of books, many still in copyright","Internet Archive item ""BIBLIOGRAPHIE GENERALE DES GAULES"" (1880): https://archive.org/details/bibliographiegen0000chem"
cases/hannibal-alps/texts/scholarship/OL_search_inside_snippets/COLLECTIF_1995_Cote_d_Azur_Alpes_Maritimes_Var__cotedazuralpesma0000coll.txt,hannibal-alps,"Open Library search-inside excerpts of books, many still in copyright","Open Library search-inside excerpts of books, many still in copyright","Internet Archive item ""Cote d'Azur, Alpes-Maritimes, Var"" (1995-01-01): https://archive.org/details/cotedazuralpesma0000coll"
cases/hannibal-alps/texts/scholarship/OL_search_inside_snippets/Cameron_Euan_Euan_K_1984_The_reformation_of_the_heretics_the_Wa__reformationofher0000came.txt,hannibal-alps,"Open Library search-inside excerpts of books, many still in copyright","Open Library search-inside excerpts of books, many still in copyright","Internet Archive item ""The reformation of the heretics : the Waldenses of the Alps, 1480-1580"" (1984): https://archive.org/details/reformationofher0000came"
cases/hannibal-alps/texts/scholarship/OL_search_inside_snippets/Cary_M_Max_1881_1958_1938_A_history_of_Rome_down_to_the_reign_of_C__historyofromedow0000cary.txt,hannibal-alps,"Open Library search-inside excerpts of books, many still in copyright","Open Library search-inside excerpts of books, many still in copyright","Internet Archive item ""A history of Rome down to the reign of Constantine"" (1938): https://archive.org/details/historyofromedow0000cary"
cases/hannibal-alps/texts/scholarship/OL_search_inside_snippets/Cary_M_Max_1881_1958_1951_A_history_of_Rome_down_to_the_reign_of_C__historyofromedow00cary.txt,hannibal-alps,"Open Library search-inside excerpts of books, many still in copyright","Open Library search-inside excerpts of books, many still in copyright","Internet Archive item ""A history of Rome down to the reign of Constantine"" (1951): https://archive.org/details/historyofromedow00cary"
cases/hannibal-alps/texts/scholarship/OL_search_inside_snippets/Cary_M_Max_1881_1958_1954_A_history_of_Rome_down_to_the_reign_of_C__historyofromedow02cary.txt,hannibal-alps,"Open Library search-inside excerpts of books, many still in copyright","Open Library search-inside excerpts of books, many still in copyright","Internet Archive item ""A history of Rome down to the reign of Constantine"" (1954): https://archive.org/details/historyofromedow02cary"
cases/hannibal-alps/texts/scholarship/OL_search_inside_snippets/Cary_M_Max_1881_1958_1975_A_history_of_Rome_down_to_the_reign_of_C__historyofromedow0000cary_r0x8.txt,hannibal-alps,"Open Library search-inside excerpts of books, many still in copyright","Open Library search-inside excerpts of books, many still in copyright","Internet Archive item ""A history of Rome down to the reign of Constantine"" (1938): https://archive.org/details/historyofromedow0000cary"
cases/hannibal-alps/texts/scholarship/OL_search_inside_snippets/Cary_M_Max_1881_1958_1981_The_geographic_background_of_Greek_Rom__geographicbackgr0000cary.txt,hannibal-alps,"Open Library search-inside excerpts of books, many still in copyright","Open Library search-inside excerpts of books, many still in copyright","Internet Archive item ""The geographic background of Greek & Roman history"" (1981): https://archive.org/details/geographicbackgr0000cary"
cases/hannibal-alps/texts/scholarship/OL_search_inside_snippets/Caselli_Giovanni_1988_Ancient_pathways_in_the_Alps__ancientpathwaysi00case.txt,hannibal-alps,"Open Library search-inside excerpts of books, many still in copyright","Open Library search-inside excerpts of books, many still in copyright","Internet Archive item ""Ancient pathways in the Alps"" (1988): https://archive.org/details/ancientpathwaysi00case"
cases/hannibal-alps/texts/scholarship/OL_search_inside_snippets/Cavagna_Sangiuliani_di_Gu_1885_Alpi_e_Appennini_ascensioni_escursion__alpieappenninias00cava.txt,hannibal-alps,"Open Library search-inside excerpts of books, many still in copyright","Open Library search-inside excerpts of books, many still in copyright","Internet Archive item ""Alpi e Appennini : ascensioni, escursioni e descrizioni : illustrate con 69 incisioni e 2 "" (1885): https://archive.org/details/alpieappenninias00cava"
cases/hannibal-alps/texts/scholarship/OL_search_inside_snippets/Caven_Brian_1921_1980_The_Punic_Wars__bwb_W8-ARQ-942.txt,hannibal-alps,"Open Library search-inside excerpts of books, many still in copyright","Open Library search-inside excerpts of books, many still in copyright",Open Library search-inside excerpts of Internet Archive item bwb_W8-ARQ-942: https://archive.org/details/bwb_W8-ARQ-942
cases/hannibal-alps/texts/scholarship/OL_search_inside_snippets/Chabrand_J_A_1877_Patois_des_Alpes_Cottiennes_Brian_onnai__patoisdesalpesco00chabuoft.txt,hannibal-alps,"Open Library search-inside excerpts of books, many still in copyright","Open Library search-inside excerpts of books, many still in copyright",Open Library search-inside excerpts of Internet Archive item patoisdesalpesco00chabuoft: https://archive.org/details/patoisdesalpesco00chabuoft
cases/hannibal-alps/texts/scholarship/OL_search_inside_snippets/Chadych_Daniele_1996_Le_guide_du_promeneur_18e_arrondisseme__leguidedupromene0000chad.txt,hannibal-alps,"Open Library search-inside excerpts of books, many still in copyright","Open Library search-inside excerpts of books, many still in copyright","Internet Archive item ""Le guide du promeneur : 18e arrondissement"" (1996): https://archive.org/details/leguidedupromene0000chad"
cases/hannibal-alps/texts/scholarship/OL_search_inside_snippets/Charles_Kingsley_1913_The_Roman_And_Teuton_A_Series_Of_Lecture__romanandteutonas003327mbp.txt,hannibal-alps,"Open Library search-inside excerpts of books, many still in copyright","Open Library search-inside excerpts of books, many still in copyright","Internet Archive item ""The Roman And Teuton A Series Of Lectures"" (1913): https://archive.org/details/romanandteutonas003327mbp"
cases/hannibal-alps/texts/scholarship/OL_search_inside_snippets/Charles_Kingsley_Friedr_1891_The_Roman_and_the_Teuton_A_Series_of_Le__romanandteutona01mlgoog.txt,hannibal-alps,"Open Library search-inside excerpts of books, many still in copyright","Open Library search-inside excerpts of books, many still in copyright","Internet Archive item ""The Roman and the Teuton: A Series of Lectures Delivered Before the ..."" (1891): https://archive.org/details/romanandteutona01mlgoog"
cases/hannibal-alps/texts/scholarship/OL_search_inside_snippets/Charles_Theophilus_Murphy_1950_Greek_and_Roman_Classics_in_Translation__greekromanclassi0000char.txt,hannibal-alps,"Open Library search-inside excerpts of books, many still in copyright","Open Library search-inside excerpts of books, many still in copyright","Internet Archive item ""Greek and Roman Classics in Translation"" (1950): https://archive.org/details/greekromanclassi0000char"
cases/hannibal-alps/texts/scholarship/OL_search_inside_snippets/Charles_Theophilus_Murphy_Greek_and_Roman_Classics_in_Translation__bwb_S0-BKP-409.txt,hannibal-alps,"Open Library search-inside excerpts of books, many still in copyright","Open Library search-inside excerpts of books, many still in copyright",Open Library search-inside excerpts of Internet Archive item bwb_S0-BKP-409: https://archive.org/details/bwb_S0-BKP-409
cases/hannibal-alps/texts/scholarship/OL_search_inside_snippets/Chaufour_Verheyen_Christ_1998_Rive_dangereuse_roman__rivedangereusero0000chau.txt,hannibal-alps,"Open Library search-inside excerpts of books, many still in copyright","Open Library search-inside excerpts of books, many still in copyright","Internet Archive item ""Rive dangereuse : roman"" (1998): https://archive.org/details/rivedangereusero0000chau"
cases/hannibal-alps/texts/scholarship/OL_search_inside_snippets/Chevallier_Raymond_1929_1976_Roman_roads__romanroads0000chev.txt,hannibal-alps,"Open Library search-inside excerpts of books, many still in copyright","Open Library search-inside excerpts of books, many still in copyright","Internet Archive item ""Roman roads"" (1976): https://archive.org/details/romanroads0000chev"
cases/hannibal-alps/texts/scholarship/OL_search_inside_snippets/Chevallier_Raymond_1929_1979_Ro_mische_Provence_die_Provinz_Gallia__romischeprovence0000chev.txt,hannibal-alps,"Open Library search-inside excerpts of books, many still in copyright","Open Library search-inside excerpts of books, many still in copyright","Internet Archive item ""Römische Provence : die Provinz Gallia Narbonensis"" (1979): https://archive.org/details/romischeprovence0000chev"
cases/hannibal-alps/texts/scholarship/OL_search_inside_snippets/Chilver_Guy_Edward_Farqu_1941_Cisalpine_Gaul__cisalpinegaul0000chil.txt,hannibal-alps,"Open Library search-inside excerpts of books, many still in copyright","Open Library search-inside excerpts of books, many still in copyright","Internet Archive item ""Cisalpine Gaul;"" (1941): https://archive.org/details/cisalpinegaul0000chil"
cases/hannibal-alps/texts/scholarship/OL_search_inside_snippets/Church_Alfred_J_1886_The_Story_of_Carthage__storyofcarthage0000chur.txt,hannibal-alps,"Open Library search-inside excerpts of books, many still in copyright","Open Library search-inside excerpts of books, many still in copyright","Internet Archive item ""The Story of Carthage"" (1886): https://archive.org/details/storyofcarthage0000chur"
cases/hannibal-alps/texts/scholarship/OL_search_inside_snippets/Church_Alfred_John_1829_1886_The_story_of_Carthage__storycarthage00gilmgoog.txt,hannibal-alps,"Open Library search-inside excerpts of books, many still in copyright","Open Library search-inside excerpts of books, many still in copyright",Open Library search-inside excerpts of Internet Archive item storycarthage00gilmgoog: https://archive.org/details/storycarthage00gilmgoog
cases/hannibal-alps/texts/scholarship/OL_search_inside_snippets/Church_Alfred_John_1829_1886_The_story_of_Carthage__storyofcarthage00churuoft.txt,hannibal-alps,"Open Library search-inside excerpts of books, many still in copyright","Open Library search-inside excerpts of books, many still in copyright",Open Library search-inside excerpts of Internet Archive item storyofcarthage00churuoft: https://archive.org/details/storyofcarthage00churuoft
cases/hannibal-alps/texts/scholarship/OL_search_inside_snippets/Church_Alfred_John_1829_1888_Carthage_or_the_empire_of_Africa__carthageorempire00churiala.txt,hannibal-alps,"Open Library search-inside excerpts of books, many still in copyright","Open Library search-inside excerpts of books, many still in copyright","Internet Archive item ""Carthage; or, The empire of Africa"" ([c1892]): https://archive.org/details/carthageorempire00chur"
cases/hannibal-alps/texts/scholarship/OL_search_inside_snippets/Church_Alfred_John_1829_1889_Carthage_or_The_empire_of_Africa__carthageorempire00chur_0.txt,hannibal-alps,"Open Library search-inside excerpts of books, many still in copyright","Open Library search-inside excerpts of books, many still in copyright","Internet Archive item ""Carthage; or, The empire of Africa"" ([c1892]): https://archive.org/details/carthageorempire00chur"
cases/hannibal-alps/texts/scholarship/OL_search_inside_snippets/Church_Alfred_John_1829_1889_The_story_of_Carthage__storyofcarthage00churiala.txt,hannibal-alps,"Open Library search-inside excerpts of books, many still in copyright","Open Library search-inside excerpts of books, many still in copyright",Open Library search-inside excerpts of Internet Archive item storyofcarthage00churiala: https://archive.org/details/storyofcarthage00churiala
cases/hannibal-alps/texts/scholarship/OL_search_inside_snippets/Church_Alfred_John_1829_1892_Carthage_or_The_empire_of_Africa__carthageorempire00chur.txt,hannibal-alps,"Open Library search-inside excerpts of books, many still in copyright","Open Library search-inside excerpts of books, many still in copyright","Internet Archive item ""Carthage; or, The empire of Africa"" ([c1892]): https://archive.org/details/carthageorempire00chur"
cases/hannibal-alps/texts/scholarship/OL_search_inside_snippets/Church_Alfred_John_1829_1914_Carthage_or_the_empire_of_Africa__carthageorempire00churuoft.txt,hannibal-alps,"Open Library search-inside excerpts of books, many still in copyright","Open Library search-inside excerpts of books, many still in copyright","Internet Archive item ""Carthage; or, The empire of Africa"" ([c1892]): https://archive.org/details/carthageorempire00chur"
cases/hannibal-alps/texts/scholarship/OL_search_inside_snippets/Church_Alfred_John_1829_1971_Carthage_or_The_Empire_of_Africa__carthageorempire0000chur.txt,hannibal-alps,"Open Library search-inside excerpts of books, many still in copyright","Open Library search-inside excerpts of books, many still in copyright","Internet Archive item ""Carthage; or, The Empire of Africa"" (1971): https://archive.org/details/carthageorempire0000chur"
cases/hannibal-alps/texts/scholarship/OL_search_inside_snippets/Church_Alfred_John_1829_Carthage_or_The_empire_of_Africa__carthageorempir00chur.txt,hannibal-alps,"Open Library search-inside excerpts of books, many still in copyright","Open Library search-inside excerpts of books, many still in copyright","Internet Archive item ""Carthage; or, The empire of Africa"" (1887): https://archive.org/details/carthageorempir00chur"
cases/hannibal-alps/texts/scholarship/OL_search_inside_snippets/Cim_Albert_1845_1920_R_cr_ations_litt_raires_curiosit_s_et_s__rcrationsli00cima.txt,hannibal-alps,"Open Library search-inside excerpts of books, many still in copyright","Open Library search-inside excerpts of books, many still in copyright","Internet Archive item ""Récréations littéraires, curiosités et singularités, bévues et lapsus, etc. ... poètes et "" (1920): https://archive.org/details/rcrationsli00cima"
cases/hannibal-alps/texts/scholarship/OL_search_inside_snippets/Cim_Albert_1845_1920_R_cr_ations_litt_raires_curiosit_s_et_s__rcrationslit00cimauoft.txt,hannibal-alps,"Open Library search-inside excerpts of books, many still in copyright","Open Library search-inside excerpts of books, many still in copyright",Open Library search-inside excerpts of Internet Archive item rcrationslit00cimauoft: https://archive.org/details/rcrationslit00cimauoft
cases/hannibal-alps/texts/scholarship/OL_search_inside_snippets/Cladel_L_on_Alpinien_18_1887_N_a_qu_un_oeil__naquunoei00clad.txt,hannibal-alps,"Open Library search-inside excerpts of books, many still in copyright","Open Library search-inside excerpts of books, many still in copyright","Internet Archive item ""N'a-qu'un-oeil"" (1887): https://archive.org/details/naquunoei00clad"
cases/hannibal-alps/texts/scholarship/OL_search_inside_snippets/Clark_Ronald_William_1973_The_Alps__alps0000clar.txt,hannibal-alps,"Open Library search-inside excerpts of books, many still in copyright","Open Library search-inside excerpts of books, many still in copyright","Internet Archive item ""The Alps"" (1973): https://archive.org/details/alps0000clar"
cases/hannibal-alps/texts/scholarship/OL_search_inside_snippets/Clark_Ronald_William_1973_The_Alps__alps0000clar_s4p4.txt,hannibal-alps,"Open Library search-inside excerpts of books, many still in copyright","Open Library search-inside excerpts of books, many still in copyright","Internet Archive item ""The Alps"" (1973): https://archive.org/details/alps0000clar"
cases/hannibal-alps/texts/scholarship/OL_search_inside_snippets/Club_alpino_italiano_1904_Rivista_mensile__rivistamensile00italgoog.txt,hannibal-alps,"Open Library search-inside excerpts of books, many still in copyright","Open Library search-inside excerpts of books, many still in copyright",Open Library search-inside excerpts of Internet Archive item rivistamensile00italgoog: https://archive.org/details/rivistamensile00italgoog
cases/hannibal-alps/texts/scholarship/OL_search_inside_snippets/Coates_Robert_M_Robert_1961_Beyond_the_Alps_a_summer_in_the_Italian__beyondalpssummer0000coat.txt,hannibal-alps,"Open Library search-inside excerpts of books, many still in copyright","Open Library search-inside excerpts of books, many still in copyright","Internet Archive item ""Beyond the Alps; a summer in the Italian hill towns"" (1961): https://archive.org/details/beyondalpssummer0000coat"
cases/hannibal-alps/texts/scholarship/OL_search_inside_snippets/Colin_Jean_Lambert_Alpho_1904_Annibal_en_Gaule__annibalengaule00livygoog.txt,hannibal-alps,"Open Library search-inside excerpts of books, many still in copyright","Open Library search-inside excerpts of books, many still in copyright",Open Library search-inside excerpts of Internet Archive item annibalengaule00livygoog: https://archive.org/details/annibalengaule00livygoog
cases/hannibal-alps/texts/scholarship/OL_search_inside_snippets/Collectif_Grenier_Alexa_1996_J_aime_les_Alpes__jaimelesalpes0000coll.txt,hannibal-alps,"Open Library search-inside excerpts of books, many still in copyright","Open Library search-inside excerpts of books, many still in copyright","Internet Archive item ""J'aime les Alpes !"" (1996-07-01): https://archive.org/details/jaimelesalpes0000coll"
cases/hannibal-alps/texts/scholarship/OL_search_inside_snippets/Collomb_Ge_rard_1989_Du_bon_usage_de_la_montagne_touristes__dubonusagedelamo0000coll.txt,hannibal-alps,"Open Library search-inside excerpts of books, many still in copyright","Open Library search-inside excerpts of books, many still in copyright","Internet Archive item ""Du bon usage de la montagne : touristes et paysans dans un village alpin de Haute-Maurienn"" (1989): https://archive.org/details/dubonusagedelamo0000coll"
cases/hannibal-alps/texts/scholarship/OL_search_inside_snippets/Connolly_Peter_1935_1981_Greece_and_Rome_at_war__greeceromeatwar0000conn.txt,hannibal-alps,"Open Library search-inside excerpts of books, many still in copyright","Open Library search-inside excerpts of books, many still in copyright","Internet Archive item ""Greece and Rome at war"" (1981): https://archive.org/details/greeceromeatwar0000conn"
cases/hannibal-alps/texts/scholarship/OL_search_inside_snippets/Connolly_Peter_1935_1998_Greece_and_Rome_at_war__isbn_9781853673030.txt,hannibal-alps,"Open Library search-inside excerpts of books, many still in copyright","Open Library search-inside excerpts of books, many still in copyright",Open Library search-inside excerpts of Internet Archive item isbn: https://archive.org/details/isbn
cases/hannibal-alps/texts/scholarship/OL_search_inside_snippets/Conway_William_Martin_S_1895_The_Alps_from_end_to_end__alpsfromendtoen01conwgoog.txt,hannibal-alps,"Open Library search-inside excerpts of books, many still in copyright","Open Library search-inside excerpts of books, many still in copyright",Open Library search-inside excerpts of Internet Archive item alpsfromendtoen01conwgoog: https://archive.org/details/alpsfromendtoen01conwgoog
cases/hannibal-alps/texts/scholarship/OL_search_inside_snippets/Conway_William_Martin_S_1900_The_Alps_from_end_to_end__alpsfromendtoend00conwrich.txt,hannibal-alps,"Open Library search-inside excerpts of books, many still in copyright","Open Library search-inside excerpts of books, many still in copyright",Open Library search-inside excerpts of Internet Archive item alpsfromendtoend00conwrich: https://archive.org/details/alpsfromendtoend00conwrich
cases/hannibal-alps/texts/scholarship/OL_search_inside_snippets/Conway_William_Martin_S_1904_The_Alps__alps00conw.txt,hannibal-alps,"Open Library search-inside excerpts of books, many still in copyright","Open Library search-inside excerpts of books, many still in copyright","Internet Archive item ""The Alps"" (1904): https://archive.org/details/alps00conw"
cases/hannibal-alps/texts/scholarship/OL_search_inside_snippets/Conway_William_Martin_S_1904_The_Alps__alpsalps00conwrich.txt,hannibal-alps,"Open Library search-inside excerpts of books, many still in copyright","Open Library search-inside excerpts of books, many still in copyright","Internet Archive item ""The Alps"" (1904): https://archive.org/details/alps00conw"
cases/hannibal-alps/texts/scholarship/OL_search_inside_snippets/Conway_of_Allington_Will_1933_The_Alps_from_end_to_end__alpsfromendtoend0000conw.txt,hannibal-alps,"Open Library search-inside excerpts of books, many still in copyright","Open Library search-inside excerpts of books, many still in copyright","Internet Archive item ""The Alps from end to end"" (1933): https://archive.org/details/alpsfromendtoend0000conw"
cases/hannibal-alps/texts/scholarship/OL_search_inside_snippets/Cook_Joel_1842_1910_1904_France_historic_and_romantic__francehistorica00cookgoog.txt,hannibal-alps,"Open Library search-inside excerpts of books, many still in copyright","Open Library search-inside excerpts of books, many still in copyright",Open Library search-inside excerpts of Internet Archive item francehistorica00cookgoog: https://archive.org/details/francehistorica00cookgoog
cases/hannibal-alps/texts/scholarship/OL_search_inside_snippets/Cook_S_A_Adcock_F_E_1954_Cambridge_Ancient_History_Volume_VIII_R__cambridgeancient0008cook_c7g7.txt,hannibal-alps,"Open Library search-inside excerpts of books, many still in copyright","Open Library search-inside excerpts of books, many still in copyright",Open Library search-inside excerpts of Internet Archive item cambridgeancient0008cook_c7g7: https://archive.org/details/cambridgeancient0008cook_c7g7
cases/hannibal-alps/texts/scholarship/OL_search_inside_snippets/Cook_Stanley_Arthur_187_1965_Rome_and_the_Mediterranean_218_133_B_C__romemediterranea08cook.txt,hannibal-alps,"Open Library search-inside excerpts of books, many still in copyright","Open Library search-inside excerpts of books, many still in copyright","Internet Archive item ""Rome and the Mediterranean, 218-133 B.C."" (1965): https://archive.org/details/romemediterranea08cook"
cases/hannibal-alps/texts/scholarship/OL_search_inside_snippets/Coolidge_W_A_B_Willi_1908_The_Alps_in_nature_and_history__alpsinnatureand00coolgoog.txt,hannibal-alps,"Open Library search-inside excerpts of books, many still in copyright","Open Library search-inside excerpts of books, many still in copyright",Open Library search-inside excerpts of Internet Archive item alpsinnatureand00coolgoog: https://archive.org/details/alpsinnatureand00coolgoog
cases/hannibal-alps/texts/scholarship/OL_search_inside_snippets/Coolidge_W_A_B_Willi_1908_The_Alps_in_nature_and_history__alpsinnaturehist00cooluoft.txt,hannibal-alps,"Open Library search-inside excerpts of books, many still in copyright","Open Library search-inside excerpts of books, many still in copyright",Open Library search-inside excerpts of Internet Archive item alpsinnaturehist00cooluoft: https://archive.org/details/alpsinnaturehist00cooluoft
cases/hannibal-alps/texts/scholarship/OL_search_inside_snippets/Cottrell_Leonard_1961_Hannibal_enemy_of_Rome__hannibalenemyofr00cott.txt,hannibal-alps,"Open Library search-inside excerpts of books, many still in copyright","Open Library search-inside excerpts of books, many still in copyright","Internet Archive item ""Hannibal, enemy of Rome"" (1961): https://archive.org/details/hannibalenemyofr00cott"
cases/hannibal-alps/texts/scholarship/OL_search_inside_snippets/Cottrell_Leonard_1962_Enemy_of_Rome__enemyofrome0000cott.txt,hannibal-alps,"Open Library search-inside excerpts of books, many still in copyright","Open Library search-inside excerpts of books, many still in copyright","Internet Archive item ""Enemy of Rome"" (1962): https://archive.org/details/enemyofrome0000cott"
cases/hannibal-alps/texts/scholarship/OL_search_inside_snippets/Cottrell_Leonard_1992_Hannibal_enemy_of_Rome__hannibalenemyofr0000cott.txt,hannibal-alps,"Open Library search-inside excerpts of books, many still in copyright","Open Library search-inside excerpts of books, many still in copyright","Internet Archive item ""Hannibal : enemy of Rome"" (1992): https://archive.org/details/hannibalenemyofr0000cott"
cases/hannibal-alps/texts/scholarship/OL_search_inside_snippets/Cottrell_Leonard_Hannibal_enemy_of_Rome__hannibalenemyof00cott.txt,hannibal-alps,"Open Library search-inside excerpts of books, many still in copyright","Open Library search-inside excerpts of books, many still in copyright","Internet Archive item ""Hannibal, enemy of Rome"" (1961): https://archive.org/details/hannibalenemyof00cott"
cases/hannibal-alps/texts/scholarship/OL_search_inside_snippets/Courchay_Claude_1933_1995_Deux_pas_dans_les_nuages_roman__deuxpasdanslesnu00cour.txt,hannibal-alps,"Open Library search-inside excerpts of books, many still in copyright","Open Library search-inside excerpts of books, many still in copyright","Internet Archive item ""Deux pas dans les nuages : roman"" (1995): https://archive.org/details/deuxpasdanslesnu00cour"
cases/hannibal-alps/texts/scholarship/OL_search_inside_snippets/Cramer_J_A_John_Antho_1820_A_dissertation_on_the_passage_of_Hanniba__dissertationonpa00cramuoft.txt,hannibal-alps,"Open Library search-inside excerpts of books, many still in copyright","Open Library search-inside excerpts of books, many still in copyright","Internet Archive item ""A dissertation on the passage of Hannibal over the Alps"" (1820): https://archive.org/details/dissertationonpa00cramuoft"
cases/hannibal-alps/texts/scholarship/OL_search_inside_snippets/Cramer_J_A_John_Antho_1826_A_geographical_and_historical_descriptio__geohistitaly01cram.txt,hannibal-alps,"Open Library search-inside excerpts of books, many still in copyright","Open Library search-inside excerpts of books, many still in copyright","Internet Archive item ""A geographical and historical description of Ancient Italy; with a map, and a plan of Rome"" (1826): https://archive.org/details/geohistitaly01cram"
cases/hannibal-alps/texts/scholarship/OL_search_inside_snippets/Crawford_Michael_H_Coinage_Money_Under_The_Roman_Republic__coinagemoneyunde00craw.txt,hannibal-alps,"Open Library search-inside excerpts of books, many still in copyright","Open Library search-inside excerpts of books, many still in copyright","Internet Archive item ""Coinage & Money Under The Roman Republic - Italy & The Mediterranean Economy"" (1985): https://archive.org/details/coinagemoneyunde00craw"
cases/hannibal-alps/texts/scholarship/OL_search_inside_snippets/Crouzet_Annie_19_1997_Alpes_du_Nord_Haute_Savoie_Savoie_Is__alpesdunordhaute0000crou.txt,hannibal-alps,"Open Library search-inside excerpts of books, many still in copyright","Open Library search-inside excerpts of books, many still in copyright","Internet Archive item ""Alpes du Nord : Haute-Savoie, Savoie, Isère"" (1997): https://archive.org/details/alpesdunordhaute0000crou"
cases/hannibal-alps/texts/scholarship/OL_search_inside_snippets/Cunliffe_Barry_W_1988_Greeks_Romans_and_barbarians_spheres__greeksromansbarb0000cunl.txt,hannibal-alps,"Open Library search-inside excerpts of books, many still in copyright","Open Library search-inside excerpts of books, many still in copyright","Internet Archive item ""Greeks, Romans, and barbarians : spheres of interaction"" (1988): https://archive.org/details/greeksromansbarb0000cunl"
cases/hannibal-alps/texts/scholarship/OL_search_inside_snippets/Cunliffe_Barry_W_1994_Rome_and_her_empire__romeherempire0000cunl.txt,hannibal-alps,"Open Library search-inside excerpts of books, many still in copyright","Open Library search-inside excerpts of books, many still in copyright","Internet Archive item ""Rome and her empire"" (1994): https://archive.org/details/romeherempire0000cunl"
cases/hannibal-alps/texts/scholarship/OL_search_inside_snippets/Cuntz_Otto_1865_1932_1902_Polybius_und_sein_werk__polybiusundsein00cuntgoog.txt,hannibal-alps,"Open Library search-inside excerpts of books, many still in copyright","Open Library search-inside excerpts of books, many still in copyright",Open Library search-inside excerpts of Internet Archive item polybiusundsein00cuntgoog: https://archive.org/details/polybiusundsein00cuntgoog
cases/hannibal-alps/texts/scholarship/OL_search_inside_snippets/Cuntz_Otto_1865_1932_1902_Polybius_und_sein_werk__polybiusundseinw00cuntuoft.txt,hannibal-alps,"Open Library search-inside excerpts of books, many still in copyright","Open Library search-inside excerpts of books, many still in copyright",Open Library search-inside excerpts of Internet Archive item polybiusundseinw00cuntuoft: https://archive.org/details/polybiusundseinw00cuntuoft
cases/hannibal-alps/texts/scholarship/OL_search_inside_snippets/D_Litt_M_Cary_1938_A_History_of_Rome_Down_to_the_Reign_of__historyofrome0000unse_p8v5.txt,hannibal-alps,"Open Library search-inside excerpts of books, many still in copyright","Open Library search-inside excerpts of books, many still in copyright","Internet Archive item ""History of Rome"" (1845): https://archive.org/details/historyofrome0000unse"
cases/hannibal-alps/texts/scholarship/OL_search_inside_snippets/Daly_Gregory_1975_2002_Cannae_the_experience_of_battle_in_the__cannaeexperience0000daly.txt,hannibal-alps,"Open Library search-inside excerpts of books, many still in copyright","Open Library search-inside excerpts of books, many still in copyright","Internet Archive item ""Cannae : the experience of battle in the Second Punic War"" (2002): https://archive.org/details/cannaeexperience0000daly"
cases/hannibal-alps/texts/scholarship/OL_search_inside_snippets/Dana_Krista_author_2004_Adventure_Guide_to_the_Alps__adventureguideto0000dana.txt,hannibal-alps,"Open Library search-inside excerpts of books, many still in copyright","Open Library search-inside excerpts of books, many still in copyright","Internet Archive item ""Adventure Guide to the Alps"" (2004): https://archive.org/details/adventureguideto0000dana"
cases/hannibal-alps/texts/scholarship/OL_search_inside_snippets/Dard_Frederic_1969_Be_ru_et_ces_dames_roman__beruetcesdamesro0000dard.txt,hannibal-alps,"Open Library search-inside excerpts of books, many still in copyright","Open Library search-inside excerpts of books, many still in copyright","Internet Archive item ""Béru et ces dames : roman"" (1969): https://archive.org/details/beruetcesdamesro0000dard"
cases/hannibal-alps/texts/scholarship/OL_search_inside_snippets/David_Jean_Michel_1997_The_Roman_conquest_of_Italy__romanconquestofi0000davi.txt,hannibal-alps,"Open Library search-inside excerpts of books, many still in copyright","Open Library search-inside excerpts of books, many still in copyright","Internet Archive item ""The Roman conquest of Italy"" (1997): https://archive.org/details/romanconquestofi0000davi"
cases/hannibal-alps/texts/scholarship/OL_search_inside_snippets/David_Soren_1990_Carthage__carthageuncoveri00sore.txt,hannibal-alps,"Open Library search-inside excerpts of books, many still in copyright","Open Library search-inside excerpts of books, many still in copyright","Internet Archive item ""Carthage"" (1990): https://archive.org/details/carthageuncoveri00sore"
cases/hannibal-alps/texts/scholarship/OL_search_inside_snippets/De_Beer_Gavin_Sir_1899_1956_Alps_and_elephants_Hannibal_s_march__alpselephantshan0000debe.txt,hannibal-alps,"Open Library search-inside excerpts of books, many still in copyright","Open Library search-inside excerpts of books, many still in copyright","Internet Archive item ""Alps and elephants; Hannibal's march"" (1956): https://archive.org/details/alpselephantshan0000debe"
cases/hannibal-alps/texts/scholarship/OL_search_inside_snippets/De_Beer_Gavin_Sir_1899_1969_Hannibal_the_struggle_for_power_in_the__hannibalstruggle0000debe.txt,hannibal-alps,"Open Library search-inside excerpts of books, many still in copyright","Open Library search-inside excerpts of books, many still in copyright","Internet Archive item ""Hannibal; the struggle for power in the Mediterranean"" (1969): https://archive.org/details/hannibalstruggle0000debe"
cases/hannibal-alps/texts/scholarship/OL_search_inside_snippets/De_Beer_Gavin_Sir_1969_Hannibal_Challenging_Rome_s_Supremacy__hannibalchalleng0000debe.txt,hannibal-alps,"Open Library search-inside excerpts of books, many still in copyright","Open Library search-inside excerpts of books, many still in copyright","Internet Archive item ""Hannibal: Challenging Rome's Supremacy"" (October 30, 1969): https://archive.org/details/hannibalchalleng0000debe"
cases/hannibal-alps/texts/scholarship/OL_search_inside_snippets/De_Beer_Gavin_Sir_1969_Hannibal_Challenging_Rome_s_Supremacy__hannibalchalleng0000debe_n1o4.txt,hannibal-alps,"Open Library search-inside excerpts of books, many still in copyright","Open Library search-inside excerpts of books, many still in copyright","Internet Archive item ""Hannibal: Challenging Rome's Supremacy"" (October 30, 1969): https://archive.org/details/hannibalchalleng0000debe"
cases/hannibal-alps/texts/scholarship/OL_search_inside_snippets/Dean_Lindley_Richard_18_1916_Selections_from_Roman_historians__selectionsfromr00defegoog.txt,hannibal-alps,"Open Library search-inside excerpts of books, many still in copyright","Open Library search-inside excerpts of books, many still in copyright",Open Library search-inside excerpts of Internet Archive item selectionsfromr00defegoog: https://archive.org/details/selectionsfromr00defegoog
cases/hannibal-alps/texts/scholarship/OL_search_inside_snippets/Dellepiane_Giovanni_1896_Guida_per_escursioni_negli_appennini_e_n__guidaperescursio00dell.txt,hannibal-alps,"Open Library search-inside excerpts of books, many still in copyright","Open Library search-inside excerpts of books, many still in copyright","Internet Archive item ""Guida per escursioni negli appennini e nelle Alpi liguri"" (1896): https://archive.org/details/guidaperescursio00dell"
cases/hannibal-alps/texts/scholarship/OL_search_inside_snippets/Dempster_Charlotte_Louis_1885_The_Maritime_Alps_and_their_seaboard__maritimealpsthei00demp.txt,hannibal-alps,"Open Library search-inside excerpts of books, many still in copyright","Open Library search-inside excerpts of books, many still in copyright","Internet Archive item ""The Maritime Alps and their seaboard"" (1885): https://archive.org/details/maritimealpsthei00demp"
cases/hannibal-alps/texts/scholarship/OL_search_inside_snippets/Denina_Carlo_1731_1813_1805_Tableau_historique_statistique_et_moral__tableauhistoriqu00deniuoft.txt,hannibal-alps,"Open Library search-inside excerpts of books, many still in copyright","Open Library search-inside excerpts of books, many still in copyright",Open Library search-inside excerpts of Internet Archive item tableauhistoriqu00deniuoft: https://archive.org/details/tableauhistoriqu00deniuoft
cases/hannibal-alps/texts/scholarship/OL_search_inside_snippets/Desjardins_Ernest_1823_1876_Ge_ographie_historique_et_administrative__gographiehistor00desjgoog.txt,hannibal-alps,"Open Library search-inside excerpts of books, many still in copyright","Open Library search-inside excerpts of books, many still in copyright",Open Library search-inside excerpts of Internet Archive item gographiehistor00desjgoog: https://archive.org/details/gographiehistor00desjgoog
cases/hannibal-alps/texts/scholarship/OL_search_inside_snippets/Dilke_O_A_W_Oswald_A_1971_The_Roman_land_surveyors_an_introductio__romanlandsurveyo0000dilk_o0m2.txt,hannibal-alps,"Open Library search-inside excerpts of books, many still in copyright","Open Library search-inside excerpts of books, many still in copyright",Open Library search-inside excerpts of Internet Archive item romanlandsurveyo0000dilk_o0m2: https://archive.org/details/romanlandsurveyo0000dilk_o0m2
cases/hannibal-alps/texts/scholarship/OL_search_inside_snippets/Dillon_Paddy_2008_The_GR5_trail_through_the_French_Alps__gr5trailthroughf0000dill.txt,hannibal-alps,"Open Library search-inside excerpts of books, many still in copyright","Open Library search-inside excerpts of books, many still in copyright","Internet Archive item ""The GR5 trail : through the French Alps, Lake Geneva to Nice"" (2008): https://archive.org/details/gr5trailthroughf0000dill"
cases/hannibal-alps/texts/scholarship/OL_search_inside_snippets/Dirkzwager_A_Strabo_u_ber_Gallia_Narbonensis__straboubergallia0000dirk.txt,hannibal-alps,"Open Library search-inside excerpts of books, many still in copyright","Open Library search-inside excerpts of books, many still in copyright","Internet Archive item ""Strabo über Gallia Narbonensis"" (1975): https://archive.org/details/straboubergallia0000dirk"
cases/hannibal-alps/texts/scholarship/OL_search_inside_snippets/Dodge_Theodore_Ayrault_1891_Hannibal_a_history_of_the_art_of_war_am__cu31924030986438.txt,hannibal-alps,"Open Library search-inside excerpts of books, many still in copyright","Open Library search-inside excerpts of books, many still in copyright",Open Library search-inside excerpts of Internet Archive item cu31924030986438: https://archive.org/details/cu31924030986438
cases/hannibal-alps/texts/scholarship/OL_search_inside_snippets/Dodge_Theodore_Ayrault_Caesar_a_history_of_the_art_of_war_amo__caesarhistoryofa00dodguoft.txt,hannibal-alps,"Open Library search-inside excerpts of books, many still in copyright","Open Library search-inside excerpts of books, many still in copyright",Open Library search-inside excerpts of Internet Archive item caesarhistoryofa00dodguoft: https://archive.org/details/caesarhistoryofa00dodguoft
cases/hannibal-alps/texts/scholarship/OL_search_inside_snippets/Dodge_Theodore_Ayrault_Hannibal_a_history_of_the_art_of_war_a__hannibalhistoryo00dodguoft.txt,hannibal-alps,"Open Library search-inside excerpts of books, many still in copyright","Open Library search-inside excerpts of books, many still in copyright","Internet Archive item ""Hannibal"" (2004): https://archive.org/details/hannibalhistoryo00dodg"
cases/hannibal-alps/texts/scholarship/OL_search_inside_snippets/Donald_Reynolds_Dudley_The_Romans_850_B_C_A_D_337__romans850bcad3370000dona.txt,hannibal-alps,"Open Library search-inside excerpts of books, many still in copyright","Open Library search-inside excerpts of books, many still in copyright","Internet Archive item ""The Romans: 850 B.C.--A.D. 337,"" (Oct 06, 1970): https://archive.org/details/romans850bcad3370000dona"
cases/hannibal-alps/texts/scholarship/OL_search_inside_snippets/Dorey_Thomas_Alan_Rome_against_Carthage__romeagainstcarth0000dore.txt,hannibal-alps,"Open Library search-inside excerpts of books, many still in copyright","Open Library search-inside excerpts of books, many still in copyright","Internet Archive item ""Rome against Carthage"" (1971): https://archive.org/details/romeagainstcarth0000dore"
cases/hannibal-alps/texts/scholarship/OL_search_inside_snippets/Dudley_Donald_Reynolds_1991_Roman_society__romansociety0000dudl_s8t1.txt,hannibal-alps,"Open Library search-inside excerpts of books, many still in copyright","Open Library search-inside excerpts of books, many still in copyright","Internet Archive item ""Roman society"" (1975): https://archive.org/details/romansociety0000dudl"
cases/hannibal-alps/texts/scholarship/OL_search_inside_snippets/Dumas_Alexandre_1802_18_1896_The_romances_of_Alexander_Dumas__romancesalexand36dumagoog.txt,hannibal-alps,"Open Library search-inside excerpts of books, many still in copyright","Open Library search-inside excerpts of books, many still in copyright",Open Library search-inside excerpts of Internet Archive item romancesalexand36dumagoog: https://archive.org/details/romancesalexand36dumagoog
cases/hannibal-alps/texts/scholarship/OL_search_inside_snippets/Dunstan_William_E_2011_Ancient_Rome__ancientrome0000duns.txt,hannibal-alps,"Open Library search-inside excerpts of books, many still in copyright","Open Library search-inside excerpts of books, many still in copyright","Internet Archive item ""Ancient Rome"" (2011): https://archive.org/details/ancientrome0000duns"
cases/hannibal-alps/texts/scholarship/OL_search_inside_snippets/Durham_David_Anthony_19_2005_Pride_of_Carthage__prideofcarthage0000durh.txt,hannibal-alps,"Open Library search-inside excerpts of books, many still in copyright","Open Library search-inside excerpts of books, many still in copyright","Internet Archive item ""Pride of Carthage"" (2005): https://archive.org/details/prideofcarthage0000durh"
cases/hannibal-alps/texts/scholarship/OL_search_inside_snippets/Durham_David_Anthony_19_2005_Pride_of_Carthage__prideofcarthage0000durh_e4f1.txt,hannibal-alps,"Open Library search-inside excerpts of books, many still in copyright","Open Library search-inside excerpts of books, many still in copyright","Internet Archive item ""Pride of Carthage"" (2005): https://archive.org/details/prideofcarthage0000durh"
cases/hannibal-alps/texts/scholarship/OL_search_inside_snippets/Durham_David_Anthony_19_2006_Pride_of_Carthage_a_novel_of_Hannibal__prideofcarthagen0000durh.txt,hannibal-alps,"Open Library search-inside excerpts of books, many still in copyright","Open Library search-inside excerpts of books, many still in copyright","Internet Archive item ""Pride of Carthage : a novel of Hannibal"" (2006): https://archive.org/details/prideofcarthagen0000durh"
cases/hannibal-alps/texts/scholarship/OL_search_inside_snippets/Durham_David_Anthony_19_2006_Pride_of_Carthage_a_novel_of_Hannibal__prideofcarthagen0000durh_g0q2.txt,hannibal-alps,"Open Library search-inside excerpts of books, many still in copyright","Open Library search-inside excerpts of books, many still in copyright","Internet Archive item ""Pride of Carthage : a novel of Hannibal"" (2006): https://archive.org/details/prideofcarthagen0000durh"
cases/hannibal-alps/texts/scholarship/OL_search_inside_snippets/Durham_David_Anthony_19_2006_Pride_of_Carthage_a_novel_of_Hannibal__prideofcarthagen0000durh_x7j4.txt,hannibal-alps,"Open Library search-inside excerpts of books, many still in copyright","Open Library search-inside excerpts of books, many still in copyright","Internet Archive item ""Pride of Carthage : a novel of Hannibal"" (2006): https://archive.org/details/prideofcarthagen0000durh"
cases/hannibal-alps/texts/scholarship/OL_search_inside_snippets/Duruy_Victor_1811_1894_1883_History_of_Rome_and_of_the_Roman_people__historyofromeofr01duru.txt,hannibal-alps,"Open Library search-inside excerpts of books, many still in copyright","Open Library search-inside excerpts of books, many still in copyright","Internet Archive item ""History of Rome, and of the Roman people, from its origin to the invasion of the barbarian"" (1883): https://archive.org/details/historyofromeofr01duru"
cases/hannibal-alps/texts/scholarship/OL_search_inside_snippets/Duruy_Victor_1811_1894_1884_History_of_Rome_and_the_Roman_people_fr__historyofromero01duru.txt,hannibal-alps,"Open Library search-inside excerpts of books, many still in copyright","Open Library search-inside excerpts of books, many still in copyright","Internet Archive item ""History of Rome and the Roman people, from its origin to the establishment of the Christia"" (1884): https://archive.org/details/historyofromero01duru"
cases/hannibal-alps/texts/scholarship/OL_search_inside_snippets/Duruy_Victor_1811_1894_1884_History_of_Rome_and_the_Roman_people_fr__p2historyofromer01duruuoft.txt,hannibal-alps,"Open Library search-inside excerpts of books, many still in copyright","Open Library search-inside excerpts of books, many still in copyright",Open Library search-inside excerpts of Internet Archive item p2historyofromer01duruuoft: https://archive.org/details/p2historyofromer01duruuoft
cases/hannibal-alps/texts/scholarship/OL_search_inside_snippets/Duruy_Victor_1811_1894_1894_History_of_Rome_and_of_the_Roman_people__historyofromeofr0001duru.txt,hannibal-alps,"Open Library search-inside excerpts of books, many still in copyright","Open Library search-inside excerpts of books, many still in copyright","Internet Archive item ""History of Rome, and of the Roman people, from its origin to the invasion of the barbarian"" (1894): https://archive.org/details/historyofromeofr0001duru"
cases/hannibal-alps/texts/scholarship/OL_search_inside_snippets/Dyson_Stephen_L_1985_The_creation_of_the_Roman_frontier__creationofromanf0000dyso.txt,hannibal-alps,"Open Library search-inside excerpts of books, many still in copyright","Open Library search-inside excerpts of books, many still in copyright","Internet Archive item ""The creation of the Roman frontier"" (1985): https://archive.org/details/creationofromanf0000dyso"
cases/hannibal-alps/texts/scholarship/OL_search_inside_snippets/Dzilums_Alfreds_1990_Saplesta_kruze_romans__saplestakruzerom00dzil.txt,hannibal-alps,"Open Library search-inside excerpts of books, many still in copyright","Open Library search-inside excerpts of books, many still in copyright","Internet Archive item ""Saplesta kruze : romans"" (1990): https://archive.org/details/saplestakruzerom00dzil"
cases/hannibal-alps/texts/scholarship/OL_search_inside_snippets/E_nard_Mathias_1972_2008_Zone_roman__zoneroman0000enar.txt,hannibal-alps,"Open Library search-inside excerpts of books, many still in copyright","Open Library search-inside excerpts of books, many still in copyright","Internet Archive item ""Zone : roman"" (2008): https://archive.org/details/zoneroman0000enar"
cases/hannibal-alps/texts/scholarship/OL_search_inside_snippets/Eckstein_Arthur_M_2006_Mediterranean_anarchy_interstate_war_a__mediterraneanana0000ecks.txt,hannibal-alps,"Open Library search-inside excerpts of books, many still in copyright","Open Library search-inside excerpts of books, many still in copyright","Internet Archive item ""Mediterranean anarchy, interstate war, and the rise of Rome"" (2006): https://archive.org/details/mediterraneanana0000ecks"
cases/hannibal-alps/texts/scholarship/OL_search_inside_snippets/Eco_Umberto_1932_1990_Le_pendule_de_Foucault_roman__lependuledefouca0000ecou_n4k3.txt,hannibal-alps,"Open Library search-inside excerpts of books, many still in copyright","Open Library search-inside excerpts of books, many still in copyright","Internet Archive item ""Le Pendule de Foucault : roman"" (1990): https://archive.org/details/lependuledefouca0000ecou"
cases/hannibal-alps/texts/scholarship/OL_search_inside_snippets/Edward_Herring_Creating_Ethnicities_Identities_in_the__2355ef20-b376-4bd3-92f2-f764acb45946.txt,hannibal-alps,"Open Library search-inside excerpts of books, many still in copyright","Open Library search-inside excerpts of books, many still in copyright",Open Library search-inside excerpts of Internet Archive item 2355ef20-b376-4bd3-92f2-f764acb45946: https://archive.org/details/2355ef20-b376-4bd3-92f2-f764acb45946
cases/hannibal-alps/texts/scholarship/OL_search_inside_snippets/Edward_Rupert_Humphreys_1857_The_History_of_Rome_The_Third_Decade_P__historyromethir00livygoog.txt,hannibal-alps,"Open Library search-inside excerpts of books, many still in copyright","Open Library search-inside excerpts of books, many still in copyright",Open Library search-inside excerpts of Internet Archive item historyromethir00livygoog: https://archive.org/details/historyromethir00livygoog
cases/hannibal-alps/texts/scholarship/OL_search_inside_snippets/Edward_Whymper_1873_SCRAMBLES_AMONG_THE_ALPS_IN_THE_YEARS_18__scramblesamongal0000unse.txt,hannibal-alps,"Open Library search-inside excerpts of books, many still in copyright","Open Library search-inside excerpts of books, many still in copyright","Internet Archive item ""SCRAMBLES AMONG THE ALPS IN THE YEARS 1860 TO 1869"" (1873): https://archive.org/details/scramblesamongal0000unse"
cases/hannibal-alps/texts/scholarship/OL_search_inside_snippets/Edward_Whymper_Scrambles_amongst_the_Alps__scramblesamongst00whym_0.txt,hannibal-alps,"Open Library search-inside excerpts of books, many still in copyright","Open Library search-inside excerpts of books, many still in copyright","Internet Archive item ""Scrambles amongst the Alps in the years 1860-69"" (1871): https://archive.org/details/scramblesamongst00whym"
cases/hannibal-alps/texts/scholarship/OL_search_inside_snippets/Ellis_Hesselmeyer_1906_Hannibals_Alpen_bergang_im_Lichte_der_ne__hannibalsalpenb00hessgoog.txt,hannibal-alps,"Open Library search-inside excerpts of books, many still in copyright","Open Library search-inside excerpts of books, many still in copyright",Open Library search-inside excerpts of Internet Archive item hannibalsalpenb00hessgoog: https://archive.org/details/hannibalsalpenb00hessgoog
cases/hannibal-alps/texts/scholarship/OL_search_inside_snippets/Ellis_Peter_Berresford_1998_Celt_and_Roman_the_Celts_of_Italy__celtromanceltsof0000elli.txt,hannibal-alps,"Open Library search-inside excerpts of books, many still in copyright","Open Library search-inside excerpts of books, many still in copyright","Internet Archive item ""Celt and Roman : the Celts of Italy"" (1998): https://archive.org/details/celtromanceltsof0000elli"
cases/hannibal-alps/texts/scholarship/OL_search_inside_snippets/Ellis_Robert_1853_A_treatise_on_Hannibal_s_passage_of_the__treatiseonhannib00elli.txt,hannibal-alps,"Open Library search-inside excerpts of books, many still in copyright","Open Library search-inside excerpts of books, many still in copyright","Internet Archive item ""A treatise on Hannibal's passage of the Alps, in which his route is traced over the little"" (1853): https://archive.org/details/treatiseonhannib00elli"
cases/hannibal-alps/texts/scholarship/OL_search_inside_snippets/Enemy_Of_Rome__enemyofrome0000unse.txt,hannibal-alps,"Open Library search-inside excerpts of books, many still in copyright","Open Library search-inside excerpts of books, many still in copyright","Internet Archive item ""Enemy Of Rome"" (): https://archive.org/details/enemyofrome0000unse"
cases/hannibal-alps/texts/scholarship/OL_search_inside_snippets/Engel_Claire_Eliane_1977_A_history_of_mountaineering_in_the_Alps__historyofmountai0000enge.txt,hannibal-alps,"Open Library search-inside excerpts of books, many still in copyright","Open Library search-inside excerpts of books, many still in copyright","Internet Archive item ""A history of mountaineering in the Alps"" (1977): https://archive.org/details/historyofmountai0000enge"
cases/hannibal-alps/texts/scholarship/OL_search_inside_snippets/Ernle_Dusgate_Selby_Bradf_1981_Hannibal__hannibal00ernl_cdu.txt,hannibal-alps,"Open Library search-inside excerpts of books, many still in copyright","Open Library search-inside excerpts of books, many still in copyright",Open Library search-inside excerpts of Internet Archive item hannibal00ernl_cdu: https://archive.org/details/hannibal00ernl_cdu
cases/hannibal-alps/texts/scholarship/OL_search_inside_snippets/Ernle_Dusgate_Selby_Bradf_1991_Hannibal__hannibal00brad_0.txt,hannibal-alps,"Open Library search-inside excerpts of books, many still in copyright","Open Library search-inside excerpts of books, many still in copyright",Open Library search-inside excerpts of Internet Archive item hannibal00brad: https://archive.org/details/hannibal00brad
cases/hannibal-alps/texts/scholarship/OL_search_inside_snippets/Eugen_E_H_sler_2017_Bergwanderatlas_Alpen_2000_Touren_zwisc__bergwanderatlasa0000euge.txt,hannibal-alps,"Open Library search-inside excerpts of books, many still in copyright","Open Library search-inside excerpts of books, many still in copyright","Internet Archive item ""Bergwanderatlas Alpen: 2000 Touren zwischen Wien und Nizza"" (2017-10-16): https://archive.org/details/bergwanderatlasa0000euge"
cases/hannibal-alps/texts/scholarship/OL_search_inside_snippets/Eutropius_active_4th_cen_War_with_Hannibal_authentic_Latin_pros__warwithhannibala0000eutr_c6h1.txt,hannibal-alps,"Open Library search-inside excerpts of books, many still in copyright","Open Library search-inside excerpts of books, many still in copyright",Open Library search-inside excerpts of Internet Archive item warwithhannibala0000eutr_c6h1: https://archive.org/details/warwithhannibala0000eutr_c6h1
cases/hannibal-alps/texts/scholarship/OL_search_inside_snippets/Everitt_Anthony_2012_The_rise_of_Rome_the_making_of_the_wor__riseofromemaking0000ever.txt,hannibal-alps,"Open Library search-inside excerpts of books, many still in copyright","Open Library search-inside excerpts of books, many still in copyright","Internet Archive item ""The rise of Rome : the making of the world's greatest empire"" (2012): https://archive.org/details/riseofromemaking0000ever"
cases/hannibal-alps/texts/scholarship/OL_search_inside_snippets/Everitt_Anthony_author_2013_The_rise_of_Rome_the_making_of_the_wor__riseofromemaking0000ever_o4g0.txt,hannibal-alps,"Open Library search-inside excerpts of books, many still in copyright","Open Library search-inside excerpts of books, many still in copyright","Internet Archive item ""The rise of Rome : the making of the world's greatest empire"" (2012): https://archive.org/details/riseofromemaking0000ever"
cases/hannibal-alps/texts/scholarship/OL_search_inside_snippets/F_E_Adcock_and_M_P_Char_1954_Cambridge_Ancient_History_Volume_VIII__bwb_P8-AJA-731.txt,hannibal-alps,"Open Library search-inside excerpts of books, many still in copyright","Open Library search-inside excerpts of books, many still in copyright",Open Library search-inside excerpts of Internet Archive item bwb_P8-AJA-731: https://archive.org/details/bwb_P8-AJA-731
cases/hannibal-alps/texts/scholarship/OL_search_inside_snippets/Fast_Howard_1914_2003_1979_La_route_de_la_liberte_Freedom_road__laroutedelaliber0000fast.txt,hannibal-alps,"Open Library search-inside excerpts of books, many still in copyright","Open Library search-inside excerpts of books, many still in copyright","Internet Archive item ""La route de la liberte ́ : (Freedom road) roman"" (1979): https://archive.org/details/laroutedelaliber0000fast"
cases/hannibal-alps/texts/scholarship/OL_search_inside_snippets/Felice_Giovanni_Ferrero_1910_The_Valley_of_Aosta_A_descriptive_and__valleyofaostades0000feli.txt,hannibal-alps,"Open Library search-inside excerpts of books, many still in copyright","Open Library search-inside excerpts of books, many still in copyright","Internet Archive item ""The Valley of Aosta;: A descriptive and historical sketch of an Alpine valley noteworthy i"" (1910-01-01): https://archive.org/details/valleyofaostades0000feli"
cases/hannibal-alps/texts/scholarship/OL_search_inside_snippets/Fentress_Elizabeth_W_B_1979_Numidia_and_the_Roman_army_social_mil__numidiaromanarmy0000fent.txt,hannibal-alps,"Open Library search-inside excerpts of books, many still in copyright","Open Library search-inside excerpts of books, many still in copyright","Internet Archive item ""Numidia and the Roman army : social, military and economic aspects of the frontier zone"" (1979): https://archive.org/details/numidiaromanarmy0000fent"
cases/hannibal-alps/texts/scholarship/OL_search_inside_snippets/Ferrand_Henri_Marc_1853_1912_La_route_des_Alpes_francaises_du_Leman_a__routealpesfranca00ferr.txt,hannibal-alps,"Open Library search-inside excerpts of books, many still in copyright","Open Library search-inside excerpts of books, many still in copyright","Internet Archive item ""La route des Alpes francaises du Leman a la mer; ouvrage orne de gravures en phototypie"" (1912): https://archive.org/details/routealpesfranca00ferr"
cases/hannibal-alps/texts/scholarship/OL_search_inside_snippets/Ferrero_Felice_1910_The_Valley_of_Aosta_a_descriptive_and_h__valleyofaostades00ferr.txt,hannibal-alps,"Open Library search-inside excerpts of books, many still in copyright","Open Library search-inside excerpts of books, many still in copyright","Internet Archive item ""The Valley of Aosta, a descriptive and historica; sketch of an Alpine valley noteworthy in"" (1910): https://archive.org/details/valleyofaostades00ferr"
cases/hannibal-alps/texts/scholarship/OL_search_inside_snippets/Ferrero_Felice_Giovanni_1910_The_Valley_of_Aosta_a_descriptive_and_h__valleyaostaades00ferrgoog.txt,hannibal-alps,"Open Library search-inside excerpts of books, many still in copyright","Open Library search-inside excerpts of books, many still in copyright",Open Library search-inside excerpts of Internet Archive item valleyaostaades00ferrgoog: https://archive.org/details/valleyaostaades00ferrgoog
cases/hannibal-alps/texts/scholarship/OL_search_inside_snippets/Fields_Nic_2010_Hannibal_leadership_strategy_conflic__hanniballeadersh0000fiel.txt,hannibal-alps,"Open Library search-inside excerpts of books, many still in copyright","Open Library search-inside excerpts of books, many still in copyright","Internet Archive item ""Hannibal : leadership, strategy, conflict"" (2010): https://archive.org/details/hanniballeadersh0000fiel"
cases/hannibal-alps/texts/scholarship/OL_search_inside_snippets/Fife_Graeme_author_The_Rapha_guide_to_the_great_road_climbs__raphaguidetogrea0000fife_q2i0.txt,hannibal-alps,"Open Library search-inside excerpts of books, many still in copyright","Open Library search-inside excerpts of books, many still in copyright","Internet Archive item ""The Rapha guide to the great road climbs of the Pyrenees"" (2008): https://archive.org/details/raphaguidetogrea0000fife"
cases/hannibal-alps/texts/scholarship/OL_search_inside_snippets/Fisher_Greg_1976_autho_2016_Hannibal_and_Scipio__hannibalscipio0000fish.txt,hannibal-alps,"Open Library search-inside excerpts of books, many still in copyright","Open Library search-inside excerpts of books, many still in copyright","Internet Archive item ""Hannibal and Scipio"" (2016): https://archive.org/details/hannibalscipio0000fish"
cases/hannibal-alps/texts/scholarship/OL_search_inside_snippets/Flahault_Charles_1852_1_1906_Nouvelle_flore_colori_e_de_poche_des_Alp__nouvelleflorecol01flah.txt,hannibal-alps,"Open Library search-inside excerpts of books, many still in copyright","Open Library search-inside excerpts of books, many still in copyright","Internet Archive item ""Nouvelle flore coloriée de poche des Alpes et des Pyrénées"" (1906): https://archive.org/details/nouvelleflorecol01flah"
cases/hannibal-alps/texts/scholarship/OL_search_inside_snippets/Forbes_James_David_1809_1900_Travels_through_the_Alps__travelsthroughal00forbrich.txt,hannibal-alps,"Open Library search-inside excerpts of books, many still in copyright","Open Library search-inside excerpts of books, many still in copyright",Open Library search-inside excerpts of Internet Archive item travelsthroughal00forbrich: https://archive.org/details/travelsthroughal00forbrich
cases/hannibal-alps/texts/scholarship/OL_search_inside_snippets/Fowler_W_Warde_William_1917_La_vie_sociale_Rome_au_temps_de_Cic_ro__laviesocialero00fowl.txt,hannibal-alps,"Open Library search-inside excerpts of books, many still in copyright","Open Library search-inside excerpts of books, many still in copyright","Internet Archive item ""La vie sociale à Rome au temps de Cicéron"" (1917): https://archive.org/details/laviesocialero00fowl"
cases/hannibal-alps/texts/scholarship/OL_search_inside_snippets/Fox_Robin_Lane_Robin_J_2007_De_klassieke_wereld_een_epische_geschi__deklassiekewerel0000foxr.txt,hannibal-alps,"Open Library search-inside excerpts of books, many still in copyright","Open Library search-inside excerpts of books, many still in copyright","Internet Archive item ""De klassieke wereld : een epische geschiedenis van de Grieken en de Romeinen"" (2007): https://archive.org/details/deklassiekewerel0000foxr"
cases/hannibal-alps/texts/scholarship/OL_search_inside_snippets/Freeston_Charles_L_Cha_1911_The_high_roads_of_the_Alps_a_motoring_g__highroadsofalpsm00free.txt,hannibal-alps,"Open Library search-inside excerpts of books, many still in copyright","Open Library search-inside excerpts of books, many still in copyright","Internet Archive item ""The high-roads of the Alps; a motoring guide to one hundred mountain passes"" (1911): https://archive.org/details/highroadsofalpsm00free"
cases/hannibal-alps/texts/scholarship/OL_search_inside_snippets/French_Alps__frenchalps0000unse.txt,hannibal-alps,"Open Library search-inside excerpts of books, many still in copyright","Open Library search-inside excerpts of books, many still in copyright","Internet Archive item ""French Alps"" (2007): https://archive.org/details/frenchalps0000unse"
cases/hannibal-alps/texts/scholarship/OL_search_inside_snippets/French_Alps__frenchalps0000unse_d6c0.txt,hannibal-alps,"Open Library search-inside excerpts of books, many still in copyright","Open Library search-inside excerpts of books, many still in copyright","Internet Archive item ""French Alps"" (2007): https://archive.org/details/frenchalps0000unse"
cases/hannibal-alps/texts/scholarship/OL_search_inside_snippets/Freshfield_Douglas_Willi_1914_Hannibal_once_more__hannibaloncemore00fres.txt,hannibal-alps,"Open Library search-inside excerpts of books, many still in copyright","Open Library search-inside excerpts of books, many still in copyright","Internet Archive item ""Hannibal once more"" (1914): https://archive.org/details/hannibaloncemore00fres"
cases/hannibal-alps/texts/scholarship/OL_search_inside_snippets/Frith_Henry_1840_1892_The_romance_of_engineering_stories_of_t__romanceofenginee00frituoft.txt,hannibal-alps,"Open Library search-inside excerpts of books, many still in copyright","Open Library search-inside excerpts of books, many still in copyright",Open Library search-inside excerpts of Internet Archive item romanceofenginee00frituoft: https://archive.org/details/romanceofenginee00frituoft
cases/hannibal-alps/texts/scholarship/OL_search_inside_snippets/Frothingham_Arthur_L_A_1910_Roman_cities_in_Italy_and_Dalmatia__romancitiesinit00frotgoog.txt,hannibal-alps,"Open Library search-inside excerpts of books, many still in copyright","Open Library search-inside excerpts of books, many still in copyright",Open Library search-inside excerpts of Internet Archive item romancitiesinit00frotgoog: https://archive.org/details/romancitiesinit00frotgoog
cases/hannibal-alps/texts/scholarship/OL_search_inside_snippets/Frothingham_Arthur_L_A_1910_Roman_cities_in_Italy_and_Dalmatia__romancitiesinita0000frot.txt,hannibal-alps,"Open Library search-inside excerpts of books, many still in copyright","Open Library search-inside excerpts of books, many still in copyright","Internet Archive item ""Roman cities in Italy and Dalmatia"" (1910): https://archive.org/details/romancitiesinita0000frot"
cases/hannibal-alps/texts/scholarship/OL_search_inside_snippets/Frothingham_Arthur_L_A_1910_Roman_cities_in_Italy_and_Dalmatia__romancitiesinita0000frot_i5x9.txt,hannibal-alps,"Open Library search-inside excerpts of books, many still in copyright","Open Library search-inside excerpts of books, many still in copyright","Internet Archive item ""Roman cities in Italy and Dalmatia"" (1910): https://archive.org/details/romancitiesinita0000frot"
cases/hannibal-alps/texts/scholarship/OL_search_inside_snippets/Frothingham_Arthur_L_A_1910_Roman_cities_in_Italy_and_Dalmatia__romancitiesinita00frotuoft.txt,hannibal-alps,"Open Library search-inside excerpts of books, many still in copyright","Open Library search-inside excerpts of books, many still in copyright",Open Library search-inside excerpts of Internet Archive item romancitiesinita00frotuoft: https://archive.org/details/romancitiesinita00frotuoft
cases/hannibal-alps/texts/scholarship/OL_search_inside_snippets/Frothingham_Arthur_L_A_1910_Roman_cities_in_northern_Italy_and_Dalma__romancitiesinnor00frot.txt,hannibal-alps,"Open Library search-inside excerpts of books, many still in copyright","Open Library search-inside excerpts of books, many still in copyright","Internet Archive item ""Roman cities in northern Italy and Dalmatia"" (1910): https://archive.org/details/romancitiesinnor00frot"
cases/hannibal-alps/texts/scholarship/OL_search_inside_snippets/Funck_Brentano_Frantz_1_A_history_of_Gaul_Celtic_Roman_and_Fr__historyofgaul00fran.txt,hannibal-alps,"Open Library search-inside excerpts of books, many still in copyright","Open Library search-inside excerpts of books, many still in copyright","Internet Archive item ""A history of Gaul : Celtic, Roman and Frankish rule"" (1993): https://archive.org/details/historyofgaul00fran"
cases/hannibal-alps/texts/scholarship/OL_search_inside_snippets/G_E_F_Chilver_1941_Cisalpine_Gaul__bwb_W9-CUG-384.txt,hannibal-alps,"Open Library search-inside excerpts of books, many still in copyright","Open Library search-inside excerpts of books, many still in copyright",Open Library search-inside excerpts of Internet Archive item bwb_W9-CUG-384: https://archive.org/details/bwb_W9-CUG-384
cases/hannibal-alps/texts/scholarship/OL_search_inside_snippets/G_P_Baker_1929_Hannibal__bwb_W9-CUG-625.txt,hannibal-alps,"Open Library search-inside excerpts of books, many still in copyright","Open Library search-inside excerpts of books, many still in copyright",Open Library search-inside excerpts of Internet Archive item bwb_W9-CUG-625: https://archive.org/details/bwb_W9-CUG-625
cases/hannibal-alps/texts/scholarship/OL_search_inside_snippets/Gabriel_Richard_A_Hannibal_the_military_biography_of_Rom__hannibalmilitary0000gabr.txt,hannibal-alps,"Open Library search-inside excerpts of books, many still in copyright","Open Library search-inside excerpts of books, many still in copyright","Internet Archive item ""Hannibal : the military biography of Rome's greatest enemy"" (2011): https://archive.org/details/hannibalmilitary0000gabr"
cases/hannibal-alps/texts/scholarship/OL_search_inside_snippets/Gallay_Claudie_1961_au_2021_Avant_l_e_te_roman__avantleteroman0000gall.txt,hannibal-alps,"Open Library search-inside excerpts of books, many still in copyright","Open Library search-inside excerpts of books, many still in copyright","Internet Archive item ""Avant l'été : roman"" (2021): https://archive.org/details/avantleteroman0000gall"
cases/hannibal-alps/texts/scholarship/OL_search_inside_snippets/Garett_G_Fagan_Ph_D_The_History_of_Ancient_Rome__bwb_W9-DDB-858.txt,hannibal-alps,"Open Library search-inside excerpts of books, many still in copyright","Open Library search-inside excerpts of books, many still in copyright",Open Library search-inside excerpts of Internet Archive item bwb_W9-DDB-858: https://archive.org/details/bwb_W9-DDB-858
cases/hannibal-alps/texts/scholarship/OL_search_inside_snippets/Gautier_Hubert_1660_173_1721_Traite_de_la_construction_des_chemins__traitdelaconstr00conggoog.txt,hannibal-alps,"Open Library search-inside excerpts of books, many still in copyright","Open Library search-inside excerpts of books, many still in copyright",Open Library search-inside excerpts of Internet Archive item traitdelaconstr00conggoog: https://archive.org/details/traitdelaconstr00conggoog
cases/hannibal-alps/texts/scholarship/OL_search_inside_snippets/Gavin_de_beer_1969_Hannibal__bwb_KU-748-217.txt,hannibal-alps,"Open Library search-inside excerpts of books, many still in copyright","Open Library search-inside excerpts of books, many still in copyright",Open Library search-inside excerpts of Internet Archive item bwb_KU-748-217: https://archive.org/details/bwb_KU-748-217
cases/hannibal-alps/texts/scholarship/OL_search_inside_snippets/Gazeau_Fran_s_1827_1877_1882_History_of_Rome_revised_corrected_an__historyofrome0000unse_q6y0.txt,hannibal-alps,"Open Library search-inside excerpts of books, many still in copyright","Open Library search-inside excerpts of books, many still in copyright","Internet Archive item ""History of Rome"" (1845): https://archive.org/details/historyofrome0000unse"
cases/hannibal-alps/texts/scholarship/OL_search_inside_snippets/George_Philip_Baker_1967_Hannibal__hannibal0000geor.txt,hannibal-alps,"Open Library search-inside excerpts of books, many still in copyright","Open Library search-inside excerpts of books, many still in copyright","Internet Archive item ""Hannibal"" (1967-01-01): https://archive.org/details/hannibal0000geor"
cases/hannibal-alps/texts/scholarship/OL_search_inside_snippets/Georges_A_Bonnard_1961_Gibbon_s_Journey_from_Geneva_to_Rome_hi__gibbonsjourneyfr0000geor.txt,hannibal-alps,"Open Library search-inside excerpts of books, many still in copyright","Open Library search-inside excerpts of books, many still in copyright","Internet Archive item ""Gibbon's Journey from Geneva to Rome: his Journal from 20 April to 2 October 1764"" (1961): https://archive.org/details/gibbonsjourneyfr0000geor"
cases/hannibal-alps/texts/scholarship/OL_search_inside_snippets/Giannelli_Giulio_1889_1976_Trattato_di_storia_romana_l_Italia_ant__trattatodistoria0000gian.txt,hannibal-alps,"Open Library search-inside excerpts of books, many still in copyright","Open Library search-inside excerpts of books, many still in copyright","Internet Archive item ""Trattato di storia romana : l'Italia antica e la Repubblica romana"" (1976): https://archive.org/details/trattatodistoria0000gian"
cases/hannibal-alps/texts/scholarship/OL_search_inside_snippets/Gibbon_Edward_1737_1794_1961_Gibbon_s_journey_from_Geneva_to_Rome_h__gibbonsjourneyfr0000gibb.txt,hannibal-alps,"Open Library search-inside excerpts of books, many still in copyright","Open Library search-inside excerpts of books, many still in copyright","Internet Archive item ""Gibbon's journey from Geneva to Rome : his journal from 20 April to 2 October 1764"" (1961): https://archive.org/details/gibbonsjourneyfr0000gibb"
cases/hannibal-alps/texts/scholarship/OL_search_inside_snippets/Gilbert_Charles_Picard_1991_Carthage_A_Survey_of_Punic_History_and__carthagesurveyof0000gilb.txt,hannibal-alps,"Open Library search-inside excerpts of books, many still in copyright","Open Library search-inside excerpts of books, many still in copyright","Internet Archive item ""Carthage : a survey of Punic history and culture from its birth to final tragedy"" (1987): https://archive.org/details/carthagesurveyof0000gilb"
cases/hannibal-alps/texts/scholarship/OL_search_inside_snippets/Gilly_William_Stephen_1_1832_A_memoir_of_Felix_Neff_pastor_of_the_Hi__memoiroffelixnef00gill.txt,hannibal-alps,"Open Library search-inside excerpts of books, many still in copyright","Open Library search-inside excerpts of books, many still in copyright","Internet Archive item ""A memoir of Felix Neff, pastor of the High Alps ; and of his labours among the French Prot"" (1832): https://archive.org/details/memoiroffelixnef00gill"
cases/hannibal-alps/texts/scholarship/OL_search_inside_snippets/Goldsworthy_Adrian_Keith_2000_The_Punic_wars__punicwars00gold.txt,hannibal-alps,"Open Library search-inside excerpts of books, many still in copyright","Open Library search-inside excerpts of books, many still in copyright","Internet Archive item ""The Punic wars"" (2000): https://archive.org/details/punicwars00gold"
cases/hannibal-alps/texts/scholarship/OL_search_inside_snippets/Gr_ber_Gustav_1844_1911_1899_Beitr_ge_zur_romanischen_Philologie_Fe__beitrgezurroma00gruoft.txt,hannibal-alps,"Open Library search-inside excerpts of books, many still in copyright","Open Library search-inside excerpts of books, many still in copyright","Internet Archive item ""Beiträge zur romanischen Philologie : Festgabe für Gustav Gröber"" (1899): https://archive.org/details/beitrgezurroma00gruoft"
cases/hannibal-alps/texts/scholarship/OL_search_inside_snippets/Grimal_Pierre_1912_1996_1983_Roman_cities_Les_villes_romaines__romancitieslesvi0000grim.txt,hannibal-alps,"Open Library search-inside excerpts of books, many still in copyright","Open Library search-inside excerpts of books, many still in copyright","Internet Archive item ""Roman cities = Les villes romaines"" (1983): https://archive.org/details/romancitieslesvi0000grim"
cases/hannibal-alps/texts/scholarship/OL_search_inside_snippets/Gruel_Katherine_1983_Les_Monnaies_Gaulaoises_De_Bois_L_abb__lesmonnaiesgaula00grue_0.txt,hannibal-alps,"Open Library search-inside excerpts of books, many still in copyright","Open Library search-inside excerpts of books, many still in copyright",Open Library search-inside excerpts of Internet Archive item lesmonnaiesgaula00grue: https://archive.org/details/lesmonnaiesgaula00grue
cases/hannibal-alps/texts/scholarship/OL_search_inside_snippets/Guide_Hachette_Tourisme_Alpes_2003_2004__alpes200320040000guid.txt,hannibal-alps,"Open Library search-inside excerpts of books, many still in copyright","Open Library search-inside excerpts of books, many still in copyright","Internet Archive item ""Alpes 2003-2004"" (April 1, 2003): https://archive.org/details/alpes200320040000guid"
cases/hannibal-alps/texts/scholarship/OL_search_inside_snippets/Guide_des_refuges_et_g_tes_des_Alpes__guidedesrefugese0000unse.txt,hannibal-alps,"Open Library search-inside excerpts of books, many still in copyright","Open Library search-inside excerpts of books, many still in copyright","Internet Archive item ""Guide des refuges et gı̂tes des Alpes"" (1988): https://archive.org/details/guidedesrefugese0000unse"
cases/hannibal-alps/texts/scholarship/OL_search_inside_snippets/Guillaume_Lyane_2000_La_Tour_Ivanov_roman__latourivanovroma0000guil.txt,hannibal-alps,"Open Library search-inside excerpts of books, many still in copyright","Open Library search-inside excerpts of books, many still in copyright","Internet Archive item ""La Tour Ivanov : roman"" (2000): https://archive.org/details/latourivanovroma0000guil"
cases/hannibal-alps/texts/scholarship/OL_search_inside_snippets/Gustav_Gr_ber_1899_Beitra_ge_zur_romanischen_Philologie__beitrgezurroman00grgoog.txt,hannibal-alps,"Open Library search-inside excerpts of books, many still in copyright","Open Library search-inside excerpts of books, many still in copyright","Internet Archive item ""Beiträge zur romanischen Philologie"" (1899): https://archive.org/details/beitrgezurroman00grgoog"
cases/hannibal-alps/texts/scholarship/OL_search_inside_snippets/Gustav_Gr_ber_Max_Pfiste_1877_Zeitschrift_fu_r_romanische_Philologie__zeitschriftfrro50pfisgoog.txt,hannibal-alps,"Open Library search-inside excerpts of books, many still in copyright","Open Library search-inside excerpts of books, many still in copyright",Open Library search-inside excerpts of Internet Archive item zeitschriftfrro50pfisgoog: https://archive.org/details/zeitschriftfrro50pfisgoog
cases/hannibal-alps/texts/scholarship/OL_search_inside_snippets/Gwynn_David_M_David_Mo_The_Roman_Republic_a_very_short_introd__romanrepublicver0000gwyn.txt,hannibal-alps,"Open Library search-inside excerpts of books, many still in copyright","Open Library search-inside excerpts of books, many still in copyright","Internet Archive item ""The Roman Republic : a very short introduction"" (2012): https://archive.org/details/romanrepublicver0000gwyn"
cases/hannibal-alps/texts/scholarship/OL_search_inside_snippets/HENRY_WILLAM_HERBERT_1854_The_captains_of_the_Roman_republic_as_c__captainsofromanr0000unse.txt,hannibal-alps,"Open Library search-inside excerpts of books, many still in copyright","Open Library search-inside excerpts of books, many still in copyright","Internet Archive item ""The captains of the Roman republic, as compared with the great modern stratagists ;"" (1854): https://archive.org/details/captainsofromanr0000unse"
cases/hannibal-alps/texts/scholarship/OL_search_inside_snippets/H_E_L_MELLERSH_1963_CARTHAGE__bwb_KP-862-896.txt,hannibal-alps,"Open Library search-inside excerpts of books, many still in copyright","Open Library search-inside excerpts of books, many still in copyright",Open Library search-inside excerpts of Internet Archive item bwb_KP-862-896: https://archive.org/details/bwb_KP-862-896
cases/hannibal-alps/texts/scholarship/OL_search_inside_snippets/H_H_Scullard_1951_Roman_Politics_220_150_B_C__bwb_W9-CUG-622.txt,hannibal-alps,"Open Library search-inside excerpts of books, many still in copyright","Open Library search-inside excerpts of books, many still in copyright",Open Library search-inside excerpts of Internet Archive item bwb_W9-CUG-622: https://archive.org/details/bwb_W9-CUG-622
cases/hannibal-alps/texts/scholarship/OL_search_inside_snippets/H_H_Scullard_1951_Roman_politics_220_150_B_C__romanpolitics2200000hhsc.txt,hannibal-alps,"Open Library search-inside excerpts of books, many still in copyright","Open Library search-inside excerpts of books, many still in copyright","Internet Archive item ""Roman politics, 220-150 B.C"" (1951-01-01): https://archive.org/details/romanpolitics2200000hhsc"
cases/hannibal-alps/texts/scholarship/OL_search_inside_snippets/H_H_Scullard_1969_A_History_of_the_Roman_World_753_to_146__historyofromanwo0000hhsc.txt,hannibal-alps,"Open Library search-inside excerpts of books, many still in copyright","Open Library search-inside excerpts of books, many still in copyright","Internet Archive item ""A History of the Roman World, 753 to 146 BC"" (1969-01-01): https://archive.org/details/historyofromanwo0000hhsc"
cases/hannibal-alps/texts/scholarship/OL_search_inside_snippets/H_l_ne_Armand_2003_Les_Alpes_dans_tous_leurs_objets__lesalpesdanstous0000hlne.txt,hannibal-alps,"Open Library search-inside excerpts of books, many still in copyright","Open Library search-inside excerpts of books, many still in copyright","Internet Archive item ""Les Alpes dans tous leurs objets"" (March 31, 2003): https://archive.org/details/lesalpesdanstous0000hlne"
cases/hannibal-alps/texts/scholarship/OL_search_inside_snippets/Hackett_Olwen_1953_Roman_Gaul__romangaul0000hack.txt,hannibal-alps,"Open Library search-inside excerpts of books, many still in copyright","Open Library search-inside excerpts of books, many still in copyright","Internet Archive item ""Roman Gaul"" (1953): https://archive.org/details/romangaul0000hack"
cases/hannibal-alps/texts/scholarship/OL_search_inside_snippets/Haefs_Gisbert_1950_Verf_1993_Hannibal_der_Roman_Karthagos__hannibalderroman0000haef.txt,hannibal-alps,"Open Library search-inside excerpts of books, many still in copyright","Open Library search-inside excerpts of books, many still in copyright","Internet Archive item ""Hannibal der Roman Karthagos"" (1993): https://archive.org/details/hannibalderroman0000haef"
cases/hannibal-alps/texts/scholarship/OL_search_inside_snippets/Hall_W_H_William_Henr_1898_The_Romans_on_the_Riviera_and_the_Rhone__cu31924028273161.txt,hannibal-alps,"Open Library search-inside excerpts of books, many still in copyright","Open Library search-inside excerpts of books, many still in copyright",Open Library search-inside excerpts of Internet Archive item cu31924028273161: https://archive.org/details/cu31924028273161
cases/hannibal-alps/texts/scholarship/OL_search_inside_snippets/Hall_W_H_William_Henr_1898_The_Romans_on_the_Riviera_and_the_Rhone__romansonrivierar00hall.txt,hannibal-alps,"Open Library search-inside excerpts of books, many still in copyright","Open Library search-inside excerpts of books, many still in copyright","Internet Archive item ""The Romans on the Riviera and the Rhone; a sketch of the conquest of Liguria and the Roman"" (1898): https://archive.org/details/romansonrivierar00hall"
cases/hannibal-alps/texts/scholarship/OL_search_inside_snippets/Hall_William_Henry_Bullo_1898_The_Romans_on_the_Riviera_and_the_Rhone__romansonriviera00hall.txt,hannibal-alps,"Open Library search-inside excerpts of books, many still in copyright","Open Library search-inside excerpts of books, many still in copyright","Internet Archive item ""The Romans on the Riviera and the Rhone; a sketch of the conquest of Liguria and the Roman"" (1898): https://archive.org/details/romansonriviera00hall"
cases/hannibal-alps/texts/scholarship/OL_search_inside_snippets/Hall_William_Henry_Bullo_1974_The_Romans_on_the_Riviera_and_the_Rhone__romansonriviera00hallgoog.txt,hannibal-alps,"Open Library search-inside excerpts of books, many still in copyright","Open Library search-inside excerpts of books, many still in copyright","Internet Archive item ""The Romans on the Riviera and the Rhone; a sketch of the conquest of Liguria and the Roman"" (1898): https://archive.org/details/romansonriviera00hall"
cases/hannibal-alps/texts/scholarship/OL_search_inside_snippets/Hall_William_Henry_Bullo_1974_The_Romans_on_the_Riviera_and_the_Rhone__romansonrivierar0000hall.txt,hannibal-alps,"Open Library search-inside excerpts of books, many still in copyright","Open Library search-inside excerpts of books, many still in copyright","Internet Archive item ""The Romans on the Riviera and the Rhone : a sketch of the conquest of Liguria and the Roma"" (1974): https://archive.org/details/romansonrivierar0000hall"
cases/hannibal-alps/texts/scholarship/OL_search_inside_snippets/Hans_Baumann_1962_Marched_with_Hannibal__marchedwithhanni0000hans.txt,hannibal-alps,"Open Library search-inside excerpts of books, many still in copyright","Open Library search-inside excerpts of books, many still in copyright","Internet Archive item ""Marched with Hannibal"" (1962-01-01): https://archive.org/details/marchedwithhanni0000hans"
cases/hannibal-alps/texts/scholarship/OL_search_inside_snippets/Hans_Baumann_1972_I_marched_with_Hannibal__imarchedwithhann0000hans.txt,hannibal-alps,"Open Library search-inside excerpts of books, many still in copyright","Open Library search-inside excerpts of books, many still in copyright","Internet Archive item ""I marched with Hannibal"" (1972): https://archive.org/details/imarchedwithhann0000hans"
cases/hannibal-alps/texts/scholarship/OL_search_inside_snippets/Haran_Elizabeth_2004_Der_Ruf_des_Abendvogels_Roman__derrufdesabendvo0000hara.txt,hannibal-alps,"Open Library search-inside excerpts of books, many still in copyright","Open Library search-inside excerpts of books, many still in copyright","Internet Archive item ""Der Ruf des Abendvogels Roman"" (2004): https://archive.org/details/derrufdesabendvo0000hara"
cases/hannibal-alps/texts/scholarship/OL_search_inside_snippets/Harold_Lamb_1960_HANNIBAL_One_Man_Against_Rome__hannibalonemanag0000haro.txt,hannibal-alps,"Open Library search-inside excerpts of books, many still in copyright","Open Library search-inside excerpts of books, many still in copyright","Internet Archive item ""HANNIBAL - One Man Against Rome"" (1960): https://archive.org/details/hannibalonemanag0000haro"
cases/hannibal-alps/texts/scholarship/OL_search_inside_snippets/Harold_Spender_In_praise_of_Switzerland_being_the_Alps__inpraiseofswitze0000unse.txt,hannibal-alps,"Open Library search-inside excerpts of books, many still in copyright","Open Library search-inside excerpts of books, many still in copyright","Internet Archive item ""In praise of Switzerland: being the Alps in prose and verse 1912 [Hardcover]"" (1912): https://archive.org/details/inpraiseofswitze0000unse"
cases/hannibal-alps/texts/scholarship/OL_search_inside_snippets/Harper_Lee_2015_Va_et_poste_une_sentinelle_roman_Go__vaetposteunesent0000harp.txt,hannibal-alps,"Open Library search-inside excerpts of books, many still in copyright","Open Library search-inside excerpts of books, many still in copyright","Internet Archive item ""Va et poste une sentinelle - roman [ Go Set a Watchman: A Novel ]"" (2015-10-07): https://archive.org/details/vaetposteunesent0000harp"
cases/hannibal-alps/texts/scholarship/OL_search_inside_snippets/Harris_Thomas_1940_2007_Hannibal_Lecter_les_origines_du_mal__hanniballecterle0000harr.txt,hannibal-alps,"Open Library search-inside excerpts of books, many still in copyright","Open Library search-inside excerpts of books, many still in copyright","Internet Archive item ""Hannibal Lecter : les origines du mal : roman"" (2007): https://archive.org/details/hanniballecterle0000harr"
cases/hannibal-alps/texts/scholarship/OL_search_inside_snippets/Harry_E_Wedeck_1963_Classics_of_Roman_Literature__classicsofromanl0000harr.txt,hannibal-alps,"Open Library search-inside excerpts of books, many still in copyright","Open Library search-inside excerpts of books, many still in copyright","Internet Archive item ""Classics of Roman Literature"" (1963): https://archive.org/details/classicsofromanl0000harr"
cases/hannibal-alps/texts/scholarship/OL_search_inside_snippets/Hazel_John_2001_Who_s_who_in_the_Roman_world_electronic__whoswhoinromanwo00john.txt,hannibal-alps,"Open Library search-inside excerpts of books, many still in copyright","Open Library search-inside excerpts of books, many still in copyright","Internet Archive item ""Who's who in the Roman world [electronic resource]"" (2001): https://archive.org/details/whoswhoinromanwo00john"
cases/hannibal-alps/texts/scholarship/OL_search_inside_snippets/Heierli_Hans_1982_Der_Kosmos_Wanderfuhrer_Die_Alpen_mit__derkosmoswanderf0000heie.txt,hannibal-alps,"Open Library search-inside excerpts of books, many still in copyright","Open Library search-inside excerpts of books, many still in copyright","Internet Archive item ""Der Kosmos-Wanderfuhrer : Die Alpen mit 481 Farbfotos: routen, geologie, pflanzen und tier"" (1982): https://archive.org/details/derkosmoswanderf0000heie"
cases/hannibal-alps/texts/scholarship/OL_search_inside_snippets/Henderson_Bernard_W_Be_Civil_war_and_rebellion_in_the_Roman_emp__civilwarrebellio00henduoft.txt,hannibal-alps,"Open Library search-inside excerpts of books, many still in copyright","Open Library search-inside excerpts of books, many still in copyright",Open Library search-inside excerpts of Internet Archive item civilwarrebellio00henduoft: https://archive.org/details/civilwarrebellio00henduoft
cases/hannibal-alps/texts/scholarship/OL_search_inside_snippets/Henderson_Bernard_Willia_1908_Civil_war_and_rebellion_in_the_Roman_emp__civilwarandrebe00hendgoog.txt,hannibal-alps,"Open Library search-inside excerpts of books, many still in copyright","Open Library search-inside excerpts of books, many still in copyright",Open Library search-inside excerpts of Internet Archive item civilwarandrebe00hendgoog: https://archive.org/details/civilwarandrebe00hendgoog
cases/hannibal-alps/texts/scholarship/OL_search_inside_snippets/Henri_Ferrand_1925_Nice_to_Evian_By_the_Route_Des_Alpes__nicetoevianbyrou0000henr.txt,hannibal-alps,"Open Library search-inside excerpts of books, many still in copyright","Open Library search-inside excerpts of books, many still in copyright","Internet Archive item ""Nice to Evian: By the Route Des Alpes"" (1925-01-01): https://archive.org/details/nicetoevianbyrou0000henr"
cases/hannibal-alps/texts/scholarship/OL_search_inside_snippets/Henry_Frith_1895_The_Romance_of_Engineering_The_Stories__romanceengineer00fritgoog.txt,hannibal-alps,"Open Library search-inside excerpts of books, many still in copyright","Open Library search-inside excerpts of books, many still in copyright",Open Library search-inside excerpts of Internet Archive item romanceengineer00fritgoog: https://archive.org/details/romanceengineer00fritgoog
cases/hannibal-alps/texts/scholarship/OL_search_inside_snippets/Henry_Lewis_Wickham_Joh_1828_A_Disseration_on_the_Passage_of_Hannibal__adisserationonp01cramgoog.txt,hannibal-alps,"Open Library search-inside excerpts of books, many still in copyright","Open Library search-inside excerpts of books, many still in copyright",Open Library search-inside excerpts of Internet Archive item adisserationonp01cramgoog: https://archive.org/details/adisserationonp01cramgoog
cases/hannibal-alps/texts/scholarship/OL_search_inside_snippets/Herbert_Henry_William_1_1851_The_captains_of_the_Old_world_as_compa__captainsofoldwor00herb.txt,hannibal-alps,"Open Library search-inside excerpts of books, many still in copyright","Open Library search-inside excerpts of books, many still in copyright","Internet Archive item ""The captains of the Old world : as compared with the great modern strategists, their campa"" (1851): https://archive.org/details/captainsofoldwor00herb"
cases/hannibal-alps/texts/scholarship/OL_search_inside_snippets/Herbert_Henry_William_1_1854_The_captains_of_the_Roman_republic_as_c__captainsofromanr00herbrich.txt,hannibal-alps,"Open Library search-inside excerpts of books, many still in copyright","Open Library search-inside excerpts of books, many still in copyright",Open Library search-inside excerpts of Internet Archive item captainsofromanr00herbrich: https://archive.org/details/captainsofromanr00herbrich
cases/hannibal-alps/texts/scholarship/OL_search_inside_snippets/Herbert_Henry_William_1_1854_The_captains_of_the_Roman_republic_as_c__captainsromanre00herbgoog.txt,hannibal-alps,"Open Library search-inside excerpts of books, many still in copyright","Open Library search-inside excerpts of books, many still in copyright",Open Library search-inside excerpts of Internet Archive item captainsromanre00herbgoog: https://archive.org/details/captainsromanre00herbgoog
cases/hannibal-alps/texts/scholarship/OL_search_inside_snippets/Hermann_Konig_1971_Die_Alpen_Farbig__diealpenfarbig0000herm.txt,hannibal-alps,"Open Library search-inside excerpts of books, many still in copyright","Open Library search-inside excerpts of books, many still in copyright","Internet Archive item ""Die Alpen - Farbig"" (1971-01-01): https://archive.org/details/diealpenfarbig0000herm"
cases/hannibal-alps/texts/scholarship/OL_search_inside_snippets/Hermann_Peter_1883_Historicorum_Romanorum_fragmenta__historicorumrom02petegoog.txt,hannibal-alps,"Open Library search-inside excerpts of books, many still in copyright","Open Library search-inside excerpts of books, many still in copyright",Open Library search-inside excerpts of Internet Archive item historicorumrom02petegoog: https://archive.org/details/historicorumrom02petegoog
cases/hannibal-alps/texts/scholarship/OL_search_inside_snippets/Herv_Champollion_2004_ALPES_GEO_PARTANCE_REG_39_95__alpesgeopartance0000herv.txt,hannibal-alps,"Open Library search-inside excerpts of books, many still in copyright","Open Library search-inside excerpts of books, many still in copyright","Internet Archive item ""ALPES (GEO PARTANCE) *REG. 39,95$*"" (2004-03-22): https://archive.org/details/alpesgeopartance0000herv"
cases/hannibal-alps/texts/scholarship/OL_search_inside_snippets/Hervier_Paul_1861_Guide_aux_eaux_min_rales_du_D_partement__b2040654x.txt,hannibal-alps,"Open Library search-inside excerpts of books, many still in copyright","Open Library search-inside excerpts of books, many still in copyright",Open Library search-inside excerpts of Internet Archive item b2040654x: https://archive.org/details/b2040654x
cases/hannibal-alps/texts/scholarship/OL_search_inside_snippets/Hill_David_1953_1992_Turner_in_the_Alps_the_journey_through__turnerinalpsjour0000hill.txt,hannibal-alps,"Open Library search-inside excerpts of books, many still in copyright","Open Library search-inside excerpts of books, many still in copyright","Internet Archive item ""Turner in the Alps : the journey through France & Switzerland in 1802"" (1992): https://archive.org/details/turnerinalpsjour0000hill"
cases/hannibal-alps/texts/scholarship/OL_search_inside_snippets/Historicorum_romanorum_reliquiae__historicorumroma01unse.txt,hannibal-alps,"Open Library search-inside excerpts of books, many still in copyright","Open Library search-inside excerpts of books, many still in copyright","Internet Archive item ""Historicorum romanorum reliquiae"" (1870): https://archive.org/details/historicorumroma01unse"
cases/hannibal-alps/texts/scholarship/OL_search_inside_snippets/Holland_Jack_Imperium_R_The_order_of_Rome__orderofrome00holl.txt,hannibal-alps,"Open Library search-inside excerpts of books, many still in copyright","Open Library search-inside excerpts of books, many still in copyright","Internet Archive item ""The order of Rome"" (1986): https://archive.org/details/orderofrome00holl"
cases/hannibal-alps/texts/scholarship/OL_search_inside_snippets/Holmes_T_Rice_Thomas_R_1923_The_Roman_republic_and_the_founder_of_th__romanrepublicfou01holm.txt,hannibal-alps,"Open Library search-inside excerpts of books, many still in copyright","Open Library search-inside excerpts of books, many still in copyright","Internet Archive item ""The Roman republic and the founder of the empire"" (1923): https://archive.org/details/romanrepublicfou01holm"
cases/hannibal-alps/texts/scholarship/OL_search_inside_snippets/Hooper_Finley_1922_1979_Roman_realities__romanrealities0000hoop.txt,hannibal-alps,"Open Library search-inside excerpts of books, many still in copyright","Open Library search-inside excerpts of books, many still in copyright","Internet Archive item ""Roman realities"" (1979): https://archive.org/details/romanrealities0000hoop"
cases/hannibal-alps/texts/scholarship/OL_search_inside_snippets/Hopwood_Keith_1995_Ancient_Greece_and_Rome_a_bibliographi__ancientgreecerom0000hopw.txt,hannibal-alps,"Open Library search-inside excerpts of books, many still in copyright","Open Library search-inside excerpts of books, many still in copyright","Internet Archive item ""Ancient Greece and Rome : a bibliographical guide"" (1995): https://archive.org/details/ancientgreecerom0000hopw"
cases/hannibal-alps/texts/scholarship/OL_search_inside_snippets/Horace_White_M_A_1962_Appian_s_Roman_History_Loeb_Classical_L__appiansromanhist0000unse_e2r6.txt,hannibal-alps,"Open Library search-inside excerpts of books, many still in copyright","Open Library search-inside excerpts of books, many still in copyright","Internet Archive item ""appian's roman history 1"" (): https://archive.org/details/appiansromanhist0000unse"
cases/hannibal-alps/texts/scholarship/OL_search_inside_snippets/Horace_White_M_A_LL_D_1958_Appian_s_Roman_History__bwb_W9-DHG-876.txt,hannibal-alps,"Open Library search-inside excerpts of books, many still in copyright","Open Library search-inside excerpts of books, many still in copyright",Open Library search-inside excerpts of Internet Archive item bwb_W9-DHG-876: https://archive.org/details/bwb_W9-DHG-876
cases/hannibal-alps/texts/scholarship/OL_search_inside_snippets/How_W_W_Walter_Wyberg_1896_A_history_of_Rome_to_the_death_of_Caesar__historyofrometod00howwuoft.txt,hannibal-alps,"Open Library search-inside excerpts of books, many still in copyright","Open Library search-inside excerpts of books, many still in copyright","Internet Archive item ""A history of Rome to the death of Caesar"" (1901): https://archive.org/details/historyofrometod00howw"
cases/hannibal-alps/texts/scholarship/OL_search_inside_snippets/How_W_W_Walter_Wyberg_1898_A_history_of_Rome_to_the_death_of_C_sar__cu31924031232253.txt,hannibal-alps,"Open Library search-inside excerpts of books, many still in copyright","Open Library search-inside excerpts of books, many still in copyright",Open Library search-inside excerpts of Internet Archive item cu31924031232253: https://archive.org/details/cu31924031232253
cases/hannibal-alps/texts/scholarship/OL_search_inside_snippets/How_W_W_Walter_Wyberg_1901_A_history_of_Rome_to_the_death_of_Caesar__historyofrometod00howw.txt,hannibal-alps,"Open Library search-inside excerpts of books, many still in copyright","Open Library search-inside excerpts of books, many still in copyright","Internet Archive item ""A history of Rome to the death of Caesar"" (1901): https://archive.org/details/historyofrometod00howw"
cases/hannibal-alps/texts/scholarship/OL_search_inside_snippets/How_W_W_Walter_Wyberg_2006_A_history_of_Rome_to_the_death_of_C_sar__ahistoryrometod04leiggoog.txt,hannibal-alps,"Open Library search-inside excerpts of books, many still in copyright","Open Library search-inside excerpts of books, many still in copyright",Open Library search-inside excerpts of Internet Archive item ahistoryrometod04leiggoog: https://archive.org/details/ahistoryrometod04leiggoog
cases/hannibal-alps/texts/scholarship/OL_search_inside_snippets/Hoyos_B_D_B_Dexter_2010_The_Carthaginians__carthaginians0000hoyo.txt,hannibal-alps,"Open Library search-inside excerpts of books, many still in copyright","Open Library search-inside excerpts of books, many still in copyright","Internet Archive item ""The Carthaginians"" (2010): https://archive.org/details/carthaginians0000hoyo"
cases/hannibal-alps/texts/scholarship/OL_search_inside_snippets/Hoyte_John_2018_Persistence_of_light_in_a_japanese_pri__persistenceoflig0000john.txt,hannibal-alps,"Open Library search-inside excerpts of books, many still in copyright","Open Library search-inside excerpts of books, many still in copyright","Internet Archive item ""Persistence of light : in a japanese prison camp, with an elephant crossing the alps, and "" (2018): https://archive.org/details/persistenceoflig0000john"
cases/hannibal-alps/texts/scholarship/OL_search_inside_snippets/Hugo_Victor_1802_1885_1910_Roman__romanhug05hugo.txt,hannibal-alps,"Open Library search-inside excerpts of books, many still in copyright","Open Library search-inside excerpts of books, many still in copyright","Internet Archive item ""Roman"" (1910): https://archive.org/details/romanhug05hugo"
cases/hannibal-alps/texts/scholarship/OL_search_inside_snippets/Humez_Alexander_A_B_C_et_cetera_the_life_times_of_th__bcetceteralifeti00hume.txt,hannibal-alps,"Open Library search-inside excerpts of books, many still in copyright","Open Library search-inside excerpts of books, many still in copyright","Internet Archive item ""A B C et cetera : the life & times of the Roman alphabet"" (1985): https://archive.org/details/bcetceteralifeti00hume"
cases/hannibal-alps/texts/scholarship/OL_search_inside_snippets/Humphrey_John_William_1_Greek_and_Roman_technology_a_sourceboo__greekromantechno0000hump.txt,hannibal-alps,"Open Library search-inside excerpts of books, many still in copyright","Open Library search-inside excerpts of books, many still in copyright","Internet Archive item ""Greek and Roman technology : a sourcebook : annotated translations of Greek and Latin text"" (1998): https://archive.org/details/greekromantechno0000hump"
cases/hannibal-alps/texts/scholarship/OL_search_inside_snippets/Hunt_Patrick_author_2017_Hannibal__hannibal0000hunt.txt,hannibal-alps,"Open Library search-inside excerpts of books, many still in copyright","Open Library search-inside excerpts of books, many still in copyright","Internet Archive item ""Hannibal"" (2017): https://archive.org/details/hannibal0000hunt"
cases/hannibal-alps/texts/scholarship/OL_search_inside_snippets/Ihne_W_Wilhelm_1821_The_history_of_Rome__historyofrome02ihne.txt,hannibal-alps,"Open Library search-inside excerpts of books, many still in copyright","Open Library search-inside excerpts of books, many still in copyright","Internet Archive item ""The history of Rome"" (1871): https://archive.org/details/historyofrome02ihne"
cases/hannibal-alps/texts/scholarship/OL_search_inside_snippets/Ihne_Wilhelm_1821_1902_1871_The_history_of_Rome__historyofrome02ihneuoft.txt,hannibal-alps,"Open Library search-inside excerpts of books, many still in copyright","Open Library search-inside excerpts of books, many still in copyright","Internet Archive item ""The history of Rome"" (1871): https://archive.org/details/historyofrome02ihne"
cases/hannibal-alps/texts/scholarship/OL_search_inside_snippets/International_Congress_of_1977_Studien_zu_den_Milita_rgrenzen_Roms_II__studienzudenmili0000inte.txt,hannibal-alps,"Open Library search-inside excerpts of books, many still in copyright","Open Library search-inside excerpts of books, many still in copyright","Internet Archive item ""Studien zu den Militärgrenzen Roms, II : Vorträge des 10. Internationalen Limeskongresse"" (1977): https://archive.org/details/studienzudenmili0000inte"
cases/hannibal-alps/texts/scholarship/OL_search_inside_snippets/J_D_Duff_Silius_Italicus_Punica_Two_Volume_Set__siliusitalicuspu0001jddu.txt,hannibal-alps,"Open Library search-inside excerpts of books, many still in copyright","Open Library search-inside excerpts of books, many still in copyright","Internet Archive item ""Silius Italicus Punica (Two Volume Set)"" (1961-01-01): https://archive.org/details/siliusitalicuspu0001jddu"
cases/hannibal-alps/texts/scholarship/OL_search_inside_snippets/J_F_Lazenby_1998_Hannibal_s_war__hannibalswarmili00laze.txt,hannibal-alps,"Open Library search-inside excerpts of books, many still in copyright","Open Library search-inside excerpts of books, many still in copyright","Internet Archive item ""Hannibal's war"" (1998): https://archive.org/details/hannibalswarmili00laze"
cases/hannibal-alps/texts/scholarship/OL_search_inside_snippets/Jacob_Abbott_2021_Hannibal__hannibal0000jaco_y6r6.txt,hannibal-alps,"Open Library search-inside excerpts of books, many still in copyright","Open Library search-inside excerpts of books, many still in copyright","Internet Archive item ""Hannibal"" (1880): https://archive.org/details/hannibal0000jaco"
cases/hannibal-alps/texts/scholarship/OL_search_inside_snippets/Jacques_Maissiat_1874_Annibal_en_Gaule__annibalengaule00maisgoog.txt,hannibal-alps,"Open Library search-inside excerpts of books, many still in copyright","Open Library search-inside excerpts of books, many still in copyright",Open Library search-inside excerpts of Internet Archive item annibalengaule00maisgoog: https://archive.org/details/annibalengaule00maisgoog
cases/hannibal-alps/texts/scholarship/OL_search_inside_snippets/Jannausch_Doris_1925_201_1989_Glu_ck_mit_Pechvo_geln_heiterer_Roman__gluckmitpechvoge0000jann.txt,hannibal-alps,"Open Library search-inside excerpts of books, many still in copyright","Open Library search-inside excerpts of books, many still in copyright","Internet Archive item ""Glück mit Pechvögeln heiterer Roman"" (1989): https://archive.org/details/gluckmitpechvoge0000jann"
cases/hannibal-alps/texts/scholarship/OL_search_inside_snippets/Jaouen_Herve_1946_2005_Au_dessous_du_calvaire_roman__audessousducalva0000jaou.txt,hannibal-alps,"Open Library search-inside excerpts of books, many still in copyright","Open Library search-inside excerpts of books, many still in copyright","Internet Archive item ""Au-dessous du calvaire : roman"" (2005): https://archive.org/details/audessousducalva0000jaou"
cases/hannibal-alps/texts/scholarship/OL_search_inside_snippets/Jean_Andr_Deluc_1818_Histoire_du_passage_des_Alpes_par_Anibal__histoiredupassa00delugoog.txt,hannibal-alps,"Open Library search-inside excerpts of books, many still in copyright","Open Library search-inside excerpts of books, many still in copyright",Open Library search-inside excerpts of Internet Archive item histoiredupassa00delugoog: https://archive.org/details/histoiredupassa00delugoog
cases/hannibal-alps/texts/scholarship/OL_search_inside_snippets/Jean_Andr_Deluc_Jean_A_1818_Histoire_du_passage_des_Alpes_par_Anniba__histoiredupassa01lucgoog.txt,hannibal-alps,"Open Library search-inside excerpts of books, many still in copyright","Open Library search-inside excerpts of books, many still in copyright",Open Library search-inside excerpts of Internet Archive item histoiredupassa01lucgoog: https://archive.org/details/histoiredupassa01lucgoog
cases/hannibal-alps/texts/scholarship/OL_search_inside_snippets/Jean_Andr_Luc_1825_Histoire_du_passage_des_Alpes_par_Anniba__histoiredupassa00lucgoog.txt,hannibal-alps,"Open Library search-inside excerpts of books, many still in copyright","Open Library search-inside excerpts of books, many still in copyright",Open Library search-inside excerpts of Internet Archive item histoiredupassa00lucgoog: https://archive.org/details/histoiredupassa00lucgoog
cases/hannibal-alps/texts/scholarship/OL_search_inside_snippets/Joanne_Adolphe_Laurent_1879_G_ographie_du_d_partement_des_Hautes_Alp__gographieduhautesal00joan.txt,hannibal-alps,"Open Library search-inside excerpts of books, many still in copyright","Open Library search-inside excerpts of books, many still in copyright","Internet Archive item ""Géographie du département des Hautes-Alpes"" (1879): https://archive.org/details/gographieduhautesal00joan"
cases/hannibal-alps/texts/scholarship/OL_search_inside_snippets/John_Murray_1867_A_hand_book_for_travellers_in_Switzerlan__ahandbookfortra04murrgoog.txt,hannibal-alps,"Open Library search-inside excerpts of books, many still in copyright","Open Library search-inside excerpts of books, many still in copyright",Open Library search-inside excerpts of Internet Archive item ahandbookfortra04murrgoog: https://archive.org/details/ahandbookfortra04murrgoog
cases/hannibal-alps/texts/scholarship/OL_search_inside_snippets/John_Murray_Firm_1844_Hand_book_for_travellers_in_France_bei__handbookfortrave00john_19.txt,hannibal-alps,"Open Library search-inside excerpts of books, many still in copyright","Open Library search-inside excerpts of books, many still in copyright","Internet Archive item ""A handbook for travellers in Kent and Sussex .."" (1858): https://archive.org/details/handbookfortrave00john"
cases/hannibal-alps/texts/scholarship/OL_search_inside_snippets/John_Murray_Firm_1846_A_hand_book_for_travellers_in_Switzerlan__ahandbookfortra18firgoog.txt,hannibal-alps,"Open Library search-inside excerpts of books, many still in copyright","Open Library search-inside excerpts of books, many still in copyright",Open Library search-inside excerpts of Internet Archive item ahandbookfortra18firgoog: https://archive.org/details/ahandbookfortra18firgoog
cases/hannibal-alps/texts/scholarship/OL_search_inside_snippets/John_Murray_Firm_1852_A_hand_book_for_travellers_in_Switzerlan__ahandbookfortra42firgoog.txt,hannibal-alps,"Open Library search-inside excerpts of books, many still in copyright","Open Library search-inside excerpts of books, many still in copyright",Open Library search-inside excerpts of Internet Archive item ahandbookfortra42firgoog: https://archive.org/details/ahandbookfortra42firgoog
cases/hannibal-alps/texts/scholarship/OL_search_inside_snippets/John_Murray_Firm_1858_A_handbook_for_travellers_in_France_bei__ahandbookfortra34firgoog.txt,hannibal-alps,"Open Library search-inside excerpts of books, many still in copyright","Open Library search-inside excerpts of books, many still in copyright",Open Library search-inside excerpts of Internet Archive item ahandbookfortra34firgoog: https://archive.org/details/ahandbookfortra34firgoog
cases/hannibal-alps/texts/scholarship/OL_search_inside_snippets/John_Murray_Firm_1861_A_handbook_for_travellers_in_France_be__handbookfortrave1861john.txt,hannibal-alps,"Open Library search-inside excerpts of books, many still in copyright","Open Library search-inside excerpts of books, many still in copyright","Internet Archive item ""A handbook for travellers in France : being a guide to Normandy, Brittany; the rivers Sein"" (1861): https://archive.org/details/handbookfortrave1861john"
cases/hannibal-alps/texts/scholarship/OL_search_inside_snippets/John_Murray_Firm_1867_A_handbook_for_travellers_in_France_be__ahandbookfortra00londgoog.txt,hannibal-alps,"Open Library search-inside excerpts of books, many still in copyright","Open Library search-inside excerpts of books, many still in copyright",Open Library search-inside excerpts of Internet Archive item ahandbookfortra00londgoog: https://archive.org/details/ahandbookfortra00londgoog
cases/hannibal-alps/texts/scholarship/OL_search_inside_snippets/John_Murray_Firm_1867_A_handbook_for_travellers_in_France_be__ahandbookfortra15firgoog.txt,hannibal-alps,"Open Library search-inside excerpts of books, many still in copyright","Open Library search-inside excerpts of books, many still in copyright",Open Library search-inside excerpts of Internet Archive item ahandbookfortra15firgoog: https://archive.org/details/ahandbookfortra15firgoog
cases/hannibal-alps/texts/scholarship/OL_search_inside_snippets/John_Murray_Firm_1879_A_Handbook_for_travellers_in_Switzerland__handbookfortrave00john_29.txt,hannibal-alps,"Open Library search-inside excerpts of books, many still in copyright","Open Library search-inside excerpts of books, many still in copyright","Internet Archive item ""A handbook for travellers in Kent and Sussex .."" (1858): https://archive.org/details/handbookfortrave00john"
cases/hannibal-alps/texts/scholarship/OL_search_inside_snippets/John_Murray_Firm_John_1839_The_handbook_for_travellers_in_Switzerla__handbookfortrav21firgoog.txt,hannibal-alps,"Open Library search-inside excerpts of books, many still in copyright","Open Library search-inside excerpts of books, many still in copyright",Open Library search-inside excerpts of Internet Archive item handbookfortrav21firgoog: https://archive.org/details/handbookfortrav21firgoog
cases/hannibal-alps/texts/scholarship/OL_search_inside_snippets/John_Transl_Rolfe_1963_Ammianus_Marcellinus_Roman_History_Volu__bwb_P8-AMB-052.txt,hannibal-alps,"Open Library search-inside excerpts of books, many still in copyright","Open Library search-inside excerpts of books, many still in copyright",Open Library search-inside excerpts of Internet Archive item bwb_P8-AMB-052: https://archive.org/details/bwb_P8-AMB-052
cases/hannibal-alps/texts/scholarship/OL_search_inside_snippets/Joly_Franc_ois_romancie_1997_Le_grand_blanc__isbn_9782842190989.txt,hannibal-alps,"Open Library search-inside excerpts of books, many still in copyright","Open Library search-inside excerpts of books, many still in copyright",Open Library search-inside excerpts of Internet Archive item isbn: https://archive.org/details/isbn
cases/hannibal-alps/texts/scholarship/OL_search_inside_snippets/Joseph_Roman_1884_Dictionnaire_topographique_du_d_partemen__dictionnairetop01romagoog.txt,hannibal-alps,"Open Library search-inside excerpts of books, many still in copyright","Open Library search-inside excerpts of books, many still in copyright",Open Library search-inside excerpts of Internet Archive item dictionnairetop01romagoog: https://archive.org/details/dictionnairetop01romagoog
cases/hannibal-alps/texts/scholarship/OL_search_inside_snippets/Jules_Barbey_d_Aurevilly_1902_Le_roman_contemporain__leromancontempo00aurgoog.txt,hannibal-alps,"Open Library search-inside excerpts of books, many still in copyright","Open Library search-inside excerpts of books, many still in copyright",Open Library search-inside excerpts of Internet Archive item leromancontempo00aurgoog: https://archive.org/details/leromancontempo00aurgoog
cases/hannibal-alps/texts/scholarship/OL_search_inside_snippets/Jullian_Camille_1859_19_1904_Histoire_de_la_Gaule__histoiredelagaul04jull.txt,hannibal-alps,"Open Library search-inside excerpts of books, many still in copyright","Open Library search-inside excerpts of books, many still in copyright","Internet Archive item ""Histoire de la Gaule"" (1904): https://archive.org/details/histoiredelagaul04jull"
cases/hannibal-alps/texts/scholarship/OL_search_inside_snippets/Jullian_Camille_1859_19_1908_Histoire_de_la_Gaule__histoiredelagau00jullgoog.txt,hannibal-alps,"Open Library search-inside excerpts of books, many still in copyright","Open Library search-inside excerpts of books, many still in copyright",Open Library search-inside excerpts of Internet Archive item histoiredelagau00jullgoog: https://archive.org/details/histoiredelagau00jullgoog
cases/hannibal-alps/texts/scholarship/OL_search_inside_snippets/Jullian_Camille_1859_19_1964_Histoire_de_la_Gaule__histoiredelagaul0001jull.txt,hannibal-alps,"Open Library search-inside excerpts of books, many still in copyright","Open Library search-inside excerpts of books, many still in copyright","Internet Archive item ""Histoire de la Gaule"" (1964): https://archive.org/details/histoiredelagaul0001jull"
cases/hannibal-alps/texts/scholarship/OL_search_inside_snippets/Jullian_Camille_1859_19_1964_Histoire_de_la_Gaule__histoiredelagaul0002jull.txt,hannibal-alps,"Open Library search-inside excerpts of books, many still in copyright","Open Library search-inside excerpts of books, many still in copyright","Internet Archive item ""Histoire de la Gaule"" (1964): https://archive.org/details/histoiredelagaul0002jull"
cases/hannibal-alps/texts/scholarship/OL_search_inside_snippets/Jung_Julius_1851_1910_1897_Grundriss_der_Georgraphie_von_Italien_un__grundrissdergeor00junguoft.txt,hannibal-alps,"Open Library search-inside excerpts of books, many still in copyright","Open Library search-inside excerpts of books, many still in copyright",Open Library search-inside excerpts of Internet Archive item grundrissdergeor00junguoft: https://archive.org/details/grundrissdergeor00junguoft
cases/hannibal-alps/texts/scholarship/OL_search_inside_snippets/Jyl_Laurence_2001_Papa_est_formidable_roman__papaestformidabl0000jyll.txt,hannibal-alps,"Open Library search-inside excerpts of books, many still in copyright","Open Library search-inside excerpts of books, many still in copyright","Internet Archive item ""Papa est formidable : roman"" (2001): https://archive.org/details/papaestformidabl0000jyll"
cases/hannibal-alps/texts/scholarship/OL_search_inside_snippets/Kamman_Madeleine_1989_Madeleine_Kamman_s_Savoie_the_land_pe__madeleinekammans00kamm.txt,hannibal-alps,"Open Library search-inside excerpts of books, many still in copyright","Open Library search-inside excerpts of books, many still in copyright","Internet Archive item ""Madeleine Kamman's Savoie : the land, people, and food of the French Alps"" (1989): https://archive.org/details/madeleinekammans00kamm"
cases/hannibal-alps/texts/scholarship/OL_search_inside_snippets/Kennedy_E_C_Eberhard_1992_Two_centuries_of_Roman_poetry_extracts__twocenturiesofro0000kenn.txt,hannibal-alps,"Open Library search-inside excerpts of books, many still in copyright","Open Library search-inside excerpts of books, many still in copyright","Internet Archive item ""Two centuries of Roman poetry : extracts from Lucretius, Catullus, Virgil, Horace, Ovid, M"" (1992): https://archive.org/details/twocenturiesofro0000kenn"
cases/hannibal-alps/texts/scholarship/OL_search_inside_snippets/Kershaw_Stephen_author_2019_Barbarians_rebellion_and_resistance_to__barbariansrebell0000kers.txt,hannibal-alps,"Open Library search-inside excerpts of books, many still in copyright","Open Library search-inside excerpts of books, many still in copyright","Internet Archive item ""Barbarians : rebellion and resistance to the Roman Empire"" (2019): https://archive.org/details/barbariansrebell0000kers"
cases/hannibal-alps/texts/scholarship/OL_search_inside_snippets/King_Anthony_1990_Roman_Gaul_and_Germany__romangaulgermany0000king.txt,hannibal-alps,"Open Library search-inside excerpts of books, many still in copyright","Open Library search-inside excerpts of books, many still in copyright","Internet Archive item ""Roman Gaul and Germany"" (1990): https://archive.org/details/romangaulgermany0000king"
cases/hannibal-alps/texts/scholarship/OL_search_inside_snippets/King_S_W_1858_The_Italian_valleys_of_the_Pennine_Alps__italianvalleysof00king.txt,hannibal-alps,"Open Library search-inside excerpts of books, many still in copyright","Open Library search-inside excerpts of books, many still in copyright","Internet Archive item ""The Italian valleys of the Pennine Alps, a tour through all the romantic and less-frequent"" (1858): https://archive.org/details/italianvalleysof00king"
cases/hannibal-alps/texts/scholarship/OL_search_inside_snippets/King_S_W_Samuel_Willi_1858_The_Italian_valleys_of_the_Pennine_Alps__italianvalleysp00kinggoog.txt,hannibal-alps,"Open Library search-inside excerpts of books, many still in copyright","Open Library search-inside excerpts of books, many still in copyright",Open Library search-inside excerpts of Internet Archive item italianvalleysp00kinggoog: https://archive.org/details/italianvalleysp00kinggoog
cases/hannibal-alps/texts/scholarship/OL_search_inside_snippets/Kingsley_Charles_1819_1_1864_The_Roman_and_the_Teuton_a_series_of_l__a589105200kinguoft.txt,hannibal-alps,"Open Library search-inside excerpts of books, many still in copyright","Open Library search-inside excerpts of books, many still in copyright",Open Library search-inside excerpts of Internet Archive item a589105200kinguoft: https://archive.org/details/a589105200kinguoft
cases/hannibal-alps/texts/scholarship/OL_search_inside_snippets/Kingsley_Charles_1819_1_1864_The_Roman_and_the_Teuton_a_series_of_le__romanteutonserie01king.txt,hannibal-alps,"Open Library search-inside excerpts of books, many still in copyright","Open Library search-inside excerpts of books, many still in copyright","Internet Archive item ""The Roman and the Teuton; a series of lectures delivered before the University of Cambridg"" (1864): https://archive.org/details/romanteutonserie01king"
cases/hannibal-alps/texts/scholarship/OL_search_inside_snippets/Kingsley_Charles_1819_1_1887_The_Roman_and_the_Teuton_a_series_of_l__cu31924027936305.txt,hannibal-alps,"Open Library search-inside excerpts of books, many still in copyright","Open Library search-inside excerpts of books, many still in copyright",Open Library search-inside excerpts of Internet Archive item cu31924027936305: https://archive.org/details/cu31924027936305
cases/hannibal-alps/texts/scholarship/OL_search_inside_snippets/Kingsley_Charles_1819_1_1906_The_Roman_and_the_Teuton_a_series_of_le__cu31924009075692.txt,hannibal-alps,"Open Library search-inside excerpts of books, many still in copyright","Open Library search-inside excerpts of books, many still in copyright",Open Library search-inside excerpts of Internet Archive item cu31924009075692: https://archive.org/details/cu31924009075692
cases/hannibal-alps/texts/scholarship/OL_search_inside_snippets/Kluth_Andreas_2011_Hannibal_and_me_what_history_s_greates__hannibalmewhathi0000klut.txt,hannibal-alps,"Open Library search-inside excerpts of books, many still in copyright","Open Library search-inside excerpts of books, many still in copyright","Internet Archive item ""Hannibal and me : what history's greatest military strategist can teach us about success a"" (2011): https://archive.org/details/hannibalmewhathi0000klut"
cases/hannibal-alps/texts/scholarship/OL_search_inside_snippets/Kluth_Andreas_2013_Hannibal_and_me_what_history_s_greates__hannibalmewhathi0000klut_a4v4.txt,hannibal-alps,"Open Library search-inside excerpts of books, many still in copyright","Open Library search-inside excerpts of books, many still in copyright","Internet Archive item ""Hannibal and me : what history's greatest military strategist can teach us about success a"" (2011): https://archive.org/details/hannibalmewhathi0000klut"
cases/hannibal-alps/texts/scholarship/OL_search_inside_snippets/Knight_Max_Klammet_Gerh_1970_Return_to_the_Alps__returntoalps0000knig.txt,hannibal-alps,"Open Library search-inside excerpts of books, many still in copyright","Open Library search-inside excerpts of books, many still in copyright","Internet Archive item ""Return to the Alps"" (1970): https://archive.org/details/returntoalps0000knig"
cases/hannibal-alps/texts/scholarship/OL_search_inside_snippets/Knowles_Archibald_Campbe_1913_Adventures_in_the_Alps__adventuresinalps00know.txt,hannibal-alps,"Open Library search-inside excerpts of books, many still in copyright","Open Library search-inside excerpts of books, many still in copyright","Internet Archive item ""Adventures in the Alps"" (1913): https://archive.org/details/adventuresinalps00know"
cases/hannibal-alps/texts/scholarship/OL_search_inside_snippets/Koch_Mathias_b_1797_1853_Die_Alpen_Etrusker__diealpenetruske00kochgoog.txt,hannibal-alps,"Open Library search-inside excerpts of books, many still in copyright","Open Library search-inside excerpts of books, many still in copyright",Open Library search-inside excerpts of Internet Archive item diealpenetruske00kochgoog: https://archive.org/details/diealpenetruske00kochgoog
cases/hannibal-alps/texts/scholarship/OL_search_inside_snippets/Krause_August_Wilhelm_Fe_1833_Vitae_et_fragmenta_veterum_historicorum__vitaeetfragment00kraugoog.txt,hannibal-alps,"Open Library search-inside excerpts of books, many still in copyright","Open Library search-inside excerpts of books, many still in copyright",Open Library search-inside excerpts of Internet Archive item vitaeetfragment00kraugoog: https://archive.org/details/vitaeetfragment00kraugoog
cases/hannibal-alps/texts/scholarship/OL_search_inside_snippets/Krebs_L_once_1891_Campagnes_dans_les_Alpes_pendant_la_R_vo__campagnesdansles01kreb.txt,hannibal-alps,"Open Library search-inside excerpts of books, many still in copyright","Open Library search-inside excerpts of books, many still in copyright","Internet Archive item ""Campagnes dans les Alpes pendant la Révolution, d'après les archives des étatsmajors franç"" (1891): https://archive.org/details/campagnesdansles01kreb"
cases/hannibal-alps/texts/scholarship/OL_search_inside_snippets/Krebs_L_once_Campagnes_dans_les_Alpes_pendant_la_R_vo__campagnesdansles02kreb.txt,hannibal-alps,"Open Library search-inside excerpts of books, many still in copyright","Open Library search-inside excerpts of books, many still in copyright","Internet Archive item ""Campagnes dans les Alpes pendant la Révolution, d'après les archives des étatsmajors franç"" (1891): https://archive.org/details/campagnesdansles02kreb"
cases/hannibal-alps/texts/scholarship/OL_search_inside_snippets/Ladame_James_1889_Chemin_de_fer_de_Calais_Milan_Les__chemindeferdeca01ladagoog.txt,hannibal-alps,"Open Library search-inside excerpts of books, many still in copyright","Open Library search-inside excerpts of books, many still in copyright",Open Library search-inside excerpts of Internet Archive item chemindeferdeca01ladagoog: https://archive.org/details/chemindeferdeca01ladagoog
cases/hannibal-alps/texts/scholarship/OL_search_inside_snippets/Ladoucette_J_C_F_Jea_1848_Histoire_topographie_antiquite_s_usag__histoiretopogra02ladogoog.txt,hannibal-alps,"Open Library search-inside excerpts of books, many still in copyright","Open Library search-inside excerpts of books, many still in copyright",Open Library search-inside excerpts of Internet Archive item histoiretopogra02ladogoog: https://archive.org/details/histoiretopogra02ladogoog
cases/hannibal-alps/texts/scholarship/OL_search_inside_snippets/Ladoucette_Jean_Charles_1973_Histoire_topographie_antiquite_s_usag__histoiretopogra01ladogoog.txt,hannibal-alps,"Open Library search-inside excerpts of books, many still in copyright","Open Library search-inside excerpts of books, many still in copyright",Open Library search-inside excerpts of Internet Archive item histoiretopogra01ladogoog: https://archive.org/details/histoiretopogra01ladogoog
cases/hannibal-alps/texts/scholarship/OL_search_inside_snippets/Laferrie_re_Dany_2001_Le_charme_des_apre_s_midi_sans_fin_rom__lecharmedesapres0000lafe.txt,hannibal-alps,"Open Library search-inside excerpts of books, many still in copyright","Open Library search-inside excerpts of books, many still in copyright","Internet Archive item ""Le charme des après-midi sans fin : roman"" (2001): https://archive.org/details/lecharmedesapres0000lafe"
cases/hannibal-alps/texts/scholarship/OL_search_inside_snippets/Lamb_Harold_1892_1962_1958_Hannibal_one_man_against_Rome__hannibalonemanag00lamb.txt,hannibal-alps,"Open Library search-inside excerpts of books, many still in copyright","Open Library search-inside excerpts of books, many still in copyright","Internet Archive item ""Hannibal: one man against Rome"" (1958): https://archive.org/details/hannibalonemanag00lamb"
cases/hannibal-alps/texts/scholarship/OL_search_inside_snippets/Lancel_Serge_1995_Carthage_a_history__carthagehistory0000lanc.txt,hannibal-alps,"Open Library search-inside excerpts of books, many still in copyright","Open Library search-inside excerpts of books, many still in copyright","Internet Archive item ""Carthage : a history"" (1995): https://archive.org/details/carthagehistory0000lanc"
cases/hannibal-alps/texts/scholarship/OL_search_inside_snippets/Lanciani_Rodolfo_Amedeo_1909_Wanderings_in_the_Roman_Campagna__wanderingsinroma00lancuoft.txt,hannibal-alps,"Open Library search-inside excerpts of books, many still in copyright","Open Library search-inside excerpts of books, many still in copyright",Open Library search-inside excerpts of Internet Archive item wanderingsinroma00lancuoft: https://archive.org/details/wanderingsinroma00lancuoft
cases/hannibal-alps/texts/scholarship/OL_search_inside_snippets/Lanciani_Rodolfo_Amedeo_1909_Wanderings_in_the_Roman_campagna__cu31924020498980.txt,hannibal-alps,"Open Library search-inside excerpts of books, many still in copyright","Open Library search-inside excerpts of books, many still in copyright",Open Library search-inside excerpts of Internet Archive item cu31924020498980: https://archive.org/details/cu31924020498980
cases/hannibal-alps/texts/scholarship/OL_search_inside_snippets/Lanciani_Rodolfo_Amedeo_1909_Wanderings_in_the_Roman_campagna__wanderingsinroma00lancrich.txt,hannibal-alps,"Open Library search-inside excerpts of books, many still in copyright","Open Library search-inside excerpts of books, many still in copyright",Open Library search-inside excerpts of Internet Archive item wanderingsinroma00lancrich: https://archive.org/details/wanderingsinroma00lancrich
cases/hannibal-alps/texts/scholarship/OL_search_inside_snippets/Lanciani_Rodolfo_Amedeo_1925_Ancient_and_modern_Rome__ancientmodernrom00lanc.txt,hannibal-alps,"Open Library search-inside excerpts of books, many still in copyright","Open Library search-inside excerpts of books, many still in copyright","Internet Archive item ""Ancient and modern Rome"" (1925): https://archive.org/details/ancientmodernrom00lanc"
cases/hannibal-alps/texts/scholarship/OL_search_inside_snippets/Lanciani_Rodolfo_Amedeo_Ancient_and_modern_Rome__ancientmodernrom0000lanc.txt,hannibal-alps,"Open Library search-inside excerpts of books, many still in copyright","Open Library search-inside excerpts of books, many still in copyright","Internet Archive item ""Ancient and modern Rome"" (1963): https://archive.org/details/ancientmodernrom0000lanc"
cases/hannibal-alps/texts/scholarship/OL_search_inside_snippets/Law_William_John_1786_1_1866_The_Alps_of_Hannibal__alpshannibal00lawgoog.txt,hannibal-alps,"Open Library search-inside excerpts of books, many still in copyright","Open Library search-inside excerpts of books, many still in copyright",Open Library search-inside excerpts of Internet Archive item alpshannibal00lawgoog: https://archive.org/details/alpshannibal00lawgoog
cases/hannibal-alps/texts/scholarship/OL_search_inside_snippets/Law_William_John_1866_The_Alps_of_Hannibal__alpsofhannibal01lawwuoft.txt,hannibal-alps,"Open Library search-inside excerpts of books, many still in copyright","Open Library search-inside excerpts of books, many still in copyright",Open Library search-inside excerpts of Internet Archive item alpsofhannibal01lawwuoft: https://archive.org/details/alpsofhannibal01lawwuoft
cases/hannibal-alps/texts/scholarship/OL_search_inside_snippets/Le_Routard_2011_Alpes_French_Edition__alpesfrenchediti0000lero.txt,hannibal-alps,"Open Library search-inside excerpts of books, many still in copyright","Open Library search-inside excerpts of books, many still in copyright","Internet Archive item ""Alpes (French Edition)"" (2011-04-06): https://archive.org/details/alpesfrenchediti0000lero"
cases/hannibal-alps/texts/scholarship/OL_search_inside_snippets/Leckie_Ross_1997_Ich_Hannibal_Roman__ichhannibalroman0000leck.txt,hannibal-alps,"Open Library search-inside excerpts of books, many still in copyright","Open Library search-inside excerpts of books, many still in copyright","Internet Archive item ""Ich, Hannibal : Roman"" (1997): https://archive.org/details/ichhannibalroman0000leck"
cases/hannibal-alps/texts/scholarship/OL_search_inside_snippets/Leighton_R_F_Robert_F_1879_A_history_of_Rome__historyofrome00leig.txt,hannibal-alps,"Open Library search-inside excerpts of books, many still in copyright","Open Library search-inside excerpts of books, many still in copyright","Internet Archive item ""A history of Rome"" (1879): https://archive.org/details/historyofrome00leig"
cases/hannibal-alps/texts/scholarship/OL_search_inside_snippets/Leighton_R_F_Robert_F_1880_A_history_of_Rome_Amply_illustrated_wit__ahistoryrome04leiggoog.txt,hannibal-alps,"Open Library search-inside excerpts of books, many still in copyright","Open Library search-inside excerpts of books, many still in copyright",Open Library search-inside excerpts of Internet Archive item ahistoryrome04leiggoog: https://archive.org/details/ahistoryrome04leiggoog
cases/hannibal-alps/texts/scholarship/OL_search_inside_snippets/Leighton_R_F_Robert_F_1881_A_history_of_Rome__ahistoryrome02leiggoog.txt,hannibal-alps,"Open Library search-inside excerpts of books, many still in copyright","Open Library search-inside excerpts of books, many still in copyright",Open Library search-inside excerpts of Internet Archive item ahistoryrome02leiggoog: https://archive.org/details/ahistoryrome02leiggoog
cases/hannibal-alps/texts/scholarship/OL_search_inside_snippets/Leighton_Robert_Fowler_1878_A_history_of_Rome__historyofrome00leigiala.txt,hannibal-alps,"Open Library search-inside excerpts of books, many still in copyright","Open Library search-inside excerpts of books, many still in copyright","Internet Archive item ""A history of Rome"" (1879): https://archive.org/details/historyofrome00leig"
cases/hannibal-alps/texts/scholarship/OL_search_inside_snippets/Leighton_Robert_Fowler_1883_A_history_of_Rome__historyofrome00leiguoft.txt,hannibal-alps,"Open Library search-inside excerpts of books, many still in copyright","Open Library search-inside excerpts of books, many still in copyright","Internet Archive item ""A history of Rome"" (1879): https://archive.org/details/historyofrome00leig"
cases/hannibal-alps/texts/scholarship/OL_search_inside_snippets/Lempri_re_John_1765_18_1816_A_classical_dictionary_containing_a_cop__1816classicaldic00lempuoft.txt,hannibal-alps,"Open Library search-inside excerpts of books, many still in copyright","Open Library search-inside excerpts of books, many still in copyright",Open Library search-inside excerpts of Internet Archive item 1816classicaldic00lempuoft: https://archive.org/details/1816classicaldic00lempuoft
cases/hannibal-alps/texts/scholarship/OL_search_inside_snippets/Lempri_re_John_1765_18_1818_A_classical_dictionary_containing_a_co__classicaldiction00lemp.txt,hannibal-alps,"Open Library search-inside excerpts of books, many still in copyright","Open Library search-inside excerpts of books, many still in copyright","Internet Archive item ""A classical dictionary : containing a copious account of all the proper names mentioned in"" (1818): https://archive.org/details/classicaldiction00lemp"
cases/hannibal-alps/texts/scholarship/OL_search_inside_snippets/Lempri_re_John_1765_18_1826_A_classical_dictionary_containing_a_co__classicaldiction00lempiala.txt,hannibal-alps,"Open Library search-inside excerpts of books, many still in copyright","Open Library search-inside excerpts of books, many still in copyright","Internet Archive item ""A classical dictionary : containing a copious account of all the proper names mentioned in"" (1818): https://archive.org/details/classicaldiction00lemp"
cases/hannibal-alps/texts/scholarship/OL_search_inside_snippets/Lempri_re_John_1765_18_1904_A_classical_dictionary_containing_a_cop__classicaldiction00lempuoft.txt,hannibal-alps,"Open Library search-inside excerpts of books, many still in copyright","Open Library search-inside excerpts of books, many still in copyright","Internet Archive item ""A classical dictionary : containing a copious account of all the proper names mentioned in"" (1818): https://archive.org/details/classicaldiction00lemp"
cases/hannibal-alps/texts/scholarship/OL_search_inside_snippets/Lemprie_re_John_1765_1_1832_Classical_dictionary_containing_a_full__classicaldiction00lemp_0.txt,hannibal-alps,"Open Library search-inside excerpts of books, many still in copyright","Open Library search-inside excerpts of books, many still in copyright","Internet Archive item ""A classical dictionary : containing a copious account of all the proper names mentioned in"" (1818): https://archive.org/details/classicaldiction00lemp"
cases/hannibal-alps/texts/scholarship/OL_search_inside_snippets/Lendenfeld_Robert_von_1_1896_Aus_den_Alpen__ausdenalpen01lenduoft.txt,hannibal-alps,"Open Library search-inside excerpts of books, many still in copyright","Open Library search-inside excerpts of books, many still in copyright",Open Library search-inside excerpts of Internet Archive item ausdenalpen01lenduoft: https://archive.org/details/ausdenalpen01lenduoft
cases/hannibal-alps/texts/scholarship/OL_search_inside_snippets/Lenth_ric_Charles_Pierre_L_homme_devant_les_Alpes__lhommedevantlesa00lent.txt,hannibal-alps,"Open Library search-inside excerpts of books, many still in copyright","Open Library search-inside excerpts of books, many still in copyright","Internet Archive item ""L'homme devant les Alpes"" (1896): https://archive.org/details/lhommedevantlesa00lent"
cases/hannibal-alps/texts/scholarship/OL_search_inside_snippets/Leonard_Cottrell_1960_Enemy_of_Rome__bwb_KU-748-236.txt,hannibal-alps,"Open Library search-inside excerpts of books, many still in copyright","Open Library search-inside excerpts of books, many still in copyright",Open Library search-inside excerpts of Internet Archive item bwb_KU-748-236: https://archive.org/details/bwb_KU-748-236
cases/hannibal-alps/texts/scholarship/OL_search_inside_snippets/Leonard_Cottrell_1960_Enemy_of_Rome__enemyofrome0000leon_s7a8.txt,hannibal-alps,"Open Library search-inside excerpts of books, many still in copyright","Open Library search-inside excerpts of books, many still in copyright","Internet Archive item ""Enemy of Rome"" (): https://archive.org/details/enemyofrome0000leon"
cases/hannibal-alps/texts/scholarship/OL_search_inside_snippets/Leonard_Cottrell_1962_ENEMY_OF_ROME_The_Epic_Campaigns_of_Ha__enemyofromeepicc0000leon.txt,hannibal-alps,"Open Library search-inside excerpts of books, many still in copyright","Open Library search-inside excerpts of books, many still in copyright","Internet Archive item ""ENEMY OF ROME - The Epic Campaigns of Hannibal"" (1962-01-01): https://archive.org/details/enemyofromeepicc0000leon"
cases/hannibal-alps/texts/scholarship/OL_search_inside_snippets/Leonard_Cottrell_1962_Enemy_of_Rome__enemyofrome0000leon_r1j5.txt,hannibal-alps,"Open Library search-inside excerpts of books, many still in copyright","Open Library search-inside excerpts of books, many still in copyright","Internet Archive item ""Enemy of Rome"" (): https://archive.org/details/enemyofrome0000leon"
cases/hannibal-alps/texts/scholarship/OL_search_inside_snippets/Leonard_Cottrell_1964_Enemy_of_Rome_The_Epic_Campaigns_of_Han__bwb_O7-APW-009.txt,hannibal-alps,"Open Library search-inside excerpts of books, many still in copyright","Open Library search-inside excerpts of books, many still in copyright",Open Library search-inside excerpts of Internet Archive item bwb_O7-APW-009: https://archive.org/details/bwb_O7-APW-009
cases/hannibal-alps/texts/scholarship/OL_search_inside_snippets/Leprohon_Pierre_Aguet_Isa_1983_LES_ALPES__lesalpes0000lepr.txt,hannibal-alps,"Open Library search-inside excerpts of books, many still in copyright","Open Library search-inside excerpts of books, many still in copyright","Internet Archive item ""LES ALPES"" (1983-01-01): https://archive.org/details/lesalpes0000lepr"
cases/hannibal-alps/texts/scholarship/OL_search_inside_snippets/Lesage_Mireille_2000_Bel_ange_roman__belangeroman0000lesa.txt,hannibal-alps,"Open Library search-inside excerpts of books, many still in copyright","Open Library search-inside excerpts of books, many still in copyright","Internet Archive item ""Bel ange : roman"" (2000): https://archive.org/details/belangeroman0000lesa"
cases/hannibal-alps/texts/scholarship/OL_search_inside_snippets/Levin_Bernard_1987_Hannibal_s_footsteps__hannibalsfootste00levi.txt,hannibal-alps,"Open Library search-inside excerpts of books, many still in copyright","Open Library search-inside excerpts of books, many still in copyright","Internet Archive item ""Hannibal's footsteps"" (1987): https://archive.org/details/hannibalsfootste00levi"
cases/hannibal-alps/texts/scholarship/OL_search_inside_snippets/Levin_Bernard_2009_From_the_Camargue_to_the_Alps_a_walk_a__fromcamarguetoal0000levi.txt,hannibal-alps,"Open Library search-inside excerpts of books, many still in copyright","Open Library search-inside excerpts of books, many still in copyright","Internet Archive item ""From the Camargue to the Alps : a walk across France in Hannibal's footsteps"" (2009): https://archive.org/details/fromcamarguetoal0000levi"
cases/hannibal-alps/texts/scholarship/OL_search_inside_snippets/Levin_Bernard_Hannibal_s_foodsteps__hannibalsfoodste00levi.txt,hannibal-alps,"Open Library search-inside excerpts of books, many still in copyright","Open Library search-inside excerpts of books, many still in copyright","Internet Archive item ""Hannibal's foodsteps"" (1985): https://archive.org/details/hannibalsfoodste00levi"
cases/hannibal-alps/texts/scholarship/OL_search_inside_snippets/Levin_Bernard_Hannibal_s_footsteps__hannibalsfootste0000levi.txt,hannibal-alps,"Open Library search-inside excerpts of books, many still in copyright","Open Library search-inside excerpts of books, many still in copyright","Internet Archive item ""Hannibal's footsteps"" (1985): https://archive.org/details/hannibalsfootste0000levi"
cases/hannibal-alps/texts/scholarship/OL_search_inside_snippets/Lewis_Naphtali_1951_Roman_civilization_selected_readings__romancivilizatio0000lewi.txt,hannibal-alps,"Open Library search-inside excerpts of books, many still in copyright","Open Library search-inside excerpts of books, many still in copyright","Internet Archive item ""Roman civilization : selected readings"" (1951): https://archive.org/details/romancivilizatio0000lewi"
cases/hannibal-alps/texts/scholarship/OL_search_inside_snippets/Lewis_Naphtali_1951_Roman_civilization_selected_readings__romancivilizatio0001lewi.txt,hannibal-alps,"Open Library search-inside excerpts of books, many still in copyright","Open Library search-inside excerpts of books, many still in copyright","Internet Archive item ""Roman civilization : selected readings"" (1951): https://archive.org/details/romancivilizatio0001lewi"
cases/hannibal-alps/texts/scholarship/OL_search_inside_snippets/Lieberman_Marcia_1936_1991_The_outdoor_traveler_s_guide_the_Alps__outdoortravelers0000lieb.txt,hannibal-alps,"Open Library search-inside excerpts of books, many still in copyright","Open Library search-inside excerpts of books, many still in copyright","Internet Archive item ""The outdoor traveler's guide, the Alps"" (1991): https://archive.org/details/outdoortravelers0000lieb"
cases/hannibal-alps/texts/scholarship/OL_search_inside_snippets/Lintott_A_W_Andrew_Wi_2000_The_Roman_Republic__romanrepublic0000lint.txt,hannibal-alps,"Open Library search-inside excerpts of books, many still in copyright","Open Library search-inside excerpts of books, many still in copyright","Internet Archive item ""The Roman Republic"" (2000): https://archive.org/details/romanrepublic0000lint"
cases/hannibal-alps/texts/scholarship/OL_search_inside_snippets/Livy_1627_Titi_Livii_Patavini_historicorum_romanor__titiliviipatavin00livy.txt,hannibal-alps,"Open Library search-inside excerpts of books, many still in copyright","Open Library search-inside excerpts of books, many still in copyright","Internet Archive item ""Titi Livii Patavini historicorum romanorum principis, libri omnes superstites"" (1627-1628): https://archive.org/details/titiliviipatavin00livy"
cases/hannibal-alps/texts/scholarship/OL_search_inside_snippets/Livy_1841_Titi_Livi_Rerum_Romanorum_ab_urbe_condit__titilivirerumro00alscgoog.txt,hannibal-alps,"Open Library search-inside excerpts of books, many still in copyright","Open Library search-inside excerpts of books, many still in copyright",Open Library search-inside excerpts of Internet Archive item titilivirerumro00alscgoog: https://archive.org/details/titilivirerumro00alscgoog
cases/hannibal-alps/texts/scholarship/OL_search_inside_snippets/Livy_1864_Historiarum_Romanarum_libri_qui_supersun__p1p2historiarumr02livy.txt,hannibal-alps,"Open Library search-inside excerpts of books, many still in copyright","Open Library search-inside excerpts of books, many still in copyright","Internet Archive item ""Historiarum Romanarum libri qui supersunt;"" (1864): https://archive.org/details/p1p2historiarumr02livy"
cases/hannibal-alps/texts/scholarship/OL_search_inside_snippets/Livy_1875_The_history_of_Rome_Literally_translate__1915historyofrom04livyuoft.txt,hannibal-alps,"Open Library search-inside excerpts of books, many still in copyright","Open Library search-inside excerpts of books, many still in copyright",Open Library search-inside excerpts of Internet Archive item 1915historyofrom04livyuoft: https://archive.org/details/1915historyofrom04livyuoft
cases/hannibal-alps/texts/scholarship/OL_search_inside_snippets/Livy_1883_Livy_Book_21_25_the_second_Punic_War__livybook2125seco00livy.txt,hannibal-alps,"Open Library search-inside excerpts of books, many still in copyright","Open Library search-inside excerpts of books, many still in copyright","Internet Archive item ""Livy, Book 21-25; the second Punic War. Translated into English with notes by Alfred John "" (1883): https://archive.org/details/livybook2125seco00livy"
cases/hannibal-alps/texts/scholarship/OL_search_inside_snippets/Livy_1889_Books_XXI_and_XXII_Hannibal_s_first_cam__booksxxixxiihann00livyuoft.txt,hannibal-alps,"Open Library search-inside excerpts of books, many still in copyright","Open Library search-inside excerpts of books, many still in copyright",Open Library search-inside excerpts of Internet Archive item booksxxixxiihann00livyuoft: https://archive.org/details/booksxxixxiihann00livyuoft
cases/hannibal-alps/texts/scholarship/OL_search_inside_snippets/Livy_1890_The_history_of_Rome__historyofrome02livy_0.txt,hannibal-alps,"Open Library search-inside excerpts of books, many still in copyright","Open Library search-inside excerpts of books, many still in copyright",Open Library search-inside excerpts of Internet Archive item historyofrome02livy: https://archive.org/details/historyofrome02livy
cases/hannibal-alps/texts/scholarship/OL_search_inside_snippets/Livy_1898_Roman_history__romanhistory00livyiala.txt,hannibal-alps,"Open Library search-inside excerpts of books, many still in copyright","Open Library search-inside excerpts of books, many still in copyright",Open Library search-inside excerpts of Internet Archive item romanhistory00livyiala: https://archive.org/details/romanhistory00livyiala
cases/hannibal-alps/texts/scholarship/OL_search_inside_snippets/Livy_1898_Roman_history__romanhistory00livyrich.txt,hannibal-alps,"Open Library search-inside excerpts of books, many still in copyright","Open Library search-inside excerpts of books, many still in copyright",Open Library search-inside excerpts of Internet Archive item romanhistory00livyrich: https://archive.org/details/romanhistory00livyrich
cases/hannibal-alps/texts/scholarship/OL_search_inside_snippets/Livy_1899_Roman_history__cu31924028270894.txt,hannibal-alps,"Open Library search-inside excerpts of books, many still in copyright","Open Library search-inside excerpts of books, many still in copyright",Open Library search-inside excerpts of Internet Archive item cu31924028270894: https://archive.org/details/cu31924028270894
cases/hannibal-alps/texts/scholarship/OL_search_inside_snippets/Livy_1900_The_history_of_Rome__historyofrome04livy.txt,hannibal-alps,"Open Library search-inside excerpts of books, many still in copyright","Open Library search-inside excerpts of books, many still in copyright","Internet Archive item ""The history of Rome"" (1900): https://archive.org/details/historyofrome04livy"
cases/hannibal-alps/texts/scholarship/OL_search_inside_snippets/Livy_1904_Roman_history__romanhistory00livygoog.txt,hannibal-alps,"Open Library search-inside excerpts of books, many still in copyright","Open Library search-inside excerpts of books, many still in copyright",Open Library search-inside excerpts of Internet Archive item romanhistory00livygoog: https://archive.org/details/romanhistory00livygoog
cases/hannibal-alps/texts/scholarship/OL_search_inside_snippets/Livy_1913_Livy_the_second_Punic_war_book_XXI_and__livysecondpunic00livygoog.txt,hannibal-alps,"Open Library search-inside excerpts of books, many still in copyright","Open Library search-inside excerpts of books, many still in copyright",Open Library search-inside excerpts of Internet Archive item livysecondpunic00livygoog: https://archive.org/details/livysecondpunic00livygoog
cases/hannibal-alps/texts/scholarship/OL_search_inside_snippets/Livy_1922_The_history_of_Rome__historyofrome00livy.txt,hannibal-alps,"Open Library search-inside excerpts of books, many still in copyright","Open Library search-inside excerpts of books, many still in copyright","Internet Archive item ""The history of Rome"" (1922): https://archive.org/details/historyofrome00livy"
cases/hannibal-alps/texts/scholarship/OL_search_inside_snippets/Livy_1943_History_of_Rome_Books_XXVI_XXVII__historyrome00livygoog.txt,hannibal-alps,"Open Library search-inside excerpts of books, many still in copyright","Open Library search-inside excerpts of books, many still in copyright",Open Library search-inside excerpts of Internet Archive item historyrome00livygoog: https://archive.org/details/historyrome00livygoog
cases/hannibal-alps/texts/scholarship/OL_search_inside_snippets/Livy_1962_Livy_a_history_of_Rome_selections__livyhistoryofrom00livyrich.txt,hannibal-alps,"Open Library search-inside excerpts of books, many still in copyright","Open Library search-inside excerpts of books, many still in copyright",Open Library search-inside excerpts of Internet Archive item livyhistoryofrom00livyrich: https://archive.org/details/livyhistoryofrom00livyrich
cases/hannibal-alps/texts/scholarship/OL_search_inside_snippets/Livy_1972_The_war_with_Hannibal_books_XXI_XXX_of__warwithhannibalb0000livy.txt,hannibal-alps,"Open Library search-inside excerpts of books, many still in copyright","Open Library search-inside excerpts of books, many still in copyright","Internet Archive item ""The war with Hannibal : books XXI-XXX of The history of Rome from its foundation"" (1972): https://archive.org/details/warwithhannibalb0000livy"
cases/hannibal-alps/texts/scholarship/OL_search_inside_snippets/Livy_1972_The_war_with_Hannibal_books_XXI_XXX_of__warwithhannibalh00titu.txt,hannibal-alps,"Open Library search-inside excerpts of books, many still in copyright","Open Library search-inside excerpts of books, many still in copyright","Internet Archive item ""The war with Hannibal : books XXI-XXX of The history of Rome from its foundation"" (1972): https://archive.org/details/warwithhannibalh00titu"
cases/hannibal-alps/texts/scholarship/OL_search_inside_snippets/Livy_1995_Hannibal_crossing_of_the_Alps__hannibalcrossing0000livy.txt,hannibal-alps,"Open Library search-inside excerpts of books, many still in copyright","Open Library search-inside excerpts of books, many still in copyright","Internet Archive item ""Hannibal crossing of the Alps"" (1995): https://archive.org/details/hannibalcrossing0000livy"
cases/hannibal-alps/texts/scholarship/OL_search_inside_snippets/Livy_A_history_of_Rome_selections__historyofromesel00livy.txt,hannibal-alps,"Open Library search-inside excerpts of books, many still in copyright","Open Library search-inside excerpts of books, many still in copyright","Internet Archive item ""A history of Rome: selections"" (1962): https://archive.org/details/historyofromesel00livy"
cases/hannibal-alps/texts/scholarship/OL_search_inside_snippets/Livy_The_war_with_Hannibal_books_XXI_XXX_of__warwithhannibalb00livy.txt,hannibal-alps,"Open Library search-inside excerpts of books, many still in copyright","Open Library search-inside excerpts of books, many still in copyright","Internet Archive item ""The war with Hannibal; books XXI-XXX of The history of Rome from its foundation"" (1965): https://archive.org/details/warwithhannibalb00livy"
cases/hannibal-alps/texts/scholarship/OL_search_inside_snippets/Livy_William_Wolfe_Capes_1889_Livy_Books_XXI_and_XXII_Hannibal_s_Fir__livybooksxxiand00capegoog.txt,hannibal-alps,"Open Library search-inside excerpts of books, many still in copyright","Open Library search-inside excerpts of books, many still in copyright",Open Library search-inside excerpts of Internet Archive item livybooksxxiand00capegoog: https://archive.org/details/livybooksxxiand00capegoog
cases/hannibal-alps/texts/scholarship/OL_search_inside_snippets/Livy_William_Wolfe_Capes_1889_Livy_Books_XXI_and_XXII_Hannibal_s_Fir__livybooksxxiand01capegoog.txt,hannibal-alps,"Open Library search-inside excerpts of books, many still in copyright","Open Library search-inside excerpts of books, many still in copyright",Open Library search-inside excerpts of Internet Archive item livybooksxxiand01capegoog: https://archive.org/details/livybooksxxiand01capegoog
cases/hannibal-alps/texts/scholarship/OL_search_inside_snippets/Long_Henry_Lawes_1831_The_march_of_Hannibal_from_the_Rhone_to__marchofhannibalf00longrich.txt,hannibal-alps,"Open Library search-inside excerpts of books, many still in copyright","Open Library search-inside excerpts of books, many still in copyright",Open Library search-inside excerpts of Internet Archive item marchofhannibalf00longrich: https://archive.org/details/marchofhannibalf00longrich
cases/hannibal-alps/texts/scholarship/OL_search_inside_snippets/Luc_Mary_2013_Hannibal_l_homme_qui_fit_trembler_Rome__hanniballhommequ0000lucm.txt,hannibal-alps,"Open Library search-inside excerpts of books, many still in copyright","Open Library search-inside excerpts of books, many still in copyright","Internet Archive item ""Hannibal : l'homme qui fit trembler Rome : biographie"" (2013): https://archive.org/details/hanniballhommequ0000lucm"
cases/hannibal-alps/texts/scholarship/OL_search_inside_snippets/M_Cary_1949_A_HISTORY_OF_ROME_DOWN_TO_THE_REIGN_OF_C__bwb_KS-043-528.txt,hannibal-alps,"Open Library search-inside excerpts of books, many still in copyright","Open Library search-inside excerpts of books, many still in copyright",Open Library search-inside excerpts of Internet Archive item bwb_KS-043-528: https://archive.org/details/bwb_KS-043-528
cases/hannibal-alps/texts/scholarship/OL_search_inside_snippets/M_Cary_1965_A_History_Of_Rome_Down_To_The_Reign_Of_C__historyofromedow0000mcar_2ed.txt,hannibal-alps,"Open Library search-inside excerpts of books, many still in copyright","Open Library search-inside excerpts of books, many still in copyright","Internet Archive item ""A History Of Rome down to the reign of constantine"" (1967): https://archive.org/details/historyofromedow0000mcar"
cases/hannibal-alps/texts/scholarship/OL_search_inside_snippets/M_Cary_1965_A_History_of_Rome_Down_to_The_Reign_of_C__historyofromedow0000mcar_y1i7.txt,hannibal-alps,"Open Library search-inside excerpts of books, many still in copyright","Open Library search-inside excerpts of books, many still in copyright","Internet Archive item ""A History Of Rome down to the reign of constantine"" (1967): https://archive.org/details/historyofromedow0000mcar"
cases/hannibal-alps/texts/scholarship/OL_search_inside_snippets/M_Cary_1965_A_Shorter_History_Rome__shorterhistoryro0000mcar.txt,hannibal-alps,"Open Library search-inside excerpts of books, many still in copyright","Open Library search-inside excerpts of books, many still in copyright","Internet Archive item ""A Shorter History Rome"" (1965-01-01): https://archive.org/details/shorterhistoryro0000mcar"
cases/hannibal-alps/texts/scholarship/OL_search_inside_snippets/MacBean_Alexander_1784_1773_A_dictionary_of_ancient_geography_expla__adictionaryanci00johngoog.txt,hannibal-alps,"Open Library search-inside excerpts of books, many still in copyright","Open Library search-inside excerpts of books, many still in copyright",Open Library search-inside excerpts of Internet Archive item adictionaryanci00johngoog: https://archive.org/details/adictionaryanci00johngoog
cases/hannibal-alps/texts/scholarship/OL_search_inside_snippets/MacDonald_Eve_2015_Hannibal_a_Hellenistic_life__hannibalhellenis0000macd.txt,hannibal-alps,"Open Library search-inside excerpts of books, many still in copyright","Open Library search-inside excerpts of books, many still in copyright","Internet Archive item ""Hannibal : a Hellenistic life"" (2015): https://archive.org/details/hannibalhellenis0000macd"
cases/hannibal-alps/texts/scholarship/OL_search_inside_snippets/MacKendrick_Paul_Lachlan_1968_Greece_and_Rome_builders_of_our_world__greeceromebuilde00mack.txt,hannibal-alps,"Open Library search-inside excerpts of books, many still in copyright","Open Library search-inside excerpts of books, many still in copyright","Internet Archive item ""Greece and Rome : builders of our world"" (1968): https://archive.org/details/greeceromebuilde00mack"
cases/hannibal-alps/texts/scholarship/OL_search_inside_snippets/Macadam_Alta_1984_Northern_Italy_from_the_Alps_to_Rome__northernitalyfro00maca.txt,hannibal-alps,"Open Library search-inside excerpts of books, many still in copyright","Open Library search-inside excerpts of books, many still in copyright","Internet Archive item ""Northern Italy : from the Alps to Rome"" (1984): https://archive.org/details/northernitalyfro00maca"
cases/hannibal-alps/texts/scholarship/OL_search_inside_snippets/Macadam_Alta_1997_Northern_Italy_from_the_alps_to_Bologn__northernitalyfro0000maca.txt,hannibal-alps,"Open Library search-inside excerpts of books, many still in copyright","Open Library search-inside excerpts of books, many still in copyright","Internet Archive item ""Northern Italy : from the alps to Bologna"" (1997): https://archive.org/details/northernitalyfro0000maca"
cases/hannibal-alps/texts/scholarship/OL_search_inside_snippets/Mad_Lucio_1998_Paradis_B_roman__paradisbroman0000madl.txt,hannibal-alps,"Open Library search-inside excerpts of books, many still in copyright","Open Library search-inside excerpts of books, many still in copyright","Internet Archive item ""Paradis B : roman"" (1998): https://archive.org/details/paradisbroman0000madl"
cases/hannibal-alps/texts/scholarship/OL_search_inside_snippets/Madelin_Louis_1871_1956_1913_France_et_Rome__franceetrome00madeuoft.txt,hannibal-alps,"Open Library search-inside excerpts of books, many still in copyright","Open Library search-inside excerpts of books, many still in copyright",Open Library search-inside excerpts of Internet Archive item franceetrome00madeuoft: https://archive.org/details/franceetrome00madeuoft
cases/hannibal-alps/texts/scholarship/OL_search_inside_snippets/Malaparte_Curzio_1898_1_1995_Il_sole_e_cieco_romanzo__ilsoleeciecoroma0000mala.txt,hannibal-alps,"Open Library search-inside excerpts of books, many still in copyright","Open Library search-inside excerpts of books, many still in copyright","Internet Archive item ""Il sole è cieco : romanzo"" (1995): https://archive.org/details/ilsoleeciecoroma0000mala"
cases/hannibal-alps/texts/scholarship/OL_search_inside_snippets/Martelli_A_E_1889_Guida_delle_Alpi_occidentali_Martelli__guidadellealpioc22mart.txt,hannibal-alps,"Open Library search-inside excerpts of books, many still in copyright","Open Library search-inside excerpts of books, many still in copyright","Internet Archive item ""Guida delle Alpi occidentali / Martelli e Vaccarone."" (1889): https://archive.org/details/guidadellealpioc22mart"
cases/hannibal-alps/texts/scholarship/OL_search_inside_snippets/Masson_Francie_re_Clotil_2008_Les_troupes_alpines__lestroupesalpine0000mass.txt,hannibal-alps,"Open Library search-inside excerpts of books, many still in copyright","Open Library search-inside excerpts of books, many still in copyright","Internet Archive item ""Les troupes alpines"" (2008): https://archive.org/details/lestroupesalpine0000mass"
cases/hannibal-alps/texts/scholarship/OL_search_inside_snippets/Max_Cary_1957_A_history_of_Rome_down_to_the_reign_of_C__historyofromedow0000maxc.txt,hannibal-alps,"Open Library search-inside excerpts of books, many still in copyright","Open Library search-inside excerpts of books, many still in copyright","Internet Archive item ""A history of Rome down to the reign of Constantine"" (1957-01-01): https://archive.org/details/historyofromedow0000maxc"
cases/hannibal-alps/texts/scholarship/OL_search_inside_snippets/Max_Pfister_1877_Zeitschrift_fu_r_romanische_Philologie__zeitschriftfrro54pfisgoog.txt,hannibal-alps,"Open Library search-inside excerpts of books, many still in copyright","Open Library search-inside excerpts of books, many still in copyright",Open Library search-inside excerpts of Internet Archive item zeitschriftfrro54pfisgoog: https://archive.org/details/zeitschriftfrro54pfisgoog
cases/hannibal-alps/texts/scholarship/OL_search_inside_snippets/McCrackan_William_Deniso_1894_Romance_Switzerland__romanceswitzerl00mccrgoog.txt,hannibal-alps,"Open Library search-inside excerpts of books, many still in copyright","Open Library search-inside excerpts of books, many still in copyright",Open Library search-inside excerpts of Internet Archive item romanceswitzerl00mccrgoog: https://archive.org/details/romanceswitzerl00mccrgoog
cases/hannibal-alps/texts/scholarship/OL_search_inside_snippets/McCracken_William_Deniso_1910_Romance_and_Teutonic_Switzerland__romanceteutonics01mccriala.txt,hannibal-alps,"Open Library search-inside excerpts of books, many still in copyright","Open Library search-inside excerpts of books, many still in copyright",Open Library search-inside excerpts of Internet Archive item romanceteutonics01mccriala: https://archive.org/details/romanceteutonics01mccriala
cases/hannibal-alps/texts/scholarship/OL_search_inside_snippets/McCullough_Colleen_1937_1990_The_first_man_in_Rome__firstmaninrome0000unse.txt,hannibal-alps,"Open Library search-inside excerpts of books, many still in copyright","Open Library search-inside excerpts of books, many still in copyright","Internet Archive item ""The first man in Rome"" (1990): https://archive.org/details/firstmaninrome0000unse"
cases/hannibal-alps/texts/scholarship/OL_search_inside_snippets/McCullough_Colleen_1937_1990_The_first_man_in_Rome__firstmaninrome00mccu.txt,hannibal-alps,"Open Library search-inside excerpts of books, many still in copyright","Open Library search-inside excerpts of books, many still in copyright","Internet Archive item ""The first man in Rome"" (1990): https://archive.org/details/firstmaninrome00mccu"
cases/hannibal-alps/texts/scholarship/OL_search_inside_snippets/McCullough_Colleen_1937_1990_The_first_man_in_Rome__firstrome00mccu.txt,hannibal-alps,"Open Library search-inside excerpts of books, many still in copyright","Open Library search-inside excerpts of books, many still in copyright","Internet Archive item ""The first man in Rome"" (1990): https://archive.org/details/firstrome00mccu"
cases/hannibal-alps/texts/scholarship/OL_search_inside_snippets/McCullough_Colleen_1937_1991_The_first_man_in_Rome__firstmaninr00mccu.txt,hannibal-alps,"Open Library search-inside excerpts of books, many still in copyright","Open Library search-inside excerpts of books, many still in copyright","Internet Archive item ""The first man in Rome"" (1991): https://archive.org/details/firstmaninr00mccu"
cases/hannibal-alps/texts/scholarship/OL_search_inside_snippets/McCullough_Colleen_1937_1991_The_first_man_in_Rome__firstmaninromemccu00mccu.txt,hannibal-alps,"Open Library search-inside excerpts of books, many still in copyright","Open Library search-inside excerpts of books, many still in copyright","Internet Archive item ""The first man in Rome"" (1991): https://archive.org/details/firstmaninromemccu00mccu"
cases/hannibal-alps/texts/scholarship/OL_search_inside_snippets/McCullough_Colleen_1991_The_first_man_in_Rome__firstmaninrome0000mccu.txt,hannibal-alps,"Open Library search-inside excerpts of books, many still in copyright","Open Library search-inside excerpts of books, many still in copyright","Internet Archive item ""The first man in Rome"" (1991): https://archive.org/details/firstmaninrome0000mccu"
cases/hannibal-alps/texts/scholarship/OL_search_inside_snippets/Merrick_Hugh_1898_1980_1974_Companion_to_the_Alps__companiontoalps0000merr.txt,hannibal-alps,"Open Library search-inside excerpts of books, many still in copyright","Open Library search-inside excerpts of books, many still in copyright","Internet Archive item ""Companion to the Alps"" (1974): https://archive.org/details/companiontoalps0000merr"
cases/hannibal-alps/texts/scholarship/OL_search_inside_snippets/Messadie_Ge_rald_1996_Tycho_l_admirable_roman__tycholadmirabler0000mess.txt,hannibal-alps,"Open Library search-inside excerpts of books, many still in copyright","Open Library search-inside excerpts of books, many still in copyright","Internet Archive item ""Tycho l'admirable : roman"" (1996): https://archive.org/details/tycholadmirabler0000mess"
cases/hannibal-alps/texts/scholarship/OL_search_inside_snippets/Michael_Kerrigan_2001_Ancient_Rome_and_the_Roman_Empire__ancientromeroman00kerr.txt,hannibal-alps,"Open Library search-inside excerpts of books, many still in copyright","Open Library search-inside excerpts of books, many still in copyright","Internet Archive item ""Ancient Rome and the Roman Empire"" (2001): https://archive.org/details/ancientromeroman00kerr"
cases/hannibal-alps/texts/scholarship/OL_search_inside_snippets/Middleton_John_Izard_17_1997_The_Roman_remains_John_Izard_Middleton__romanremainsjohn0000midd.txt,hannibal-alps,"Open Library search-inside excerpts of books, many still in copyright","Open Library search-inside excerpts of books, many still in copyright","Internet Archive item ""The Roman remains : John Izard Middleton's visual souvenirs of 1820-1823, with additional "" (1997): https://archive.org/details/romanremainsjohn0000midd"
cases/hannibal-alps/texts/scholarship/OL_search_inside_snippets/Miles_Richard_1969_2011_Carthage_must_be_destroyed_the_rise_an__carthagemustbede0000mile.txt,hannibal-alps,"Open Library search-inside excerpts of books, many still in copyright","Open Library search-inside excerpts of books, many still in copyright","Internet Archive item ""Carthage must be destroyed : the rise and fall of an ancient civilization"" (2011): https://archive.org/details/carthagemustbede0000mile"
cases/hannibal-alps/texts/scholarship/OL_search_inside_snippets/Millard_John_active_18t_1815_Picture_of_Italy_being_a_guide_to_the__pictureofitalybe00mill.txt,hannibal-alps,"Open Library search-inside excerpts of books, many still in copyright","Open Library search-inside excerpts of books, many still in copyright","Internet Archive item ""Picture of Italy : being a guide to the antiquities and curiosities of that classical and "" (1815): https://archive.org/details/pictureofitalybe00mill"
cases/hannibal-alps/texts/scholarship/OL_search_inside_snippets/Mills_Cliff_1947_2015_2008_Hannibal__hannibal0000mill.txt,hannibal-alps,"Open Library search-inside excerpts of books, many still in copyright","Open Library search-inside excerpts of books, many still in copyright","Internet Archive item ""Hannibal"" (2008): https://archive.org/details/hannibal0000mill"
cases/hannibal-alps/texts/scholarship/OL_search_inside_snippets/Milovanoff_Jean_Pierre_1999_L_offrande_sauvage_roman__loffrandesauvage0000milo.txt,hannibal-alps,"Open Library search-inside excerpts of books, many still in copyright","Open Library search-inside excerpts of books, many still in copyright","Internet Archive item ""L'offrande sauvage : roman"" (1999): https://archive.org/details/loffrandesauvage0000milo"
cases/hannibal-alps/texts/scholarship/OL_search_inside_snippets/Mommsen_Theodor_1817_19_1870_The_history_of_Rome__historyofro02momm.txt,hannibal-alps,"Open Library search-inside excerpts of books, many still in copyright","Open Library search-inside excerpts of books, many still in copyright","Internet Archive item ""The history of Rome"" (1870): https://archive.org/details/historyofro02momm"
cases/hannibal-alps/texts/scholarship/OL_search_inside_snippets/Mommsen_Theodor_1817_19_1870_The_history_of_Rome__historyofrom02momm.txt,hannibal-alps,"Open Library search-inside excerpts of books, many still in copyright","Open Library search-inside excerpts of books, many still in copyright","Internet Archive item ""The history of Rome"" (1870): https://archive.org/details/historyofrom02momm"
cases/hannibal-alps/texts/scholarship/OL_search_inside_snippets/Mommsen_Theodor_1817_19_1908_The_history_of_Rome__historyrome00unkngoog.txt,hannibal-alps,"Open Library search-inside excerpts of books, many still in copyright","Open Library search-inside excerpts of books, many still in copyright",Open Library search-inside excerpts of Internet Archive item historyrome00unkngoog: https://archive.org/details/historyrome00unkngoog
cases/hannibal-alps/texts/scholarship/OL_search_inside_snippets/Mommsen_Theodor_1817_19_The_history_of_Rome__historyofrome02mommuoft.txt,hannibal-alps,"Open Library search-inside excerpts of books, many still in copyright","Open Library search-inside excerpts of books, many still in copyright",Open Library search-inside excerpts of Internet Archive item historyofrome02mommuoft: https://archive.org/details/historyofrome02mommuoft
cases/hannibal-alps/texts/scholarship/OL_search_inside_snippets/Mont_mont_Albert_1788_1_1823_Tour_over_the_Alps_and_in_Italy__touroveralpsinit00montrich.txt,hannibal-alps,"Open Library search-inside excerpts of books, many still in copyright","Open Library search-inside excerpts of books, many still in copyright",Open Library search-inside excerpts of Internet Archive item touroveralpsinit00montrich: https://archive.org/details/touroveralpsinit00montrich
cases/hannibal-alps/texts/scholarship/OL_search_inside_snippets/Montelius_Esther_1920_Adolfsfors_ett_gammalt_V_rmlandsbruk_o__adolfsforsettgam00mont.txt,hannibal-alps,"Open Library search-inside excerpts of books, many still in copyright","Open Library search-inside excerpts of books, many still in copyright","Internet Archive item ""Adolfsfors : ett gammalt Värmlandsbruk och dess brukspatroner : romantiserad skildring"" (1920): https://archive.org/details/adolfsforsettgam00mont"
cases/hannibal-alps/texts/scholarship/OL_search_inside_snippets/Mormando_Franco_2011_Bernini_his_life_and_his_Rome__berninihislifehi0000morm.txt,hannibal-alps,"Open Library search-inside excerpts of books, many still in copyright","Open Library search-inside excerpts of books, many still in copyright","Internet Archive item ""Bernini : his life and his Rome"" (2011): https://archive.org/details/berninihislifehi0000morm"
cases/hannibal-alps/texts/scholarship/OL_search_inside_snippets/Morris_William_O_Connor_1897_Hannibal_soldier_statesman_patriot_a__hannibalsoldiers00morruoft.txt,hannibal-alps,"Open Library search-inside excerpts of books, many still in copyright","Open Library search-inside excerpts of books, many still in copyright",Open Library search-inside excerpts of Internet Archive item hannibalsoldiers00morruoft: https://archive.org/details/hannibalsoldiers00morruoft
cases/hannibal-alps/texts/scholarship/OL_search_inside_snippets/Mouraret_Annick_1939_1992_Gi_tes_refuges_France_et_frontie_res__gitesrefugesfran0000mour.txt,hannibal-alps,"Open Library search-inside excerpts of books, many still in copyright","Open Library search-inside excerpts of books, many still in copyright","Internet Archive item ""Gîtes refuges : France et frontières : randonnées, alpinisme, escalade, ski, vélo, can"" (1992): https://archive.org/details/gitesrefugesfran0000mour"
cases/hannibal-alps/texts/scholarship/OL_search_inside_snippets/Muddock_J_E_Joyce_Emm_1884_The_J_E_M_guide_to_Switzerland_The_A__jemguidetoswitz00muddgoog.txt,hannibal-alps,"Open Library search-inside excerpts of books, many still in copyright","Open Library search-inside excerpts of books, many still in copyright",Open Library search-inside excerpts of Internet Archive item jemguidetoswitz00muddgoog: https://archive.org/details/jemguidetoswitz00muddgoog
cases/hannibal-alps/texts/scholarship/OL_search_inside_snippets/Munro_Ion_Smeaton_1934_Beyond_the_Alps__beyondalps0000munr.txt,hannibal-alps,"Open Library search-inside excerpts of books, many still in copyright","Open Library search-inside excerpts of books, many still in copyright","Internet Archive item ""Beyond the Alps"" (1934): https://archive.org/details/beyondalps0000munr"
cases/hannibal-alps/texts/scholarship/OL_search_inside_snippets/Murkoff_Bruce_1953_2005_Porte_s_par_un_fleuve_violent_roman__portesparunfleuv0000murk.txt,hannibal-alps,"Open Library search-inside excerpts of books, many still in copyright","Open Library search-inside excerpts of books, many still in copyright","Internet Archive item ""Portés par un fleuve violent : roman"" (2005): https://archive.org/details/portesparunfleuv0000murk"
cases/hannibal-alps/texts/scholarship/OL_search_inside_snippets/Murphy_Charles_Theophilu_1947_Greek_and_Roman_classics_in_translation__greekromanclassi0000unse.txt,hannibal-alps,"Open Library search-inside excerpts of books, many still in copyright","Open Library search-inside excerpts of books, many still in copyright","Internet Archive item ""Greek and Roman classics in translation"" (1947): https://archive.org/details/greekromanclassi0000unse"
cases/hannibal-alps/texts/scholarship/OL_search_inside_snippets/Murphy_Charles_Theophilu_1967_Greek_And_Roman_Classics_In_Translation__greekromanclassi0000murp.txt,hannibal-alps,"Open Library search-inside excerpts of books, many still in copyright","Open Library search-inside excerpts of books, many still in copyright","Internet Archive item ""Greek And Roman Classics In Translation."" (1967-01-01): https://archive.org/details/greekromanclassi0000murp"
cases/hannibal-alps/texts/scholarship/OL_search_inside_snippets/Murphy_Guinagh_Oates_1955_greek_and_romans_classics_in_translation__greekromansclass0000unse.txt,hannibal-alps,"Open Library search-inside excerpts of books, many still in copyright","Open Library search-inside excerpts of books, many still in copyright","Internet Archive item ""greek and romans classics in translation"" (1955): https://archive.org/details/greekromansclass0000unse"
cases/hannibal-alps/texts/scholarship/OL_search_inside_snippets/NATO_Advanced_Study_Insti_2014_Detection_of_chemical_biological_radio__detectionofchemi0000nato.txt,hannibal-alps,"Open Library search-inside excerpts of books, many still in copyright","Open Library search-inside excerpts of books, many still in copyright","Internet Archive item ""Detection of chemical, biological, radiological and nuclear agents for the prevention of t"" (2014): https://archive.org/details/detectionofchemi0000nato"
cases/hannibal-alps/texts/scholarship/OL_search_inside_snippets/National_Geographic_Book_1968_Greece_and_Rome_builders_of_our_world__greeceromebuilde00nati.txt,hannibal-alps,"Open Library search-inside excerpts of books, many still in copyright","Open Library search-inside excerpts of books, many still in copyright","Internet Archive item ""Greece and Rome; builders of our world"" (1968): https://archive.org/details/greeceromebuilde00nati"
cases/hannibal-alps/texts/scholarship/OL_search_inside_snippets/National_Geographic_Book_1977_Greece_and_Rome_builders_of_our_world__greeceromebuilde00paul.txt,hannibal-alps,"Open Library search-inside excerpts of books, many still in copyright","Open Library search-inside excerpts of books, many still in copyright","Internet Archive item ""Greece and Rome : builders of our world"" (1977): https://archive.org/details/greeceromebuilde00paul"
cases/hannibal-alps/texts/scholarship/OL_search_inside_snippets/National_Geographic_Socie_1973_The_Alps__alpsnati00nati.txt,hannibal-alps,"Open Library search-inside excerpts of books, many still in copyright","Open Library search-inside excerpts of books, many still in copyright","Internet Archive item ""The Alps"" (1973): https://archive.org/details/alpsnati00nati"
cases/hannibal-alps/texts/scholarship/OL_search_inside_snippets/Nicolet_Claude_1930_1977_Rome_et_la_conque_te_du_monde_me_diterra__romeetlaconquete0002nico.txt,hannibal-alps,"Open Library search-inside excerpts of books, many still in copyright","Open Library search-inside excerpts of books, many still in copyright","Internet Archive item ""Rome et la conquête du monde méditerranéen : 264-27 avant J.-C."" (1977): https://archive.org/details/romeetlaconquete0002nico"
cases/hannibal-alps/texts/scholarship/OL_search_inside_snippets/Niebuhr_Barthold_Georg_1844_The_history_of_Rome_from_the_first_Punic__historyofrome01nieb.txt,hannibal-alps,"Open Library search-inside excerpts of books, many still in copyright","Open Library search-inside excerpts of books, many still in copyright","Internet Archive item ""The history of Rome from the first Punic War to the death of Constantine"" (1844): https://archive.org/details/historyofrome01nieb"
cases/hannibal-alps/texts/scholarship/OL_search_inside_snippets/Niebuhr_Barthold_Georg_1844_The_history_of_Rome_from_the_first_Punic__historyofromefro02nieb.txt,hannibal-alps,"Open Library search-inside excerpts of books, many still in copyright","Open Library search-inside excerpts of books, many still in copyright","Internet Archive item ""The history of Rome from the first Punic War to the death of Constantine"" (1844): https://archive.org/details/historyofromefro02nieb"
cases/hannibal-alps/texts/scholarship/OL_search_inside_snippets/Niebuhr_Barthold_Georg_1849_Lectures_on_the_history_of_Rome_from_th__lecturesonhisto01schmgoog.txt,hannibal-alps,"Open Library search-inside excerpts of books, many still in copyright","Open Library search-inside excerpts of books, many still in copyright",Open Library search-inside excerpts of Internet Archive item lecturesonhisto01schmgoog: https://archive.org/details/lecturesonhisto01schmgoog
cases/hannibal-alps/texts/scholarship/OL_search_inside_snippets/Niebuhr_Barthold_Georg_1849_Lectures_on_the_history_of_Rome_from_th__lecturesonhisto03schmgoog.txt,hannibal-alps,"Open Library search-inside excerpts of books, many still in copyright","Open Library search-inside excerpts of books, many still in copyright",Open Library search-inside excerpts of Internet Archive item lecturesonhisto03schmgoog: https://archive.org/details/lecturesonhisto03schmgoog
cases/hannibal-alps/texts/scholarship/OL_search_inside_snippets/Nieuwenhuis_Erik_2005_Franse_Alpen__fransealpen0000nieu.txt,hannibal-alps,"Open Library search-inside excerpts of books, many still in copyright","Open Library search-inside excerpts of books, many still in copyright","Internet Archive item ""Franse Alpen"" (2005): https://archive.org/details/fransealpen0000nieu"
cases/hannibal-alps/texts/scholarship/OL_search_inside_snippets/Noack_Martin_1922_Ueber_die_seltenen_nordischen_Pflanzen_i__ueberdieseltenen00noac.txt,hannibal-alps,"Open Library search-inside excerpts of books, many still in copyright","Open Library search-inside excerpts of books, many still in copyright","Internet Archive item ""Ueber die seltenen nordischen Pflanzen in den Alpen. Eine florengeschichtliche Studie. <Mi"" (1922): https://archive.org/details/ueberdieseltenen00noac"
cases/hannibal-alps/texts/scholarship/OL_search_inside_snippets/None_1984_Who_was_who_in_the_Roman_world__whowaswhoinroman0000unse.txt,hannibal-alps,"Open Library search-inside excerpts of books, many still in copyright","Open Library search-inside excerpts of books, many still in copyright","Internet Archive item ""Who was who in the Roman world"" (1984): https://archive.org/details/whowaswhoinroman0000unse"
cases/hannibal-alps/texts/scholarship/OL_search_inside_snippets/Norma_Pierre_1946_2002_Histoire_de_l_Europe_grands_hommes__histoiredeleurop0000norm.txt,hannibal-alps,"Open Library search-inside excerpts of books, many still in copyright","Open Library search-inside excerpts of books, many still in copyright","Internet Archive item ""Histoire de l'Europe : grands hommes--, grands événements--, chronologie--, la Communaut"" (2002): https://archive.org/details/histoiredeleurop0000norm"
cases/hannibal-alps/texts/scholarship/OL_search_inside_snippets/Norman_Ron_Sir_1937_2008_Odd_man_out_in_the_Alps__oddmanoutinalps0000norm.txt,hannibal-alps,"Open Library search-inside excerpts of books, many still in copyright","Open Library search-inside excerpts of books, many still in copyright","Internet Archive item ""Odd man out in the Alps"" (2008): https://archive.org/details/oddmanoutinalps0000norm"
cases/hannibal-alps/texts/scholarship/OL_search_inside_snippets/Northern_Italy_from_the_Alps_to_Rome__northernitalyfro0000unse.txt,hannibal-alps,"Open Library search-inside excerpts of books, many still in copyright","Open Library search-inside excerpts of books, many still in copyright","Internet Archive item ""Northern Italy : from the Alps to Rome"" (1985): https://archive.org/details/northernitalyfro0000unse"
cases/hannibal-alps/texts/scholarship/OL_search_inside_snippets/Norton_Janette_author_Walking_in_Provence_East_Alpes_Mariti__walkinginprovenc0000nort.txt,hannibal-alps,"Open Library search-inside excerpts of books, many still in copyright","Open Library search-inside excerpts of books, many still in copyright","Internet Archive item ""Walking in Provence. East : Alpes Maritimes, Alpes De Haute-Provence, Mercantour"" (2014): https://archive.org/details/walkinginprovenc0000nort"
cases/hannibal-alps/texts/scholarship/OL_search_inside_snippets/Nugent_Frank_1948_2013_In_search_of_peaks_passes_glaciers__insearchofpeaksp0000nuge.txt,hannibal-alps,"Open Library search-inside excerpts of books, many still in copyright","Open Library search-inside excerpts of books, many still in copyright","Internet Archive item ""In search of peaks, passes & glaciers : Irish Alpine pioneers"" (2013): https://archive.org/details/insearchofpeaksp0000nuge"
cases/hannibal-alps/texts/scholarship/OL_search_inside_snippets/O_Connell_Robert_L_2010_The_ghosts_of_Cannae_Hannibal_and_the__isbn_9781400067022.txt,hannibal-alps,"Open Library search-inside excerpts of books, many still in copyright","Open Library search-inside excerpts of books, many still in copyright",Open Library search-inside excerpts of Internet Archive item isbn: https://archive.org/details/isbn
cases/hannibal-alps/texts/scholarship/OL_search_inside_snippets/O_Shea_Stephen_author_2017_The_Alps_a_human_history_from_Hannibal__alpshumanhistory0000oshe.txt,hannibal-alps,"Open Library search-inside excerpts of books, many still in copyright","Open Library search-inside excerpts of books, many still in copyright","Internet Archive item ""The Alps : a human history from Hannibal to Heidi and beyond"" (2017): https://archive.org/details/alpshumanhistory0000oshe"
cases/hannibal-alps/texts/scholarship/OL_search_inside_snippets/Oberziner_Giovanni_Le_guerre_di_Augusto_contro_i_popoli_Alp__leguerrediaugust00oberuoft.txt,hannibal-alps,"Open Library search-inside excerpts of books, many still in copyright","Open Library search-inside excerpts of books, many still in copyright",Open Library search-inside excerpts of Internet Archive item leguerrediaugust00oberuoft: https://archive.org/details/leguerrediaugust00oberuoft
cases/hannibal-alps/texts/scholarship/OL_search_inside_snippets/Otto_Meltzer_1867_De_L_Coelio_Antipatro_belli_Punici_secu__delcoelioantipa00meltgoog.txt,hannibal-alps,"Open Library search-inside excerpts of books, many still in copyright","Open Library search-inside excerpts of books, many still in copyright",Open Library search-inside excerpts of Internet Archive item delcoelioantipa00meltgoog: https://archive.org/details/delcoelioantipa00meltgoog
cases/hannibal-alps/texts/scholarship/OL_search_inside_snippets/Paul_Frischauer_1960_Weltgeschichte_in_Romanen_Erster_Band__weltgeschichtein0000paul.txt,hannibal-alps,"Open Library search-inside excerpts of books, many still in copyright","Open Library search-inside excerpts of books, many still in copyright","Internet Archive item ""Weltgeschichte in Romanen. Erster Band: Das Altertum"" (1960-01-01): https://archive.org/details/weltgeschichtein0000paul"
cases/hannibal-alps/texts/scholarship/OL_search_inside_snippets/Peddie_John_1933_1997_Hannibal_s_war__hannibalswar0000pedd.txt,hannibal-alps,"Open Library search-inside excerpts of books, many still in copyright","Open Library search-inside excerpts of books, many still in copyright","Internet Archive item ""Hannibal's war"" (1997): https://archive.org/details/hannibalswar0000pedd"
cases/hannibal-alps/texts/scholarship/OL_search_inside_snippets/Peddie_John_1933_2005_Hannibal_s_war__hannibalswar0000pedd_t0y7.txt,hannibal-alps,"Open Library search-inside excerpts of books, many still in copyright","Open Library search-inside excerpts of books, many still in copyright","Internet Archive item ""Hannibal's war"" (1997): https://archive.org/details/hannibalswar0000pedd"
cases/hannibal-alps/texts/scholarship/OL_search_inside_snippets/Peddie_John_1933_2005_Hannibal_s_war__hannibalswar0000pedd_u6y0.txt,hannibal-alps,"Open Library search-inside excerpts of books, many still in copyright","Open Library search-inside excerpts of books, many still in copyright","Internet Archive item ""Hannibal's war"" (1997): https://archive.org/details/hannibalswar0000pedd"
cases/hannibal-alps/texts/scholarship/OL_search_inside_snippets/Peppas_Lynn_2012_The_Alps__alps0000pepp.txt,hannibal-alps,"Open Library search-inside excerpts of books, many still in copyright","Open Library search-inside excerpts of books, many still in copyright","Internet Archive item ""The Alps"" (2012): https://archive.org/details/alps0000pepp"
cases/hannibal-alps/texts/scholarship/OL_search_inside_snippets/Peter_D_Arnott_1972_An_introduction_to_the_Roman_world__bwb_O7-CHM-727.txt,hannibal-alps,"Open Library search-inside excerpts of books, many still in copyright","Open Library search-inside excerpts of books, many still in copyright",Open Library search-inside excerpts of Internet Archive item bwb_O7-CHM-727: https://archive.org/details/bwb_O7-CHM-727
cases/hannibal-alps/texts/scholarship/OL_search_inside_snippets/Peter_Hermann_Wilhelm_Go_1870_Veterum_historicorum_Romanorum_relliquia__veterumhistorico01peteuoft.txt,hannibal-alps,"Open Library search-inside excerpts of books, many still in copyright","Open Library search-inside excerpts of books, many still in copyright",Open Library search-inside excerpts of Internet Archive item veterumhistorico01peteuoft: https://archive.org/details/veterumhistorico01peteuoft
cases/hannibal-alps/texts/scholarship/OL_search_inside_snippets/Peter_Hermann_Wilhelm_Go_1883_Historicorvm_romanorvm_fragmenta__historicorumrom00petegoog.txt,hannibal-alps,"Open Library search-inside excerpts of books, many still in copyright","Open Library search-inside excerpts of books, many still in copyright",Open Library search-inside excerpts of Internet Archive item historicorumrom00petegoog: https://archive.org/details/historicorumrom00petegoog
cases/hannibal-alps/texts/scholarship/OL_search_inside_snippets/Peter_Hermann_Wilhelm_Go_1914_Historicorum_romanorum_reliquiae_Iterat__historicorumroma01peteuoft.txt,hannibal-alps,"Open Library search-inside excerpts of books, many still in copyright","Open Library search-inside excerpts of books, many still in copyright",Open Library search-inside excerpts of Internet Archive item historicorumroma01peteuoft: https://archive.org/details/historicorumroma01peteuoft
cases/hannibal-alps/texts/scholarship/OL_search_inside_snippets/Peyramaure_Michel_1922_1999_Les_colosses_de_Carthage__lescolossesdecar0000peyr.txt,hannibal-alps,"Open Library search-inside excerpts of books, many still in copyright","Open Library search-inside excerpts of books, many still in copyright","Internet Archive item ""Les colosses de Carthage"" (1999): https://archive.org/details/lescolossesdecar0000peyr"
cases/hannibal-alps/texts/scholarship/OL_search_inside_snippets/Peyramaure_Michel_2006_Le_temps_des_moussons_Roman__letempsdesmousso0000peyr.txt,hannibal-alps,"Open Library search-inside excerpts of books, many still in copyright","Open Library search-inside excerpts of books, many still in copyright","Internet Archive item ""Le temps des moussons : Roman"" (2006): https://archive.org/details/letempsdesmousso0000peyr"
cases/hannibal-alps/texts/scholarship/OL_search_inside_snippets/Philippe_Lemonnier_2012_La_Route_des_Grandes_Alpes__laroutedesgrande0000unse.txt,hannibal-alps,"Open Library search-inside excerpts of books, many still in copyright","Open Library search-inside excerpts of books, many still in copyright","Internet Archive item ""La Route des Grandes Alpes"" (2012): https://archive.org/details/laroutedesgrande0000unse"
cases/hannibal-alps/texts/scholarship/OL_search_inside_snippets/Pierre_Leprohon_1989_The_Alps__alps0000pier.txt,hannibal-alps,"Open Library search-inside excerpts of books, many still in copyright","Open Library search-inside excerpts of books, many still in copyright","Internet Archive item ""The Alps"" (1989-01-01): https://archive.org/details/alps0000pier"
cases/hannibal-alps/texts/scholarship/OL_search_inside_snippets/Pilkington_Cynthia_1961_Elephant_over_the_Alps__elephantoveralps00pilk.txt,hannibal-alps,"Open Library search-inside excerpts of books, many still in copyright","Open Library search-inside excerpts of books, many still in copyright","Internet Archive item ""Elephant over the Alps"" (1961): https://archive.org/details/elephantoveralps00pilk"
cases/hannibal-alps/texts/scholarship/OL_search_inside_snippets/Pineau_Gise_le_1993_La_grande_drive_des_esprits_roman__lagrandedrivedes0000pine_o9n2.txt,hannibal-alps,"Open Library search-inside excerpts of books, many still in copyright","Open Library search-inside excerpts of books, many still in copyright","Internet Archive item ""La grande drive des esprits : roman"" (2017): https://archive.org/details/lagrandedrivedes0000pine"
cases/hannibal-alps/texts/scholarship/OL_search_inside_snippets/Pineau_Gise_le_1999_La_grande_drive_des_esprits_roman__lagrandedrivedes0000pine_k4r2.txt,hannibal-alps,"Open Library search-inside excerpts of books, many still in copyright","Open Library search-inside excerpts of books, many still in copyright","Internet Archive item ""La grande drive des esprits : roman"" (2017): https://archive.org/details/lagrandedrivedes0000pine"
cases/hannibal-alps/texts/scholarship/OL_search_inside_snippets/Plessen_Elisabeth_2004_Das_Kavalierhaus_Roman__daskavalierhausr0000ples.txt,hannibal-alps,"Open Library search-inside excerpts of books, many still in copyright","Open Library search-inside excerpts of books, many still in copyright","Internet Archive item ""Das Kavalierhaus : Roman"" (2004): https://archive.org/details/daskavalierhausr0000ples"
cases/hannibal-alps/texts/scholarship/OL_search_inside_snippets/Pneu_Michelin_Firm_1992_Alpes_du_sud_Haute_Provence__alpesdusudhautep0000pneu.txt,hannibal-alps,"Open Library search-inside excerpts of books, many still in copyright","Open Library search-inside excerpts of books, many still in copyright","Internet Archive item ""Alpes du sud, Haute-Provence"" (1992): https://archive.org/details/alpesdusudhautep0000pneu"
cases/hannibal-alps/texts/scholarship/OL_search_inside_snippets/Polybius_1979_The_rise_of_the_Roman_Empire__riseofromanempir0000poly.txt,hannibal-alps,"Open Library search-inside excerpts of books, many still in copyright","Open Library search-inside excerpts of books, many still in copyright","Internet Archive item ""The rise of the Roman Empire"" (1979): https://archive.org/details/riseofromanempir0000poly"
cases/hannibal-alps/texts/scholarship/OL_search_inside_snippets/Powell_Cecilia_cn_1987_Turner_in_the_South_Rome_Naples_Flor__turnerinsouthrom00powe.txt,hannibal-alps,"Open Library search-inside excerpts of books, many still in copyright","Open Library search-inside excerpts of books, many still in copyright","Internet Archive item ""Turner in the South : Rome, Naples, Florence"" (1987): https://archive.org/details/turnerinsouthrom00powe"
cases/hannibal-alps/texts/scholarship/OL_search_inside_snippets/Pownall_Thomas_1722_180_1795_An_antiquarian_romance_endeavouring_to__antiquarianroman00pown.txt,hannibal-alps,"Open Library search-inside excerpts of books, many still in copyright","Open Library search-inside excerpts of books, many still in copyright","Internet Archive item ""An antiquarian romance : endeavouring to mark a line, by which the most ancient people, an"" (1795): https://archive.org/details/antiquarianroman00pown"
cases/hannibal-alps/texts/scholarship/OL_search_inside_snippets/Prevas_John_1998_Hannibal_crosses_the_Alps_the_enigma_r__hannibalcrossesa0000prev.txt,hannibal-alps,"Open Library search-inside excerpts of books, many still in copyright","Open Library search-inside excerpts of books, many still in copyright","Internet Archive item ""Hannibal crosses the Alps : the enigma re-examined"" (1998): https://archive.org/details/hannibalcrossesa0000prev"
cases/hannibal-alps/texts/scholarship/OL_search_inside_snippets/Prevas_John_1998_Hannibal_crosses_the_Alps_the_enigma_r__isbn_9781885119483.txt,hannibal-alps,"Open Library search-inside excerpts of books, many still in copyright","Open Library search-inside excerpts of books, many still in copyright",Open Library search-inside excerpts of Internet Archive item isbn: https://archive.org/details/isbn
cases/hannibal-alps/texts/scholarship/OL_search_inside_snippets/Prevas_John_author_2017_Hannibal_s_oath_the_life_and_wars_of_R__hannibalsoathlif0000prev.txt,hannibal-alps,"Open Library search-inside excerpts of books, many still in copyright","Open Library search-inside excerpts of books, many still in copyright","Internet Archive item ""Hannibal's oath : the life and wars of Rome's greatest enemy"" (2017): https://archive.org/details/hannibalsoathlif0000prev"
cases/hannibal-alps/texts/scholarship/OL_search_inside_snippets/Proctor_Dennis_1971_Hannibal_s_march_in_history__hannibalsmarchin0000proc.txt,hannibal-alps,"Open Library search-inside excerpts of books, many still in copyright","Open Library search-inside excerpts of books, many still in copyright","Internet Archive item ""Hannibal's march in history"" (1971): https://archive.org/details/hannibalsmarchin0000proc"
cases/hannibal-alps/texts/scholarship/OL_search_inside_snippets/Putnam_William_Lowell_I_2008_A_tale_of_two_passes_an_inquiry_into_c__taleoftwopassesi0000putn.txt,hannibal-alps,"Open Library search-inside excerpts of books, many still in copyright","Open Library search-inside excerpts of books, many still in copyright","Internet Archive item ""A tale of two passes : an inquiry into certain Alpine literature"" (2008): https://archive.org/details/taleoftwopassesi0000putn"
cases/hannibal-alps/texts/scholarship/OL_search_inside_snippets/Pyatt_Edward_C_1984_The_passage_of_the_Alps_from_Hannibal__passageofalpsfro0000pyat.txt,hannibal-alps,"Open Library search-inside excerpts of books, many still in copyright","Open Library search-inside excerpts of books, many still in copyright","Internet Archive item ""The passage of the Alps : from Hannibal to the motorway"" (1984): https://archive.org/details/passageofalpsfro0000pyat"
cases/hannibal-alps/texts/scholarship/OL_search_inside_snippets/Pym_Dora_1922_Readings_from_the_literature_of_Ancient__readingsfromlite00pymdrich.txt,hannibal-alps,"Open Library search-inside excerpts of books, many still in copyright","Open Library search-inside excerpts of books, many still in copyright",Open Library search-inside excerpts of Internet Archive item readingsfromlite00pymdrich: https://archive.org/details/readingsfromlite00pymdrich
cases/hannibal-alps/texts/scholarship/OL_search_inside_snippets/Pym_Dora_ed_1922_Readings_from_the_literature_of_Ancient__cu31924026922884.txt,hannibal-alps,"Open Library search-inside excerpts of books, many still in copyright","Open Library search-inside excerpts of books, many still in copyright",Open Library search-inside excerpts of Internet Archive item cu31924026922884: https://archive.org/details/cu31924026922884
cases/hannibal-alps/texts/scholarship/OL_search_inside_snippets/R_Bosworth_Smith_1890_Carthage_and_the_Carthaginians__carthagecarthagi0000rbos.txt,hannibal-alps,"Open Library search-inside excerpts of books, many still in copyright","Open Library search-inside excerpts of books, many still in copyright","Internet Archive item ""Carthage and the Carthaginians."" (1890): https://archive.org/details/carthagecarthagi0000rbos"
cases/hannibal-alps/texts/scholarship/OL_search_inside_snippets/R_L_G_Irving_1947_The_Alps__alps0000rlgi.txt,hannibal-alps,"Open Library search-inside excerpts of books, many still in copyright","Open Library search-inside excerpts of books, many still in copyright","Internet Archive item ""The Alps"" (1947-01-01): https://archive.org/details/alps0000rlgi"
cases/hannibal-alps/texts/scholarship/OL_search_inside_snippets/R_L_G_Irving_1947_The_Alps__bwb_KU-748-220.txt,hannibal-alps,"Open Library search-inside excerpts of books, many still in copyright","Open Library search-inside excerpts of books, many still in copyright",Open Library search-inside excerpts of Internet Archive item bwb_KU-748-220: https://archive.org/details/bwb_KU-748-220
cases/hannibal-alps/texts/scholarship/OL_search_inside_snippets/Randakevic_iene_Irma_2010_Reanimacijos_palata_romanas__reanimacijospala0000rand.txt,hannibal-alps,"Open Library search-inside excerpts of books, many still in copyright","Open Library search-inside excerpts of books, many still in copyright","Internet Archive item ""Reanimacijos palata : romanas"" (2010): https://archive.org/details/reanimacijospala0000rand"
cases/hannibal-alps/texts/scholarship/OL_search_inside_snippets/Ranking_John_1826_Historical_researches_on_the_wars_and_sp__historicalresea01rankgoog.txt,hannibal-alps,"Open Library search-inside excerpts of books, many still in copyright","Open Library search-inside excerpts of books, many still in copyright",Open Library search-inside excerpts of Internet Archive item historicalresea01rankgoog: https://archive.org/details/historicalresea01rankgoog
cases/hannibal-alps/texts/scholarship/OL_search_inside_snippets/Raven_Susan_1992_Rome_in_Africa__romeinafrica0000rave.txt,hannibal-alps,"Open Library search-inside excerpts of books, many still in copyright","Open Library search-inside excerpts of books, many still in copyright","Internet Archive item ""Rome in Africa"" (1992): https://archive.org/details/romeinafrica0000rave"
cases/hannibal-alps/texts/scholarship/OL_search_inside_snippets/Rawlinson_George_1812_1_1871_A_manual_of_ancient_history_from_the_ea__bub_gb_waSyKJeUeZoC.txt,hannibal-alps,"Open Library search-inside excerpts of books, many still in copyright","Open Library search-inside excerpts of books, many still in copyright",Google Books full view: https://books.google.com/books?id=waSyKJeUeZoC
cases/hannibal-alps/texts/scholarship/OL_search_inside_snippets/Rawlinson_George_1812_1_1876_A_manual_of_ancient_history_from_the_ea__amanualancienth02rawlgoog.txt,hannibal-alps,"Open Library search-inside excerpts of books, many still in copyright","Open Library search-inside excerpts of books, many still in copyright",Open Library search-inside excerpts of Internet Archive item amanualancienth02rawlgoog: https://archive.org/details/amanualancienth02rawlgoog
cases/hannibal-alps/texts/scholarship/OL_search_inside_snippets/Rawlinson_George_1812_1_1888_A_manual_of_ancient_history_from_the_e__cu31924027765456.txt,hannibal-alps,"Open Library search-inside excerpts of books, many still in copyright","Open Library search-inside excerpts of books, many still in copyright",Open Library search-inside excerpts of Internet Archive item cu31924027765456: https://archive.org/details/cu31924027765456
cases/hannibal-alps/texts/scholarship/OL_search_inside_snippets/Re_my_Pierre_Jean_1937_1992_Alge_rie_bords_de_Seine_roman__algeriebordsdese0000remy.txt,hannibal-alps,"Open Library search-inside excerpts of books, many still in copyright","Open Library search-inside excerpts of books, many still in copyright","Internet Archive item ""Algérie, bords de Seine : roman"" (1992): https://archive.org/details/algeriebordsdese0000remy"
cases/hannibal-alps/texts/scholarship/OL_search_inside_snippets/Reinhardt_Eric_1966_2002_Le_moral_des_me_nages_roman__lemoraldesmenage0000rein.txt,hannibal-alps,"Open Library search-inside excerpts of books, many still in copyright","Open Library search-inside excerpts of books, many still in copyright","Internet Archive item ""Le moral des ménages : roman"" (2002): https://archive.org/details/lemoraldesmenage0000rein"
cases/hannibal-alps/texts/scholarship/OL_search_inside_snippets/Rendell_Ruth_1930_1999_Espe_ces_prote_ge_es_roman__especesprotegees0000rend.txt,hannibal-alps,"Open Library search-inside excerpts of books, many still in copyright","Open Library search-inside excerpts of books, many still in copyright","Internet Archive item ""Espèces protégées : roman"" (1999): https://archive.org/details/especesprotegees0000rend"
cases/hannibal-alps/texts/scholarship/OL_search_inside_snippets/Render_Angela_2002_Forged_by_lightning_a_novel_of_Hanniba__forgedbylightnin0000rend.txt,hannibal-alps,"Open Library search-inside excerpts of books, many still in copyright","Open Library search-inside excerpts of books, many still in copyright","Internet Archive item ""Forged by lightning : a novel of Hannibal and Scipio"" (2002): https://archive.org/details/forgedbylightnin0000rend"
cases/hannibal-alps/texts/scholarship/OL_search_inside_snippets/Reynier_Gustave_1859_19_1908_Le_roman_sentimental_avant_l_Astr_e__leromansentimen00reyn.txt,hannibal-alps,"Open Library search-inside excerpts of books, many still in copyright","Open Library search-inside excerpts of books, many still in copyright","Internet Archive item ""Le roman sentimental avant l'Astrée"" (1908): https://archive.org/details/leromansentimen00reyn"
cases/hannibal-alps/texts/scholarship/OL_search_inside_snippets/Reynier_Gustave_1859_19_1908_Le_roman_sentimental_avant_l_Astr_e__leromansentiment00reynuoft.txt,hannibal-alps,"Open Library search-inside excerpts of books, many still in copyright","Open Library search-inside excerpts of books, many still in copyright",Open Library search-inside excerpts of Internet Archive item leromansentiment00reynuoft: https://archive.org/details/leromansentiment00reynuoft
cases/hannibal-alps/texts/scholarship/OL_search_inside_snippets/Reynolds_Kev_1998_Walking_in_the_Alps__walkinginalps0000reyn_r9x1.txt,hannibal-alps,"Open Library search-inside excerpts of books, many still in copyright","Open Library search-inside excerpts of books, many still in copyright","Internet Archive item ""Walking in the Alps"" (2000): https://archive.org/details/walkinginalps0000reyn"
cases/hannibal-alps/texts/scholarship/OL_search_inside_snippets/Reynolds_Kev_2000_Walking_in_the_Alps__walkinginalps0000reyn.txt,hannibal-alps,"Open Library search-inside excerpts of books, many still in copyright","Open Library search-inside excerpts of books, many still in copyright","Internet Archive item ""Walking in the Alps"" (2000): https://archive.org/details/walkinginalps0000reyn"
cases/hannibal-alps/texts/scholarship/OL_search_inside_snippets/Reynolds_Kev_2005_Walking_in_the_Alps__walkinginalps0000reyn_e6w0.txt,hannibal-alps,"Open Library search-inside excerpts of books, many still in copyright","Open Library search-inside excerpts of books, many still in copyright","Internet Archive item ""Walking in the Alps"" (2000): https://archive.org/details/walkinginalps0000reyn"
cases/hannibal-alps/texts/scholarship/OL_search_inside_snippets/Ribbeck_Otto_1827_1898_1897_Scaenicae_Romanorum_poesis_fragmenta__fragscaenicaeromr01ribbuoft.txt,hannibal-alps,"Open Library search-inside excerpts of books, many still in copyright","Open Library search-inside excerpts of books, many still in copyright",Open Library search-inside excerpts of Internet Archive item fragscaenicaeromr01ribbuoft: https://archive.org/details/fragscaenicaeromr01ribbuoft
cases/hannibal-alps/texts/scholarship/OL_search_inside_snippets/Ribbeck_Otto_1827_1898_1897_Scaenicae_Romanorum_poesis_fragmenta_ter__scaenicaeromano04ribbgoog.txt,hannibal-alps,"Open Library search-inside excerpts of books, many still in copyright","Open Library search-inside excerpts of books, many still in copyright",Open Library search-inside excerpts of Internet Archive item scaenicaeromano04ribbgoog: https://archive.org/details/scaenicaeromano04ribbgoog
cases/hannibal-alps/texts/scholarship/OL_search_inside_snippets/Ripert_Pierre_1946_2001_Les_Gaulois_le_temps_des_glaives_des__lesgauloisletemp0000ripe.txt,hannibal-alps,"Open Library search-inside excerpts of books, many still in copyright","Open Library search-inside excerpts of books, many still in copyright","Internet Archive item ""Les Gaulois : le temps des glaives : des Celtes aux Gallo-Romains ..., de Brennus à Attil"" (2001): https://archive.org/details/lesgauloisletemp0000ripe"
cases/hannibal-alps/texts/scholarship/OL_search_inside_snippets/Ritson_Joseph_1752_1803_1827_Memoirs_of_the_Celts_or_Gauls__b29349990.txt,hannibal-alps,"Open Library search-inside excerpts of books, many still in copyright","Open Library search-inside excerpts of books, many still in copyright",Open Library search-inside excerpts of Internet Archive item b29349990: https://archive.org/details/b29349990
cases/hannibal-alps/texts/scholarship/OL_search_inside_snippets/Ritson_Joseph_1752_1803_1827_Memoirs_of_the_Celts_or_Gauls__memoirsofceltsor00ritsrich.txt,hannibal-alps,"Open Library search-inside excerpts of books, many still in copyright","Open Library search-inside excerpts of books, many still in copyright",Open Library search-inside excerpts of Internet Archive item memoirsofceltsor00ritsrich: https://archive.org/details/memoirsofceltsor00ritsrich
cases/hannibal-alps/texts/scholarship/OL_search_inside_snippets/Ritson_Joseph_1752_1803_1827_Memoirs_of_the_Celts_or_Gauls__memoirsofceltsor00ritsuoft.txt,hannibal-alps,"Open Library search-inside excerpts of books, many still in copyright","Open Library search-inside excerpts of books, many still in copyright",Open Library search-inside excerpts of Internet Archive item memoirsofceltsor00ritsuoft: https://archive.org/details/memoirsofceltsor00ritsuoft
cases/hannibal-alps/texts/scholarship/OL_search_inside_snippets/Rivet_A_L_F_Albert_L_1988_Gallia_Narbonensis_with_a_chapter_on_A__gallianarbonensi0000rive.txt,hannibal-alps,"Open Library search-inside excerpts of books, many still in copyright","Open Library search-inside excerpts of books, many still in copyright","Internet Archive item ""Gallia Narbonensis : with a chapter on Alpes Maritimae : Southern France in Roman times"" (1988): https://archive.org/details/gallianarbonensi0000rive"
cases/hannibal-alps/texts/scholarship/OL_search_inside_snippets/Robert_Ellis_1853_A_treatise_on_Hannibal_s_passage_of_the__atreatiseonhann00elligoog.txt,hannibal-alps,"Open Library search-inside excerpts of books, many still in copyright","Open Library search-inside excerpts of books, many still in copyright",Open Library search-inside excerpts of Internet Archive item atreatiseonhann00elligoog: https://archive.org/details/atreatiseonhann00elligoog
cases/hannibal-alps/texts/scholarship/OL_search_inside_snippets/Robert_Forman_Horton_1891_A_History_of_the_Romans__ahistoryromans00hortgoog.txt,hannibal-alps,"Open Library search-inside excerpts of books, many still in copyright","Open Library search-inside excerpts of books, many still in copyright",Open Library search-inside excerpts of Internet Archive item ahistoryromans00hortgoog: https://archive.org/details/ahistoryromans00hortgoog
cases/hannibal-alps/texts/scholarship/OL_search_inside_snippets/Robert_Lock_Graham_Irving_1939_The_Alps__alps0000robe.txt,hannibal-alps,"Open Library search-inside excerpts of books, many still in copyright","Open Library search-inside excerpts of books, many still in copyright","Internet Archive item ""The Alps,"" (1939-01-01): https://archive.org/details/alps0000robe"
cases/hannibal-alps/texts/scholarship/OL_search_inside_snippets/Robert_M_Coates_Beyond_The_Alps_A_Summer_In_The_Italian__beyondthealpsasu017989mbp.txt,hannibal-alps,"Open Library search-inside excerpts of books, many still in copyright","Open Library search-inside excerpts of books, many still in copyright","Internet Archive item ""Beyond The Alps A Summer In The Italian Hill Towns"" (1961): https://archive.org/details/beyondthealpsasu017989mbp"
cases/hannibal-alps/texts/scholarship/OL_search_inside_snippets/Robin_Fedden_1956_Alpine_SKI_Tour_an_account_of_the_high_l__bwb_KQ-818-421.txt,hannibal-alps,"Open Library search-inside excerpts of books, many still in copyright","Open Library search-inside excerpts of books, many still in copyright",Open Library search-inside excerpts of Internet Archive item bwb_KQ-818-421: https://archive.org/details/bwb_KQ-818-421
cases/hannibal-alps/texts/scholarship/OL_search_inside_snippets/Robinson_Cyril_E_Cyril_1932_A_history_of_the_Roman_republic__historyofromanre0000robi.txt,hannibal-alps,"Open Library search-inside excerpts of books, many still in copyright","Open Library search-inside excerpts of books, many still in copyright","Internet Archive item ""A history of the Roman republic"" (1932): https://archive.org/details/historyofromanre0000robi"
cases/hannibal-alps/texts/scholarship/OL_search_inside_snippets/Robinson_Cyril_Edward_1_1932_A_history_of_the_Roman_republic__historyofromanre00robi.txt,hannibal-alps,"Open Library search-inside excerpts of books, many still in copyright","Open Library search-inside excerpts of books, many still in copyright","Internet Archive item ""A history of the Roman republic"" (1932): https://archive.org/details/historyofromanre00robi"
cases/hannibal-alps/texts/scholarship/OL_search_inside_snippets/Rodolfo_Amedeo_Lanciani_1909_Wanderings_in_the_Roman_campagna__wanderingsinroma0000rodo.txt,hannibal-alps,"Open Library search-inside excerpts of books, many still in copyright","Open Library search-inside excerpts of books, many still in copyright","Internet Archive item ""Wanderings in the Roman campagna"" (1909-01-01): https://archive.org/details/wanderingsinroma0000rodo"
cases/hannibal-alps/texts/scholarship/OL_search_inside_snippets/Rollin_Charles_1661_174_1844_The_ancient_history_containing_the_his__ancienthistoryco02roll.txt,hannibal-alps,"Open Library search-inside excerpts of books, many still in copyright","Open Library search-inside excerpts of books, many still in copyright","Internet Archive item ""The ancient history : containing the history of the Egyptians, Assyrians, Chaldeans, Medes"" (1844): https://archive.org/details/ancienthistoryco02roll"
cases/hannibal-alps/texts/scholarship/OL_search_inside_snippets/Roman_J_Joseph_1840_1888_R_pertoire_topographique_du_d_partement__repertoirearcheo00romaiala.txt,hannibal-alps,"Open Library search-inside excerpts of books, many still in copyright","Open Library search-inside excerpts of books, many still in copyright",Open Library search-inside excerpts of Internet Archive item repertoirearcheo00romaiala: https://archive.org/details/repertoirearcheo00romaiala
cases/hannibal-alps/texts/scholarship/OL_search_inside_snippets/Roman_Joseph_Hippolyte_1884_Dictionnaire_topographique_du_d_partment__dictionnairetopo00romauoft.txt,hannibal-alps,"Open Library search-inside excerpts of books, many still in copyright","Open Library search-inside excerpts of books, many still in copyright",Open Library search-inside excerpts of Internet Archive item dictionnairetopo00romauoft: https://archive.org/details/dictionnairetopo00romauoft
cases/hannibal-alps/texts/scholarship/OL_search_inside_snippets/Romanillos_Pere_2010_Grandes_errores_que_cambiaron_la_histori__grandeserroresqu0000roma.txt,hannibal-alps,"Open Library search-inside excerpts of books, many still in copyright","Open Library search-inside excerpts of books, many still in copyright","Internet Archive item ""Grandes errores que cambiaron la historia"" (2010): https://archive.org/details/grandeserroresqu0000roma"
cases/hannibal-alps/texts/scholarship/OL_search_inside_snippets/Rosenberg_Harriet_1988_A_negotiated_world_three_centuries_of__negotiatedworldt0000rose.txt,hannibal-alps,"Open Library search-inside excerpts of books, many still in copyright","Open Library search-inside excerpts of books, many still in copyright","Internet Archive item ""A negotiated world : three centuries of change in a French alpine community"" (1988): https://archive.org/details/negotiatedworldt0000rose"
cases/hannibal-alps/texts/scholarship/OL_search_inside_snippets/Rosenstein_Nathan_Stewar_2004_Rome_at_war_farms_families_and_death__romeatwarfarmsfa0000rose.txt,hannibal-alps,"Open Library search-inside excerpts of books, many still in copyright","Open Library search-inside excerpts of books, many still in copyright","Internet Archive item ""Rome at war : farms, families, and death in the Middle Republic"" (2004): https://archive.org/details/romeatwarfarmsfa0000rose"
cases/hannibal-alps/texts/scholarship/OL_search_inside_snippets/Rosenstein_Nathan_Stewar_2012_Rome_and_the_Mediterranean_290_to_146_BC__romemediterranea0000rose.txt,hannibal-alps,"Open Library search-inside excerpts of books, many still in copyright","Open Library search-inside excerpts of books, many still in copyright","Internet Archive item ""Rome and the Mediterranean 290 to 146 BC : the imperial republic"" (2012): https://archive.org/details/romemediterranea0000rose"
cases/hannibal-alps/texts/scholarship/OL_search_inside_snippets/Rossberg_Ralf_Roman_1984_Geschichte_der_Eisenbahn__geschichtedereis0000ross.txt,hannibal-alps,"Open Library search-inside excerpts of books, many still in copyright","Open Library search-inside excerpts of books, many still in copyright","Internet Archive item ""Geschichte der Eisenbahn"" (1984): https://archive.org/details/geschichtedereis0000ross"
cases/hannibal-alps/texts/scholarship/OL_search_inside_snippets/Rossiter_Stuart_editor_Northern_Italy_from_the_Alps_to_Rome__northernitalyfro00stua.txt,hannibal-alps,"Open Library search-inside excerpts of books, many still in copyright","Open Library search-inside excerpts of books, many still in copyright","Internet Archive item ""Northern Italy: from the Alps to Rome;"" (1971): https://archive.org/details/northernitalyfro00stua"
cases/hannibal-alps/texts/scholarship/OL_search_inside_snippets/Rudolf_Geser_2001_Die_sch_nsten_Alpenp_sse_mit_dem_Rennrad__dieschnstenalpen0000rudo.txt,hannibal-alps,"Open Library search-inside excerpts of books, many still in copyright","Open Library search-inside excerpts of books, many still in copyright","Internet Archive item ""Die schönsten Alpenpässe mit dem Rennrad."" (August 1, 2001): https://archive.org/details/dieschnstenalpen0000rudo"
cases/hannibal-alps/texts/scholarship/OL_search_inside_snippets/Ruelle_Ch_Em_1833_191_1886_Bibliographie_ge_ne_rale_des_Gaules_re__bibliographiegn00ruelgoog.txt,hannibal-alps,"Open Library search-inside excerpts of books, many still in copyright","Open Library search-inside excerpts of books, many still in copyright",Open Library search-inside excerpts of Internet Archive item bibliographiegn00ruelgoog: https://archive.org/details/bibliographiegn00ruelgoog
cases/hannibal-alps/texts/scholarship/OL_search_inside_snippets/Ruelle_Ch_Em_1833_191_1886_Bibliographie_ge_ne_rale_des_Gaules_re__bibliographiegn01ruelgoog.txt,hannibal-alps,"Open Library search-inside excerpts of books, many still in copyright","Open Library search-inside excerpts of books, many still in copyright",Open Library search-inside excerpts of Internet Archive item bibliographiegn01ruelgoog: https://archive.org/details/bibliographiegn01ruelgoog
cases/hannibal-alps/texts/scholarship/OL_search_inside_snippets/Rushdie_Salman_2001_Furie_roman__furieroman0000rush.txt,hannibal-alps,"Open Library search-inside excerpts of books, many still in copyright","Open Library search-inside excerpts of books, many still in copyright","Internet Archive item ""Furie : roman"" (2001): https://archive.org/details/furieroman0000rush"
cases/hannibal-alps/texts/scholarship/OL_search_inside_snippets/SCHWEIZER_ALPENCLUB_1881_Jahrbuch_des_Schweizer_Alpenclub__jahrbuchdesschw08alpegoog.txt,hannibal-alps,"Open Library search-inside excerpts of books, many still in copyright","Open Library search-inside excerpts of books, many still in copyright",Open Library search-inside excerpts of Internet Archive item jahrbuchdesschw08alpegoog: https://archive.org/details/jahrbuchdesschw08alpegoog
cases/hannibal-alps/texts/scholarship/OL_search_inside_snippets/S_A_Cook_F_E_Adcock_1930_The_Cambridge_ancient_history_Vol_8__cambridgeancient0008unse_r8u1.txt,hannibal-alps,"Open Library search-inside excerpts of books, many still in copyright","Open Library search-inside excerpts of books, many still in copyright","Internet Archive item ""The Cambridge ancient history / Vol. 8, Rome and the Mediterranean, 218-133 B.C"" (1930): https://archive.org/details/cambridgeancient0008unse"
cases/hannibal-alps/texts/scholarship/OL_search_inside_snippets/S_Smith_William_Sir_1_1894_A_classical_dictionary_of_Greek_and_Roma__classicaldiction00ssmi.txt,hannibal-alps,"Open Library search-inside excerpts of books, many still in copyright","Open Library search-inside excerpts of books, many still in copyright","Internet Archive item ""A classical dictionary of Greek and Roman biography...revised.."" (1894): https://archive.org/details/classicaldiction00ssmi"
cases/hannibal-alps/texts/scholarship/OL_search_inside_snippets/Salmon_Edward_Togo_1982_The_making_of_Roman_Italy__makingofromanita0000salm.txt,hannibal-alps,"Open Library search-inside excerpts of books, many still in copyright","Open Library search-inside excerpts of books, many still in copyright","Internet Archive item ""The making of Roman Italy"" (1982): https://archive.org/details/makingofromanita0000salm"
cases/hannibal-alps/texts/scholarship/OL_search_inside_snippets/San_Antonio_1921_2000_On_t_enverra_du_monde_roman__ontenverradumond0000sana.txt,hannibal-alps,"Open Library search-inside excerpts of books, many still in copyright","Open Library search-inside excerpts of books, many still in copyright","Internet Archive item ""On t'enverra du monde : roman"" (1977): https://archive.org/details/ontenverradumond0000sana"
cases/hannibal-alps/texts/scholarship/OL_search_inside_snippets/San_Antonio_1963_San_Antonio_polka_roman__sanantoniopolkar0000sana.txt,hannibal-alps,"Open Library search-inside excerpts of books, many still in copyright","Open Library search-inside excerpts of books, many still in copyright","Internet Archive item ""San-Antonio polka : roman"" (1963): https://archive.org/details/sanantoniopolkar0000sana"
cases/hannibal-alps/texts/scholarship/OL_search_inside_snippets/Sanctis_Gaetano_de_1870_1907_Storia_dei_Romani__pt2storiadeirom03sancuoft.txt,hannibal-alps,"Open Library search-inside excerpts of books, many still in copyright","Open Library search-inside excerpts of books, many still in copyright",Open Library search-inside excerpts of Internet Archive item pt2storiadeirom03sancuoft: https://archive.org/details/pt2storiadeirom03sancuoft
cases/hannibal-alps/texts/scholarship/OL_search_inside_snippets/Sass_Henry_1788_1844_1818_A_journey_to_Rome_and_Naples_performed__journeytoromenap00sass.txt,hannibal-alps,"Open Library search-inside excerpts of books, many still in copyright","Open Library search-inside excerpts of books, many still in copyright","Internet Archive item ""A journey to Rome and Naples, performed in 1817;"" (1818): https://archive.org/details/journeytoromenap00sass"
cases/hannibal-alps/texts/scholarship/OL_search_inside_snippets/Saussure_Horace_Be_ne_di_1796_Voyages_dans_les_Alpes_pre_ce_de_s_d_un__voyagesdanslesa00horagoog.txt,hannibal-alps,"Open Library search-inside excerpts of books, many still in copyright","Open Library search-inside excerpts of books, many still in copyright",Open Library search-inside excerpts of Internet Archive item voyagesdanslesa00horagoog: https://archive.org/details/voyagesdanslesa00horagoog
cases/hannibal-alps/texts/scholarship/OL_search_inside_snippets/Scheffel_P_H_1908_Verkehrsgeschichte_der_Alpen__verkehrsgeschic00schegoog.txt,hannibal-alps,"Open Library search-inside excerpts of books, many still in copyright","Open Library search-inside excerpts of books, many still in copyright",Open Library search-inside excerpts of Internet Archive item verkehrsgeschic00schegoog: https://archive.org/details/verkehrsgeschic00schegoog
cases/hannibal-alps/texts/scholarship/OL_search_inside_snippets/Scheffel_Paul_Hugo_1908_Verkehrsgeschichte_der_Alpen__verkehrsgeschich01scheuoft.txt,hannibal-alps,"Open Library search-inside excerpts of books, many still in copyright","Open Library search-inside excerpts of books, many still in copyright",Open Library search-inside excerpts of Internet Archive item verkehrsgeschich01scheuoft: https://archive.org/details/verkehrsgeschich01scheuoft
cases/hannibal-alps/texts/scholarship/OL_search_inside_snippets/Scheuermeier_Paul_1888_1920_Einige_Bezeichnungen_f_r_den_Begriff_H_h__einigebezeichnu00sche.txt,hannibal-alps,"Open Library search-inside excerpts of books, many still in copyright","Open Library search-inside excerpts of books, many still in copyright","Internet Archive item ""Einige Bezeichnungen für den Begriff Höhle in den romanischen Alphendialekten (Balma, spel"" (1920): https://archive.org/details/einigebezeichnu00sche"
cases/hannibal-alps/texts/scholarship/OL_search_inside_snippets/Scheuermeier_Paul_1888_1920_Einige_Bezeichnungen_f_r_den_Begriff_H_h__einigebezeichnun00sche.txt,hannibal-alps,"Open Library search-inside excerpts of books, many still in copyright","Open Library search-inside excerpts of books, many still in copyright","Internet Archive item ""Einige Bezeichnungen für den Begriff Höhle in den romanischen Alphendialekten (Balma, spel"" (1920): https://archive.org/details/einigebezeichnun00sche"
cases/hannibal-alps/texts/scholarship/OL_search_inside_snippets/Schmidt_Aurel_1935_1990_Die_Alpen_schleichende_Zersto_rung_ein__diealpenschleich0000schm.txt,hannibal-alps,"Open Library search-inside excerpts of books, many still in copyright","Open Library search-inside excerpts of books, many still in copyright","Internet Archive item ""Die Alpen : schleichende Zerstörung eines Mythos"" (1990): https://archive.org/details/diealpenschleich0000schm"
cases/hannibal-alps/texts/scholarship/OL_search_inside_snippets/Schweizer_Alpen_Club_1864_Jahrbuch_des_Schweizer_Alpen_Club__jahrbuchdesschw03alpegoog.txt,hannibal-alps,"Open Library search-inside excerpts of books, many still in copyright","Open Library search-inside excerpts of books, many still in copyright",Open Library search-inside excerpts of Internet Archive item jahrbuchdesschw03alpegoog: https://archive.org/details/jahrbuchdesschw03alpegoog
cases/hannibal-alps/texts/scholarship/OL_search_inside_snippets/Schweizer_Alpen_Club_1864_Jahrbuch_des_Schweizer_Alpen_Club__jahrbuchdesschw05alpegoog.txt,hannibal-alps,"Open Library search-inside excerpts of books, many still in copyright","Open Library search-inside excerpts of books, many still in copyright",Open Library search-inside excerpts of Internet Archive item jahrbuchdesschw05alpegoog: https://archive.org/details/jahrbuchdesschw05alpegoog
cases/hannibal-alps/texts/scholarship/OL_search_inside_snippets/Schweizer_Alpen_Club_1864_Jahrbuch_des_Schweizer_Alpen_Club__jahrbuchdesschw12alpegoog.txt,hannibal-alps,"Open Library search-inside excerpts of books, many still in copyright","Open Library search-inside excerpts of books, many still in copyright",Open Library search-inside excerpts of Internet Archive item jahrbuchdesschw12alpegoog: https://archive.org/details/jahrbuchdesschw12alpegoog
cases/hannibal-alps/texts/scholarship/OL_search_inside_snippets/Schweizer_Alpen_Club_1884_Jahrbuch_des_Schweizer_Alpen_Club__jahrbuchdesschw01alpegoog.txt,hannibal-alps,"Open Library search-inside excerpts of books, many still in copyright","Open Library search-inside excerpts of books, many still in copyright",Open Library search-inside excerpts of Internet Archive item jahrbuchdesschw01alpegoog: https://archive.org/details/jahrbuchdesschw01alpegoog
cases/hannibal-alps/texts/scholarship/OL_search_inside_snippets/Schweizer_Alpen_Club_Jahrbuch__jahrbuch49schwuoft.txt,hannibal-alps,"Open Library search-inside excerpts of books, many still in copyright","Open Library search-inside excerpts of books, many still in copyright",Open Library search-inside excerpts of Internet Archive item jahrbuch49schwuoft: https://archive.org/details/jahrbuch49schwuoft
cases/hannibal-alps/texts/scholarship/OL_search_inside_snippets/Scola_Paul_1995_Visitor_s_guide_France_Alps_Jura__visitorsguidefra0000scol.txt,hannibal-alps,"Open Library search-inside excerpts of books, many still in copyright","Open Library search-inside excerpts of books, many still in copyright","Internet Archive item ""Visitor's guide : France: Alps & Jura"" (1995): https://archive.org/details/visitorsguidefra0000scol"
cases/hannibal-alps/texts/scholarship/OL_search_inside_snippets/Scola_Paul_2007_French_Alps_Jura__frenchalpsjura0000scol.txt,hannibal-alps,"Open Library search-inside excerpts of books, many still in copyright","Open Library search-inside excerpts of books, many still in copyright","Internet Archive item ""French Alps & Jura"" (2007): https://archive.org/details/frenchalpsjura0000scol"
cases/hannibal-alps/texts/scholarship/OL_search_inside_snippets/Scullard_H_H_Howard_H_1951_Roman_politics_220_150_B_C__romanpolitics2200000scul.txt,hannibal-alps,"Open Library search-inside excerpts of books, many still in copyright","Open Library search-inside excerpts of books, many still in copyright","Internet Archive item ""Roman politics, 220-150 B.C"" (1951): https://archive.org/details/romanpolitics2200000scul"
cases/hannibal-alps/texts/scholarship/OL_search_inside_snippets/Scullard_H_H_Howard_H_1980_A_history_of_the_Roman_world_753_146_B__historyofromanwo0000scul_r3d6.txt,hannibal-alps,"Open Library search-inside excerpts of books, many still in copyright","Open Library search-inside excerpts of books, many still in copyright","Internet Archive item ""A history of the Roman world from 753 to 146 B.C."" (1961): https://archive.org/details/historyofromanwo0000scul"
cases/hannibal-alps/texts/scholarship/OL_search_inside_snippets/Scullard_H_H_Howard_H_2003_A_history_of_the_Roman_world_753_to_14__historyofromanwo0000scul_v3m5.txt,hannibal-alps,"Open Library search-inside excerpts of books, many still in copyright","Open Library search-inside excerpts of books, many still in copyright","Internet Archive item ""A history of the Roman world from 753 to 146 B.C."" (1961): https://archive.org/details/historyofromanwo0000scul"
cases/hannibal-alps/texts/scholarship/OL_search_inside_snippets/Scullard_H_H_Howard_H_A_history_of_the_Roman_world_from_753_to__historyofromanwo0000scul.txt,hannibal-alps,"Open Library search-inside excerpts of books, many still in copyright","Open Library search-inside excerpts of books, many still in copyright","Internet Archive item ""A history of the Roman world from 753 to 146 B.C."" (1961): https://archive.org/details/historyofromanwo0000scul"
cases/hannibal-alps/texts/scholarship/OL_search_inside_snippets/Serge_Lancel_1998_Hannibal__hannibal00lanc.txt,hannibal-alps,"Open Library search-inside excerpts of books, many still in copyright","Open Library search-inside excerpts of books, many still in copyright","Internet Archive item ""Hannibal"" (1998): https://archive.org/details/hannibal00lanc"
cases/hannibal-alps/texts/scholarship/OL_search_inside_snippets/Serge_Lancel_Antonia_Ne_Carthage_A_History__bwb_S0-BDD-076.txt,hannibal-alps,"Open Library search-inside excerpts of books, many still in copyright","Open Library search-inside excerpts of books, many still in copyright",Open Library search-inside excerpts of Internet Archive item bwb_S0-BDD-076: https://archive.org/details/bwb_S0-BDD-076
cases/hannibal-alps/texts/scholarship/OL_search_inside_snippets/Serre_Patrick_1985_Refuges_des_Alpes_de_Nice_au_Le_man__refugesdesalpesd0000serr.txt,hannibal-alps,"Open Library search-inside excerpts of books, many still in copyright","Open Library search-inside excerpts of books, many still in copyright","Internet Archive item ""Refuges des Alpes : de Nice au Léman"" (1985): https://archive.org/details/refugesdesalpesd0000serr"
cases/hannibal-alps/texts/scholarship/OL_search_inside_snippets/Shoumatoff_Nicholas_2001_The_Alps_Europe_s_mountain_heart__alpseuropesmount0000shou.txt,hannibal-alps,"Open Library search-inside excerpts of books, many still in copyright","Open Library search-inside excerpts of books, many still in copyright","Internet Archive item ""The Alps : Europe's mountain heart"" (2001): https://archive.org/details/alpseuropesmount0000shou"
cases/hannibal-alps/texts/scholarship/OL_search_inside_snippets/Shuckburgh_Evelyn_S_Ev_1894_A_history_of_Rome_to_the_battle_of_Actiu__ahistoryrometob00shucgoog.txt,hannibal-alps,"Open Library search-inside excerpts of books, many still in copyright","Open Library search-inside excerpts of books, many still in copyright",Open Library search-inside excerpts of Internet Archive item ahistoryrometob00shucgoog: https://archive.org/details/ahistoryrometob00shucgoog
cases/hannibal-alps/texts/scholarship/OL_search_inside_snippets/Shuckburgh_Evelyn_Shirle_1896_A_history_of_Rome_to_the_battle_of_Actiu__historyofrometob00shucuoft.txt,hannibal-alps,"Open Library search-inside excerpts of books, many still in copyright","Open Library search-inside excerpts of books, many still in copyright",Open Library search-inside excerpts of Internet Archive item historyofrometob00shucuoft: https://archive.org/details/historyofrometob00shucuoft
cases/hannibal-alps/texts/scholarship/OL_search_inside_snippets/Sicard_Martial_1905_Les_officiers_g_n_raux_bas_alpins_de_ter__lesofficiersgn02sica.txt,hannibal-alps,"Open Library search-inside excerpts of books, many still in copyright","Open Library search-inside excerpts of books, many still in copyright","Internet Archive item ""Les officiers généraux bas-alpins de terre et de mer depuis l'année 1700 jusqu'à nos jours"" (1905): https://archive.org/details/lesofficiersgn02sica"
cases/hannibal-alps/texts/scholarship/OL_search_inside_snippets/Sidebottom_Harry_author_2013_The_Amber_Road_a_Warrior_of_Rome_novel__amberroadwarrior0000side.txt,hannibal-alps,"Open Library search-inside excerpts of books, many still in copyright","Open Library search-inside excerpts of books, many still in copyright","Internet Archive item ""The Amber Road : a Warrior of Rome novel"" (2013): https://archive.org/details/amberroadwarrior0000side"
cases/hannibal-alps/texts/scholarship/OL_search_inside_snippets/Siegner_Otto_1970_The_Alps__alps00sieg.txt,hannibal-alps,"Open Library search-inside excerpts of books, many still in copyright","Open Library search-inside excerpts of books, many still in copyright","Internet Archive item ""The Alps"" (1970): https://archive.org/details/alps00sieg"
cases/hannibal-alps/texts/scholarship/OL_search_inside_snippets/Silius_Italicus_Tiberius_1890_Punica__punica0000sili.txt,hannibal-alps,"Open Library search-inside excerpts of books, many still in copyright","Open Library search-inside excerpts of books, many still in copyright","Internet Archive item ""Punica"" (1890): https://archive.org/details/punica0000sili"
cases/hannibal-alps/texts/scholarship/OL_search_inside_snippets/Silius_Italicus_Tiberius_1890_Punica__punicasili01siliuoft.txt,hannibal-alps,"Open Library search-inside excerpts of books, many still in copyright","Open Library search-inside excerpts of books, many still in copyright",Open Library search-inside excerpts of Internet Archive item punicasili01siliuoft: https://archive.org/details/punicasili01siliuoft
cases/hannibal-alps/texts/scholarship/OL_search_inside_snippets/Silius_Italicus_Tiberius_1927_Punica__punicasi01siliuoft.txt,hannibal-alps,"Open Library search-inside excerpts of books, many still in copyright","Open Library search-inside excerpts of books, many still in copyright",Open Library search-inside excerpts of Internet Archive item punicasi01siliuoft: https://archive.org/details/punicasi01siliuoft
cases/hannibal-alps/texts/scholarship/OL_search_inside_snippets/Silius_Italicus_Tiberius_1968_Punica__punica0001sili.txt,hannibal-alps,"Open Library search-inside excerpts of books, many still in copyright","Open Library search-inside excerpts of books, many still in copyright","Internet Archive item ""Punica"" (1968): https://archive.org/details/punica0001sili"
cases/hannibal-alps/texts/scholarship/OL_search_inside_snippets/Simmons_Alex_Hannibal_braille__hannibal00alex.txt,hannibal-alps,"Open Library search-inside excerpts of books, many still in copyright","Open Library search-inside excerpts of books, many still in copyright","Internet Archive item ""Hannibal [braille]"" (199?): https://archive.org/details/hannibal00alex"
cases/hannibal-alps/texts/scholarship/OL_search_inside_snippets/Sir_William_Smith_1899_A_Smaller_History_of_Rome__asmallerhistory11smitgoog.txt,hannibal-alps,"Open Library search-inside excerpts of books, many still in copyright","Open Library search-inside excerpts of books, many still in copyright",Open Library search-inside excerpts of Internet Archive item asmallerhistory11smitgoog: https://archive.org/details/asmallerhistory11smitgoog
cases/hannibal-alps/texts/scholarship/OL_search_inside_snippets/Sitwell_N_H_H_Nigel_1981_Roman_roads_of_Europe__romanroadsofeuro0000sitw.txt,hannibal-alps,"Open Library search-inside excerpts of books, many still in copyright","Open Library search-inside excerpts of books, many still in copyright","Internet Archive item ""Roman roads of Europe"" (1981): https://archive.org/details/romanroadsofeuro0000sitw"
cases/hannibal-alps/texts/scholarship/OL_search_inside_snippets/Smith_Edgar_Maurice_1898_Aneroestes_the_Gaul_a_fragment_of_the_s__aneroestesgaulfr00smit.txt,hannibal-alps,"Open Library search-inside excerpts of books, many still in copyright","Open Library search-inside excerpts of books, many still in copyright","Internet Archive item ""Aneroestes the Gaul; a fragment of the second Punic War"" (1898): https://archive.org/details/aneroestesgaulfr00smit"
cases/hannibal-alps/texts/scholarship/OL_search_inside_snippets/Smith_Edgar_Maurice_1898_Aneroestes_the_Gaul_a_fragment_of_the_s__aneroestesgaulfr00smituoft.txt,hannibal-alps,"Open Library search-inside excerpts of books, many still in copyright","Open Library search-inside excerpts of books, many still in copyright","Internet Archive item ""Aneroestes the Gaul; a fragment of the second Punic War"" (1898): https://archive.org/details/aneroestesgaulfr00smit"
cases/hannibal-alps/texts/scholarship/OL_search_inside_snippets/Smith_Edgar_Maurice_b_1898_Aneroestes_the_Gaul_microform_a_frag__cihm_13697.txt,hannibal-alps,"Open Library search-inside excerpts of books, many still in copyright","Open Library search-inside excerpts of books, many still in copyright",Open Library search-inside excerpts of Internet Archive item cihm: https://archive.org/details/cihm
cases/hannibal-alps/texts/scholarship/OL_search_inside_snippets/Smith_R_Bosworth_Regin_1879_Carthage_and_the_Carthaginians__carthageandcart00smitgoog.txt,hannibal-alps,"Open Library search-inside excerpts of books, many still in copyright","Open Library search-inside excerpts of books, many still in copyright",Open Library search-inside excerpts of Internet Archive item carthageandcart00smitgoog: https://archive.org/details/carthageandcart00smitgoog
cases/hannibal-alps/texts/scholarship/OL_search_inside_snippets/Smith_R_Bosworth_Regin_1890_Carthage_and_the_Carthaginians__carthagecarthag00smit.txt,hannibal-alps,"Open Library search-inside excerpts of books, many still in copyright","Open Library search-inside excerpts of books, many still in copyright","Internet Archive item ""Carthage and the Carthaginians"" (1890): https://archive.org/details/carthagecarthag00smit"
cases/hannibal-alps/texts/scholarship/OL_search_inside_snippets/Smith_Reginald_Bosworth_1878_Carthage_and_the_Carthaginians__carthagecarthagi00smit_0.txt,hannibal-alps,"Open Library search-inside excerpts of books, many still in copyright","Open Library search-inside excerpts of books, many still in copyright",Open Library search-inside excerpts of Internet Archive item carthagecarthagi00smit: https://archive.org/details/carthagecarthagi00smit
cases/hannibal-alps/texts/scholarship/OL_search_inside_snippets/Smith_William_1813_1893_1851_A_new_classical_dictionary_of_Greek_and__newclassicaldict00smit_2.txt,hannibal-alps,"Open Library search-inside excerpts of books, many still in copyright","Open Library search-inside excerpts of books, many still in copyright","Internet Archive item ""A new classical dictionary of Greek and Roman biography, mythology and geography, partly b"" (1862): https://archive.org/details/newclassicaldict00smit"
cases/hannibal-alps/texts/scholarship/OL_search_inside_snippets/Smith_William_1813_1893_1854_A_new_classical_dictionary_of_Greek_and__newclassicaldict00smit_0.txt,hannibal-alps,"Open Library search-inside excerpts of books, many still in copyright","Open Library search-inside excerpts of books, many still in copyright","Internet Archive item ""A new classical dictionary of Greek and Roman biography, mythology and geography, partly b"" (1862): https://archive.org/details/newclassicaldict00smit"
cases/hannibal-alps/texts/scholarship/OL_search_inside_snippets/Smith_William_1813_1893_1854_Dictionary_of_Greek_and_Roman_geography__dictionarygreek08smitgoog.txt,hannibal-alps,"Open Library search-inside excerpts of books, many still in copyright","Open Library search-inside excerpts of books, many still in copyright",Open Library search-inside excerpts of Internet Archive item dictionarygreek08smitgoog: https://archive.org/details/dictionarygreek08smitgoog
cases/hannibal-alps/texts/scholarship/OL_search_inside_snippets/Smith_William_1813_1893_1862_A_new_classical_dictionary_of_Greek_and__newclassicaldict00smit.txt,hannibal-alps,"Open Library search-inside excerpts of books, many still in copyright","Open Library search-inside excerpts of books, many still in copyright","Internet Archive item ""A new classical dictionary of Greek and Roman biography, mythology and geography, partly b"" (1862): https://archive.org/details/newclassicaldict00smit"
cases/hannibal-alps/texts/scholarship/OL_search_inside_snippets/Smith_William_1813_1893_1873_A_dictionary_of_Greek_and_Roman_geograph__b24872441_0002.txt,hannibal-alps,"Open Library search-inside excerpts of books, many still in copyright","Open Library search-inside excerpts of books, many still in copyright",Open Library search-inside excerpts of Internet Archive item b24872441: https://archive.org/details/b24872441
cases/hannibal-alps/texts/scholarship/OL_search_inside_snippets/Smith_William_1813_1893_1888_A_new_classical_dictionary_of_Greek_and__anewclassicaldi00anthgoog.txt,hannibal-alps,"Open Library search-inside excerpts of books, many still in copyright","Open Library search-inside excerpts of books, many still in copyright",Open Library search-inside excerpts of Internet Archive item anewclassicaldi00anthgoog: https://archive.org/details/anewclassicaldi00anthgoog
cases/hannibal-alps/texts/scholarship/OL_search_inside_snippets/Smith_William_1813_1893_1899_A_classical_dictionary_of_Greek_and_Roma__b2178050x.txt,hannibal-alps,"Open Library search-inside excerpts of books, many still in copyright","Open Library search-inside excerpts of books, many still in copyright",Open Library search-inside excerpts of Internet Archive item b2178050x: https://archive.org/details/b2178050x
cases/hannibal-alps/texts/scholarship/OL_search_inside_snippets/Smith_William_1813_1893_1900_A_smaller_history_of_Rome__smallerhistoryof01smit.txt,hannibal-alps,"Open Library search-inside excerpts of books, many still in copyright","Open Library search-inside excerpts of books, many still in copyright","Internet Archive item ""A smaller history of Rome"" (1900): https://archive.org/details/smallerhistoryof01smit"
cases/hannibal-alps/texts/scholarship/OL_search_inside_snippets/Smith_William_Sir_1813_1853_A_new_classical_dictionary_of_biography__cu31924091208342.txt,hannibal-alps,"Open Library search-inside excerpts of books, many still in copyright","Open Library search-inside excerpts of books, many still in copyright",Open Library search-inside excerpts of Internet Archive item cu31924091208342: https://archive.org/details/cu31924091208342
cases/hannibal-alps/texts/scholarship/OL_search_inside_snippets/Smith_William_Sir_1813_1854_Dictionary_of_Greek_and_Roman_geography__bub_gb_tPBWAAAAMAAJ.txt,hannibal-alps,"Open Library search-inside excerpts of books, many still in copyright","Open Library search-inside excerpts of books, many still in copyright",Google Books full view: https://books.google.com/books?id=tPBWAAAAMAAJ
cases/hannibal-alps/texts/scholarship/OL_search_inside_snippets/Smith_William_Sir_1813_1854_Dictionary_of_Greek_and_Roman_geography__dictionarygreek01smitgoog.txt,hannibal-alps,"Open Library search-inside excerpts of books, many still in copyright","Open Library search-inside excerpts of books, many still in copyright",Open Library search-inside excerpts of Internet Archive item dictionarygreek01smitgoog: https://archive.org/details/dictionarygreek01smitgoog
cases/hannibal-alps/texts/scholarship/OL_search_inside_snippets/Smith_William_Sir_1813_1854_Dictionary_of_Greek_and_Roman_geography__dictionaryofgree02smit.txt,hannibal-alps,"Open Library search-inside excerpts of books, many still in copyright","Open Library search-inside excerpts of books, many still in copyright","Internet Archive item ""Dictionary of Greek and Roman geography"" (1854): https://archive.org/details/dictionaryofgree02smit"
cases/hannibal-alps/texts/scholarship/OL_search_inside_snippets/Smith_William_Sir_1813_1854_Dictionary_of_Greek_and_Roman_geography__dictionaryofgrromgeo02smituoft.txt,hannibal-alps,"Open Library search-inside excerpts of books, many still in copyright","Open Library search-inside excerpts of books, many still in copyright",Open Library search-inside excerpts of Internet Archive item dictionaryofgrromgeo02smituoft: https://archive.org/details/dictionaryofgrromgeo02smituoft
cases/hannibal-alps/texts/scholarship/OL_search_inside_snippets/Smith_William_Sir_1813_1865_A_smaller_history_of_Rome_from_the_earl__asmallerhistory02lawrgoog.txt,hannibal-alps,"Open Library search-inside excerpts of books, many still in copyright","Open Library search-inside excerpts of books, many still in copyright",Open Library search-inside excerpts of Internet Archive item asmallerhistory02lawrgoog: https://archive.org/details/asmallerhistory02lawrgoog
cases/hannibal-alps/texts/scholarship/OL_search_inside_snippets/Smith_William_Sir_1813_1865_A_smaller_history_of_Rome_from_the_earl__smallerhistoryof00smitiala.txt,hannibal-alps,"Open Library search-inside excerpts of books, many still in copyright","Open Library search-inside excerpts of books, many still in copyright",Open Library search-inside excerpts of Internet Archive item smallerhistoryof00smitiala: https://archive.org/details/smallerhistoryof00smitiala
cases/hannibal-alps/texts/scholarship/OL_search_inside_snippets/Smith_William_Sir_1813_1878_A_new_classical_dictionary_of_Greek_and__newclassicaldict00smituoft.txt,hannibal-alps,"Open Library search-inside excerpts of books, many still in copyright","Open Library search-inside excerpts of books, many still in copyright","Internet Archive item ""A new classical dictionary of Greek and Roman biography, mythology and geography, partly b"" (1862): https://archive.org/details/newclassicaldict00smit"
cases/hannibal-alps/texts/scholarship/OL_search_inside_snippets/Smith_William_Sir_1813_2006_A_dictionary_of_Greek_and_Roman_geograph__dictionarygreek00sabagoog.txt,hannibal-alps,"Open Library search-inside excerpts of books, many still in copyright","Open Library search-inside excerpts of books, many still in copyright",Open Library search-inside excerpts of Internet Archive item dictionarygreek00sabagoog: https://archive.org/details/dictionarygreek00sabagoog
cases/hannibal-alps/texts/scholarship/OL_search_inside_snippets/Smith_William_Sir_1813_A_smaller_history_of_Rome_from_the_earli__smallerhistoryo00smit.txt,hannibal-alps,"Open Library search-inside excerpts of books, many still in copyright","Open Library search-inside excerpts of books, many still in copyright","Internet Archive item ""A smaller history of Rome from the earliest times to the death of Trajan"" (1907): https://archive.org/details/smallerhistoryo00smit"
cases/hannibal-alps/texts/scholarship/OL_search_inside_snippets/Smith_William_Sir_181_1870_Dictionary_of_Greek_and_Roman_geography__dictionaryofgre02smit.txt,hannibal-alps,"Open Library search-inside excerpts of books, many still in copyright","Open Library search-inside excerpts of books, many still in copyright","Internet Archive item ""Dictionary of Greek and Roman geography"" (1870): https://archive.org/details/dictionaryofgre02smit"
cases/hannibal-alps/texts/scholarship/OL_search_inside_snippets/Smith_William_Sir_181_1870_Dictionary_of_Greek_and_Roman_geography__dictionaryofgree01smituoft.txt,hannibal-alps,"Open Library search-inside excerpts of books, many still in copyright","Open Library search-inside excerpts of books, many still in copyright",Open Library search-inside excerpts of Internet Archive item dictionaryofgree01smituoft: https://archive.org/details/dictionaryofgree01smituoft
cases/hannibal-alps/texts/scholarship/OL_search_inside_snippets/Soci_t_des_amis_de_la_Ro_1872_Romania__romania13romagoog.txt,hannibal-alps,"Open Library search-inside excerpts of books, many still in copyright","Open Library search-inside excerpts of books, many still in copyright",Open Library search-inside excerpts of Internet Archive item romania13romagoog: https://archive.org/details/romania13romagoog
cases/hannibal-alps/texts/scholarship/OL_search_inside_snippets/Soci_t_scientifique_et_1894_Annales_de_Haute_Provence__annalesdehautep02alpegoog.txt,hannibal-alps,"Open Library search-inside excerpts of books, many still in copyright","Open Library search-inside excerpts of books, many still in copyright",Open Library search-inside excerpts of Internet Archive item annalesdehautep02alpegoog: https://archive.org/details/annalesdehautep02alpegoog
cases/hannibal-alps/texts/scholarship/OL_search_inside_snippets/Soren_David_Carthage_uncovering_the_mysteries_and__carthageuncoveri0000sore.txt,hannibal-alps,"Open Library search-inside excerpts of books, many still in copyright","Open Library search-inside excerpts of books, many still in copyright","Internet Archive item ""Carthage : uncovering the mysteries and splendors of ancient Tunisia"" (1991): https://archive.org/details/carthageuncoveri0000sore"
cases/hannibal-alps/texts/scholarship/OL_search_inside_snippets/Soumy_Jean_Guy_1952_1998_La_belle_Rochelaise_roman__labellerochelais0000soum.txt,hannibal-alps,"Open Library search-inside excerpts of books, many still in copyright","Open Library search-inside excerpts of books, many still in copyright","Internet Archive item ""La belle Rochelaise : roman"" (1998): https://archive.org/details/labellerochelais0000soum"
cases/hannibal-alps/texts/scholarship/OL_search_inside_snippets/Spender_Harold_1864_192_1912_In_praise_of_Switzerland_being_the_Alps__cu31924028500217.txt,hannibal-alps,"Open Library search-inside excerpts of books, many still in copyright","Open Library search-inside excerpts of books, many still in copyright",Open Library search-inside excerpts of Internet Archive item cu31924028500217: https://archive.org/details/cu31924028500217
cases/hannibal-alps/texts/scholarship/OL_search_inside_snippets/Spender_Harold_1864_192_1912_In_praise_of_Switzerland_being_the_Alps__inpraiseofswitze00speniala.txt,hannibal-alps,"Open Library search-inside excerpts of books, many still in copyright","Open Library search-inside excerpts of books, many still in copyright",Open Library search-inside excerpts of Internet Archive item inpraiseofswitze00speniala: https://archive.org/details/inpraiseofswitze00speniala
cases/hannibal-alps/texts/scholarship/OL_search_inside_snippets/Sportes_Morgan_1995_Tonkinoise_roman__tonkinoiseroman00spor.txt,hannibal-alps,"Open Library search-inside excerpts of books, many still in copyright","Open Library search-inside excerpts of books, many still in copyright","Internet Archive item ""Tonkinoise-- : roman"" (1995): https://archive.org/details/tonkinoiseroman00spor"
cases/hannibal-alps/texts/scholarship/OL_search_inside_snippets/Spring_Vicky_1953_1992_100_hikes_in_the_Alps__isbn_9780898863338.txt,hannibal-alps,"Open Library search-inside excerpts of books, many still in copyright","Open Library search-inside excerpts of books, many still in copyright",Open Library search-inside excerpts of Internet Archive item isbn: https://archive.org/details/isbn
cases/hannibal-alps/texts/scholarship/OL_search_inside_snippets/Stefano_Ardito_1995_Trekking_dans_les_Alpes__trekkingdanslesa0000stef.txt,hannibal-alps,"Open Library search-inside excerpts of books, many still in copyright","Open Library search-inside excerpts of books, many still in copyright","Internet Archive item ""Trekking dans les Alpes"" (1995-01-01): https://archive.org/details/trekkingdanslesa0000stef"
cases/hannibal-alps/texts/scholarship/OL_search_inside_snippets/Stieler_Karl_1842_1885_1877_Italy_from_the_Alps_to_Mount_Etna__italyfromalpstom00stie.txt,hannibal-alps,"Open Library search-inside excerpts of books, many still in copyright","Open Library search-inside excerpts of books, many still in copyright","Internet Archive item ""Italy from the Alps to Mount Etna"" (1877): https://archive.org/details/italyfromalpstom00stie"
cases/hannibal-alps/texts/scholarship/OL_search_inside_snippets/Stieler_Karl_1842_1885_1877_Italy_from_the_Alps_to_Mount_Etna__italyfromalpstom00stieuoft.txt,hannibal-alps,"Open Library search-inside excerpts of books, many still in copyright","Open Library search-inside excerpts of books, many still in copyright","Internet Archive item ""Italy from the Alps to Mount Etna"" (1877): https://archive.org/details/italyfromalpstom00stie"
cases/hannibal-alps/texts/scholarship/OL_search_inside_snippets/Strauss_Barry_S_2012_Masters_of_command_Alexander_Hannibal__mastersofcommand0000stra.txt,hannibal-alps,"Open Library search-inside excerpts of books, many still in copyright","Open Library search-inside excerpts of books, many still in copyright","Internet Archive item ""Masters of command : Alexander, Hannibal, Caesar and the genius of leadership"" (2012): https://archive.org/details/mastersofcommand0000stra"
cases/hannibal-alps/texts/scholarship/OL_search_inside_snippets/Switzerland_1856_Die_Schweiz_ihre_Geschichte_Geographie__dieschweizihreg01schagoog.txt,hannibal-alps,"Open Library search-inside excerpts of books, many still in copyright","Open Library search-inside excerpts of books, many still in copyright",Open Library search-inside excerpts of Internet Archive item dieschweizihreg01schagoog: https://archive.org/details/dieschweizihreg01schagoog
cases/hannibal-alps/texts/scholarship/OL_search_inside_snippets/Syme_Ronald_1903_1989_1979_Roman_papers__romanpapers0006syme.txt,hannibal-alps,"Open Library search-inside excerpts of books, many still in copyright","Open Library search-inside excerpts of books, many still in copyright","Internet Archive item ""Roman papers"" (1979): https://archive.org/details/romanpapers0006syme"
cases/hannibal-alps/texts/scholarship/OL_search_inside_snippets/T_E_Editor_Page_1912_Appian_s_Roman_History_Volume_I__appiansromanhist0000teed.txt,hannibal-alps,"Open Library search-inside excerpts of books, many still in copyright","Open Library search-inside excerpts of books, many still in copyright","Internet Archive item ""Appian's Roman History. Volume I."" (1912-01-01): https://archive.org/details/appiansromanhist0000teed"
cases/hannibal-alps/texts/scholarship/OL_search_inside_snippets/T_G_Bonney_1912_The_Building_Of_The_Alps__bwb_KR-438-848.txt,hannibal-alps,"Open Library search-inside excerpts of books, many still in copyright","Open Library search-inside excerpts of books, many still in copyright",Open Library search-inside excerpts of Internet Archive item bwb_KR-438-848: https://archive.org/details/bwb_KR-438-848
cases/hannibal-alps/texts/scholarship/OL_search_inside_snippets/T_G_Bonney_1913_The_Building_of_the_Alps__buildingofalps0000tgbo.txt,hannibal-alps,"Open Library search-inside excerpts of books, many still in copyright","Open Library search-inside excerpts of books, many still in copyright","Internet Archive item ""The Building of the Alps"" (1913-01-01): https://archive.org/details/buildingofalps0000tgbo"
cases/hannibal-alps/texts/scholarship/OL_search_inside_snippets/T_Rice_Holmes_1923_The_Roman_Republic_and_the_Foundation_of__bwb_S0-BKC-615.txt,hannibal-alps,"Open Library search-inside excerpts of books, many still in copyright","Open Library search-inside excerpts of books, many still in copyright",Open Library search-inside excerpts of Internet Archive item bwb_S0-BKC-615: https://archive.org/details/bwb_S0-BKC-615
cases/hannibal-alps/texts/scholarship/OL_search_inside_snippets/Theodor_Mommsen_1862_The_history_of_Rome_tr_by_W_P_Dickson__historyrometrby00mommgoog.txt,hannibal-alps,"Open Library search-inside excerpts of books, many still in copyright","Open Library search-inside excerpts of books, many still in copyright",Open Library search-inside excerpts of Internet Archive item historyrometrby00mommgoog: https://archive.org/details/historyrometrby00mommgoog
cases/hannibal-alps/texts/scholarship/OL_search_inside_snippets/Theodor_Mommsen_1874_The_History_of_Rome_4_Volume_Set__historyofrome4vo0002theo.txt,hannibal-alps,"Open Library search-inside excerpts of books, many still in copyright","Open Library search-inside excerpts of books, many still in copyright","Internet Archive item ""The History of Rome: 4 Volume Set"" (1874-01-01): https://archive.org/details/historyofrome4vo0002theo"
cases/hannibal-alps/texts/scholarship/OL_search_inside_snippets/Theodor_Mommsen_1900_History_of_Rome__historyofrome0002momm.txt,hannibal-alps,"Open Library search-inside excerpts of books, many still in copyright","Open Library search-inside excerpts of books, many still in copyright","Internet Archive item ""History of Rome"" (1900): https://archive.org/details/historyofrome0002momm"
cases/hannibal-alps/texts/scholarship/OL_search_inside_snippets/Theodore_Ayrault_Dodge_1891_Hannibal_A_History_of_the_Art_of_War_Am__hannibalahistor00dodggoog.txt,hannibal-alps,"Open Library search-inside excerpts of books, many still in copyright","Open Library search-inside excerpts of books, many still in copyright",Open Library search-inside excerpts of Internet Archive item hannibalahistor00dodggoog: https://archive.org/details/hannibalahistor00dodggoog
cases/hannibal-alps/texts/scholarship/OL_search_inside_snippets/Theodore_Ayrault_Dodge_2004_Hannibal__hannibalhistoryo00dodg.txt,hannibal-alps,"Open Library search-inside excerpts of books, many still in copyright","Open Library search-inside excerpts of books, many still in copyright","Internet Archive item ""Hannibal"" (2004): https://archive.org/details/hannibalhistoryo00dodg"
cases/hannibal-alps/texts/scholarship/OL_search_inside_snippets/Thomas_Arnold_William_T_1886_The_Second_Punic_War_Being_Chapters_of__secondpunicwarb00arnogoog.txt,hannibal-alps,"Open Library search-inside excerpts of books, many still in copyright","Open Library search-inside excerpts of books, many still in copyright",Open Library search-inside excerpts of Internet Archive item secondpunicwarb00arnogoog: https://archive.org/details/secondpunicwarb00arnogoog
cases/hannibal-alps/texts/scholarship/OL_search_inside_snippets/Thomas_Harris_2002_Roter_drache_Roman_zum_film__roterdracheroman0000thom.txt,hannibal-alps,"Open Library search-inside excerpts of books, many still in copyright","Open Library search-inside excerpts of books, many still in copyright","Internet Archive item ""Roter drache: Roman zum film"" (2002): https://archive.org/details/roterdracheroman0000thom"
cases/hannibal-alps/texts/scholarship/OL_search_inside_snippets/Thome_Stephan_1972_2012_Fliehkr_fte_Roman__fliehkrfteroman0000thom.txt,hannibal-alps,"Open Library search-inside excerpts of books, many still in copyright","Open Library search-inside excerpts of books, many still in copyright","Internet Archive item ""Fliehkräfte : Roman"" (2012): https://archive.org/details/fliehkrfteroman0000thom"
cases/hannibal-alps/texts/scholarship/OL_search_inside_snippets/Thompson_Henry_Rev_of_History_of_Roman_literature__historyofromanli00thom.txt,hannibal-alps,"Open Library search-inside excerpts of books, many still in copyright","Open Library search-inside excerpts of books, many still in copyright","Internet Archive item ""History of Roman literature .."" (1852): https://archive.org/details/historyofromanli00thom"
cases/hannibal-alps/texts/scholarship/OL_search_inside_snippets/Tiberius_Catius_Silius_It_1890_Sili_Italici_Punica__siliitalicipuni01italgoog.txt,hannibal-alps,"Open Library search-inside excerpts of books, many still in copyright","Open Library search-inside excerpts of books, many still in copyright",Open Library search-inside excerpts of Internet Archive item siliitalicipuni01italgoog: https://archive.org/details/siliitalicipuni01italgoog
cases/hannibal-alps/texts/scholarship/OL_search_inside_snippets/Tiberius_Catius_Silius_It_1892_Sili_Italici_Punica__siliitalicipuni00italgoog.txt,hannibal-alps,"Open Library search-inside excerpts of books, many still in copyright","Open Library search-inside excerpts of books, many still in copyright",Open Library search-inside excerpts of Internet Archive item siliitalicipuni00italgoog: https://archive.org/details/siliitalicipuni00italgoog
cases/hannibal-alps/texts/scholarship/OL_search_inside_snippets/Titus_Livius_1898_Titus_Livius_s_Roman_History__titusliviussroma0000unse.txt,hannibal-alps,"Open Library search-inside excerpts of books, many still in copyright","Open Library search-inside excerpts of books, many still in copyright","Internet Archive item ""Titus Livius's Roman History"" (1898): https://archive.org/details/titusliviussroma0000unse"
cases/hannibal-alps/texts/scholarship/OL_search_inside_snippets/Titus_Livius_1931_The_History_of_Rome_Volume_Three_3_II__historyofromevol0000titu.txt,hannibal-alps,"Open Library search-inside excerpts of books, many still in copyright","Open Library search-inside excerpts of books, many still in copyright","Internet Archive item ""The History of Rome Volume Three (3) (III) (Everyman's Library)"" (1931-01-01): https://archive.org/details/historyofromevol0000titu"
cases/hannibal-alps/texts/scholarship/OL_search_inside_snippets/Torelli_Giorgio_1996_La_Parma_voladora_romanzo__laparmavoladorar00tore.txt,hannibal-alps,"Open Library search-inside excerpts of books, many still in copyright","Open Library search-inside excerpts of books, many still in copyright","Internet Archive item ""La Parma voladora : romanzo"" (1996): https://archive.org/details/laparmavoladorar00tore"
cases/hannibal-alps/texts/scholarship/OL_search_inside_snippets/Torr_Cecil_1924_Hannibal_crosses_the_Alps__hannibalcrossesa00torruoft.txt,hannibal-alps,"Open Library search-inside excerpts of books, many still in copyright","Open Library search-inside excerpts of books, many still in copyright",Open Library search-inside excerpts of Internet Archive item hannibalcrossesa00torruoft: https://archive.org/details/hannibalcrossesa00torruoft
cases/hannibal-alps/texts/scholarship/OL_search_inside_snippets/Urban_Ralf_1943_1999_Gallia_rebellis_Erhebungen_in_Gallien__galliarebelliser0000urba.txt,hannibal-alps,"Open Library search-inside excerpts of books, many still in copyright","Open Library search-inside excerpts of books, many still in copyright","Internet Archive item ""Gallia rebellis : Erhebungen in Gallien im Spiegel antiker Zeugnisse"" (1999): https://archive.org/details/galliarebelliser0000urba"
cases/hannibal-alps/texts/scholarship/OL_search_inside_snippets/Van_Hagen_Victor_Wolfgan_The_roads_that_led_to_Rome__roadsthatledtoro0000vanh.txt,hannibal-alps,"Open Library search-inside excerpts of books, many still in copyright","Open Library search-inside excerpts of books, many still in copyright","Internet Archive item ""The roads that led to Rome"" (1967): https://archive.org/details/roadsthatledtoro0000vanh"
cases/hannibal-alps/texts/scholarship/OL_search_inside_snippets/Various_1959_Beautiful_Highways_The_French_Alps_Fr__beautifulhighway0000unse.txt,hannibal-alps,"Open Library search-inside excerpts of books, many still in copyright","Open Library search-inside excerpts of books, many still in copyright","Internet Archive item ""Beautiful Highways: The French Alps - From Mont Blanc to the Riviera"" (1959): https://archive.org/details/beautifulhighway0000unse"
cases/hannibal-alps/texts/scholarship/OL_search_inside_snippets/Various_1965_Livy_the_war_with_hannibal__bwb_KU-748-242.txt,hannibal-alps,"Open Library search-inside excerpts of books, many still in copyright","Open Library search-inside excerpts of books, many still in copyright",Open Library search-inside excerpts of Internet Archive item bwb_KU-748-242: https://archive.org/details/bwb_KU-748-242
cases/hannibal-alps/texts/scholarship/OL_search_inside_snippets/Various_1968_Greece_and_Rome_builders_of_our_world__greeceromebuilde0000unse_u9f1.txt,hannibal-alps,"Open Library search-inside excerpts of books, many still in copyright","Open Library search-inside excerpts of books, many still in copyright","Internet Archive item ""greece and rome builders of our world"" (): https://archive.org/details/greeceromebuilde0000unse"
cases/hannibal-alps/texts/scholarship/OL_search_inside_snippets/Various_2008_the_french_alps_savoie_and_haute_savoie__frenchalpssavoie0000guid.txt,hannibal-alps,"Open Library search-inside excerpts of books, many still in copyright","Open Library search-inside excerpts of books, many still in copyright","Internet Archive item ""the french alps(savoie and haute-savoie)"" (2008-11-29): https://archive.org/details/frenchalpssavoie0000guid"
cases/hannibal-alps/texts/scholarship/OL_search_inside_snippets/Verlot_Bernard_1836_189_1873_Les_plantes_alpines_choix_des_plus_bel__lesplantesalpine00verl.txt,hannibal-alps,"Open Library search-inside excerpts of books, many still in copyright","Open Library search-inside excerpts of books, many still in copyright","Internet Archive item ""Les plantes alpines : choix des plus belles espèces, description, station, excursions, cul"" (1873): https://archive.org/details/lesplantesalpine00verl"
cases/hannibal-alps/texts/scholarship/OL_search_inside_snippets/Victor_Sextus_Aurelius_O_1789_Historiae_romanae_scriptores_minores__historiaeromanae00vict.txt,hannibal-alps,"Open Library search-inside excerpts of books, many still in copyright","Open Library search-inside excerpts of books, many still in copyright","Internet Archive item ""Historiae romanae scriptores minores"" (1789): https://archive.org/details/historiaeromanae00vict"
cases/hannibal-alps/texts/scholarship/OL_search_inside_snippets/Victor_Wolfgang_Von_Hagen_1967_Roads_That_Led_to_Rome__roadsthatledtoro0000vict_c0a5.txt,hannibal-alps,"Open Library search-inside excerpts of books, many still in copyright","Open Library search-inside excerpts of books, many still in copyright","Internet Archive item ""the roads that led to rome"" (): https://archive.org/details/roadsthatledtoro0000vict"
cases/hannibal-alps/texts/scholarship/OL_search_inside_snippets/Volodine_Antoine_2014_Terminus_radieux_roman__terminusradieuxr0000volo.txt,hannibal-alps,"Open Library search-inside excerpts of books, many still in copyright","Open Library search-inside excerpts of books, many still in copyright","Internet Archive item ""Terminus radieux : roman"" (2014): https://archive.org/details/terminusradieuxr0000volo"
cases/hannibal-alps/texts/scholarship/OL_search_inside_snippets/Von_Hagen_Victor_Wolfgan_1966_Roman_roads__romanroads00vonh.txt,hannibal-alps,"Open Library search-inside excerpts of books, many still in copyright","Open Library search-inside excerpts of books, many still in copyright","Internet Archive item ""Roman roads"" (1966): https://archive.org/details/romanroads00vonh"
cases/hannibal-alps/texts/scholarship/OL_search_inside_snippets/Von_Hagen_Victor_Wolfgan_1966_Roman_roads__romanroads00vonh_0.txt,hannibal-alps,"Open Library search-inside excerpts of books, many still in copyright","Open Library search-inside excerpts of books, many still in copyright","Internet Archive item ""Roman roads"" (1966): https://archive.org/details/romanroads00vonh"
cases/hannibal-alps/texts/scholarship/OL_search_inside_snippets/Von_Hagen_Victor_Wolfgan_1967_The_roads_that_led_to_Rome__roadsthatledtoro0000vonh.txt,hannibal-alps,"Open Library search-inside excerpts of books, many still in copyright","Open Library search-inside excerpts of books, many still in copyright","Internet Archive item ""The roads that led to Rome"" (1967): https://archive.org/details/roadsthatledtoro0000vonh"
cases/hannibal-alps/texts/scholarship/OL_search_inside_snippets/Von_Hagen_Victor_Wolfgan_The_roads_that_led_to_Rome__roadsthatledtoro00vonh.txt,hannibal-alps,"Open Library search-inside excerpts of books, many still in copyright","Open Library search-inside excerpts of books, many still in copyright","Internet Archive item ""The roads that led to Rome"" (1967): https://archive.org/details/roadsthatledtoro00vonh"
cases/hannibal-alps/texts/scholarship/OL_search_inside_snippets/W_A_B_Coolidge_1908_The_Alps_in_nature_and_history__alpsinnaturehist0000unse.txt,hannibal-alps,"Open Library search-inside excerpts of books, many still in copyright","Open Library search-inside excerpts of books, many still in copyright","Internet Archive item ""The Alps in nature and history"" (1908): https://archive.org/details/alpsinnaturehist0000unse"
cases/hannibal-alps/texts/scholarship/OL_search_inside_snippets/W_W_How_H_D_Leigh_1901_A_History_of_Rome_to_the_Death_of_Caesa__historyofrometod0000unse.txt,hannibal-alps,"Open Library search-inside excerpts of books, many still in copyright","Open Library search-inside excerpts of books, many still in copyright","Internet Archive item ""A History of Rome, to the Death of Caesar"" (1901): https://archive.org/details/historyofrometod0000unse"
cases/hannibal-alps/texts/scholarship/OL_search_inside_snippets/Walbank_F_W_Frank_Wil_2002_Polybius_Rome_and_the_Hellenistic_worl__polybiusromehell0000walb.txt,hannibal-alps,"Open Library search-inside excerpts of books, many still in copyright","Open Library search-inside excerpts of books, many still in copyright","Internet Archive item ""Polybius, Rome, and the Hellenistic world : essays and reflections"" (2002): https://archive.org/details/polybiusromehell0000walb"
cases/hannibal-alps/texts/scholarship/OL_search_inside_snippets/Walser_Gerold_1986_Via_per_Alpes_Graias_Beitra_ge_zur_Ges__viaperalpesgraia0000wals.txt,hannibal-alps,"Open Library search-inside excerpts of books, many still in copyright","Open Library search-inside excerpts of books, many still in copyright","Internet Archive item ""Via per Alpes Graias : Beiträge zur Geschichte des Kleinen St. Bernhard-Passes in römisc"" (1986): https://archive.org/details/viaperalpesgraia0000wals"
cases/hannibal-alps/texts/scholarship/OL_search_inside_snippets/Walter_Hase_Max_Niemeyer_1876_Romanische_Bibliographie__romanischebibli01baldgoog.txt,hannibal-alps,"Open Library search-inside excerpts of books, many still in copyright","Open Library search-inside excerpts of books, many still in copyright",Open Library search-inside excerpts of Internet Archive item romanischebibli01baldgoog: https://archive.org/details/romanischebibli01baldgoog
cases/hannibal-alps/texts/scholarship/OL_search_inside_snippets/Walton_Elijah_1868_The_peaks_and_valleys_of_the_alps__peaksvalleysofal00walt.txt,hannibal-alps,"Open Library search-inside excerpts of books, many still in copyright","Open Library search-inside excerpts of books, many still in copyright","Internet Archive item ""The peaks and valleys of the alps"" (1868): https://archive.org/details/peaksvalleysofal00walt"
cases/hannibal-alps/texts/scholarship/OL_search_inside_snippets/Ward_Allen_Mason_1942_1999_A_history_of_the_Roman_people__historyofromanpe0000ward.txt,hannibal-alps,"Open Library search-inside excerpts of books, many still in copyright","Open Library search-inside excerpts of books, many still in copyright","Internet Archive item ""A history of the Roman people"" (1999): https://archive.org/details/historyofromanpe0000ward"
cases/hannibal-alps/texts/scholarship/OL_search_inside_snippets/Ward_Allen_Mason_1942_2003_A_history_of_the_Roman_people__historyofromanpe00alle.txt,hannibal-alps,"Open Library search-inside excerpts of books, many still in copyright","Open Library search-inside excerpts of books, many still in copyright","Internet Archive item ""A history of the Roman people"" (2003): https://archive.org/details/historyofromanpe00alle"
cases/hannibal-alps/texts/scholarship/OL_search_inside_snippets/Ward_George_Washington_1897_Notes_in_history_Rome__notesinhistoryro00ward.txt,hannibal-alps,"Open Library search-inside excerpts of books, many still in copyright","Open Library search-inside excerpts of books, many still in copyright","Internet Archive item ""Notes in history. Rome"" (1897): https://archive.org/details/notesinhistoryro00ward"
cases/hannibal-alps/texts/scholarship/OL_search_inside_snippets/Webb_Robert_N_1968_Hannibal_invader_from_Carthage__hannibalinvaderf00webb.txt,hannibal-alps,"Open Library search-inside excerpts of books, many still in copyright","Open Library search-inside excerpts of books, many still in copyright","Internet Archive item ""Hannibal, invader from Carthage"" (1968): https://archive.org/details/hannibalinvaderf00webb"
cases/hannibal-alps/texts/scholarship/OL_search_inside_snippets/Weber_Jacques_1949_Augu_2015_La_bru_lure_de_l_e_te_roman__labruluredeleter0000webe.txt,hannibal-alps,"Open Library search-inside excerpts of books, many still in copyright","Open Library search-inside excerpts of books, many still in copyright","Internet Archive item ""La brûlure de l'été : roman"" (2015): https://archive.org/details/labruluredeleter0000webe"
cases/hannibal-alps/texts/scholarship/OL_search_inside_snippets/Wedeck_Harry_E_1894_19_1963_Classics_of_Roman_Literature__classicsofromanl0000wede.txt,hannibal-alps,"Open Library search-inside excerpts of books, many still in copyright","Open Library search-inside excerpts of books, many still in copyright","Internet Archive item ""Classics of Roman Literature"" (1963): https://archive.org/details/classicsofromanl0000wede"
cases/hannibal-alps/texts/scholarship/OL_search_inside_snippets/Wedeck_Harry_Ezekiel_18_1963_Classics_of_Roman_literature_from_the_l__classicsofromanl0000wede_b4h9.txt,hannibal-alps,"Open Library search-inside excerpts of books, many still in copyright","Open Library search-inside excerpts of books, many still in copyright","Internet Archive item ""Classics of Roman Literature"" (1963): https://archive.org/details/classicsofromanl0000wede"
cases/hannibal-alps/texts/scholarship/OL_search_inside_snippets/Wedeck_Harry_Ezekiel_18_Classics_of_Roman_literature_from_the_l__classicsofromanl00wede.txt,hannibal-alps,"Open Library search-inside excerpts of books, many still in copyright","Open Library search-inside excerpts of books, many still in copyright","Internet Archive item ""Classics of Roman literature, from the literary beginnings to the end of the silver age"" (1963): https://archive.org/details/classicsofromanl00wede"
cases/hannibal-alps/texts/scholarship/OL_search_inside_snippets/Whatmough_Joshua_1897_1_The_dialects_of_ancient_Gaul_prolegomen__dialectsofancien0000what.txt,hannibal-alps,"Open Library search-inside excerpts of books, many still in copyright","Open Library search-inside excerpts of books, many still in copyright","Internet Archive item ""The dialects of ancient Gaul; prolegomena and records of the dialects. --"" (1970): https://archive.org/details/dialectsofancien0000what"
cases/hannibal-alps/texts/scholarship/OL_search_inside_snippets/Whitaker_John_1735_1808_1794_The_course_of_Hannibal_over_the_Alps_asc__coursehannibalo00whitgoog.txt,hannibal-alps,"Open Library search-inside excerpts of books, many still in copyright","Open Library search-inside excerpts of books, many still in copyright",Open Library search-inside excerpts of Internet Archive item coursehannibalo00whitgoog: https://archive.org/details/coursehannibalo00whitgoog
cases/hannibal-alps/texts/scholarship/OL_search_inside_snippets/Whittaker_C_R_1994_Frontiers_of_the_Roman_Empire_a_social__frontiersofroman0000whit.txt,hannibal-alps,"Open Library search-inside excerpts of books, many still in copyright","Open Library search-inside excerpts of books, many still in copyright","Internet Archive item ""Frontiers of the Roman Empire : a social and economic study"" (1994): https://archive.org/details/frontiersofroman0000whit"
cases/hannibal-alps/texts/scholarship/OL_search_inside_snippets/Whymper_Edward_1840_191_1871_Scrambles_amongst_the_Alps_in_the_years__scramblesamongst00whym.txt,hannibal-alps,"Open Library search-inside excerpts of books, many still in copyright","Open Library search-inside excerpts of books, many still in copyright","Internet Archive item ""Scrambles amongst the Alps in the years 1860-69"" (1871): https://archive.org/details/scramblesamongst00whym"
cases/hannibal-alps/texts/scholarship/OL_search_inside_snippets/Whymper_Edward_1840_191_1872_Scrambles_amongst_the_Alps_in_the_years__scramblesamongs00whymgoog.txt,hannibal-alps,"Open Library search-inside excerpts of books, many still in copyright","Open Library search-inside excerpts of books, many still in copyright",Open Library search-inside excerpts of Internet Archive item scramblesamongs00whymgoog: https://archive.org/details/scramblesamongs00whymgoog
cases/hannibal-alps/texts/scholarship/OL_search_inside_snippets/Whymper_Edward_1840_191_1872_Scrambles_amongst_the_Alps_in_the_years__scramblesamongst00whymrich.txt,hannibal-alps,"Open Library search-inside excerpts of books, many still in copyright","Open Library search-inside excerpts of books, many still in copyright","Internet Archive item ""Scrambles amongst the Alps in the years 1860-69"" (1871): https://archive.org/details/scramblesamongst00whym"
cases/hannibal-alps/texts/scholarship/OL_search_inside_snippets/Whymper_Edward_1840_191_1893_Scrambles_amongst_the_Alps_in_the_years__scramblesamongs01whymgoog.txt,hannibal-alps,"Open Library search-inside excerpts of books, many still in copyright","Open Library search-inside excerpts of books, many still in copyright",Open Library search-inside excerpts of Internet Archive item scramblesamongs01whymgoog: https://archive.org/details/scramblesamongs01whymgoog
cases/hannibal-alps/texts/scholarship/OL_search_inside_snippets/Whymper_Edward_1840_191_1900_Scrambles_amongst_the_Alps_in_the_years__scramblesamongst00whymuoft.txt,hannibal-alps,"Open Library search-inside excerpts of books, many still in copyright","Open Library search-inside excerpts of books, many still in copyright","Internet Archive item ""Scrambles amongst the Alps in the years 1860-69"" (1871): https://archive.org/details/scramblesamongst00whym"
cases/hannibal-alps/texts/scholarship/OL_search_inside_snippets/Whymper_Edward_1840_191_1981_Scrambles_amongst_the_Alps_in_the_year__scramblesamongst0000whym.txt,hannibal-alps,"Open Library search-inside excerpts of books, many still in copyright","Open Library search-inside excerpts of books, many still in copyright","Internet Archive item ""Scrambles amongst the Alps : in the years 1860-'69"" (1981): https://archive.org/details/scramblesamongst0000whym"
cases/hannibal-alps/texts/scholarship/OL_search_inside_snippets/Whymper_Edward_1840_191_2002_Scrambles_amongst_the_Alps_in_the_years__scramblesamongst0000whym_t4y8.txt,hannibal-alps,"Open Library search-inside excerpts of books, many still in copyright","Open Library search-inside excerpts of books, many still in copyright","Internet Archive item ""Scrambles amongst the Alps : in the years 1860-'69"" (1981): https://archive.org/details/scramblesamongst0000whym"
cases/hannibal-alps/texts/scholarship/OL_search_inside_snippets/Wickham_Henry_Lewis_178_1820_A_dissertation_on_the_passage_of_Hanniba__adissertationon00cramgoog.txt,hannibal-alps,"Open Library search-inside excerpts of books, many still in copyright","Open Library search-inside excerpts of books, many still in copyright",Open Library search-inside excerpts of Internet Archive item adissertationon00cramgoog: https://archive.org/details/adissertationon00cramgoog
cases/hannibal-alps/texts/scholarship/OL_search_inside_snippets/Wickham_Henry_Lewis_1828_A_dissertation_on_the_passage_of_Hanniba__adisserationonp00cramgoog.txt,hannibal-alps,"Open Library search-inside excerpts of books, many still in copyright","Open Library search-inside excerpts of books, many still in copyright","Internet Archive item ""A dissertation on the passage of Hannibal over the Alps"" (1828): https://archive.org/details/adisserationonp00cramgoog"
cases/hannibal-alps/texts/scholarship/OL_search_inside_snippets/Wilfrid_Noyce_1963_The_Alps__alps0000wilf.txt,hannibal-alps,"Open Library search-inside excerpts of books, many still in copyright","Open Library search-inside excerpts of books, many still in copyright","Internet Archive item ""The Alps"" (1963-01-01): https://archive.org/details/alps0000wilf"
cases/hannibal-alps/texts/scholarship/OL_search_inside_snippets/Wilhelm_Osiander_1900_Der_Hannibalweg_Neu_untersucht_und_durc__derhannibalwegn00osiagoog.txt,hannibal-alps,"Open Library search-inside excerpts of books, many still in copyright","Open Library search-inside excerpts of books, many still in copyright",Open Library search-inside excerpts of Internet Archive item derhannibalwegn00osiagoog: https://archive.org/details/derhannibalwegn00osiagoog
cases/hannibal-alps/texts/scholarship/OL_search_inside_snippets/Wilkinson_Spenser_1853_1911_Hannibal_s_march_through_the_Alps__hannibalsmarchth00wilkuoft.txt,hannibal-alps,"Open Library search-inside excerpts of books, many still in copyright","Open Library search-inside excerpts of books, many still in copyright",Open Library search-inside excerpts of Internet Archive item hannibalsmarchth00wilkuoft: https://archive.org/details/hannibalsmarchth00wilkuoft
cases/hannibal-alps/texts/scholarship/OL_search_inside_snippets/William_Brockedon_1829_Illustrations_of_the_Passes_of_the_Alps__illustrationspa00brocgoog.txt,hannibal-alps,"Open Library search-inside excerpts of books, many still in copyright","Open Library search-inside excerpts of books, many still in copyright",Open Library search-inside excerpts of Internet Archive item illustrationspa00brocgoog: https://archive.org/details/illustrationspa00brocgoog
cases/hannibal-alps/texts/scholarship/OL_search_inside_snippets/William_Brockedon_1833_Journals_of_excursions_in_the_Alps_The__journalsexcursi00brocgoog.txt,hannibal-alps,"Open Library search-inside excerpts of books, many still in copyright","Open Library search-inside excerpts of books, many still in copyright",Open Library search-inside excerpts of Internet Archive item journalsexcursi00brocgoog: https://archive.org/details/journalsexcursi00brocgoog
cases/hannibal-alps/texts/scholarship/OL_search_inside_snippets/William_Henry_Hall_1974_The_Romans_on_the_Riviera_and_the_Rhone__romansonrivierar0000unse.txt,hannibal-alps,"Open Library search-inside excerpts of books, many still in copyright","Open Library search-inside excerpts of books, many still in copyright","Internet Archive item ""The Romans on the Riviera and the Rhone"" (1974): https://archive.org/details/romansonrivierar0000unse"
cases/hannibal-alps/texts/scholarship/OL_search_inside_snippets/William_Kelso_2017_Fortune_of_Carthage__fortuneofcarthag0000will.txt,hannibal-alps,"Open Library search-inside excerpts of books, many still in copyright","Open Library search-inside excerpts of books, many still in copyright","Internet Archive item ""Fortune of Carthage"" (2017): https://archive.org/details/fortuneofcarthag0000will"
cases/hannibal-alps/texts/scholarship/OL_search_inside_snippets/William_Martin_Conway_1900_The_Alps_from_End_to_End__alpsfromendtoen02conwgoog.txt,hannibal-alps,"Open Library search-inside excerpts of books, many still in copyright","Open Library search-inside excerpts of books, many still in copyright",Open Library search-inside excerpts of Internet Archive item alpsfromendtoen02conwgoog: https://archive.org/details/alpsfromendtoen02conwgoog
cases/hannibal-alps/texts/scholarship/OL_search_inside_snippets/William_Martin_Conway_1904_The_Alps__alps0000will.txt,hannibal-alps,"Open Library search-inside excerpts of books, many still in copyright","Open Library search-inside excerpts of books, many still in copyright","Internet Archive item ""The Alps;"" (1904-01-01): https://archive.org/details/alps0000will"
cases/hannibal-alps/texts/scholarship/OL_search_inside_snippets/William_Smith_1878_Dr_Smith_s_Smaller_History_Of_Rome__drsmithssmallerh0000unse.txt,hannibal-alps,"Open Library search-inside excerpts of books, many still in copyright","Open Library search-inside excerpts of books, many still in copyright","Internet Archive item ""Dr Smith's Smaller History Of Rome"" (1878): https://archive.org/details/drsmithssmallerh0000unse"
cases/hannibal-alps/texts/scholarship/OL_search_inside_snippets/William_Stephen_Gilly_1832_A_Memoir_of_Felix_Neff_Pastor_of_the_Hi__amemoirfelixnef00gillgoog.txt,hannibal-alps,"Open Library search-inside excerpts of books, many still in copyright","Open Library search-inside excerpts of books, many still in copyright",Open Library search-inside excerpts of Internet Archive item amemoirfelixnef00gillgoog: https://archive.org/details/amemoirfelixnef00gillgoog
cases/hannibal-alps/texts/scholarship/OL_search_inside_snippets/William_Stephen_Gilly_1832_A_Memoir_of_Felix_Neff_Pastor_of_the_Hi__amemoirfelixnef03gillgoog.txt,hannibal-alps,"Open Library search-inside excerpts of books, many still in copyright","Open Library search-inside excerpts of books, many still in copyright",Open Library search-inside excerpts of Internet Archive item amemoirfelixnef03gillgoog: https://archive.org/details/amemoirfelixnef03gillgoog
cases/hannibal-alps/texts/scholarship/OL_search_inside_snippets/Woolf_Greg_1998_Becoming_Roman_the_origins_of_provinci__becomingromanori0000wool.txt,hannibal-alps,"Open Library search-inside excerpts of books, many still in copyright","Open Library search-inside excerpts of books, many still in copyright","Internet Archive item ""Becoming Roman : the origins of provincial civilization in Gaul"" (1998): https://archive.org/details/becomingromanori0000wool"
cases/hannibal-alps/texts/scholarship/OL_search_inside_snippets/Woolf_Greg_2011_Tales_of_the_barbarians_ethnography_an__talesofbarbarian0000wool.txt,hannibal-alps,"Open Library search-inside excerpts of books, many still in copyright","Open Library search-inside excerpts of books, many still in copyright","Internet Archive item ""Tales of the barbarians : ethnography and empire in the Roman West"" (2011): https://archive.org/details/talesofbarbarian0000wool"
cases/hannibal-alps/texts/scholarship/OL_search_inside_snippets/Yarrow_Liv_Mariah_The_Roman_Republic_To_49_Bce_Using_Coin__romanrepublicto400yarr.txt,hannibal-alps,"Open Library search-inside excerpts of books, many still in copyright","Open Library search-inside excerpts of books, many still in copyright","Internet Archive item ""The Roman Republic To 49 Bce. Using Coins As Sources"" (2021): https://archive.org/details/romanrepublicto400yarr"
cases/hannibal-alps/texts/scholarship/OL_search_inside_snippets/Zdral_Wolfgang_1958_Ver_2009_Tartufo_Roman_ein_geistreicher_Krimi__tartuforomaneing0000zdra.txt,hannibal-alps,"Open Library search-inside excerpts of books, many still in copyright","Open Library search-inside excerpts of books, many still in copyright","Internet Archive item ""Tartufo Roman ; [ein geistreicher Krimi mit fein grunzendem Humor]"" (2009): https://archive.org/details/tartuforomaneing0000zdra"
cases/hannibal-alps/texts/scholarship/OL_search_inside_snippets/arnold_j_toynbee_1965_Hannibal_S_Legacy_The_Hannibalic_War_S__hannibalslegacyh0002unse_z8f2.txt,hannibal-alps,"Open Library search-inside excerpts of books, many still in copyright","Open Library search-inside excerpts of books, many still in copyright","Internet Archive item ""Hannibal's Legacy: the Hannibalic War's Effects on Roman Life"" (): https://archive.org/details/hannibalslegacyh0002unse"
cases/hannibal-alps/texts/scholarship/OL_search_inside_snippets/colleen_mccullough_1990_the_first_man_in_rome__firstmaninrome0000coll.txt,hannibal-alps,"Open Library search-inside excerpts of books, many still in copyright","Open Library search-inside excerpts of books, many still in copyright","Internet Archive item ""the first man in rome"" (1990): https://archive.org/details/firstmaninrome0000coll"
cases/hannibal-alps/texts/scholarship/OL_search_inside_snippets/dora_pym_1925_readings_from_the_literature_of_ancient__readingsfromlite0000dora_l1v1.txt,hannibal-alps,"Open Library search-inside excerpts of books, many still in copyright","Open Library search-inside excerpts of books, many still in copyright","Internet Archive item ""readings from the literature of ancient rome"" (1922): https://archive.org/details/readingsfromlite0000dora"
cases/hannibal-alps/texts/scholarship/OL_search_inside_snippets/douard_Cort_s_2013_En_chemin_vers_Rome__encheminversrome0000doua.txt,hannibal-alps,"Open Library search-inside excerpts of books, many still in copyright","Open Library search-inside excerpts of books, many still in copyright","Internet Archive item ""En chemin vers Rome"" (2013-01-01): https://archive.org/details/encheminversrome0000doua"
cases/hannibal-alps/texts/scholarship/OL_search_inside_snippets/douard_Tallichet_1870_Les_chemins_de_fer_suisses_et_les_passag__lescheminsdefer00tallgoog.txt,hannibal-alps,"Open Library search-inside excerpts of books, many still in copyright","Open Library search-inside excerpts of books, many still in copyright",Open Library search-inside excerpts of Internet Archive item lescheminsdefer00tallgoog: https://archive.org/details/lescheminsdefer00tallgoog
cases/hannibal-alps/texts/scholarship/OL_search_inside_snippets/edward_whymper_1937_Scrambles_Amongst_the_Alps_Down_the_Rh__bwb_O8-CYD-863.txt,hannibal-alps,"Open Library search-inside excerpts of books, many still in copyright","Open Library search-inside excerpts of books, many still in copyright",Open Library search-inside excerpts of Internet Archive item bwb_O8-CYD-863: https://archive.org/details/bwb_O8-CYD-863
cases/hannibal-alps/texts/scholarship/OL_search_inside_snippets/edward_whymper_Scrambles_Amongst_the_Alps__bwb_O8-CZK-651.txt,hannibal-alps,"Open Library search-inside excerpts of books, many still in copyright","Open Library search-inside excerpts of books, many still in copyright",Open Library search-inside excerpts of Internet Archive item bwb_O8-CZK-651: https://archive.org/details/bwb_O8-CZK-651
cases/hannibal-alps/texts/scholarship/OL_search_inside_snippets/gosta_e_sandstrom_1972_the_crossing_of_the_alps__crossingofalps0000gost.txt,hannibal-alps,"Open Library search-inside excerpts of books, many still in copyright","Open Library search-inside excerpts of books, many still in copyright","Internet Archive item ""the crossing of the alps"" (1972): https://archive.org/details/crossingofalps0000gost"
cases/hannibal-alps/texts/scholarship/OL_search_inside_snippets/gustave_reynier_1908_le_roman_sentimental_avant_l_astree__leromansentiment0000gust.txt,hannibal-alps,"Open Library search-inside excerpts of books, many still in copyright","Open Library search-inside excerpts of books, many still in copyright","Internet Archive item ""le roman sentimental avant l'astree"" (1908): https://archive.org/details/leromansentiment0000gust"
cases/hannibal-alps/texts/scholarship/OL_search_inside_snippets/leonard_cottrell_1965_enemy_of_rome__bwb_KP-573-717.txt,hannibal-alps,"Open Library search-inside excerpts of books, many still in copyright","Open Library search-inside excerpts of books, many still in copyright",Open Library search-inside excerpts of Internet Archive item bwb_KP-573-717: https://archive.org/details/bwb_KP-573-717
cases/hannibal-alps/texts/scholarship/OL_search_inside_snippets/m_cary_d_litt_1949_a_history_of_rome_down_to_the_reign_of_c__historyofromedow0000mcar_h5u0.txt,hannibal-alps,"Open Library search-inside excerpts of books, many still in copyright","Open Library search-inside excerpts of books, many still in copyright","Internet Archive item ""A History Of Rome down to the reign of constantine"" (1967): https://archive.org/details/historyofromedow0000mcar"
cases/hannibal-alps/texts/scholarship/OL_search_inside_snippets/naphtali_lewis_and_meyer_1951_Roman_Civilization_Selected_Readings__romancivilizatio0000unse_t2r2.txt,hannibal-alps,"Open Library search-inside excerpts of books, many still in copyright","Open Library search-inside excerpts of books, many still in copyright","Internet Archive item ""roman civilization"" (1966): https://archive.org/details/romancivilizatio0000unse"
cases/hannibal-alps/texts/scholarship/OL_search_inside_snippets/paul_louis_1927_ancient_rome_at_work__ancientromeatwor0000paul.txt,hannibal-alps,"Open Library search-inside excerpts of books, many still in copyright","Open Library search-inside excerpts of books, many still in copyright","Internet Archive item ""ancient rome at work"" (1927): https://archive.org/details/ancientromeatwor0000paul"
cases/hannibal-alps/texts/scholarship/OL_search_inside_snippets/various_1964_Alpes_Savoie_Dauphin_guide_du_pneu_mi__alpessavoiedauph0000unse.txt,hannibal-alps,"Open Library search-inside excerpts of books, many still in copyright","Open Library search-inside excerpts of books, many still in copyright","Internet Archive item ""Alpes Savoie-Dauphiné - guide du pneu michelin"" (1964): https://archive.org/details/alpessavoiedauph0000unse"
cases/hannibal-alps/texts/scholarship/OL_search_inside_snippets/various_1968_Greece_and_Rome_builders_of_our_world__greeceromebuilde0000unse_x1u6.txt,hannibal-alps,"Open Library search-inside excerpts of books, many still in copyright","Open Library search-inside excerpts of books, many still in copyright","Internet Archive item ""greece and rome builders of our world"" (): https://archive.org/details/greeceromebuilde0000unse"
cases/hannibal-alps/texts/scholarship/OL_search_inside_snippets/various_1968_die_alpen_in_farben__diealpeninfarben0000vari.txt,hannibal-alps,"Open Library search-inside excerpts of books, many still in copyright","Open Library search-inside excerpts of books, many still in copyright","Internet Archive item ""die alpen in farben"" (1968): https://archive.org/details/diealpeninfarben0000vari"
cases/hannibal-alps/texts/scholarship/OL_search_inside_snippets/various_1968_greece_and_rome_builders_of_our_world__bwb_P9-APV-105.txt,hannibal-alps,"Open Library search-inside excerpts of books, many still in copyright","Open Library search-inside excerpts of books, many still in copyright",Open Library search-inside excerpts of Internet Archive item bwb_P9-APV-105: https://archive.org/details/bwb_P9-APV-105
cases/hannibal-alps/texts/scholarship/OL_search_inside_snippets/various_THE_ALPS__bwb_S0-AVX-456.txt,hannibal-alps,"Open Library search-inside excerpts of books, many still in copyright","Open Library search-inside excerpts of books, many still in copyright",Open Library search-inside excerpts of Internet Archive item bwb_S0-AVX-456: https://archive.org/details/bwb_S0-AVX-456
cases/hannibal-alps/texts/scholarship/OL_search_inside_snippets/various_the_alps__bwb_S0-BCQ-427.txt,hannibal-alps,"Open Library search-inside excerpts of books, many still in copyright","Open Library search-inside excerpts of books, many still in copyright",Open Library search-inside excerpts of Internet Archive item bwb_S0-BCQ-427: https://archive.org/details/bwb_S0-BCQ-427
cases/hannibal-alps/texts/scholarship/OL_search_inside_snippets/various_the_war_with_hannibal__bwb_KS-440-097.txt,hannibal-alps,"Open Library search-inside excerpts of books, many still in copyright","Open Library search-inside excerpts of books, many still in copyright",Open Library search-inside excerpts of Internet Archive item bwb_KS-440-097: https://archive.org/details/bwb_KS-440-097
cases/hannibal-alps/texts/scholarship/OL_search_inside_snippets/w_w_how_h_d_leigh_1898_a_history_of_rome_to_the_death_of_caesar__historyofrometod0000wwho.txt,hannibal-alps,"Open Library search-inside excerpts of books, many still in copyright","Open Library search-inside excerpts of books, many still in copyright","Internet Archive item ""a history of rome to the death of caesar"" (1898): https://archive.org/details/historyofrometod0000wwho"
cases/hannibal-alps/texts/scholarship/persee/acths_0000-0001_2002_act_125_2_4802.txt,hannibal-alps,"article on Persée, still in copyright","article on Persée, still in copyright",Persée: https://www.persee.fr/doc/acths_0000-0001_2002_act_125_2_4802
cases/hannibal-alps/texts/scholarship/persee/antaf_0066-4871_2000_num_36_1_1318.txt,hannibal-alps,"article on Persée, still in copyright","article on Persée, still in copyright",Persée: https://www.persee.fr/doc/antaf_0066-4871_2000_num_36_1_1318
cases/hannibal-alps/texts/scholarship/persee/antiq_0770-2817_1960_num_29_1_3679.txt,hannibal-alps,"article on Persée, still in copyright","article on Persée, still in copyright",Persée: https://www.persee.fr/doc/antiq_0770-2817_1960_num_29_1_3679
cases/hannibal-alps/texts/scholarship/persee/antiq_0770-2817_1962_num_31_1_3661.txt,hannibal-alps,"article on Persée, still in copyright","article on Persée, still in copyright",Persée: https://www.persee.fr/doc/antiq_0770-2817_1962_num_31_1_3661
cases/hannibal-alps/texts/scholarship/persee/antiq_0770-2817_1972_num_41_1_1667_t1_0394_0000_2.txt,hannibal-alps,"article on Persée, still in copyright","article on Persée, still in copyright",Persée: https://www.persee.fr/doc/antiq_0770-2817_1972_num_41_1_1667_t1_0394_0000_2
cases/hannibal-alps/texts/scholarship/persee/antiq_0770-2817_1980_num_49_1_1970.txt,hannibal-alps,"article on Persée, still in copyright","article on Persée, still in copyright",Persée: https://www.persee.fr/doc/antiq_0770-2817_1980_num_49_1_1970
cases/hannibal-alps/texts/scholarship/persee/bsnaf_0081-1181_1978_num_1976_1_8465.txt,hannibal-alps,"article on Persée, still in copyright","article on Persée, still in copyright",Persée: https://www.persee.fr/doc/bsnaf_0081-1181_1978_num_1976_1_8465
cases/hannibal-alps/texts/scholarship/persee/bsnaf_0081-1181_2002_num_1998_1_10245.txt,hannibal-alps,"article on Persée, still in copyright","article on Persée, still in copyright",Persée: https://www.persee.fr/doc/bsnaf_0081-1181_2002_num_1998_1_10245
cases/hannibal-alps/texts/scholarship/persee/bude_0004-5527_1958_num_1_3_3832.txt,hannibal-alps,"article on Persée, still in copyright","article on Persée, still in copyright",Persée: https://www.persee.fr/doc/bude_0004-5527_1958_num_1_3_3832
cases/hannibal-alps/texts/scholarship/persee/bude_0004-5527_1960_num_1_3_3912.txt,hannibal-alps,"article on Persée, still in copyright","article on Persée, still in copyright",Persée: https://www.persee.fr/doc/bude_0004-5527_1960_num_1_3_3912
cases/hannibal-alps/texts/scholarship/persee/bude_0004-5527_1967_num_1_1_2968_t1_0155_0000_2.txt,hannibal-alps,"article on Persée, still in copyright","article on Persée, still in copyright",Persée: https://www.persee.fr/doc/bude_0004-5527_1967_num_1_1_2968_t1_0155_0000_2
cases/hannibal-alps/texts/scholarship/persee/casa_0076-230x_1977_num_13_1_2243.txt,hannibal-alps,"article on Persée, still in copyright","article on Persée, still in copyright",Persée: https://www.persee.fr/doc/casa_0076-230x_1977_num_13_1_2243
cases/hannibal-alps/texts/scholarship/persee/crai_0065-0536_1873_num_17_1_68009.txt,hannibal-alps,"article on Persée, still in copyright","article on Persée, still in copyright",Persée: https://www.persee.fr/doc/crai_0065-0536_1873_num_17_1_68009
cases/hannibal-alps/texts/scholarship/persee/crai_0065-0536_2007_num_151_1_92221.txt,hannibal-alps,"article on Persée, still in copyright","article on Persée, still in copyright",Persée: https://www.persee.fr/doc/crai_0065-0536_2007_num_151_1_92221
cases/hannibal-alps/texts/scholarship/persee/dha_0755-7256_1999_num_25_1_1527.txt,hannibal-alps,"article on Persée, still in copyright","article on Persée, still in copyright",Persée: https://www.persee.fr/doc/dha_0755-7256_1999_num_25_1_1527
cases/hannibal-alps/texts/scholarship/persee/dha_0755-7256_2013_num_39_1_3837.txt,hannibal-alps,"article on Persée, still in copyright","article on Persée, still in copyright",Persée: https://www.persee.fr/doc/dha_0755-7256_2013_num_39_1_3837
cases/hannibal-alps/texts/scholarship/persee/ecelt_0373-1928_1991_num_28_1_1965.txt,hannibal-alps,"article on Persée, still in copyright","article on Persée, still in copyright",Persée: https://www.persee.fr/doc/ecelt_0373-1928_1991_num_28_1_1965
cases/hannibal-alps/texts/scholarship/persee/globe_0398-3412_1870_num_9_1_7194.txt,hannibal-alps,"article on Persée, still in copyright","article on Persée, still in copyright",Persée: https://www.persee.fr/doc/globe_0398-3412_1870_num_9_1_7194
cases/hannibal-alps/texts/scholarship/persee/ista_0000-0000_2004_act_939_1_2101.txt,hannibal-alps,"article on Persée, still in copyright","article on Persée, still in copyright",Persée: https://www.persee.fr/doc/ista_0000-0000_2004_act_939_1_2101
cases/hannibal-alps/texts/scholarship/persee/ista_0000-0000_2016_mon_1376_1.txt,hannibal-alps,"article on Persée, still in copyright","article on Persée, still in copyright",Persée: https://www.persee.fr/doc/ista_0000-0000_2016_mon_1376_1
cases/hannibal-alps/texts/scholarship/persee/mefr_0223-5102_2005_num_117_2_10122.txt,hannibal-alps,"article on Persée, still in copyright","article on Persée, still in copyright",Persée: https://www.persee.fr/doc/mefr_0223-5102_2005_num_117_2_10122
cases/hannibal-alps/texts/scholarship/persee/prohi_0033-1856_1963_num_13_51_3881.txt,hannibal-alps,"article on Persée, still in copyright","article on Persée, still in copyright",Persée: https://www.persee.fr/doc/prohi_0033-1856_1963_num_13_51_3881
cases/hannibal-alps/texts/scholarship/persee/prohi_0033-1856_1968_num_18_71_4055.txt,hannibal-alps,"article on Persée, still in copyright","article on Persée, still in copyright",Persée: https://www.persee.fr/doc/prohi_0033-1856_1968_num_18_71_4055
cases/hannibal-alps/texts/scholarship/persee/rbph_0035-0818_1982_num_60_1_3362.txt,hannibal-alps,"article on Persée, still in copyright","article on Persée, still in copyright",Persée: https://www.persee.fr/doc/rbph_0035-0818_1982_num_60_1_3362
cases/hannibal-alps/texts/scholarship/persee/rea_0035-2004_1903_num_5_1_1300_t1_0096_0000_2.txt,hannibal-alps,"article on Persée, still in copyright","article on Persée, still in copyright",Persée: https://www.persee.fr/doc/rea_0035-2004_1903_num_5_1_1300_t1_0096_0000_2
cases/hannibal-alps/texts/scholarship/persee/rea_0035-2004_1907_num_9_1_1473.txt,hannibal-alps,"article on Persée, still in copyright","article on Persée, still in copyright",Persée: https://www.persee.fr/doc/rea_0035-2004_1907_num_9_1_1473
cases/hannibal-alps/texts/scholarship/persee/rea_0035-2004_1907_num_9_1_4984.txt,hannibal-alps,"article on Persée, still in copyright","article on Persée, still in copyright",Persée: https://www.persee.fr/doc/rea_0035-2004_1907_num_9_1_4984
cases/hannibal-alps/texts/scholarship/persee/rea_0035-2004_1908_num_10_1_5623.txt,hannibal-alps,"article on Persée, still in copyright","article on Persée, still in copyright",Persée: https://www.persee.fr/doc/rea_0035-2004_1908_num_10_1_5623
cases/hannibal-alps/texts/scholarship/persee/rea_0035-2004_1909_num_11_1_1566.txt,hannibal-alps,"article on Persée, still in copyright","article on Persée, still in copyright",Persée: https://www.persee.fr/doc/rea_0035-2004_1909_num_11_1_1566
cases/hannibal-alps/texts/scholarship/persee/rea_0035-2004_1909_num_11_2_1573.txt,hannibal-alps,"article on Persée, still in copyright","article on Persée, still in copyright",Persée: https://www.persee.fr/doc/rea_0035-2004_1909_num_11_2_1573
cases/hannibal-alps/texts/scholarship/persee/rea_0035-2004_1935_num_37_2_2823.txt,hannibal-alps,"article on Persée, still in copyright","article on Persée, still in copyright",Persée: https://www.persee.fr/doc/rea_0035-2004_1935_num_37_2_2823
cases/hannibal-alps/texts/scholarship/persee/rea_0035-2004_1936_num_38_1_2864.txt,hannibal-alps,"article on Persée, still in copyright","article on Persée, still in copyright",Persée: https://www.persee.fr/doc/rea_0035-2004_1936_num_38_1_2864
cases/hannibal-alps/texts/scholarship/persee/rea_0035-2004_1952_num_54_1_3467.txt,hannibal-alps,"article on Persée, still in copyright","article on Persée, still in copyright",Persée: https://www.persee.fr/doc/rea_0035-2004_1952_num_54_1_3467
cases/hannibal-alps/texts/scholarship/persee/rea_0035-2004_1973_num_75_1_3938_t1_0146_0000_2.txt,hannibal-alps,"article on Persée, still in copyright","article on Persée, still in copyright",Persée: https://www.persee.fr/doc/rea_0035-2004_1973_num_75_1_3938_t1_0146_0000_2
cases/hannibal-alps/texts/scholarship/persee/reg_0035-2039_1966_num_79_376_3892.txt,hannibal-alps,"article on Persée, still in copyright","article on Persée, still in copyright",Persée: https://www.persee.fr/doc/reg_0035-2039_1966_num_79_376_3892
cases/hannibal-alps/texts/scholarship/persee/rga_0035-1121_1963_num_51_1_3122.txt,hannibal-alps,"article on Persée, still in copyright","article on Persée, still in copyright",Persée: https://www.persee.fr/doc/rga_0035-1121_1963_num_51_1_3122
cases/hannibal-alps/texts/scholarship/persee/rhr_0035-1423_2000_num_217_4_1022.txt,hannibal-alps,"article on Persée, still in copyright","article on Persée, still in copyright",Persée: https://www.persee.fr/doc/rhr_0035-1423_2000_num_217_4_1022
cases/hannibal-alps/texts/smithsonian2016_horse_poop_hannibal_route.txt,hannibal-alps,"article, abstract set or web page still in copyright","article, abstract set or web page still in copyright","no URL recorded; the file name gives the source: ""smithsonian2016 horse poop hannibal route"""
cases/hannibal-alps/texts/smithsonian_2200yr_bone_hannibal_elephant.txt,hannibal-alps,"article, abstract set or web page still in copyright","article, abstract set or web page still in copyright","no URL recorded; the file name gives the source: ""smithsonian 2200yr bone hannibal elephant"""
cases/hannibal-alps/texts/terrain_sources/arpa_piemonte_effetti_cambiamenti_climatici_innevamento.txt,hannibal-alps,article or agency report still in copyright,article or agency report still in copyright,"no URL recorded; the file name gives the source: ""arpa piemonte effetti cambiamenti climatici innevamento"""
cases/hannibal-alps/texts/terrain_sources/holzhauser_magny_zumbuhl_2005_holocene_15_789.txt,hannibal-alps,article or agency report still in copyright,article or agency report still in copyright,"no URL recorded; the file name gives the source: ""holzhauser magny zumbuhl 2005 holocene 15 789"""
cases/hannibal-alps/texts/terrain_sources/klein_etal_2016_climatic_change_snow_onset.txt,hannibal-alps,article or agency report still in copyright,article or agency report still in copyright,"no URL recorded; the file name gives the source: ""klein etal 2016 climatic change snow onset"""
cases/hannibal-alps/texts/terrain_sources/leroy_ivyochs_etal_2024_holocene_glacier_variations_alps_ch20.txt,hannibal-alps,article or agency report still in copyright,article or agency report still in copyright,"no URL recorded; the file name gives the source: ""leroy ivyochs etal 2024 holocene glacier variations alps ch20"""
cases/hannibal-alps/texts/terrain_sources/meteo05_climat_hautes_alpes.txt,hannibal-alps,article or agency report still in copyright,article or agency report still in copyright,"no URL recorded; the file name gives the source: ""meteo05 climat hautes alpes"""
cases/hannibal-alps/texts/terrain_sources/rabatel_etal_2013_cryosphere_ELA_western_alps.txt,hannibal-alps,article or agency report still in copyright,article or agency report still in copyright,"no URL recorded; the file name gives the source: ""rabatel etal 2013 cryosphere ELA western alps"""
cases/hannibal-alps/texts/testimonia/Ammianus_15.10_english_Loeb_Rolfe_1935.txt,hannibal-alps,Loeb Classical Library translation of 1923-1935,"Loeb Classical Library translation of 1923-1935; renewed, still in copyright in the United States","no URL recorded; the file name gives the source: ""Ammianus 15.10 english Loeb Rolfe 1935"""
cases/hannibal-alps/texts/testimonia/Strabo_4.6.5-12_english_Loeb_Jones_1923.txt,hannibal-alps,Loeb Classical Library translation of 1923-1935,"Loeb Classical Library translation of 1923-1935; renewed, still in copyright in the United States","no URL recorded; the file name gives the source: ""Strabo 4.6.5 12 english Loeb Jones 1923"""
cases/hannibal-alps/texts/testimonia/editions/Ammianus_Loeb_vol1_Rolfe_1935__ammianusmarcelli01ammiuoft_djvu.txt,hannibal-alps,"Loeb Classical Library volume of 1935, still in copyright","Loeb Classical Library volume of 1935, still in copyright","no URL recorded; the file name gives the source: ""Ammianus Loeb vol1 Rolfe 1935  ammianusmarcelli01ammiuoft djvu"""
cases/iron-mask/sources/canalacademie_petitfils_2005.html,iron-mask,"book, article, review, publisher page, search excerpt or web page still in copyright","book, article, review, publisher page, search excerpt or web page still in copyright","no URL recorded; the file name gives the source: ""canalacademie petitfils 2005"""
cases/iron-mask/sources/canalacademie_petitfils_2005.txt,iron-mask,"book, article, review, publisher page, search excerpt or web page still in copyright","book, article, review, publisher page, search excerpt or web page still in copyright","no URL recorded; the file name gives the source: ""canalacademie petitfils 2005"""
cases/iron-mask/sources/cannes_archives_1687-1698_masque_de_fer_ou_de_velours.txt,iron-mask,"book, article, review, publisher page, search excerpt or web page still in copyright","book, article, review, publisher page, search excerpt or web page still in copyright","no URL recorded; the file name gives the source: ""cannes archives 1687 1698 masque de fer ou de velours"""
cases/iron-mask/sources/cannes_mediatheque_masque_de_fer_star_cannoise.txt,iron-mask,"book, article, review, publisher page, search excerpt or web page still in copyright","book, article, review, publisher page, search excerpt or web page still in copyright","no URL recorded; the file name gives the source: ""cannes mediatheque masque de fer star cannoise"""
cases/iron-mask/sources/dabos_masque-de-fer.com_la_these_eustache_danger_summary_of_petitfils.txt,iron-mask,"book, article, review, publisher page, search excerpt or web page still in copyright","book, article, review, publisher page, search excerpt or web page still in copyright","no URL recorded; the file name gives the source: ""dabos masque de fer.com la these eustache danger summary of petitfils"""
cases/iron-mask/sources/macdonald_2005_followup_fts_raw.json,iron-mask,"book, article, review, publisher page, search excerpt or web page still in copyright","book, article, review, publisher page, search excerpt or web page still in copyright","no URL recorded; the file name gives the source: ""macdonald 2005 followup fts raw"""
cases/iron-mask/sources/macdonald_2005_followup_snippets.md,iron-mask,"book, article, review, publisher page, search excerpt or web page still in copyright","book, article, review, publisher page, search excerpt or web page still in copyright","no URL recorded; the file name gives the source: ""macdonald 2005 followup snippets"""
cases/iron-mask/sources/macdonald_2005_fts_raw.json,iron-mask,"book, article, review, publisher page, search excerpt or web page still in copyright","book, article, review, publisher page, search excerpt or web page still in copyright","no URL recorded; the file name gives the source: ""macdonald 2005 fts raw"""
cases/iron-mask/sources/macdonald_2005_snippets.md,iron-mask,"book, article, review, publisher page, search excerpt or web page still in copyright","book, article, review, publisher page, search excerpt or web page still in copyright","no URL recorded; the file name gives the source: ""macdonald 2005 snippets"""
cases/iron-mask/sources/madry2016_valet_cahiers17.pdf,iron-mask,"book, article, review, publisher page, search excerpt or web page still in copyright","book, article, review, publisher page, search excerpt or web page still in copyright",https://ojs.lib.uwo.ca/index.php/cahiers17e/article/download/21651/16875/55855
cases/iron-mask/sources/madry2016_valet_cahiers17.txt,iron-mask,"book, article, review, publisher page, search excerpt or web page still in copyright","book, article, review, publisher page, search excerpt or web page still in copyright",https://ojs.lib.uwo.ca/index.php/cahiers17e/article/download/21651/16875/55855
cases/iron-mask/sources/madry_2016_cahiers17_the_valet_louvois_invited_guest.pdf,iron-mask,"book, article, review, publisher page, search excerpt or web page still in copyright","book, article, review, publisher page, search excerpt or web page still in copyright",https://ojs.lib.uwo.ca/index.php/cahiers17e/article/download/21651/16875/55855
cases/iron-mask/sources/madry_2016_cahiers17_the_valet_louvois_invited_guest.txt,iron-mask,"book, article, review, publisher page, search excerpt or web page still in copyright","book, article, review, publisher page, search excerpt or web page still in copyright",https://ojs.lib.uwo.ca/index.php/cahiers17e/article/download/21651/16875/55855
cases/iron-mask/sources/masque-de-fer.com/author__claudedabos.html,iron-mask,"page or image copied from masque-de-fer.com (Claude Dabos), still in copyright","page or image copied from masque-de-fer.com (Claude Dabos), still in copyright",masque-de-fer.com: http://www.masque-de-fer.com/author/claudedabos/
cases/iron-mask/sources/masque-de-fer.com/author__claudedabos.txt,iron-mask,"page or image copied from masque-de-fer.com (Claude Dabos), still in copyright","page or image copied from masque-de-fer.com (Claude Dabos), still in copyright",masque-de-fer.com: http://www.masque-de-fer.com/author/claudedabos/
cases/iron-mask/sources/masque-de-fer.com/author__claudedabos__page__2.html,iron-mask,"page or image copied from masque-de-fer.com (Claude Dabos), still in copyright","page or image copied from masque-de-fer.com (Claude Dabos), still in copyright",masque-de-fer.com: http://www.masque-de-fer.com/author/claudedabos/page/2/
cases/iron-mask/sources/masque-de-fer.com/author__claudedabos__page__2.txt,iron-mask,"page or image copied from masque-de-fer.com (Claude Dabos), still in copyright","page or image copied from masque-de-fer.com (Claude Dabos), still in copyright",masque-de-fer.com: http://www.masque-de-fer.com/author/claudedabos/page/2/
cases/iron-mask/sources/masque-de-fer.com/category__article.html,iron-mask,"page or image copied from masque-de-fer.com (Claude Dabos), still in copyright","page or image copied from masque-de-fer.com (Claude Dabos), still in copyright",masque-de-fer.com: http://www.masque-de-fer.com/category/article/
cases/iron-mask/sources/masque-de-fer.com/category__article.txt,iron-mask,"page or image copied from masque-de-fer.com (Claude Dabos), still in copyright","page or image copied from masque-de-fer.com (Claude Dabos), still in copyright",masque-de-fer.com: http://www.masque-de-fer.com/category/article/
cases/iron-mask/sources/masque-de-fer.com/category__general.html,iron-mask,"page or image copied from masque-de-fer.com (Claude Dabos), still in copyright","page or image copied from masque-de-fer.com (Claude Dabos), still in copyright",masque-de-fer.com: http://www.masque-de-fer.com/category/general/
cases/iron-mask/sources/masque-de-fer.com/category__general.txt,iron-mask,"page or image copied from masque-de-fer.com (Claude Dabos), still in copyright","page or image copied from masque-de-fer.com (Claude Dabos), still in copyright",masque-de-fer.com: http://www.masque-de-fer.com/category/general/
cases/iron-mask/sources/masque-de-fer.com/category__media.html,iron-mask,"page or image copied from masque-de-fer.com (Claude Dabos), still in copyright","page or image copied from masque-de-fer.com (Claude Dabos), still in copyright",masque-de-fer.com: http://www.masque-de-fer.com/category/media/
cases/iron-mask/sources/masque-de-fer.com/category__media.txt,iron-mask,"page or image copied from masque-de-fer.com (Claude Dabos), still in copyright","page or image copied from masque-de-fer.com (Claude Dabos), still in copyright",masque-de-fer.com: http://www.masque-de-fer.com/category/media/
cases/iron-mask/sources/masque-de-fer.com/conclusion.html,iron-mask,"page or image copied from masque-de-fer.com (Claude Dabos), still in copyright","page or image copied from masque-de-fer.com (Claude Dabos), still in copyright",masque-de-fer.com: http://www.masque-de-fer.com/enquete/conclusion/
cases/iron-mask/sources/masque-de-fer.com/conclusion.txt,iron-mask,"page or image copied from masque-de-fer.com (Claude Dabos), still in copyright","page or image copied from masque-de-fer.com (Claude Dabos), still in copyright",masque-de-fer.com: http://www.masque-de-fer.com/enquete/conclusion/
cases/iron-mask/sources/masque-de-fer.com/conference-a-rennes-les-bains.html,iron-mask,"page or image copied from masque-de-fer.com (Claude Dabos), still in copyright","page or image copied from masque-de-fer.com (Claude Dabos), still in copyright",masque-de-fer.com: http://www.masque-de-fer.com/2026/06/01/conference-a-rennes-les-bains/
cases/iron-mask/sources/masque-de-fer.com/conference-a-rennes-les-bains.txt,iron-mask,"page or image copied from masque-de-fer.com (Claude Dabos), still in copyright","page or image copied from masque-de-fer.com (Claude Dabos), still in copyright",masque-de-fer.com: http://www.masque-de-fer.com/2026/06/01/conference-a-rennes-les-bains/
cases/iron-mask/sources/masque-de-fer.com/conference-masque-de-fer-rennes-le-chateau-2021.html,iron-mask,"page or image copied from masque-de-fer.com (Claude Dabos), still in copyright","page or image copied from masque-de-fer.com (Claude Dabos), still in copyright",masque-de-fer.com: http://www.masque-de-fer.com/2021/09/21/conference-masque-de-fer-rennes-le-chateau-2021/
cases/iron-mask/sources/masque-de-fer.com/conference-masque-de-fer-rennes-le-chateau-2021.txt,iron-mask,"page or image copied from masque-de-fer.com (Claude Dabos), still in copyright","page or image copied from masque-de-fer.com (Claude Dabos), still in copyright",masque-de-fer.com: http://www.masque-de-fer.com/2021/09/21/conference-masque-de-fer-rennes-le-chateau-2021/
cases/iron-mask/sources/masque-de-fer.com/contact.html,iron-mask,"page or image copied from masque-de-fer.com (Claude Dabos), still in copyright","page or image copied from masque-de-fer.com (Claude Dabos), still in copyright",masque-de-fer.com: http://www.masque-de-fer.com/contact/
cases/iron-mask/sources/masque-de-fer.com/contact.txt,iron-mask,"page or image copied from masque-de-fer.com (Claude Dabos), still in copyright","page or image copied from masque-de-fer.com (Claude Dabos), still in copyright",masque-de-fer.com: http://www.masque-de-fer.com/contact/
cases/iron-mask/sources/masque-de-fer.com/diaporama-masque-de-fer.html,iron-mask,"page or image copied from masque-de-fer.com (Claude Dabos), still in copyright","page or image copied from masque-de-fer.com (Claude Dabos), still in copyright",masque-de-fer.com: http://www.masque-de-fer.com/2021/09/20/diaporama-masque-de-fer/
cases/iron-mask/sources/masque-de-fer.com/diaporama-masque-de-fer.txt,iron-mask,"page or image copied from masque-de-fer.com (Claude Dabos), still in copyright","page or image copied from masque-de-fer.com (Claude Dabos), still in copyright",masque-de-fer.com: http://www.masque-de-fer.com/2021/09/20/diaporama-masque-de-fer/
cases/iron-mask/sources/masque-de-fer.com/enigme.html,iron-mask,"page or image copied from masque-de-fer.com (Claude Dabos), still in copyright","page or image copied from masque-de-fer.com (Claude Dabos), still in copyright",masque-de-fer.com: http://www.masque-de-fer.com/enigme/
cases/iron-mask/sources/masque-de-fer.com/enigme.txt,iron-mask,"page or image copied from masque-de-fer.com (Claude Dabos), still in copyright","page or image copied from masque-de-fer.com (Claude Dabos), still in copyright",masque-de-fer.com: http://www.masque-de-fer.com/enigme/
cases/iron-mask/sources/masque-de-fer.com/enquete.html,iron-mask,"page or image copied from masque-de-fer.com (Claude Dabos), still in copyright","page or image copied from masque-de-fer.com (Claude Dabos), still in copyright",masque-de-fer.com: http://www.masque-de-fer.com/enquete/
cases/iron-mask/sources/masque-de-fer.com/enquete.txt,iron-mask,"page or image copied from masque-de-fer.com (Claude Dabos), still in copyright","page or image copied from masque-de-fer.com (Claude Dabos), still in copyright",masque-de-fer.com: http://www.masque-de-fer.com/enquete/
cases/iron-mask/sources/masque-de-fer.com/exilles-de-1681-a-1687.html,iron-mask,"page or image copied from masque-de-fer.com (Claude Dabos), still in copyright","page or image copied from masque-de-fer.com (Claude Dabos), still in copyright",masque-de-fer.com: http://www.masque-de-fer.com/enquete/exilles-de-1681-a-1687/
cases/iron-mask/sources/masque-de-fer.com/exilles-de-1681-a-1687.txt,iron-mask,"page or image copied from masque-de-fer.com (Claude Dabos), still in copyright","page or image copied from masque-de-fer.com (Claude Dabos), still in copyright",masque-de-fer.com: http://www.masque-de-fer.com/enquete/exilles-de-1681-a-1687/
cases/iron-mask/sources/masque-de-fer.com/fouquet-une-these-bien-vivace.html,iron-mask,"page or image copied from masque-de-fer.com (Claude Dabos), still in copyright","page or image copied from masque-de-fer.com (Claude Dabos), still in copyright",masque-de-fer.com: http://www.masque-de-fer.com/2025/08/13/fouquet-une-these-bien-vivace/
cases/iron-mask/sources/masque-de-fer.com/fouquet-une-these-bien-vivace.txt,iron-mask,"page or image copied from masque-de-fer.com (Claude Dabos), still in copyright","page or image copied from masque-de-fer.com (Claude Dabos), still in copyright",masque-de-fer.com: http://www.masque-de-fer.com/2025/08/13/fouquet-une-these-bien-vivace/
cases/iron-mask/sources/masque-de-fer.com/gazette-du-4-septembre-1687.html,iron-mask,"page or image copied from masque-de-fer.com (Claude Dabos), still in copyright","page or image copied from masque-de-fer.com (Claude Dabos), still in copyright",masque-de-fer.com: http://www.masque-de-fer.com/ressources/gazette-du-4-septembre-1687/
cases/iron-mask/sources/masque-de-fer.com/gazette-du-4-septembre-1687.txt,iron-mask,"page or image copied from masque-de-fer.com (Claude Dabos), still in copyright","page or image copied from masque-de-fer.com (Claude Dabos), still in copyright",masque-de-fer.com: http://www.masque-de-fer.com/ressources/gazette-du-4-septembre-1687/
cases/iron-mask/sources/masque-de-fer.com/images/1673_03_29.jpg,iron-mask,"page or image copied from masque-de-fer.com (Claude Dabos), still in copyright","page or image copied from masque-de-fer.com (Claude Dabos), still in copyright",masque-de-fer.com (document images): http://www.masque-de-fer.com/
cases/iron-mask/sources/masque-de-fer.com/images/1679_08_18.jpg,iron-mask,"page or image copied from masque-de-fer.com (Claude Dabos), still in copyright","page or image copied from masque-de-fer.com (Claude Dabos), still in copyright",masque-de-fer.com (document images): http://www.masque-de-fer.com/
cases/iron-mask/sources/masque-de-fer.com/images/1679_09_13.jpg,iron-mask,"page or image copied from masque-de-fer.com (Claude Dabos), still in copyright","page or image copied from masque-de-fer.com (Claude Dabos), still in copyright",masque-de-fer.com (document images): http://www.masque-de-fer.com/
cases/iron-mask/sources/masque-de-fer.com/images/1680_03_12.jpg,iron-mask,"page or image copied from masque-de-fer.com (Claude Dabos), still in copyright","page or image copied from masque-de-fer.com (Claude Dabos), still in copyright",masque-de-fer.com (document images): http://www.masque-de-fer.com/
cases/iron-mask/sources/masque-de-fer.com/images/1680_04_08_p1.jpg,iron-mask,"page or image copied from masque-de-fer.com (Claude Dabos), still in copyright","page or image copied from masque-de-fer.com (Claude Dabos), still in copyright",masque-de-fer.com (document images): http://www.masque-de-fer.com/
cases/iron-mask/sources/masque-de-fer.com/images/1680_04_08_p2.jpg,iron-mask,"page or image copied from masque-de-fer.com (Claude Dabos), still in copyright","page or image copied from masque-de-fer.com (Claude Dabos), still in copyright",masque-de-fer.com (document images): http://www.masque-de-fer.com/
cases/iron-mask/sources/masque-de-fer.com/images/1680_04_08_p3.jpg,iron-mask,"page or image copied from masque-de-fer.com (Claude Dabos), still in copyright","page or image copied from masque-de-fer.com (Claude Dabos), still in copyright",masque-de-fer.com (document images): http://www.masque-de-fer.com/
cases/iron-mask/sources/masque-de-fer.com/images/1680_04_08_p4.jpg,iron-mask,"page or image copied from masque-de-fer.com (Claude Dabos), still in copyright","page or image copied from masque-de-fer.com (Claude Dabos), still in copyright",masque-de-fer.com (document images): http://www.masque-de-fer.com/
cases/iron-mask/sources/masque-de-fer.com/images/1680_04_08_p5.jpg,iron-mask,"page or image copied from masque-de-fer.com (Claude Dabos), still in copyright","page or image copied from masque-de-fer.com (Claude Dabos), still in copyright",masque-de-fer.com (document images): http://www.masque-de-fer.com/
cases/iron-mask/sources/masque-de-fer.com/images/1687_04_18.jpg,iron-mask,"page or image copied from masque-de-fer.com (Claude Dabos), still in copyright","page or image copied from masque-de-fer.com (Claude Dabos), still in copyright",masque-de-fer.com (document images): http://www.masque-de-fer.com/
cases/iron-mask/sources/masque-de-fer.com/images/1687_09_04.jpg,iron-mask,"page or image copied from masque-de-fer.com (Claude Dabos), still in copyright","page or image copied from masque-de-fer.com (Claude Dabos), still in copyright",masque-de-fer.com (document images): http://www.masque-de-fer.com/
cases/iron-mask/sources/masque-de-fer.com/index.html,iron-mask,"page or image copied from masque-de-fer.com (Claude Dabos), still in copyright","page or image copied from masque-de-fer.com (Claude Dabos), still in copyright",masque-de-fer.com: http://www.masque-de-fer.com/
cases/iron-mask/sources/masque-de-fer.com/index.txt,iron-mask,"page or image copied from masque-de-fer.com (Claude Dabos), still in copyright","page or image copied from masque-de-fer.com (Claude Dabos), still in copyright",masque-de-fer.com: http://www.masque-de-fer.com/
cases/iron-mask/sources/masque-de-fer.com/la-these-eustache-danger.html,iron-mask,"page or image copied from masque-de-fer.com (Claude Dabos), still in copyright","page or image copied from masque-de-fer.com (Claude Dabos), still in copyright",masque-de-fer.com: http://www.masque-de-fer.com/enquete/la-these-eustache-danger/
cases/iron-mask/sources/masque-de-fer.com/la-these-eustache-danger.txt,iron-mask,"page or image copied from masque-de-fer.com (Claude Dabos), still in copyright","page or image copied from masque-de-fer.com (Claude Dabos), still in copyright",masque-de-fer.com: http://www.masque-de-fer.com/enquete/la-these-eustache-danger/
cases/iron-mask/sources/masque-de-fer.com/la-these-nicolas-fouquet.html,iron-mask,"page or image copied from masque-de-fer.com (Claude Dabos), still in copyright","page or image copied from masque-de-fer.com (Claude Dabos), still in copyright",masque-de-fer.com: http://www.masque-de-fer.com/enquete/la-these-nicolas-fouquet/
cases/iron-mask/sources/masque-de-fer.com/la-these-nicolas-fouquet.txt,iron-mask,"page or image copied from masque-de-fer.com (Claude Dabos), still in copyright","page or image copied from masque-de-fer.com (Claude Dabos), still in copyright",masque-de-fer.com: http://www.masque-de-fer.com/enquete/la-these-nicolas-fouquet/
cases/iron-mask/sources/masque-de-fer.com/le-8-avril-1680.html,iron-mask,"page or image copied from masque-de-fer.com (Claude Dabos), still in copyright","page or image copied from masque-de-fer.com (Claude Dabos), still in copyright",masque-de-fer.com: http://www.masque-de-fer.com/enquete/le-8-avril-1680/
cases/iron-mask/sources/masque-de-fer.com/le-8-avril-1680.txt,iron-mask,"page or image copied from masque-de-fer.com (Claude Dabos), still in copyright","page or image copied from masque-de-fer.com (Claude Dabos), still in copyright",masque-de-fer.com: http://www.masque-de-fer.com/enquete/le-8-avril-1680/
cases/iron-mask/sources/masque-de-fer.com/le-masque-de-fer-mon-enquete.html,iron-mask,"page or image copied from masque-de-fer.com (Claude Dabos), still in copyright","page or image copied from masque-de-fer.com (Claude Dabos), still in copyright",masque-de-fer.com: http://www.masque-de-fer.com/2026/07/07/le-masque-de-fer-mon-enquete/
cases/iron-mask/sources/masque-de-fer.com/le-masque-de-fer-mon-enquete.txt,iron-mask,"page or image copied from masque-de-fer.com (Claude Dabos), still in copyright","page or image copied from masque-de-fer.com (Claude Dabos), still in copyright",masque-de-fer.com: http://www.masque-de-fer.com/2026/07/07/le-masque-de-fer-mon-enquete/
cases/iron-mask/sources/masque-de-fer.com/le-parisien.html,iron-mask,"page or image copied from masque-de-fer.com (Claude Dabos), still in copyright","page or image copied from masque-de-fer.com (Claude Dabos), still in copyright",masque-de-fer.com: http://www.masque-de-fer.com/2016/11/20/le-parisien/
cases/iron-mask/sources/masque-de-fer.com/le-parisien.txt,iron-mask,"page or image copied from masque-de-fer.com (Claude Dabos), still in copyright","page or image copied from masque-de-fer.com (Claude Dabos), still in copyright",masque-de-fer.com: http://www.masque-de-fer.com/2016/11/20/le-parisien/
cases/iron-mask/sources/masque-de-fer.com/les-protagonistes-de-laffaire.html,iron-mask,"page or image copied from masque-de-fer.com (Claude Dabos), still in copyright","page or image copied from masque-de-fer.com (Claude Dabos), still in copyright",masque-de-fer.com: http://www.masque-de-fer.com/enquete/les-protagonistes-de-laffaire/
cases/iron-mask/sources/masque-de-fer.com/les-protagonistes-de-laffaire.txt,iron-mask,"page or image copied from masque-de-fer.com (Claude Dabos), still in copyright","page or image copied from masque-de-fer.com (Claude Dabos), still in copyright",masque-de-fer.com: http://www.masque-de-fer.com/enquete/les-protagonistes-de-laffaire/
cases/iron-mask/sources/masque-de-fer.com/les-secrets-de-nicolas-fouquet.html,iron-mask,"page or image copied from masque-de-fer.com (Claude Dabos), still in copyright","page or image copied from masque-de-fer.com (Claude Dabos), still in copyright",masque-de-fer.com: http://www.masque-de-fer.com/enquete/les-secrets-de-nicolas-fouquet/
cases/iron-mask/sources/masque-de-fer.com/les-secrets-de-nicolas-fouquet.txt,iron-mask,"page or image copied from masque-de-fer.com (Claude Dabos), still in copyright","page or image copied from masque-de-fer.com (Claude Dabos), still in copyright",masque-de-fer.com: http://www.masque-de-fer.com/enquete/les-secrets-de-nicolas-fouquet/
cases/iron-mask/sources/masque-de-fer.com/les-theses-actuelles.html,iron-mask,"page or image copied from masque-de-fer.com (Claude Dabos), still in copyright","page or image copied from masque-de-fer.com (Claude Dabos), still in copyright",masque-de-fer.com: http://www.masque-de-fer.com/enigme/les-theses-actuelles/
cases/iron-mask/sources/masque-de-fer.com/les-theses-actuelles.txt,iron-mask,"page or image copied from masque-de-fer.com (Claude Dabos), still in copyright","page or image copied from masque-de-fer.com (Claude Dabos), still in copyright",masque-de-fer.com: http://www.masque-de-fer.com/enigme/les-theses-actuelles/
cases/iron-mask/sources/masque-de-fer.com/lettre-du-11-mars-1682.html,iron-mask,"page or image copied from masque-de-fer.com (Claude Dabos), still in copyright","page or image copied from masque-de-fer.com (Claude Dabos), still in copyright",masque-de-fer.com: http://www.masque-de-fer.com/ressources/lettre-du-11-mars-1682/
cases/iron-mask/sources/masque-de-fer.com/lettre-du-11-mars-1682.txt,iron-mask,"page or image copied from masque-de-fer.com (Claude Dabos), still in copyright","page or image copied from masque-de-fer.com (Claude Dabos), still in copyright",masque-de-fer.com: http://www.masque-de-fer.com/ressources/lettre-du-11-mars-1682/
cases/iron-mask/sources/masque-de-fer.com/lettre-du-12-mai-1681.html,iron-mask,"page or image copied from masque-de-fer.com (Claude Dabos), still in copyright","page or image copied from masque-de-fer.com (Claude Dabos), still in copyright",masque-de-fer.com: http://www.masque-de-fer.com/ressources/lettre-du-12-mai-1681/
cases/iron-mask/sources/masque-de-fer.com/lettre-du-12-mai-1681.txt,iron-mask,"page or image copied from masque-de-fer.com (Claude Dabos), still in copyright","page or image copied from masque-de-fer.com (Claude Dabos), still in copyright",masque-de-fer.com: http://www.masque-de-fer.com/ressources/lettre-du-12-mai-1681/
cases/iron-mask/sources/masque-de-fer.com/lettre-du-12-mars-1680.html,iron-mask,"page or image copied from masque-de-fer.com (Claude Dabos), still in copyright","page or image copied from masque-de-fer.com (Claude Dabos), still in copyright",masque-de-fer.com: http://www.masque-de-fer.com/ressources/lettre-du-12-mars-1680/
cases/iron-mask/sources/masque-de-fer.com/lettre-du-12-mars-1680.txt,iron-mask,"page or image copied from masque-de-fer.com (Claude Dabos), still in copyright","page or image copied from masque-de-fer.com (Claude Dabos), still in copyright",masque-de-fer.com: http://www.masque-de-fer.com/ressources/lettre-du-12-mars-1680/
cases/iron-mask/sources/masque-de-fer.com/lettre-du-13-septembre-1679.html,iron-mask,"page or image copied from masque-de-fer.com (Claude Dabos), still in copyright","page or image copied from masque-de-fer.com (Claude Dabos), still in copyright",masque-de-fer.com: http://www.masque-de-fer.com/ressources/lettre-du-13-septembre-1679/
cases/iron-mask/sources/masque-de-fer.com/lettre-du-13-septembre-1679.txt,iron-mask,"page or image copied from masque-de-fer.com (Claude Dabos), still in copyright","page or image copied from masque-de-fer.com (Claude Dabos), still in copyright",masque-de-fer.com: http://www.masque-de-fer.com/ressources/lettre-du-13-septembre-1679/
cases/iron-mask/sources/masque-de-fer.com/lettre-du-14-janvier-1673-de-saint-mars-a-louvois.html,iron-mask,"page or image copied from masque-de-fer.com (Claude Dabos), still in copyright","page or image copied from masque-de-fer.com (Claude Dabos), still in copyright",masque-de-fer.com: http://www.masque-de-fer.com/ressources/lettre-du-14-janvier-1673-de-saint-mars-a-louvois/
cases/iron-mask/sources/masque-de-fer.com/lettre-du-14-janvier-1673-de-saint-mars-a-louvois.txt,iron-mask,"page or image copied from masque-de-fer.com (Claude Dabos), still in copyright","page or image copied from masque-de-fer.com (Claude Dabos), still in copyright",masque-de-fer.com: http://www.masque-de-fer.com/ressources/lettre-du-14-janvier-1673-de-saint-mars-a-louvois/
cases/iron-mask/sources/masque-de-fer.com/lettre-du-18-aout-1679.html,iron-mask,"page or image copied from masque-de-fer.com (Claude Dabos), still in copyright","page or image copied from masque-de-fer.com (Claude Dabos), still in copyright",masque-de-fer.com: http://www.masque-de-fer.com/ressources/lettre-du-18-aout-1679/
cases/iron-mask/sources/masque-de-fer.com/lettre-du-18-aout-1679.txt,iron-mask,"page or image copied from masque-de-fer.com (Claude Dabos), still in copyright","page or image copied from masque-de-fer.com (Claude Dabos), still in copyright",masque-de-fer.com: http://www.masque-de-fer.com/ressources/lettre-du-18-aout-1679/
cases/iron-mask/sources/masque-de-fer.com/lettre-du-18-avril-1687.html,iron-mask,"page or image copied from masque-de-fer.com (Claude Dabos), still in copyright","page or image copied from masque-de-fer.com (Claude Dabos), still in copyright",masque-de-fer.com: http://www.masque-de-fer.com/ressources/lettre-du-18-avril-1687/
cases/iron-mask/sources/masque-de-fer.com/lettre-du-18-avril-1687.txt,iron-mask,"page or image copied from masque-de-fer.com (Claude Dabos), still in copyright","page or image copied from masque-de-fer.com (Claude Dabos), still in copyright",masque-de-fer.com: http://www.masque-de-fer.com/ressources/lettre-du-18-avril-1687/
cases/iron-mask/sources/masque-de-fer.com/lettre-du-18-decembre-1675.html,iron-mask,"page or image copied from masque-de-fer.com (Claude Dabos), still in copyright","page or image copied from masque-de-fer.com (Claude Dabos), still in copyright",masque-de-fer.com: http://www.masque-de-fer.com/ressources/lettre-du-18-decembre-1675/
cases/iron-mask/sources/masque-de-fer.com/lettre-du-18-decembre-1675.txt,iron-mask,"page or image copied from masque-de-fer.com (Claude Dabos), still in copyright","page or image copied from masque-de-fer.com (Claude Dabos), still in copyright",masque-de-fer.com: http://www.masque-de-fer.com/ressources/lettre-du-18-decembre-1675/
cases/iron-mask/sources/masque-de-fer.com/lettre-du-2-mars-1682.html,iron-mask,"page or image copied from masque-de-fer.com (Claude Dabos), still in copyright","page or image copied from masque-de-fer.com (Claude Dabos), still in copyright",masque-de-fer.com: http://www.masque-de-fer.com/ressources/lettre-du-2-mars-1682/
cases/iron-mask/sources/masque-de-fer.com/lettre-du-2-mars-1682.txt,iron-mask,"page or image copied from masque-de-fer.com (Claude Dabos), still in copyright","page or image copied from masque-de-fer.com (Claude Dabos), still in copyright",masque-de-fer.com: http://www.masque-de-fer.com/ressources/lettre-du-2-mars-1682/
cases/iron-mask/sources/masque-de-fer.com/lettre-du-27-janvier-1680.html,iron-mask,"page or image copied from masque-de-fer.com (Claude Dabos), still in copyright","page or image copied from masque-de-fer.com (Claude Dabos), still in copyright",masque-de-fer.com: http://www.masque-de-fer.com/ressources/lettre-du-27-janvier-1680/
cases/iron-mask/sources/masque-de-fer.com/lettre-du-27-janvier-1680.txt,iron-mask,"page or image copied from masque-de-fer.com (Claude Dabos), still in copyright","page or image copied from masque-de-fer.com (Claude Dabos), still in copyright",masque-de-fer.com: http://www.masque-de-fer.com/ressources/lettre-du-27-janvier-1680/
cases/iron-mask/sources/masque-de-fer.com/lettre-du-29-mars-1673.html,iron-mask,"page or image copied from masque-de-fer.com (Claude Dabos), still in copyright","page or image copied from masque-de-fer.com (Claude Dabos), still in copyright",masque-de-fer.com: http://www.masque-de-fer.com/ressources/lettre-du-29-mars-1673/
cases/iron-mask/sources/masque-de-fer.com/lettre-du-29-mars-1673.txt,iron-mask,"page or image copied from masque-de-fer.com (Claude Dabos), still in copyright","page or image copied from masque-de-fer.com (Claude Dabos), still in copyright",masque-de-fer.com: http://www.masque-de-fer.com/ressources/lettre-du-29-mars-1673/
cases/iron-mask/sources/masque-de-fer.com/lettre-du-8-avril-1680.html,iron-mask,"page or image copied from masque-de-fer.com (Claude Dabos), still in copyright","page or image copied from masque-de-fer.com (Claude Dabos), still in copyright",masque-de-fer.com: http://www.masque-de-fer.com/ressources/lettre-du-8-avril-1680/
cases/iron-mask/sources/masque-de-fer.com/lettre-du-8-avril-1680.txt,iron-mask,"page or image copied from masque-de-fer.com (Claude Dabos), still in copyright","page or image copied from masque-de-fer.com (Claude Dabos), still in copyright",masque-de-fer.com: http://www.masque-de-fer.com/ressources/lettre-du-8-avril-1680/
cases/iron-mask/sources/masque-de-fer.com/lettres-de-fevrier-et-mars-1673.html,iron-mask,"page or image copied from masque-de-fer.com (Claude Dabos), still in copyright","page or image copied from masque-de-fer.com (Claude Dabos), still in copyright",masque-de-fer.com: http://www.masque-de-fer.com/ressources/lettres-de-fevrier-et-mars-1673/
cases/iron-mask/sources/masque-de-fer.com/lettres-de-fevrier-et-mars-1673.txt,iron-mask,"page or image copied from masque-de-fer.com (Claude Dabos), still in copyright","page or image copied from masque-de-fer.com (Claude Dabos), still in copyright",masque-de-fer.com: http://www.masque-de-fer.com/ressources/lettres-de-fevrier-et-mars-1673/
cases/iron-mask/sources/masque-de-fer.com/lile-sainte-marguerite.html,iron-mask,"page or image copied from masque-de-fer.com (Claude Dabos), still in copyright","page or image copied from masque-de-fer.com (Claude Dabos), still in copyright",masque-de-fer.com: http://www.masque-de-fer.com/enquete/lile-sainte-marguerite/
cases/iron-mask/sources/masque-de-fer.com/lile-sainte-marguerite.txt,iron-mask,"page or image copied from masque-de-fer.com (Claude Dabos), still in copyright","page or image copied from masque-de-fer.com (Claude Dabos), still in copyright",masque-de-fer.com: http://www.masque-de-fer.com/enquete/lile-sainte-marguerite/
cases/iron-mask/sources/masque-de-fer.com/masque-de-velours-et-masque-de-fer.html,iron-mask,"page or image copied from masque-de-fer.com (Claude Dabos), still in copyright","page or image copied from masque-de-fer.com (Claude Dabos), still in copyright",masque-de-fer.com: http://www.masque-de-fer.com/2025/09/27/masque-de-velours-et-masque-de-fer/
cases/iron-mask/sources/masque-de-fer.com/masque-de-velours-et-masque-de-fer.txt,iron-mask,"page or image copied from masque-de-fer.com (Claude Dabos), still in copyright","page or image copied from masque-de-fer.com (Claude Dabos), still in copyright",masque-de-fer.com: http://www.masque-de-fer.com/2025/09/27/masque-de-velours-et-masque-de-fer/
cases/iron-mask/sources/masque-de-fer.com/mon-livre.html,iron-mask,"page or image copied from masque-de-fer.com (Claude Dabos), still in copyright","page or image copied from masque-de-fer.com (Claude Dabos), still in copyright",masque-de-fer.com: http://www.masque-de-fer.com/mon-livre/
cases/iron-mask/sources/masque-de-fer.com/mon-livre.txt,iron-mask,"page or image copied from masque-de-fer.com (Claude Dabos), still in copyright","page or image copied from masque-de-fer.com (Claude Dabos), still in copyright",masque-de-fer.com: http://www.masque-de-fer.com/mon-livre/
cases/iron-mask/sources/masque-de-fer.com/nice-matin-22-septembre-2024.html,iron-mask,"page or image copied from masque-de-fer.com (Claude Dabos), still in copyright","page or image copied from masque-de-fer.com (Claude Dabos), still in copyright",masque-de-fer.com: http://www.masque-de-fer.com/2024/09/27/nice-matin-22-septembre-2024/
cases/iron-mask/sources/masque-de-fer.com/nice-matin-22-septembre-2024.txt,iron-mask,"page or image copied from masque-de-fer.com (Claude Dabos), still in copyright","page or image copied from masque-de-fer.com (Claude Dabos), still in copyright",masque-de-fer.com: http://www.masque-de-fer.com/2024/09/27/nice-matin-22-septembre-2024/
cases/iron-mask/sources/masque-de-fer.com/nice-matin-4-septembre-2005.html,iron-mask,"page or image copied from masque-de-fer.com (Claude Dabos), still in copyright","page or image copied from masque-de-fer.com (Claude Dabos), still in copyright",masque-de-fer.com: http://www.masque-de-fer.com/2016/11/20/nice-matin-4-septembre-2005/
cases/iron-mask/sources/masque-de-fer.com/nice-matin-4-septembre-2005.txt,iron-mask,"page or image copied from masque-de-fer.com (Claude Dabos), still in copyright","page or image copied from masque-de-fer.com (Claude Dabos), still in copyright",masque-de-fer.com: http://www.masque-de-fer.com/2016/11/20/nice-matin-4-septembre-2005/
cases/iron-mask/sources/masque-de-fer.com/nice-matin-mars-2004.html,iron-mask,"page or image copied from masque-de-fer.com (Claude Dabos), still in copyright","page or image copied from masque-de-fer.com (Claude Dabos), still in copyright",masque-de-fer.com: http://www.masque-de-fer.com/2016/11/20/nice-matin-mars-2004/
cases/iron-mask/sources/masque-de-fer.com/nice-matin-mars-2004.txt,iron-mask,"page or image copied from masque-de-fer.com (Claude Dabos), still in copyright","page or image copied from masque-de-fer.com (Claude Dabos), still in copyright",masque-de-fer.com: http://www.masque-de-fer.com/2016/11/20/nice-matin-mars-2004/
cases/iron-mask/sources/masque-de-fer.com/page__2.html,iron-mask,"page or image copied from masque-de-fer.com (Claude Dabos), still in copyright","page or image copied from masque-de-fer.com (Claude Dabos), still in copyright",masque-de-fer.com: http://www.masque-de-fer.com/page/2/
cases/iron-mask/sources/masque-de-fer.com/page__2.txt,iron-mask,"page or image copied from masque-de-fer.com (Claude Dabos), still in copyright","page or image copied from masque-de-fer.com (Claude Dabos), still in copyright",masque-de-fer.com: http://www.masque-de-fer.com/page/2/
cases/iron-mask/sources/masque-de-fer.com/parcours-historique-a-vaux-le-vicomte.html,iron-mask,"page or image copied from masque-de-fer.com (Claude Dabos), still in copyright","page or image copied from masque-de-fer.com (Claude Dabos), still in copyright",masque-de-fer.com: http://www.masque-de-fer.com/2025/07/26/parcours-historique-a-vaux-le-vicomte/
cases/iron-mask/sources/masque-de-fer.com/parcours-historique-a-vaux-le-vicomte.txt,iron-mask,"page or image copied from masque-de-fer.com (Claude Dabos), still in copyright","page or image copied from masque-de-fer.com (Claude Dabos), still in copyright",masque-de-fer.com: http://www.masque-de-fer.com/2025/07/26/parcours-historique-a-vaux-le-vicomte/
cases/iron-mask/sources/masque-de-fer.com/pignerol-de-1666-a-1680.html,iron-mask,"page or image copied from masque-de-fer.com (Claude Dabos), still in copyright","page or image copied from masque-de-fer.com (Claude Dabos), still in copyright",masque-de-fer.com: http://www.masque-de-fer.com/enquete/pignerol-de-1666-a-1680/
cases/iron-mask/sources/masque-de-fer.com/pignerol-de-1666-a-1680.txt,iron-mask,"page or image copied from masque-de-fer.com (Claude Dabos), still in copyright","page or image copied from masque-de-fer.com (Claude Dabos), still in copyright",masque-de-fer.com: http://www.masque-de-fer.com/enquete/pignerol-de-1666-a-1680/
cases/iron-mask/sources/masque-de-fer.com/presentation-2.html,iron-mask,"page or image copied from masque-de-fer.com (Claude Dabos), still in copyright","page or image copied from masque-de-fer.com (Claude Dabos), still in copyright",masque-de-fer.com: http://www.masque-de-fer.com/presentation/
cases/iron-mask/sources/masque-de-fer.com/presentation-2.txt,iron-mask,"page or image copied from masque-de-fer.com (Claude Dabos), still in copyright","page or image copied from masque-de-fer.com (Claude Dabos), still in copyright",masque-de-fer.com: http://www.masque-de-fer.com/presentation/
cases/iron-mask/sources/masque-de-fer.com/presentation.html,iron-mask,"page or image copied from masque-de-fer.com (Claude Dabos), still in copyright","page or image copied from masque-de-fer.com (Claude Dabos), still in copyright",masque-de-fer.com: http://www.masque-de-fer.com/2016/11/20/presentation/
cases/iron-mask/sources/masque-de-fer.com/presentation.txt,iron-mask,"page or image copied from masque-de-fer.com (Claude Dabos), still in copyright","page or image copied from masque-de-fer.com (Claude Dabos), still in copyright",masque-de-fer.com: http://www.masque-de-fer.com/2016/11/20/presentation/
cases/iron-mask/sources/masque-de-fer.com/qui-est-le-masque-de-fer.html,iron-mask,"page or image copied from masque-de-fer.com (Claude Dabos), still in copyright","page or image copied from masque-de-fer.com (Claude Dabos), still in copyright",masque-de-fer.com: http://www.masque-de-fer.com/enquete/qui-est-le-masque-de-fer/
cases/iron-mask/sources/masque-de-fer.com/qui-est-le-masque-de-fer.txt,iron-mask,"page or image copied from masque-de-fer.com (Claude Dabos), still in copyright","page or image copied from masque-de-fer.com (Claude Dabos), still in copyright",masque-de-fer.com: http://www.masque-de-fer.com/enquete/qui-est-le-masque-de-fer/
cases/iron-mask/sources/masque-de-fer.com/qui-suis-je.html,iron-mask,"page or image copied from masque-de-fer.com (Claude Dabos), still in copyright","page or image copied from masque-de-fer.com (Claude Dabos), still in copyright",masque-de-fer.com: http://www.masque-de-fer.com/qui-suis-je/
cases/iron-mask/sources/masque-de-fer.com/qui-suis-je.txt,iron-mask,"page or image copied from masque-de-fer.com (Claude Dabos), still in copyright","page or image copied from masque-de-fer.com (Claude Dabos), still in copyright",masque-de-fer.com: http://www.masque-de-fer.com/qui-suis-je/
cases/iron-mask/sources/masque-de-fer.com/ressources.html,iron-mask,"page or image copied from masque-de-fer.com (Claude Dabos), still in copyright","page or image copied from masque-de-fer.com (Claude Dabos), still in copyright",masque-de-fer.com: http://www.masque-de-fer.com/ressources/
cases/iron-mask/sources/masque-de-fer.com/ressources.txt,iron-mask,"page or image copied from masque-de-fer.com (Claude Dabos), still in copyright","page or image copied from masque-de-fer.com (Claude Dabos), still in copyright",masque-de-fer.com: http://www.masque-de-fer.com/ressources/
cases/iron-mask/sources/masque-de-fer.com/un-blog-pour-debattre.html,iron-mask,"page or image copied from masque-de-fer.com (Claude Dabos), still in copyright","page or image copied from masque-de-fer.com (Claude Dabos), still in copyright",masque-de-fer.com: http://www.masque-de-fer.com/2025/03/26/un-blog-pour-debattre/
cases/iron-mask/sources/masque-de-fer.com/un-blog-pour-debattre.txt,iron-mask,"page or image copied from masque-de-fer.com (Claude Dabos), still in copyright","page or image copied from masque-de-fer.com (Claude Dabos), still in copyright",masque-de-fer.com: http://www.masque-de-fer.com/2025/03/26/un-blog-pour-debattre/
cases/iron-mask/sources/mongredien1953_xviie_siecle_17-18.txt,iron-mask,"book, article, review, publisher page, search excerpt or web page still in copyright","book, article, review, publisher page, search excerpt or web page still in copyright","no URL recorded; the file name gives the source: ""mongredien1953 xviie siecle 17 18"""
cases/iron-mask/sources/mongredien_1952_gallica_raw.json,iron-mask,"book, article, review, publisher page, search excerpt or web page still in copyright","book, article, review, publisher page, search excerpt or web page still in copyright","no URL recorded; the file name gives the source: ""mongredien 1952 gallica raw"""
cases/iron-mask/sources/mongredien_1952_gallica_toc.xml,iron-mask,"book, article, review, publisher page, search excerpt or web page still in copyright","book, article, review, publisher page, search excerpt or web page still in copyright","no URL recorded; the file name gives the source: ""mongredien 1952 gallica toc"""
cases/iron-mask/sources/mongredien_1952_snippets.md,iron-mask,"book, article, review, publisher page, search excerpt or web page still in copyright","book, article, review, publisher page, search excerpt or web page still in copyright","no URL recorded; the file name gives the source: ""mongredien 1952 snippets"""
cases/iron-mask/sources/mongredien_1952_table_des_matieres.txt,iron-mask,"book, article, review, publisher page, search excerpt or web page still in copyright","book, article, review, publisher page, search excerpt or web page still in copyright","no URL recorded; the file name gives the source: ""mongredien 1952 table des matieres"""
cases/iron-mask/sources/mongredien_1953_xviie_siecle_deux_documents_inedits_extract.txt,iron-mask,"book, article, review, publisher page, search excerpt or web page still in copyright","book, article, review, publisher page, search excerpt or web page still in copyright","no URL recorded; the file name gives the source: ""mongredien 1953 xviie siecle deux documents inedits extract"""
cases/iron-mask/sources/noone_1988_chapter_title_queries.json,iron-mask,"book, article, review, publisher page, search excerpt or web page still in copyright","book, article, review, publisher page, search excerpt or web page still in copyright","no URL recorded; the file name gives the source: ""noone 1988 chapter title queries"""
cases/iron-mask/sources/noone_1988_rev1994_followup_fts_raw.json,iron-mask,"book, article, review, publisher page, search excerpt or web page still in copyright","book, article, review, publisher page, search excerpt or web page still in copyright","no URL recorded; the file name gives the source: ""noone 1988 rev1994 followup fts raw"""
cases/iron-mask/sources/noone_1988_rev1994_followup_snippets.md,iron-mask,"book, article, review, publisher page, search excerpt or web page still in copyright","book, article, review, publisher page, search excerpt or web page still in copyright","no URL recorded; the file name gives the source: ""noone 1988 rev1994 followup snippets"""
cases/iron-mask/sources/noone_1988_rev1994_fts_raw.json,iron-mask,"book, article, review, publisher page, search excerpt or web page still in copyright","book, article, review, publisher page, search excerpt or web page still in copyright",http://pignerol.altervista.org/indici.htm
cases/iron-mask/sources/noone_1988_rev1994_snippets.md,iron-mask,"book, article, review, publisher page, search excerpt or web page still in copyright","book, article, review, publisher page, search excerpt or web page still in copyright",http://pignerol.altervista.org/indici.htm
cases/iron-mask/sources/petitfils_1970_reviews_and_periodicals_fts_snippets.md,iron-mask,"book, article, review, publisher page, search excerpt or web page still in copyright","book, article, review, publisher page, search excerpt or web page still in copyright","no URL recorded; the file name gives the source: ""petitfils 1970 reviews and periodicals fts snippets"""
cases/iron-mask/sources/petitfils_2003_ia_item_fts_test.json,iron-mask,"book, article, review, publisher page, search excerpt or web page still in copyright","book, article, review, publisher page, search excerpt or web page still in copyright","no URL recorded; the file name gives the source: ""petitfils 2003 ia item fts test"""
cases/iron-mask/sources/petitfils_2004_followup2_fts_raw.json,iron-mask,"book, article, review, publisher page, search excerpt or web page still in copyright","book, article, review, publisher page, search excerpt or web page still in copyright","no URL recorded; the file name gives the source: ""petitfils 2004 followup2 fts raw"""
cases/iron-mask/sources/petitfils_2004_followup2_snippets.md,iron-mask,"book, article, review, publisher page, search excerpt or web page still in copyright","book, article, review, publisher page, search excerpt or web page still in copyright","no URL recorded; the file name gives the source: ""petitfils 2004 followup2 snippets"""
cases/iron-mask/sources/petitfils_2004_followup_snippets_raw.txt,iron-mask,"book, article, review, publisher page, search excerpt or web page still in copyright","book, article, review, publisher page, search excerpt or web page still in copyright","no URL recorded; the file name gives the source: ""petitfils 2004 followup snippets raw"""
cases/iron-mask/sources/petitfils_2004_fts_raw.json,iron-mask,"book, article, review, publisher page, search excerpt or web page still in copyright","book, article, review, publisher page, search excerpt or web page still in copyright",http://pignerol.altervista.org/indici.htm
cases/iron-mask/sources/petitfils_2004_snippets.md,iron-mask,"book, article, review, publisher page, search excerpt or web page still in copyright","book, article, review, publisher page, search excerpt or web page still in copyright",http://pignerol.altervista.org/indici.htm
cases/iron-mask/sources/petitfils_2004_toc_and_chapter_title_queries.json,iron-mask,"book, article, review, publisher page, search excerpt or web page still in copyright","book, article, review, publisher page, search excerpt or web page still in copyright","no URL recorded; the file name gives the source: ""petitfils 2004 toc and chapter title queries"""
cases/iron-mask/sources/pinerolo_1991_colloquium_followup_fts_raw.json,iron-mask,"book, article, review, publisher page, search excerpt or web page still in copyright","book, article, review, publisher page, search excerpt or web page still in copyright","no URL recorded; the file name gives the source: ""pinerolo 1991 colloquium followup fts raw"""
cases/iron-mask/sources/pinerolo_1991_colloquium_followup_snippets.md,iron-mask,"book, article, review, publisher page, search excerpt or web page still in copyright","book, article, review, publisher page, search excerpt or web page still in copyright","no URL recorded; the file name gives the source: ""pinerolo 1991 colloquium followup snippets"""
cases/iron-mask/sources/pinerolo_1991_colloquium_fts_raw.json,iron-mask,"book, article, review, publisher page, search excerpt or web page still in copyright","book, article, review, publisher page, search excerpt or web page still in copyright",http://pignerol.altervista.org/indici.htm
cases/iron-mask/sources/pinerolo_1991_colloquium_proceedings_snippets.md,iron-mask,"book, article, review, publisher page, search excerpt or web page still in copyright","book, article, review, publisher page, search excerpt or web page still in copyright",http://pignerol.altervista.org/indici.htm
cases/iron-mask/sources/review_genet_hnet_2004_petitfils.txt,iron-mask,"book, article, review, publisher page, search excerpt or web page still in copyright","book, article, review, publisher page, search excerpt or web page still in copyright","no URL recorded; the file name gives the source: ""review genet hnet 2004 petitfils"""
cases/iron-mask/sources/review_publishersweekly_2015_sonnino.txt,iron-mask,"book, article, review, publisher page, search excerpt or web page still in copyright","book, article, review, publisher page, search excerpt or web page still in copyright",https://h-france.net/vol16reviews/vol16no258Ruff.pdf
cases/iron-mask/sources/review_publishersweekly_2021_wilkinson.txt,iron-mask,"book, article, review, publisher page, search excerpt or web page still in copyright","book, article, review, publisher page, search excerpt or web page still in copyright","no URL recorded; the file name gives the source: ""review publishersweekly 2021 wilkinson"""
cases/iron-mask/sources/review_ruff_hfrance_2016_sonnino.pdf,iron-mask,"book, article, review, publisher page, search excerpt or web page still in copyright","book, article, review, publisher page, search excerpt or web page still in copyright","no URL recorded; the file name gives the source: ""review ruff hfrance 2016 sonnino"""
cases/iron-mask/sources/review_ruff_hfrance_2016_sonnino.txt,iron-mask,"book, article, review, publisher page, search excerpt or web page still in copyright","book, article, review, publisher page, search excerpt or web page still in copyright","no URL recorded; the file name gives the source: ""review ruff hfrance 2016 sonnino"""
cases/iron-mask/sources/review_venturino_2005_dhs37_petitfils_complete_pp645-646.txt,iron-mask,"book, article, review, publisher page, search excerpt or web page still in copyright","book, article, review, publisher page, search excerpt or web page still in copyright",https://www.persee.fr/doc/dhs_0070-6760_2005_num_37_1_2699_t1_0645_0000_2
cases/iron-mask/sources/review_venturino_persee_2005_petitfils.txt,iron-mask,"book, article, review, publisher page, search excerpt or web page still in copyright","book, article, review, publisher page, search excerpt or web page still in copyright",https://www.persee.fr/doc/dhs_0070-6760_2005_num_37_1_2699_t1_0645_0000_2
cases/iron-mask/sources/ruff2016_hfrance_review_sonnino.pdf,iron-mask,"book, article, review, publisher page, search excerpt or web page still in copyright","book, article, review, publisher page, search excerpt or web page still in copyright",https://h-france.net/vol16reviews/vol16no258Ruff.pdf
cases/iron-mask/sources/ruff2016_hfrance_review_sonnino.txt,iron-mask,"book, article, review, publisher page, search excerpt or web page still in copyright","book, article, review, publisher page, search excerpt or web page still in copyright",https://h-france.net/vol16reviews/vol16no258Ruff.pdf
cases/iron-mask/sources/societa_storica_pinerolese_bollettino_indici.txt,iron-mask,"book, article, review, publisher page, search excerpt or web page still in copyright","book, article, review, publisher page, search excerpt or web page still in copyright","no URL recorded; the file name gives the source: ""societa storica pinerolese bollettino indici"""
cases/iron-mask/sources/sonnino_1998_deseret_news_nyt_news_service_interview.txt,iron-mask,"book, article, review, publisher page, search excerpt or web page still in copyright","book, article, review, publisher page, search excerpt or web page still in copyright",https://www.deseret.com/1998/3/30/19371758/california-historian-hopes-to-find-truth-behind-french-iron-mask/
cases/iron-mask/sources/sonnino_2014_fhs_three_testaments_abstract_crossref.txt,iron-mask,"book, article, review, publisher page, search excerpt or web page still in copyright","book, article, review, publisher page, search excerpt or web page still in copyright","no URL recorded; the file name gives the source: ""sonnino 2014 fhs three testaments abstract crossref"""
cases/iron-mask/sources/sonnino_2016-2017_press_and_review_summaries_parrott_noozhawk.txt,iron-mask,"book, article, review, publisher page, search excerpt or web page still in copyright","book, article, review, publisher page, search excerpt or web page still in copyright",https://h-france.net/vol16reviews/vol16no258Ruff.pdf
cases/iron-mask/sources/sonnino_2016_chapter_title_queries.json,iron-mask,"book, article, review, publisher page, search excerpt or web page still in copyright","book, article, review, publisher page, search excerpt or web page still in copyright","no URL recorded; the file name gives the source: ""sonnino 2016 chapter title queries"""
cases/iron-mask/sources/sonnino_2016_followup_fts_raw.json,iron-mask,"book, article, review, publisher page, search excerpt or web page still in copyright","book, article, review, publisher page, search excerpt or web page still in copyright","no URL recorded; the file name gives the source: ""sonnino 2016 followup fts raw"""
cases/iron-mask/sources/sonnino_2016_followup_snippets.md,iron-mask,"book, article, review, publisher page, search excerpt or web page still in copyright","book, article, review, publisher page, search excerpt or web page still in copyright","no URL recorded; the file name gives the source: ""sonnino 2016 followup snippets"""
cases/iron-mask/sources/sonnino_2016_fts_raw.json,iron-mask,"book, article, review, publisher page, search excerpt or web page still in copyright","book, article, review, publisher page, search excerpt or web page still in copyright",https://h-france.net/vol16reviews/vol16no258Ruff.pdf
cases/iron-mask/sources/sonnino_2016_livescience_interview.txt,iron-mask,"book, article, review, publisher page, search excerpt or web page still in copyright","book, article, review, publisher page, search excerpt or web page still in copyright","no URL recorded; the file name gives the source: ""sonnino 2016 livescience interview"""
cases/iron-mask/sources/sonnino_2016_rowman_publisher_page_wayback2021.txt,iron-mask,"book, article, review, publisher page, search excerpt or web page still in copyright","book, article, review, publisher page, search excerpt or web page still in copyright","no URL recorded; the file name gives the source: ""sonnino 2016 rowman publisher page wayback2021"""
cases/iron-mask/sources/sonnino_2016_snippets.md,iron-mask,"book, article, review, publisher page, search excerpt or web page still in copyright","book, article, review, publisher page, search excerpt or web page still in copyright",https://h-france.net/vol16reviews/vol16no258Ruff.pdf
cases/iron-mask/sources/sonnino_2016_ucsb_current_interview.txt,iron-mask,"book, article, review, publisher page, search excerpt or web page still in copyright","book, article, review, publisher page, search excerpt or web page still in copyright","no URL recorded; the file name gives the source: ""sonnino 2016 ucsb current interview"""
cases/iron-mask/sources/sonnino_2016_ucsb_history_dept_interview.txt,iron-mask,"book, article, review, publisher page, search excerpt or web page still in copyright","book, article, review, publisher page, search excerpt or web page still in copyright","no URL recorded; the file name gives the source: ""sonnino 2016 ucsb history dept interview"""
cases/iron-mask/sources/sonnino_cv_2016_ucsb.txt,iron-mask,"book, article, review, publisher page, search excerpt or web page still in copyright","book, article, review, publisher page, search excerpt or web page still in copyright","no URL recorded; the file name gives the source: ""sonnino cv 2016 ucsb"""
cases/iron-mask/sources/thompson_1987_contents_queries.json,iron-mask,"book, article, review, publisher page, search excerpt or web page still in copyright","book, article, review, publisher page, search excerpt or web page still in copyright","no URL recorded; the file name gives the source: ""thompson 1987 contents queries"""
cases/iron-mask/sources/thompson_1987_followup_fts_raw.json,iron-mask,"book, article, review, publisher page, search excerpt or web page still in copyright","book, article, review, publisher page, search excerpt or web page still in copyright","no URL recorded; the file name gives the source: ""thompson 1987 followup fts raw"""
cases/iron-mask/sources/thompson_1987_followup_snippets.md,iron-mask,"book, article, review, publisher page, search excerpt or web page still in copyright","book, article, review, publisher page, search excerpt or web page still in copyright","no URL recorded; the file name gives the source: ""thompson 1987 followup snippets"""
cases/iron-mask/sources/thompson_1987_fts_raw.json,iron-mask,"book, article, review, publisher page, search excerpt or web page still in copyright","book, article, review, publisher page, search excerpt or web page still in copyright","no URL recorded; the file name gives the source: ""thompson 1987 fts raw"""
cases/iron-mask/sources/thompson_1987_snippets.md,iron-mask,"book, article, review, publisher page, search excerpt or web page still in copyright","book, article, review, publisher page, search excerpt or web page still in copyright","no URL recorded; the file name gives the source: ""thompson 1987 snippets"""
cases/iron-mask/sources/thompson_1987_solution_chapter_queries.txt,iron-mask,"book, article, review, publisher page, search excerpt or web page still in copyright","book, article, review, publisher page, search excerpt or web page still in copyright","no URL recorded; the file name gives the source: ""thompson 1987 solution chapter queries"""
cases/iron-mask/sources/wilkinson_2021_amberley_publisher_page.txt,iron-mask,"book, article, review, publisher page, search excerpt or web page still in copyright","book, article, review, publisher page, search excerpt or web page still in copyright","no URL recorded; the file name gives the source: ""wilkinson 2021 amberley publisher page"""
cases/iron-mask/sources/wilkinson_2021_chapter_title_queries.json,iron-mask,"book, article, review, publisher page, search excerpt or web page still in copyright","book, article, review, publisher page, search excerpt or web page still in copyright","no URL recorded; the file name gives the source: ""wilkinson 2021 chapter title queries"""
cases/iron-mask/sources/wilkinson_2021_followup_fts_raw.json,iron-mask,"book, article, review, publisher page, search excerpt or web page still in copyright","book, article, review, publisher page, search excerpt or web page still in copyright","no URL recorded; the file name gives the source: ""wilkinson 2021 followup fts raw"""
cases/iron-mask/sources/wilkinson_2021_followup_snippets.md,iron-mask,"book, article, review, publisher page, search excerpt or web page still in copyright","book, article, review, publisher page, search excerpt or web page still in copyright","no URL recorded; the file name gives the source: ""wilkinson 2021 followup snippets"""
cases/iron-mask/sources/wilkinson_2021_fts_raw.json,iron-mask,"book, article, review, publisher page, search excerpt or web page still in copyright","book, article, review, publisher page, search excerpt or web page still in copyright","no URL recorded; the file name gives the source: ""wilkinson 2021 fts raw"""
cases/iron-mask/sources/wilkinson_2021_pegasus_publisher_page_with_review_blurbs.txt,iron-mask,"book, article, review, publisher page, search excerpt or web page still in copyright","book, article, review, publisher page, search excerpt or web page still in copyright","no URL recorded; the file name gives the source: ""wilkinson 2021 pegasus publisher page with review blurbs"""
cases/iron-mask/sources/wilkinson_2021_snippets.md,iron-mask,"book, article, review, publisher page, search excerpt or web page still in copyright","book, article, review, publisher page, search excerpt or web page still in copyright","no URL recorded; the file name gives the source: ""wilkinson 2021 snippets"""
cases/iron-mask/sources/xviie_siecle_1953_nos17-18_full_issue_djvu.txt,iron-mask,"book, article, review, publisher page, search excerpt or web page still in copyright","book, article, review, publisher page, search excerpt or web page still in copyright","no URL recorded; the file name gives the source: ""xviie siecle 1953 nos17 18 full issue djvu"""
cases/meriwether-lewis/sources/medical/pubmed_abstracts_forensic_and_lewis.txt,meriwether-lewis,article or abstract still in copyright (We Proceeded On,article or abstract still in copyright (We Proceeded On; Ravenholt; PubMed),https://pubmed.ncbi.nlm.nih.gov/
cases/meriwether-lewis/sources/medical/pubmed_abstracts_forensic_batch2.txt,meriwether-lewis,article or abstract still in copyright (We Proceeded On,article or abstract still in copyright (We Proceeded On; Ravenholt; PubMed),https://pubmed.ncbi.nlm.nih.gov/
cases/meriwether-lewis/sources/medical/ravenholt_1994_triumph_then_despair_author_copy.txt,meriwether-lewis,article or abstract still in copyright (We Proceeded On,article or abstract still in copyright (We Proceeded On; Ravenholt; PubMed),"no URL recorded; the file name gives the source: ""ravenholt 1994 triumph then despair author copy"""
cases/meriwether-lewis/sources/medical/ravenholt_1999_self_destruction_natchez_trace.txt,meriwether-lewis,article or abstract still in copyright (We Proceeded On,article or abstract still in copyright (We Proceeded On; Ravenholt; PubMed),"no URL recorded; the file name gives the source: ""ravenholt 1999 self destruction natchez trace"""
cases/meriwether-lewis/sources/medical/ravenholt_1999_trails_end.txt,meriwether-lewis,article or abstract still in copyright (We Proceeded On,article or abstract still in copyright (We Proceeded On; Ravenholt; PubMed),"no URL recorded; the file name gives the source: ""ravenholt 1999 trails end"""
cases/meriwether-lewis/sources/medical/ravenholt_2005_did_ambrose_sanitize.txt,meriwether-lewis,article or abstract still in copyright (We Proceeded On,article or abstract still in copyright (We Proceeded On; Ravenholt; PubMed),"no URL recorded; the file name gives the source: ""ravenholt 2005 did ambrose sanitize"""
cases/meriwether-lewis/sources/medical/ravenholt_2005_underlying_cause_of_death.txt,meriwether-lewis,article or abstract still in copyright (We Proceeded On,article or abstract still in copyright (We Proceeded On; Ravenholt; PubMed),"no URL recorded; the file name gives the source: ""ravenholt 2005 underlying cause of death"""
cases/meriwether-lewis/sources/medical/wpo_1986-03_vol12no1_cutright_rest_rest_perturbed_spirit.txt,meriwether-lewis,article or abstract still in copyright (We Proceeded On,article or abstract still in copyright (We Proceeded On; Ravenholt; PubMed),We Proceeded On (Lewis and Clark Trail Heritage Foundation); back issues at https://lewisandclark.org/wpo/
cases/meriwether-lewis/sources/medical/wpo_1991-08_vol17no3_chuinard_it_was_murder_part1.txt,meriwether-lewis,article or abstract still in copyright (We Proceeded On,article or abstract still in copyright (We Proceeded On; Ravenholt; PubMed),We Proceeded On (Lewis and Clark Trail Heritage Foundation); back issues at https://lewisandclark.org/wpo/
cases/meriwether-lewis/sources/medical/wpo_1991-11_vol17no4_chuinard_it_was_murder_part2.txt,meriwether-lewis,article or abstract still in copyright (We Proceeded On,article or abstract still in copyright (We Proceeded On; Ravenholt; PubMed),We Proceeded On (Lewis and Clark Trail Heritage Foundation); back issues at https://lewisandclark.org/wpo/
cases/meriwether-lewis/sources/medical/wpo_1992-01_vol18no1_chuinard_it_was_murder_part3_and_malaria.txt,meriwether-lewis,article or abstract still in copyright (We Proceeded On,article or abstract still in copyright (We Proceeded On; Ravenholt; PubMed),We Proceeded On (Lewis and Clark Trail Heritage Foundation); back issues at https://lewisandclark.org/wpo/
cases/meriwether-lewis/sources/medical/wpo_1992-11_vol18no4_holmberg_clark_letters.txt,meriwether-lewis,article or abstract still in copyright (We Proceeded On,article or abstract still in copyright (We Proceeded On; Ravenholt; PubMed),We Proceeded On (Lewis and Clark Trail Heritage Foundation); back issues at https://lewisandclark.org/wpo/
cases/meriwether-lewis/sources/medical/wpo_1994-08_vol20no3_dietrich_seattle_times_on_ravenholt_syphilis.txt,meriwether-lewis,article or abstract still in copyright (We Proceeded On,article or abstract still in copyright (We Proceeded On; Ravenholt; PubMed),We Proceeded On (Lewis and Clark Trail Heritage Foundation); back issues at https://lewisandclark.org/wpo/
cases/meriwether-lewis/sources/medical/wpo_1997-02_vol23no1_loge_two_dozes_of_barks_and_opium.txt,meriwether-lewis,article or abstract still in copyright (We Proceeded On,article or abstract still in copyright (We Proceeded On; Ravenholt; PubMed),We Proceeded On (Lewis and Clark Trail Heritage Foundation); back issues at https://lewisandclark.org/wpo/
cases/meriwether-lewis/sources/medical/wpo_1998-05_vol24no2_guice_fatal_rendezvous.txt,meriwether-lewis,article or abstract still in copyright (We Proceeded On,article or abstract still in copyright (We Proceeded On; Ravenholt; PubMed),We Proceeded On (Lewis and Clark Trail Heritage Foundation); back issues at https://lewisandclark.org/wpo/
cases/meriwether-lewis/sources/medical/wpo_2000-05_vol26no2_lentz_lewis_medicine_chests.txt,meriwether-lewis,article or abstract still in copyright (We Proceeded On,article or abstract still in copyright (We Proceeded On; Ravenholt; PubMed),We Proceeded On (Lewis and Clark Trail Heritage Foundation); back issues at https://lewisandclark.org/wpo/
cases/meriwether-lewis/sources/medical/wpo_2002-02_vol28no1_death_of_lewis_section.txt,meriwether-lewis,article or abstract still in copyright (We Proceeded On,article or abstract still in copyright (We Proceeded On; Ravenholt; PubMed),We Proceeded On (Lewis and Clark Trail Heritage Foundation); back issues at https://lewisandclark.org/wpo/
cases/meriwether-lewis/sources/medical/wpo_2002-05_vol28no2_loge_meriwether_lewis_and_malaria.txt,meriwether-lewis,article or abstract still in copyright (We Proceeded On,article or abstract still in copyright (We Proceeded On; Ravenholt; PubMed),We Proceeded On (Lewis and Clark Trail Heritage Foundation); back issues at https://lewisandclark.org/wpo/
cases/meriwether-lewis/sources/medical/wpo_2004-11_vol30no4_chalkley_pernier_man_dimly_lit_by_history.txt,meriwether-lewis,article or abstract still in copyright (We Proceeded On,article or abstract still in copyright (We Proceeded On; Ravenholt; PubMed),We Proceeded On (Lewis and Clark Trail Heritage Foundation); back issues at https://lewisandclark.org/wpo/
cases/meriwether-lewis/sources/medical/wpo_2005-11_vol31no4_rogers_gunshots_at_grinders_stand.txt,meriwether-lewis,article or abstract still in copyright (We Proceeded On,article or abstract still in copyright (We Proceeded On; Ravenholt; PubMed),We Proceeded On (Lewis and Clark Trail Heritage Foundation); back issues at https://lewisandclark.org/wpo/
cases/meriwether-lewis/sources/medical/wpo_2006-02_vol32no1_letters_carrick_orr_gunshots_pistols.txt,meriwether-lewis,article or abstract still in copyright (We Proceeded On,article or abstract still in copyright (We Proceeded On; Ravenholt; PubMed),We Proceeded On (Lewis and Clark Trail Heritage Foundation); back issues at https://lewisandclark.org/wpo/
cases/meriwether-lewis/sources/medical/wpo_2007-01_vol33no1_merritt_review_guice_by_his_own_hand.txt,meriwether-lewis,article or abstract still in copyright (We Proceeded On,article or abstract still in copyright (We Proceeded On; Ravenholt; PubMed),We Proceeded On (Lewis and Clark Trail Heritage Foundation); back issues at https://lewisandclark.org/wpo/
cases/meriwether-lewis/sources/medical/wpo_2009-05_vol35no2_gale_letter_debate_over_death_continues.txt,meriwether-lewis,article or abstract still in copyright (We Proceeded On,article or abstract still in copyright (We Proceeded On; Ravenholt; PubMed),We Proceeded On (Lewis and Clark Trail Heritage Foundation); back issues at https://lewisandclark.org/wpo/
cases/meriwether-lewis/sources/medical/wpo_2009-08_vol35no3_chalkley_review_starrs_gale_death_of_lewis.txt,meriwether-lewis,article or abstract still in copyright (We Proceeded On,article or abstract still in copyright (We Proceeded On; Ravenholt; PubMed),We Proceeded On (Lewis and Clark Trail Heritage Foundation); back issues at https://lewisandclark.org/wpo/
cases/meriwether-lewis/sources/medical/wpo_2009-08_vol35no3_danisi_letter_and_starrs_gale_book_notice_expert_witness_list.txt,meriwether-lewis,article or abstract still in copyright (We Proceeded On,article or abstract still in copyright (We Proceeded On; Ravenholt; PubMed),We Proceeded On (Lewis and Clark Trail Heritage Foundation); back issues at https://lewisandclark.org/wpo/
cases/meriwether-lewis/sources/medical/wpo_2009-08_vol35no3_giesecke_1809_newspapers_clarion_norfolk_enquirer.txt,meriwether-lewis,article or abstract still in copyright (We Proceeded On,article or abstract still in copyright (We Proceeded On; Ravenholt; PubMed),We Proceeded On (Lewis and Clark Trail Heritage Foundation); back issues at https://lewisandclark.org/wpo/
cases/meriwether-lewis/sources/medical/wpo_2009-11_vol35no4_carrick_lewis_pistols.txt,meriwether-lewis,article or abstract still in copyright (We Proceeded On,article or abstract still in copyright (We Proceeded On; Ravenholt; PubMed),We Proceeded On (Lewis and Clark Trail Heritage Foundation); back issues at https://lewisandclark.org/wpo/
cases/meriwether-lewis/sources/medical/wpo_2009-11_vol35no4_gale_letter_russell_letters_forgeries_richards_inquest.txt,meriwether-lewis,article or abstract still in copyright (We Proceeded On,article or abstract still in copyright (We Proceeded On; Ravenholt; PubMed),We Proceeded On (Lewis and Clark Trail Heritage Foundation); back issues at https://lewisandclark.org/wpo/
cases/meriwether-lewis/sources/medical/wpo_2009-11_vol35no4_peck_death_of_lewis_medical.txt,meriwether-lewis,article or abstract still in copyright (We Proceeded On,article or abstract still in copyright (We Proceeded On; Ravenholt; PubMed),We Proceeded On (Lewis and Clark Trail Heritage Foundation); back issues at https://lewisandclark.org/wpo/
cases/meriwether-lewis/sources/medical/wpo_2010-02_vol36no1_rogers_hypocondriac_affections.txt,meriwether-lewis,article or abstract still in copyright (We Proceeded On,article or abstract still in copyright (We Proceeded On; Ravenholt; PubMed),We Proceeded On (Lewis and Clark Trail Heritage Foundation); back issues at https://lewisandclark.org/wpo/
cases/meriwether-lewis/sources/medical/wpo_2010-05_vol36no2_letters_peck_danisi_malaria_hypochondria.txt,meriwether-lewis,article or abstract still in copyright (We Proceeded On,article or abstract still in copyright (We Proceeded On; Ravenholt; PubMed),We Proceeded On (Lewis and Clark Trail Heritage Foundation); back issues at https://lewisandclark.org/wpo/
cases/meriwether-lewis/sources/medical/wpo_2010-08_vol36no3_letters_peck_danisi_hypochondria_revisited.txt,meriwether-lewis,article or abstract still in copyright (We Proceeded On,article or abstract still in copyright (We Proceeded On; Ravenholt; PubMed),We Proceeded On (Lewis and Clark Trail Heritage Foundation); back issues at https://lewisandclark.org/wpo/
cases/meriwether-lewis/sources/medical/wpo_2012-05_vol38no2_turnbow_man_who_abandoned_lewis_neelly.txt,meriwether-lewis,article or abstract still in copyright (We Proceeded On,article or abstract still in copyright (We Proceeded On; Ravenholt; PubMed),We Proceeded On (Lewis and Clark Trail Heritage Foundation); back issues at https://lewisandclark.org/wpo/
cases/meriwether-lewis/sources/medical/wpo_2012-11_vol38no4_danisi_uncovering_jeffersons_account.txt,meriwether-lewis,article or abstract still in copyright (We Proceeded On,article or abstract still in copyright (We Proceeded On; Ravenholt; PubMed),We Proceeded On (Lewis and Clark Trail Heritage Foundation); back issues at https://lewisandclark.org/wpo/
cases/meriwether-lewis/sources/medical/wpo_2013-08_vol39no3_death_of_lewis_redux_letters_guice_bartley_crosby_peck.txt,meriwether-lewis,article or abstract still in copyright (We Proceeded On,article or abstract still in copyright (We Proceeded On; Ravenholt; PubMed),We Proceeded On (Lewis and Clark Trail Heritage Foundation); back issues at https://lewisandclark.org/wpo/
cases/meriwether-lewis/sources/medical/wpo_2016-11_vol42no4_gale_assassination_argument.txt,meriwether-lewis,article or abstract still in copyright (We Proceeded On,article or abstract still in copyright (We Proceeded On; Ravenholt; PubMed),We Proceeded On (Lewis and Clark Trail Heritage Foundation); back issues at https://lewisandclark.org/wpo/
cases/meriwether-lewis/sources/medical/wpo_2021-05_vol47no2_flick_gilmer_daybook_william_lewis.txt,meriwether-lewis,article or abstract still in copyright (We Proceeded On,article or abstract still in copyright (We Proceeded On; Ravenholt; PubMed),We Proceeded On (Lewis and Clark Trail Heritage Foundation); back issues at https://lewisandclark.org/wpo/
cases/meriwether-lewis/sources/medical/wpo_2022-02_vol48no1_peck_and_peck_search_for_truth.txt,meriwether-lewis,article or abstract still in copyright (We Proceeded On,article or abstract still in copyright (We Proceeded On; Ravenholt; PubMed),We Proceeded On (Lewis and Clark Trail Heritage Foundation); back issues at https://lewisandclark.org/wpo/
cases/meriwether-lewis/sources/medical/wpo_2023-08_vol49no3_buckley_review_so_hard_to_die.txt,meriwether-lewis,article or abstract still in copyright (We Proceeded On,article or abstract still in copyright (We Proceeded On; Ravenholt; PubMed),We Proceeded On (Lewis and Clark Trail Heritage Foundation); back issues at https://lewisandclark.org/wpo/
cases/meriwether-lewis/sources/medical/wpo_2025-08_vol51no3_bartsch_not_manic_not_an_alcoholic.txt,meriwether-lewis,article or abstract still in copyright (We Proceeded On,article or abstract still in copyright (We Proceeded On; Ravenholt; PubMed),We Proceeded On (Lewis and Clark Trail Heritage Foundation); back issues at https://lewisandclark.org/wpo/
cases/meriwether-lewis/sources/scholarship/ambrose_1996_undaunted_courage_fts_snippets.txt,meriwether-lewis,"book excerpt, article, review or web page still in copyright","book excerpt, article, review or web page still in copyright","no URL recorded; the file name gives the source: ""ambrose 1996 undaunted courage fts snippets"""
cases/meriwether-lewis/sources/scholarship/bakeless_1947_partners_in_discovery_death_chapter.txt,meriwether-lewis,"book excerpt, article, review or web page still in copyright","book excerpt, article, review or web page still in copyright","no URL recorded; the file name gives the source: ""bakeless 1947 partners in discovery death chapter"""
cases/meriwether-lewis/sources/scholarship/chandler_1994_jefferson_conspiracies_fts_snippets.txt,meriwether-lewis,"book excerpt, article, review or web page still in copyright","book excerpt, article, review or web page still in copyright","no URL recorded; the file name gives the source: ""chandler 1994 jefferson conspiracies fts snippets"""
cases/meriwether-lewis/sources/scholarship/cutright_1986_rest_rest_perturbed_spirit_WPO12-1.txt,meriwether-lewis,"book excerpt, article, review or web page still in copyright","book excerpt, article, review or web page still in copyright","no URL recorded; the file name gives the source: ""cutright 1986 rest rest perturbed spirit WPO12 1"""
cases/meriwether-lewis/sources/scholarship/danisi_jackson_2009_meriwether_lewis_fts_snippets.txt,meriwether-lewis,"book excerpt, article, review or web page still in copyright","book excerpt, article, review or web page still in copyright","no URL recorded; the file name gives the source: ""danisi jackson 2009 meriwether lewis fts snippets"""
cases/meriwether-lewis/sources/scholarship/danisi_missouri_archives_talk_transcript.txt,meriwether-lewis,"book excerpt, article, review or web page still in copyright","book excerpt, article, review or web page still in copyright","no URL recorded; the file name gives the source: ""danisi missouri archives talk transcript"""
cases/meriwether-lewis/sources/scholarship/dietrich_1994_doctor_backtracks_on_history_ravenholt.txt,meriwether-lewis,"book excerpt, article, review or web page still in copyright","book excerpt, article, review or web page still in copyright","no URL recorded; the file name gives the source: ""dietrich 1994 doctor backtracks on history ravenholt"""
cases/meriwether-lewis/sources/scholarship/dillon_1965_meriwether_lewis_fts_snippets.txt,meriwether-lewis,"book excerpt, article, review or web page still in copyright","book excerpt, article, review or web page still in copyright","no URL recorded; the file name gives the source: ""dillon 1965 meriwether lewis fts snippets"""
cases/meriwether-lewis/sources/scholarship/fausz_gavin_2003_death_of_meriwether_lewis_unsolved_mystery_gateway_heritage_gb_snippets.txt,meriwether-lewis,"book excerpt, article, review or web page still in copyright","book excerpt, article, review or web page still in copyright","no URL recorded; the file name gives the source: ""fausz gavin 2003 death of meriwether lewis unsolved mystery gateway heritage gb snippets"""
cases/meriwether-lewis/sources/scholarship/fisher_1962_suicide_or_murder_fts_snippets.txt,meriwether-lewis,"book excerpt, article, review or web page still in copyright","book excerpt, article, review or web page still in copyright","no URL recorded; the file name gives the source: ""fisher 1962 suicide or murder fts snippets"""
cases/meriwether-lewis/sources/scholarship/gale_2015_assassination_of_an_american_hero_fts_snippets.txt,meriwether-lewis,"book excerpt, article, review or web page still in copyright","book excerpt, article, review or web page still in copyright","no URL recorded; the file name gives the source: ""gale 2015 assassination of an american hero fts snippets"""
cases/meriwether-lewis/sources/scholarship/guice_1995_fatal_rendezvous_journal_of_mississippi_history_gb_snippets.txt,meriwether-lewis,"book excerpt, article, review or web page still in copyright","book excerpt, article, review or web page still in copyright","no URL recorded; the file name gives the source: ""guice 1995 fatal rendezvous journal of mississippi history gb snippets"""
cases/meriwether-lewis/sources/scholarship/guice_2006_by_his_own_hand_fts_snippets.txt,meriwether-lewis,"book excerpt, article, review or web page still in copyright","book excerpt, article, review or web page still in copyright","no URL recorded; the file name gives the source: ""guice 2006 by his own hand fts snippets"""
cases/meriwether-lewis/sources/scholarship/holmberg_2002_dear_brother_fts_snippets.txt,meriwether-lewis,"book excerpt, article, review or web page still in copyright","book excerpt, article, review or web page still in copyright","no URL recorded; the file name gives the source: ""holmberg 2002 dear brother fts snippets"""
cases/meriwether-lewis/sources/scholarship/jenkinson_2000_character_of_meriwether_lewis_marmarth_fts_snippets.txt,meriwether-lewis,"book excerpt, article, review or web page still in copyright","book excerpt, article, review or web page still in copyright","no URL recorded; the file name gives the source: ""jenkinson 2000 character of meriwether lewis marmarth fts snippets"""
cases/meriwether-lewis/sources/scholarship/jenkinson_2011_ch6_last_journey.txt,meriwether-lewis,"book excerpt, article, review or web page still in copyright","book excerpt, article, review or web page still in copyright","no URL recorded; the file name gives the source: ""jenkinson 2011 ch6 last journey"""
cases/meriwether-lewis/sources/scholarship/jones_2004_william_clark_shaping_of_the_west_fts_snippets.txt,meriwether-lewis,"book excerpt, article, review or web page still in copyright","book excerpt, article, review or web page still in copyright","no URL recorded; the file name gives the source: ""jones 2004 william clark shaping of the west fts snippets"""
cases/meriwether-lewis/sources/scholarship/kushner_1989_self_destruction_in_the_promised_land_fts_snippets.txt,meriwether-lewis,"book excerpt, article, review or web page still in copyright","book excerpt, article, review or web page still in copyright","no URL recorded; the file name gives the source: ""kushner 1989 self destruction in the promised land fts snippets"""
cases/meriwether-lewis/sources/scholarship/lewis_family_2010_appeal_letter_wsj.txt,meriwether-lewis,"book excerpt, article, review or web page still in copyright","book excerpt, article, review or web page still in copyright","no URL recorded; the file name gives the source: ""lewis family 2010 appeal letter wsj"""
cases/meriwether-lewis/sources/scholarship/morris_2004_fate_of_the_corps_fts_snippets.txt,meriwether-lewis,"book excerpt, article, review or web page still in copyright","book excerpt, article, review or web page still in copyright","no URL recorded; the file name gives the source: ""morris 2004 fate of the corps fts snippets"""
cases/meriwether-lewis/sources/scholarship/phelps_1956_tragic_death_WMQ_gb_snippets.txt,meriwether-lewis,"book excerpt, article, review or web page still in copyright","book excerpt, article, review or web page still in copyright","no URL recorded; the file name gives the source: ""phelps 1956 tragic death WMQ gb snippets"""
cases/meriwether-lewis/sources/scholarship/ravenholt_1994_triumph_then_despair_Epidemiology.txt,meriwether-lewis,"book excerpt, article, review or web page still in copyright","book excerpt, article, review or web page still in copyright","no URL recorded; the file name gives the source: ""ravenholt 1994 triumph then despair Epidemiology"""
cases/meriwether-lewis/sources/scholarship/ravenholt_did_ambrose_sanitize_lewis.txt,meriwether-lewis,"book excerpt, article, review or web page still in copyright","book excerpt, article, review or web page still in copyright","no URL recorded; the file name gives the source: ""ravenholt did ambrose sanitize lewis"""
cases/meriwether-lewis/sources/scholarship/ravenholt_self_destruction_on_the_natchez_trace.txt,meriwether-lewis,"book excerpt, article, review or web page still in copyright","book excerpt, article, review or web page still in copyright","no URL recorded; the file name gives the source: ""ravenholt self destruction on the natchez trace"""
cases/meriwether-lewis/sources/scholarship/ravenholt_trails_end_for_meriwether_lewis.txt,meriwether-lewis,"book excerpt, article, review or web page still in copyright","book excerpt, article, review or web page still in copyright","no URL recorded; the file name gives the source: ""ravenholt trails end for meriwether lewis"""
cases/meriwether-lewis/sources/scholarship/ravenholt_underlying_cause_of_death.txt,meriwether-lewis,"book excerpt, article, review or web page still in copyright","book excerpt, article, review or web page still in copyright","no URL recorded; the file name gives the source: ""ravenholt underlying cause of death"""
cases/meriwether-lewis/sources/scholarship/schrag_haze_2011_suppressed_history_of_america_fts_snippets.txt,meriwether-lewis,"book excerpt, article, review or web page still in copyright","book excerpt, article, review or web page still in copyright","no URL recorded; the file name gives the source: ""schrag haze 2011 suppressed history of america fts snippets"""
cases/meriwether-lewis/sources/scholarship/starrs_gale_2009_death_of_meriwether_lewis_fts_snippets.txt,meriwether-lewis,"book excerpt, article, review or web page still in copyright","book excerpt, article, review or web page still in copyright","no URL recorded; the file name gives the source: ""starrs gale 2009 death of meriwether lewis fts snippets"""
cases/meriwether-lewis/sources/scholarship/starrs_ramsland_2005_a_voice_for_the_dead_fts_snippets.txt,meriwether-lewis,"book excerpt, article, review or web page still in copyright","book excerpt, article, review or web page still in copyright","no URL recorded; the file name gives the source: ""starrs ramsland 2005 a voice for the dead fts snippets"""
cases/meriwether-lewis/sources/scholarship/stroud_2018_bitterroot_gb_snippets.txt,meriwether-lewis,"book excerpt, article, review or web page still in copyright","book excerpt, article, review or web page still in copyright","no URL recorded; the file name gives the source: ""stroud 2018 bitterroot gb snippets"""
cases/meriwether-lewis/sources/scholarship/westefeld_less_2004_SLTB_abstract.txt,meriwether-lewis,"book excerpt, article, review or web page still in copyright","book excerpt, article, review or web page still in copyright","no URL recorded; the file name gives the source: ""westefeld less 2004 SLTB abstract"""
cases/meriwether-lewis/sources/scholarship/wpo_bartsch_2025_not_manic_WPO51-3.txt,meriwether-lewis,"book excerpt, article, review or web page still in copyright","book excerpt, article, review or web page still in copyright",We Proceeded On (Lewis and Clark Trail Heritage Foundation); back issues at https://lewisandclark.org/wpo/
cases/meriwether-lewis/sources/scholarship/wpo_buckley_2023_review_peck_so_hard_to_die_WPO49-3.txt,meriwether-lewis,"book excerpt, article, review or web page still in copyright","book excerpt, article, review or web page still in copyright",We Proceeded On (Lewis and Clark Trail Heritage Foundation); back issues at https://lewisandclark.org/wpo/
cases/meriwether-lewis/sources/scholarship/wpo_carrick_2009_pistols_WPO35-4.txt,meriwether-lewis,"book excerpt, article, review or web page still in copyright","book excerpt, article, review or web page still in copyright",We Proceeded On (Lewis and Clark Trail Heritage Foundation); back issues at https://lewisandclark.org/wpo/
cases/meriwether-lewis/sources/scholarship/wpo_chalkley_2004_pernier_WPO30-4.txt,meriwether-lewis,"book excerpt, article, review or web page still in copyright","book excerpt, article, review or web page still in copyright",We Proceeded On (Lewis and Clark Trail Heritage Foundation); back issues at https://lewisandclark.org/wpo/
cases/meriwether-lewis/sources/scholarship/wpo_chalkley_2009_reviews_danisi_jackson_and_starrs_gale_WPO35-3.txt,meriwether-lewis,"book excerpt, article, review or web page still in copyright","book excerpt, article, review or web page still in copyright",We Proceeded On (Lewis and Clark Trail Heritage Foundation); back issues at https://lewisandclark.org/wpo/
cases/meriwether-lewis/sources/scholarship/wpo_chuinard_1991_murder_pt1_WPO17-3.txt,meriwether-lewis,"book excerpt, article, review or web page still in copyright","book excerpt, article, review or web page still in copyright",We Proceeded On (Lewis and Clark Trail Heritage Foundation); back issues at https://lewisandclark.org/wpo/
cases/meriwether-lewis/sources/scholarship/wpo_chuinard_1991_murder_pt2_WPO17-4.txt,meriwether-lewis,"book excerpt, article, review or web page still in copyright","book excerpt, article, review or web page still in copyright",We Proceeded On (Lewis and Clark Trail Heritage Foundation); back issues at https://lewisandclark.org/wpo/
cases/meriwether-lewis/sources/scholarship/wpo_chuinard_1992_murder_pt3_and_vardis_fisher_WPO18-1.txt,meriwether-lewis,"book excerpt, article, review or web page still in copyright","book excerpt, article, review or web page still in copyright",We Proceeded On (Lewis and Clark Trail Heritage Foundation); back issues at https://lewisandclark.org/wpo/
cases/meriwether-lewis/sources/scholarship/wpo_danisi_2009_what_conspiracy_WPO35-1.txt,meriwether-lewis,"book excerpt, article, review or web page still in copyright","book excerpt, article, review or web page still in copyright",We Proceeded On (Lewis and Clark Trail Heritage Foundation); back issues at https://lewisandclark.org/wpo/
cases/meriwether-lewis/sources/scholarship/wpo_danisi_2012_uncovering_jeffersons_account_WPO38-4.txt,meriwether-lewis,"book excerpt, article, review or web page still in copyright","book excerpt, article, review or web page still in copyright",We Proceeded On (Lewis and Clark Trail Heritage Foundation); back issues at https://lewisandclark.org/wpo/
cases/meriwether-lewis/sources/scholarship/wpo_danisi_2013_chickasaw_agency_letter_WPO39-1.txt,meriwether-lewis,"book excerpt, article, review or web page still in copyright","book excerpt, article, review or web page still in copyright",We Proceeded On (Lewis and Clark Trail Heritage Foundation); back issues at https://lewisandclark.org/wpo/
cases/meriwether-lewis/sources/scholarship/wpo_danisi_2014_real_james_neelly_WPO40-4.txt,meriwether-lewis,"book excerpt, article, review or web page still in copyright","book excerpt, article, review or web page still in copyright",We Proceeded On (Lewis and Clark Trail Heritage Foundation); back issues at https://lewisandclark.org/wpo/
cases/meriwether-lewis/sources/scholarship/wpo_danisi_robinson_2002_letters_WPO28-3.txt,meriwether-lewis,"book excerpt, article, review or web page still in copyright","book excerpt, article, review or web page still in copyright",We Proceeded On (Lewis and Clark Trail Heritage Foundation); back issues at https://lewisandclark.org/wpo/
cases/meriwether-lewis/sources/scholarship/wpo_flick_2021_gilmer_daybook_WPO47-2.txt,meriwether-lewis,"book excerpt, article, review or web page still in copyright","book excerpt, article, review or web page still in copyright",We Proceeded On (Lewis and Clark Trail Heritage Foundation); back issues at https://lewisandclark.org/wpo/
cases/meriwether-lewis/sources/scholarship/wpo_gale_2008_motive_letter_WPO34-4.txt,meriwether-lewis,"book excerpt, article, review or web page still in copyright","book excerpt, article, review or web page still in copyright",We Proceeded On (Lewis and Clark Trail Heritage Foundation); back issues at https://lewisandclark.org/wpo/
cases/meriwether-lewis/sources/scholarship/wpo_gale_2009_debate_letter_WPO35-2.txt,meriwether-lewis,"book excerpt, article, review or web page still in copyright","book excerpt, article, review or web page still in copyright",We Proceeded On (Lewis and Clark Trail Heritage Foundation); back issues at https://lewisandclark.org/wpo/
cases/meriwether-lewis/sources/scholarship/wpo_gale_2013_letter_WPO39-4.txt,meriwether-lewis,"book excerpt, article, review or web page still in copyright","book excerpt, article, review or web page still in copyright",We Proceeded On (Lewis and Clark Trail Heritage Foundation); back issues at https://lewisandclark.org/wpo/
cases/meriwether-lewis/sources/scholarship/wpo_gale_2016_cold_case_WPO42-4.txt,meriwether-lewis,"book excerpt, article, review or web page still in copyright","book excerpt, article, review or web page still in copyright",We Proceeded On (Lewis and Clark Trail Heritage Foundation); back issues at https://lewisandclark.org/wpo/
cases/meriwether-lewis/sources/scholarship/wpo_garrison_1987_lewis_is_not_alone_WPO13-4.txt,meriwether-lewis,"book excerpt, article, review or web page still in copyright","book excerpt, article, review or web page still in copyright",We Proceeded On (Lewis and Clark Trail Heritage Foundation); back issues at https://lewisandclark.org/wpo/
cases/meriwether-lewis/sources/scholarship/wpo_guice_1998_fatal_rendezvous_WPO24-2.txt,meriwether-lewis,"book excerpt, article, review or web page still in copyright","book excerpt, article, review or web page still in copyright",We Proceeded On (Lewis and Clark Trail Heritage Foundation); back issues at https://lewisandclark.org/wpo/
cases/meriwether-lewis/sources/scholarship/wpo_guice_2001_interpreting_character_letter_WPO27-4.txt,meriwether-lewis,"book excerpt, article, review or web page still in copyright","book excerpt, article, review or web page still in copyright",We Proceeded On (Lewis and Clark Trail Heritage Foundation); back issues at https://lewisandclark.org/wpo/
cases/meriwether-lewis/sources/scholarship/wpo_guice_2016_review_gale_assassination_WPO42-1.txt,meriwether-lewis,"book excerpt, article, review or web page still in copyright","book excerpt, article, review or web page still in copyright",We Proceeded On (Lewis and Clark Trail Heritage Foundation); back issues at https://lewisandclark.org/wpo/
cases/meriwether-lewis/sources/scholarship/wpo_gunshots_2005_WPO31-4.txt,meriwether-lewis,"book excerpt, article, review or web page still in copyright","book excerpt, article, review or web page still in copyright",We Proceeded On (Lewis and Clark Trail Heritage Foundation); back issues at https://lewisandclark.org/wpo/
cases/meriwether-lewis/sources/scholarship/wpo_holmberg_1992_clark_letters_WPO18-4.txt,meriwether-lewis,"book excerpt, article, review or web page still in copyright","book excerpt, article, review or web page still in copyright",We Proceeded On (Lewis and Clark Trail Heritage Foundation); back issues at https://lewisandclark.org/wpo/
cases/meriwether-lewis/sources/scholarship/wpo_holmberg_1995_review_chandler_and_news_WPO21-3.txt,meriwether-lewis,"book excerpt, article, review or web page still in copyright","book excerpt, article, review or web page still in copyright",We Proceeded On (Lewis and Clark Trail Heritage Foundation); back issues at https://lewisandclark.org/wpo/
cases/meriwether-lewis/sources/scholarship/wpo_holmberg_1996_monument_WPO22-3.txt,meriwether-lewis,"book excerpt, article, review or web page still in copyright","book excerpt, article, review or web page still in copyright",We Proceeded On (Lewis and Clark Trail Heritage Foundation); back issues at https://lewisandclark.org/wpo/
cases/meriwether-lewis/sources/scholarship/wpo_holmberg_2000_review_shuman_WPO26-1.txt,meriwether-lewis,"book excerpt, article, review or web page still in copyright","book excerpt, article, review or web page still in copyright",We Proceeded On (Lewis and Clark Trail Heritage Foundation); back issues at https://lewisandclark.org/wpo/
cases/meriwether-lewis/sources/scholarship/wpo_holmberg_2024_historiography_WPO50-1.txt,meriwether-lewis,"book excerpt, article, review or web page still in copyright","book excerpt, article, review or web page still in copyright",We Proceeded On (Lewis and Clark Trail Heritage Foundation); back issues at https://lewisandclark.org/wpo/
cases/meriwether-lewis/sources/scholarship/wpo_jenkinson_2017_elliott_west_interview_pt2_WPO43-4.txt,meriwether-lewis,"book excerpt, article, review or web page still in copyright","book excerpt, article, review or web page still in copyright",We Proceeded On (Lewis and Clark Trail Heritage Foundation); back issues at https://lewisandclark.org/wpo/
cases/meriwether-lewis/sources/scholarship/wpo_jenkinson_2018_mandrell_interview_WPO44-3.txt,meriwether-lewis,"book excerpt, article, review or web page still in copyright","book excerpt, article, review or web page still in copyright",We Proceeded On (Lewis and Clark Trail Heritage Foundation); back issues at https://lewisandclark.org/wpo/
cases/meriwether-lewis/sources/scholarship/wpo_jenkinson_2019_recentering_lewis_WPO45-4.txt,meriwether-lewis,"book excerpt, article, review or web page still in copyright","book excerpt, article, review or web page still in copyright",We Proceeded On (Lewis and Clark Trail Heritage Foundation); back issues at https://lewisandclark.org/wpo/
cases/meriwether-lewis/sources/scholarship/wpo_jenkinson_2024_holmberg_interview_WPO50-3.txt,meriwether-lewis,"book excerpt, article, review or web page still in copyright","book excerpt, article, review or web page still in copyright",We Proceeded On (Lewis and Clark Trail Heritage Foundation); back issues at https://lewisandclark.org/wpo/
cases/meriwether-lewis/sources/scholarship/wpo_jones_2002_review_dear_brother_WPO28-3.txt,meriwether-lewis,"book excerpt, article, review or web page still in copyright","book excerpt, article, review or web page still in copyright",We Proceeded On (Lewis and Clark Trail Heritage Foundation); back issues at https://lewisandclark.org/wpo/
cases/meriwether-lewis/sources/scholarship/wpo_jones_2005_pernier_letter_WPO31-1.txt,meriwether-lewis,"book excerpt, article, review or web page still in copyright","book excerpt, article, review or web page still in copyright",We Proceeded On (Lewis and Clark Trail Heritage Foundation); back issues at https://lewisandclark.org/wpo/
cases/meriwether-lewis/sources/scholarship/wpo_kirkpatrick_2007_letter_WPO33-4.txt,meriwether-lewis,"book excerpt, article, review or web page still in copyright","book excerpt, article, review or web page still in copyright",We Proceeded On (Lewis and Clark Trail Heritage Foundation); back issues at https://lewisandclark.org/wpo/
cases/meriwether-lewis/sources/scholarship/wpo_letters_2006_gunshots_WPO32-1.txt,meriwether-lewis,"book excerpt, article, review or web page still in copyright","book excerpt, article, review or web page still in copyright",We Proceeded On (Lewis and Clark Trail Heritage Foundation); back issues at https://lewisandclark.org/wpo/
cases/meriwether-lewis/sources/scholarship/wpo_letters_2007_aug_popejoy_and_2008_may_chalkley.txt,meriwether-lewis,"book excerpt, article, review or web page still in copyright","book excerpt, article, review or web page still in copyright",We Proceeded On (Lewis and Clark Trail Heritage Foundation); back issues at https://lewisandclark.org/wpo/
cases/meriwether-lewis/sources/scholarship/wpo_letters_2008_aug_kirkpatrick_young_WPO34-3.txt,meriwether-lewis,"book excerpt, article, review or web page still in copyright","book excerpt, article, review or web page still in copyright",We Proceeded On (Lewis and Clark Trail Heritage Foundation); back issues at https://lewisandclark.org/wpo/
cases/meriwether-lewis/sources/scholarship/wpo_letters_2008_feb_murder_v_suicide_WPO34-1.txt,meriwether-lewis,"book excerpt, article, review or web page still in copyright","book excerpt, article, review or web page still in copyright",We Proceeded On (Lewis and Clark Trail Heritage Foundation); back issues at https://lewisandclark.org/wpo/
cases/meriwether-lewis/sources/scholarship/wpo_letters_2009_aug_turnbow_danisi_WPO35-3.txt,meriwether-lewis,"book excerpt, article, review or web page still in copyright","book excerpt, article, review or web page still in copyright",We Proceeded On (Lewis and Clark Trail Heritage Foundation); back issues at https://lewisandclark.org/wpo/
cases/meriwether-lewis/sources/scholarship/wpo_letters_2009_nov_reports_of_his_death_WPO35-4.txt,meriwether-lewis,"book excerpt, article, review or web page still in copyright","book excerpt, article, review or web page still in copyright",We Proceeded On (Lewis and Clark Trail Heritage Foundation); back issues at https://lewisandclark.org/wpo/
cases/meriwether-lewis/sources/scholarship/wpo_letters_2010_aug_danisi_peck_WPO36-3.txt,meriwether-lewis,"book excerpt, article, review or web page still in copyright","book excerpt, article, review or web page still in copyright",We Proceeded On (Lewis and Clark Trail Heritage Foundation); back issues at https://lewisandclark.org/wpo/
cases/meriwether-lewis/sources/scholarship/wpo_letters_2010_may_danisi_peck_WPO36-2.txt,meriwether-lewis,"book excerpt, article, review or web page still in copyright","book excerpt, article, review or web page still in copyright",We Proceeded On (Lewis and Clark Trail Heritage Foundation); back issues at https://lewisandclark.org/wpo/
cases/meriwether-lewis/sources/scholarship/wpo_letters_2013_aug_guice_clark_crosby_peck_WPO39-3.txt,meriwether-lewis,"book excerpt, article, review or web page still in copyright","book excerpt, article, review or web page still in copyright",We Proceeded On (Lewis and Clark Trail Heritage Foundation); back issues at https://lewisandclark.org/wpo/
cases/meriwether-lewis/sources/scholarship/wpo_letters_2013_may_young_danisi_WPO39-2.txt,meriwether-lewis,"book excerpt, article, review or web page still in copyright","book excerpt, article, review or web page still in copyright",We Proceeded On (Lewis and Clark Trail Heritage Foundation); back issues at https://lewisandclark.org/wpo/
cases/meriwether-lewis/sources/scholarship/wpo_letters_2016_feb_WPO42-1.txt,meriwether-lewis,"book excerpt, article, review or web page still in copyright","book excerpt, article, review or web page still in copyright",We Proceeded On (Lewis and Clark Trail Heritage Foundation); back issues at https://lewisandclark.org/wpo/
cases/meriwether-lewis/sources/scholarship/wpo_loge_2002_malaria_WPO28-2.txt,meriwether-lewis,"book excerpt, article, review or web page still in copyright","book excerpt, article, review or web page still in copyright",We Proceeded On (Lewis and Clark Trail Heritage Foundation); back issues at https://lewisandclark.org/wpo/
cases/meriwether-lewis/sources/scholarship/wpo_long_1990_reflections_grinders_stand_WPO16-4.txt,meriwether-lewis,"book excerpt, article, review or web page still in copyright","book excerpt, article, review or web page still in copyright",We Proceeded On (Lewis and Clark Trail Heritage Foundation); back issues at https://lewisandclark.org/wpo/
cases/meriwether-lewis/sources/scholarship/wpo_merritt_2007_review_guice_WPO33-1.txt,meriwether-lewis,"book excerpt, article, review or web page still in copyright","book excerpt, article, review or web page still in copyright",We Proceeded On (Lewis and Clark Trail Heritage Foundation); back issues at https://lewisandclark.org/wpo/
cases/meriwether-lewis/sources/scholarship/wpo_news_1995_may_WPO21-2.txt,meriwether-lewis,"book excerpt, article, review or web page still in copyright","book excerpt, article, review or web page still in copyright",We Proceeded On (Lewis and Clark Trail Heritage Foundation); back issues at https://lewisandclark.org/wpo/
cases/meriwether-lewis/sources/scholarship/wpo_news_1996_aug_WPO22-3.txt,meriwether-lewis,"book excerpt, article, review or web page still in copyright","book excerpt, article, review or web page still in copyright",We Proceeded On (Lewis and Clark Trail Heritage Foundation); back issues at https://lewisandclark.org/wpo/
cases/meriwether-lewis/sources/scholarship/wpo_news_1996_may_WPO22-2.txt,meriwether-lewis,"book excerpt, article, review or web page still in copyright","book excerpt, article, review or web page still in copyright",We Proceeded On (Lewis and Clark Trail Heritage Foundation); back issues at https://lewisandclark.org/wpo/
cases/meriwether-lewis/sources/scholarship/wpo_news_1998_feb_WPO24-1.txt,meriwether-lewis,"book excerpt, article, review or web page still in copyright","book excerpt, article, review or web page still in copyright",We Proceeded On (Lewis and Clark Trail Heritage Foundation); back issues at https://lewisandclark.org/wpo/
cases/meriwether-lewis/sources/scholarship/wpo_news_1999_may_WPO25-2.txt,meriwether-lewis,"book excerpt, article, review or web page still in copyright","book excerpt, article, review or web page still in copyright",We Proceeded On (Lewis and Clark Trail Heritage Foundation); back issues at https://lewisandclark.org/wpo/
cases/meriwether-lewis/sources/scholarship/wpo_news_and_janoff_letter_1996_nov_WPO22-4.txt,meriwether-lewis,"book excerpt, article, review or web page still in copyright","book excerpt, article, review or web page still in copyright",We Proceeded On (Lewis and Clark Trail Heritage Foundation); back issues at https://lewisandclark.org/wpo/
cases/meriwether-lewis/sources/scholarship/wpo_nicandri_2018_review_stroud_bitterroot_WPO44-3.txt,meriwether-lewis,"book excerpt, article, review or web page still in copyright","book excerpt, article, review or web page still in copyright",We Proceeded On (Lewis and Clark Trail Heritage Foundation); back issues at https://lewisandclark.org/wpo/
cases/meriwether-lewis/sources/scholarship/wpo_nicandri_2018_where_we_are_now_WPO44-3.txt,meriwether-lewis,"book excerpt, article, review or web page still in copyright","book excerpt, article, review or web page still in copyright",We Proceeded On (Lewis and Clark Trail Heritage Foundation); back issues at https://lewisandclark.org/wpo/
cases/meriwether-lewis/sources/scholarship/wpo_oconnell_2001_review_jenkinson_WPO27-2.txt,meriwether-lewis,"book excerpt, article, review or web page still in copyright","book excerpt, article, review or web page still in copyright",We Proceeded On (Lewis and Clark Trail Heritage Foundation); back issues at https://lewisandclark.org/wpo/
cases/meriwether-lewis/sources/scholarship/wpo_peck_2009_death_myths_probabilities_WPO35-4.txt,meriwether-lewis,"book excerpt, article, review or web page still in copyright","book excerpt, article, review or web page still in copyright",We Proceeded On (Lewis and Clark Trail Heritage Foundation); back issues at https://lewisandclark.org/wpo/
cases/meriwether-lewis/sources/scholarship/wpo_peck_2022_search_for_truth_WPO48-1.txt,meriwether-lewis,"book excerpt, article, review or web page still in copyright","book excerpt, article, review or web page still in copyright",We Proceeded On (Lewis and Clark Trail Heritage Foundation); back issues at https://lewisandclark.org/wpo/
cases/meriwether-lewis/sources/scholarship/wpo_peck_2023_letter_WPO49-4.txt,meriwether-lewis,"book excerpt, article, review or web page still in copyright","book excerpt, article, review or web page still in copyright",We Proceeded On (Lewis and Clark Trail Heritage Foundation); back issues at https://lewisandclark.org/wpo/
cases/meriwether-lewis/sources/scholarship/wpo_peck_2024_letter_WPO50-2.txt,meriwether-lewis,"book excerpt, article, review or web page still in copyright","book excerpt, article, review or web page still in copyright",We Proceeded On (Lewis and Clark Trail Heritage Foundation); back issues at https://lewisandclark.org/wpo/
cases/meriwether-lewis/sources/scholarship/wpo_rogers_2010_hypocondriac_affections_WPO36-1.txt,meriwether-lewis,"book excerpt, article, review or web page still in copyright","book excerpt, article, review or web page still in copyright",We Proceeded On (Lewis and Clark Trail Heritage Foundation); back issues at https://lewisandclark.org/wpo/
cases/meriwether-lewis/sources/scholarship/wpo_strickland_2019_returned_lewis_WPO45-4.txt,meriwether-lewis,"book excerpt, article, review or web page still in copyright","book excerpt, article, review or web page still in copyright",We Proceeded On (Lewis and Clark Trail Heritage Foundation); back issues at https://lewisandclark.org/wpo/
cases/meriwether-lewis/sources/scholarship/wpo_turnbow_2010_masons_maury_letter_WPO36-4.txt,meriwether-lewis,"book excerpt, article, review or web page still in copyright","book excerpt, article, review or web page still in copyright",We Proceeded On (Lewis and Clark Trail Heritage Foundation); back issues at https://lewisandclark.org/wpo/
cases/meriwether-lewis/sources/scholarship/wpo_turnbow_2012_man_who_abandoned_lewis_and_jenkinson_review_WPO38-2.txt,meriwether-lewis,"book excerpt, article, review or web page still in copyright","book excerpt, article, review or web page still in copyright",We Proceeded On (Lewis and Clark Trail Heritage Foundation); back issues at https://lewisandclark.org/wpo/
cases/meriwether-lewis/sources/scholarship/wpo_turnbow_2015_response_real_neelly_WPO41-2.txt,meriwether-lewis,"book excerpt, article, review or web page still in copyright","book excerpt, article, review or web page still in copyright",We Proceeded On (Lewis and Clark Trail Heritage Foundation); back issues at https://lewisandclark.org/wpo/
cases/meriwether-lewis/sources/scholarship/wpo_west_2021_undaunted_courage_25th_WPO47-4.txt,meriwether-lewis,"book excerpt, article, review or web page still in copyright","book excerpt, article, review or web page still in copyright",We Proceeded On (Lewis and Clark Trail Heritage Foundation); back issues at https://lewisandclark.org/wpo/
cases/meriwether-lewis/sources/scholarship/wpo_wpo_1994_aug_dietrich_nee_holmberg_WPO20-3.txt,meriwether-lewis,"book excerpt, article, review or web page still in copyright","book excerpt, article, review or web page still in copyright",We Proceeded On (Lewis and Clark Trail Heritage Foundation); back issues at https://lewisandclark.org/wpo/
cases/meriwether-lewis/sources/scholarship/wpo_wpo_2002_feb_special_section_death_WPO28-1.txt,meriwether-lewis,"book excerpt, article, review or web page still in copyright","book excerpt, article, review or web page still in copyright",We Proceeded On (Lewis and Clark Trail Heritage Foundation); back issues at https://lewisandclark.org/wpo/
cases/meriwether-lewis/sources/scholarship/wpo_wpo_2010_feb_bicentennial_commemoration_WPO36-1.txt,meriwether-lewis,"book excerpt, article, review or web page still in copyright","book excerpt, article, review or web page still in copyright",We Proceeded On (Lewis and Clark Trail Heritage Foundation); back issues at https://lewisandclark.org/wpo/
cases/meriwether-lewis/sources/scholarship/wsj_2010-09-25_esterl_exhumation.txt,meriwether-lewis,"book excerpt, article, review or web page still in copyright","book excerpt, article, review or web page still in copyright","no URL recorded; the file name gives the source: ""wsj 2010 09 25 esterl exhumation"""
cases/meriwether-lewis/sources/setting/press_1990-12_american_heritage_how_did_meriwether_lewis_die.txt,meriwether-lewis,press article or web page still in copyright,press article or web page still in copyright,"no URL recorded; the file name gives the source: ""press 1990 12 american heritage how did meriwether lewis die"""
cases/meriwether-lewis/sources/setting/press_1996-06-03_upi_inquest_into_meriwether_lewis_death.txt,meriwether-lewis,press article or web page still in copyright,press article or web page still in copyright,"no URL recorded; the file name gives the source: ""press 1996 06 03 upi inquest into meriwether lewis death"""
cases/meriwether-lewis/sources/setting/press_1996-06-05_deseret_news_inquest_lewis_body_should_be_exhumed.txt,meriwether-lewis,press article or web page still in copyright,press article or web page still in copyright,"no URL recorded; the file name gives the source: ""press 1996 06 05 deseret news inquest lewis body should be exhumed"""
cases/meriwether-lewis/sources/setting/press_1997-12-15_gwu_press_release_starrs_hearing_atlanta.txt,meriwether-lewis,press article or web page still in copyright,press article or web page still in copyright,"no URL recorded; the file name gives the source: ""press 1997 12 15 gwu press release starrs hearing atlanta"""
cases/meriwether-lewis/sources/setting/press_1997-12-15_npr_was_meriwether_lewis_murdered.txt,meriwether-lewis,press article or web page still in copyright,press article or web page still in copyright,"no URL recorded; the file name gives the source: ""press 1997 12 15 npr was meriwether lewis murdered"""
cases/meriwether-lewis/sources/setting/press_2002-02-20_foxnews_senator_wants_exhumation.txt,meriwether-lewis,press article or web page still in copyright,press article or web page still in copyright,"no URL recorded; the file name gives the source: ""press 2002 02 20 foxnews senator wants exhumation"""
cases/meriwether-lewis/sources/setting/press_2003-03-20_nashville_scene_strange_death_of_an_american_hero.txt,meriwether-lewis,press article or web page still in copyright,press article or web page still in copyright,"no URL recorded; the file name gives the source: ""press 2003 03 20 nashville scene strange death of an american hero"""
cases/meriwether-lewis/sources/setting/press_2009-06-04_hnn_descendants_launch_solve_the_mystery_site.txt,meriwether-lewis,press article or web page still in copyright,press article or web page still in copyright,"no URL recorded; the file name gives the source: ""press 2009 06 04 hnn descendants launch solve the mystery site"""
cases/meriwether-lewis/sources/setting/press_2009-07-08_heraldnet_scripps_kin_want_lewis_body_exhumed.txt,meriwether-lewis,press article or web page still in copyright,press article or web page still in copyright,"no URL recorded; the file name gives the source: ""press 2009 07 08 heraldnet scripps kin want lewis body exhumed"""
cases/meriwether-lewis/sources/setting/press_2009-07-10_wpln_family_again_asks_for_exhumation.txt,meriwether-lewis,press article or web page still in copyright,press article or web page still in copyright,"no URL recorded; the file name gives the source: ""press 2009 07 10 wpln family again asks for exhumation"""
cases/meriwether-lewis/sources/setting/press_2009-10-08_smithsonian_tucker_meriwether_lewis_mysterious_death.txt,meriwether-lewis,press article or web page still in copyright,press article or web page still in copyright,"no URL recorded; the file name gives the source: ""press 2009 10 08 smithsonian tucker meriwether lewis mysterious death"""
cases/meriwether-lewis/sources/setting/press_2009-11-27_national_parks_traveler_rehabbing_meriwether_lewis_site.txt,meriwether-lewis,press article or web page still in copyright,press article or web page still in copyright,"no URL recorded; the file name gives the source: ""press 2009 11 27 national parks traveler rehabbing meriwether lewis site"""
cases/meriwether-lewis/sources/setting/press_2010-06-27_daily_progress_mckenzie_lewis_exhumation.txt,meriwether-lewis,press article or web page still in copyright,press article or web page still in copyright,"no URL recorded; the file name gives the source: ""press 2010 06 27 daily progress mckenzie lewis exhumation"""
cases/meriwether-lewis/sources/setting/web_2004_hnn_kathryn_moore_mysterious_death_of_meriwether_lewis.txt,meriwether-lewis,press article or web page still in copyright,press article or web page still in copyright,"no URL recorded; the file name gives the source: ""web 2004 hnn kathryn moore mysterious death of meriwether lewis"""
cases/meriwether-lewis/sources/setting/web_2013_family_history_daily_holmes_griner_ancestors.txt,meriwether-lewis,press article or web page still in copyright,press article or web page still in copyright,"no URL recorded; the file name gives the source: ""web 2013 family history daily holmes griner ancestors"""
cases/meriwether-lewis/sources/setting/web_criminalelement_tony_hays_death_of_meriwether_lewis.txt,meriwether-lewis,press article or web page still in copyright,press article or web page still in copyright,"no URL recorded; the file name gives the source: ""web criminalelement tony hays death of meriwether lewis"""
cases/meriwether-lewis/sources/setting/web_inthehistory_death_of_meriwether_lewis_grinders_stand.txt,meriwether-lewis,press article or web page still in copyright,press article or web page still in copyright,"no URL recorded; the file name gives the source: ""web inthehistory death of meriwether lewis grinders stand"""
cases/meriwether-lewis/sources/setting/web_legendsofamerica_meriwether_lewis.txt,meriwether-lewis,press article or web page still in copyright,press article or web page still in copyright,"no URL recorded; the file name gives the source: ""web legendsofamerica meriwether lewis"""
cases/meriwether-lewis/sources/setting/web_lewis-clark_org_article_3174_derangement.txt,meriwether-lewis,press article or web page still in copyright,press article or web page still in copyright,"no URL recorded; the file name gives the source: ""web lewis clark org article 3174 derangement"""
cases/meriwether-lewis/sources/setting/web_lewis-clark_org_article_3176.txt,meriwether-lewis,press article or web page still in copyright,press article or web page still in copyright,"no URL recorded; the file name gives the source: ""web lewis clark org article 3176"""
cases/meriwether-lewis/sources/setting/web_meateater_fact_checker_was_meriwether_lewis_murdered.txt,meriwether-lewis,press article or web page still in copyright,press article or web page still in copyright,"no URL recorded; the file name gives the source: ""web meateater fact checker was meriwether lewis murdered"""
cases/meriwether-lewis/sources/setting/web_mentalfloss_meriwether_lewis_mysterious_death.txt,meriwether-lewis,press article or web page still in copyright,press article or web page still in copyright,"no URL recorded; the file name gives the source: ""web mentalfloss meriwether lewis mysterious death"""
cases/meriwether-lewis/sources/setting/web_natcheztracetravel_meriwether_lewis_site.txt,meriwether-lewis,press article or web page still in copyright,press article or web page still in copyright,"no URL recorded; the file name gives the source: ""web natcheztracetravel meriwether lewis site"""
cases/meriwether-lewis/sources/setting/web_solvethemystery_org_capture_2013-03-08.txt,meriwether-lewis,press article or web page still in copyright,press article or web page still in copyright,"no URL recorded; the file name gives the source: ""web solvethemystery org capture 2013 03 08"""
cases/meriwether-lewis/sources/setting/web_solvethemystery_org_capture_2016-03-30.txt,meriwether-lewis,press article or web page still in copyright,press article or web page still in copyright,"no URL recorded; the file name gives the source: ""web solvethemystery org capture 2016 03 30"""
cases/meriwether-lewis/sources/setting/web_solvethemystery_org_capture_2020-01-24.txt,meriwether-lewis,press article or web page still in copyright,press article or web page still in copyright,"no URL recorded; the file name gives the source: ""web solvethemystery org capture 2020 01 24"""
cases/meriwether-lewis/sources/setting/web_solvethemystery_org_capture_2024_domain_lost.txt,meriwether-lewis,press article or web page still in copyright,press article or web page still in copyright,"no URL recorded; the file name gives the source: ""web solvethemystery org capture 2024 domain lost"""
cases/meriwether-lewis/sources/setting/web_tngenweb_lewis_county_merriwether_lewis_story.txt,meriwether-lewis,press article or web page still in copyright,press article or web page still in copyright,"no URL recorded; the file name gives the source: ""web tngenweb lewis county merriwether lewis story"""
cases/meriwether-lewis/sources/setting/web_wikipedia_grinders_stand_wikitext.txt,meriwether-lewis,press article or web page still in copyright,press article or web page still in copyright,"no URL recorded; the file name gives the source: ""web wikipedia grinders stand wikitext"""
cases/night-before-christmas/docs/sources/bloomberg_2023-12-19_fox_case_almost_closed.txt,night-before-christmas,"article, blog post, excerpt or web page still in copyright","article, blog post, excerpt or web page still in copyright","no URL recorded; the file name gives the source: ""bloomberg 2023 12 19 fox case almost closed"""
cases/night-before-christmas/docs/sources/cbc_2017-12-24_gollom_matter_can_never_be_settled.txt,night-before-christmas,"article, blog post, excerpt or web page still in copyright","article, blog post, excerpt or web page still in copyright","no URL recorded; the file name gives the source: ""cbc 2017 12 24 gollom matter can never be settled"""
cases/night-before-christmas/docs/sources/henrylivingston_com_data_jackson_databases.txt,night-before-christmas,"article, blog post, excerpt or web page still in copyright","article, blog post, excerpt or web page still in copyright","no URL recorded; the file name gives the source: ""henrylivingston com data jackson databases"""
cases/night-before-christmas/docs/sources/henrylivingston_com_sources_historical_articles.txt,night-before-christmas,"article, blog post, excerpt or web page still in copyright","article, blog post, excerpt or web page still in copyright","no URL recorded; the file name gives the source: ""henrylivingston com sources historical articles"""
cases/night-before-christmas/docs/sources/henrylivingston_com_xmas_arguments.txt,night-before-christmas,"article, blog post, excerpt or web page still in copyright","article, blog post, excerpt or web page still in copyright","no URL recorded; the file name gives the source: ""henrylivingston com xmas arguments"""
cases/night-before-christmas/docs/sources/henrylivingston_com_xmas_index.txt,night-before-christmas,"article, blog post, excerpt or web page still in copyright","article, blog post, excerpt or web page still in copyright","no URL recorded; the file name gives the source: ""henrylivingston com xmas index"""
cases/night-before-christmas/docs/sources/henrylivingston_com_xmas_quest.txt,night-before-christmas,"article, blog post, excerpt or web page still in copyright","article, blog post, excerpt or web page still in copyright","no URL recorded; the file name gives the source: ""henrylivingston com xmas quest"""
cases/night-before-christmas/docs/sources/henrylivingston_com_xmas_scholars.txt,night-before-christmas,"article, blog post, excerpt or web page still in copyright","article, blog post, excerpt or web page still in copyright","no URL recorded; the file name gives the source: ""henrylivingston com xmas scholars"""
cases/night-before-christmas/docs/sources/henrylivingston_com_xmas_summary_timeline.txt,night-before-christmas,"article, blog post, excerpt or web page still in copyright","article, blog post, excerpt or web page still in copyright","no URL recorded; the file name gives the source: ""henrylivingston com xmas summary timeline"""
cases/night-before-christmas/docs/sources/henrylivingston_com_xmas_witnesses.txt,night-before-christmas,"article, blog post, excerpt or web page still in copyright","article, blog post, excerpt or web page still in copyright","no URL recorded; the file name gives the source: ""henrylivingston com xmas witnesses"""
cases/night-before-christmas/docs/sources/hl_about-henry-livingston_biography.txt,night-before-christmas,"article, blog post, excerpt or web page still in copyright","article, blog post, excerpt or web page still in copyright","no URL recorded; the file name gives the source: ""hl about henry livingston biography"""
cases/night-before-christmas/docs/sources/hl_early-variants-1823-1844_and_reindeer-names.txt,night-before-christmas,"article, blog post, excerpt or web page still in copyright","article, blog post, excerpt or web page still in copyright","no URL recorded; the file name gives the source: ""hl early variants 1823 1844 and reindeer names"""
cases/night-before-christmas/docs/sources/hl_historical-articles-on-authorship_list.txt,night-before-christmas,"article, blog post, excerpt or web page still in copyright","article, blog post, excerpt or web page still in copyright","no URL recorded; the file name gives the source: ""hl historical articles on authorship list"""
cases/night-before-christmas/docs/sources/hl_timeline-summary.txt,night-before-christmas,"article, blog post, excerpt or web page still in copyright","article, blog post, excerpt or web page still in copyright","no URL recorded; the file name gives the source: ""hl timeline summary"""
cases/night-before-christmas/docs/sources/hl_witness-letters-index_and_timeline-of-nbc.txt,night-before-christmas,"article, blog post, excerpt or web page still in copyright","article, blog post, excerpt or web page still in copyright","no URL recorded; the file name gives the source: ""hl witness letters index and timeline of nbc"""
cases/night-before-christmas/docs/sources/kaller_2004_authorship-of-the-night-before-christmas_parts-1-2.txt,night-before-christmas,"article, blog post, excerpt or web page still in copyright","article, blog post, excerpt or web page still in copyright","no URL recorded; the file name gives the source: ""kaller 2004 authorship of the night before christmas parts 1 2"""
cases/night-before-christmas/docs/sources/kaller_authorship_of_tnbc_part1_chapters1-2.txt,night-before-christmas,"article, blog post, excerpt or web page still in copyright","article, blog post, excerpt or web page still in copyright","no URL recorded; the file name gives the source: ""kaller authorship of tnbc part1 chapters1 2"""
cases/night-before-christmas/docs/sources/kaller_authorship_of_tnbc_part2_chapters3-5_appendices.txt,night-before-christmas,"article, blog post, excerpt or web page still in copyright","article, blog post, excerpt or web page still in copyright","no URL recorded; the file name gives the source: ""kaller authorship of tnbc part2 chapters3 5 appendices"""
cases/night-before-christmas/docs/sources/maccracken_1958_blithe_dutchess_pp370-390.txt,night-before-christmas,"article, blog post, excerpt or web page still in copyright","article, blog post, excerpt or web page still in copyright","no URL recorded; the file name gives the source: ""maccracken 1958 blithe dutchess pp370 390"""
cases/night-before-christmas/docs/sources/mcny_2016_blog_clement-clarke-moore-and-santa-in-the-city.txt,night-before-christmas,"article, blog post, excerpt or web page still in copyright","article, blog post, excerpt or web page still in copyright","no URL recorded; the file name gives the source: ""mcny 2016 blog clement clarke moore and santa in the city"""
cases/night-before-christmas/docs/sources/melvilliana_2016-02-01_holley_testimony.txt,night-before-christmas,"article, blog post, excerpt or web page still in copyright","article, blog post, excerpt or web page still in copyright","no URL recorded; the file name gives the source: ""melvilliana 2016 02 01 holley testimony"""
cases/night-before-christmas/docs/sources/melvilliana_2016-11-07_norsworthy_review_of_jackson.txt,night-before-christmas,"article, blog post, excerpt or web page still in copyright","article, blog post, excerpt or web page still in copyright","no URL recorded; the file name gives the source: ""melvilliana 2016 11 07 norsworthy review of jackson"""
cases/night-before-christmas/docs/sources/melvilliana_2016_sarah-sackett_moore-and-the-greek-fund.txt,night-before-christmas,"article, blog post, excerpt or web page still in copyright","article, blog post, excerpt or web page still in copyright","no URL recorded; the file name gives the source: ""melvilliana 2016 sarah sackett moore and the greek fund"""
cases/night-before-christmas/docs/sources/melvilliana_2017-01-24_moore_1844_letter_new_york_american.txt,night-before-christmas,"article, blog post, excerpt or web page still in copyright","article, blog post, excerpt or web page still in copyright","no URL recorded; the file name gives the source: ""melvilliana 2017 01 24 moore 1844 letter new york american"""
cases/night-before-christmas/docs/sources/melvilliana_2017-02-03_jackson_response_to_norsworthy.txt,night-before-christmas,"article, blog post, excerpt or web page still in copyright","article, blog post, excerpt or web page still in copyright","no URL recorded; the file name gives the source: ""melvilliana 2017 02 03 jackson response to norsworthy"""
cases/night-before-christmas/docs/sources/melvilliana_2017-02-09_recommended_fixes.txt,night-before-christmas,"article, blog post, excerpt or web page still in copyright","article, blog post, excerpt or web page still in copyright","no URL recorded; the file name gives the source: ""melvilliana 2017 02 09 recommended fixes"""
cases/night-before-christmas/docs/sources/melvilliana_2017-03-06_trigrams.txt,night-before-christmas,"article, blog post, excerpt or web page still in copyright","article, blog post, excerpt or web page still in copyright","no URL recorded; the file name gives the source: ""melvilliana 2017 03 06 trigrams"""
cases/night-before-christmas/docs/sources/melvilliana_2017-03-16_jackson_on_norsworthy.txt,night-before-christmas,"article, blog post, excerpt or web page still in copyright","article, blog post, excerpt or web page still in copyright","no URL recorded; the file name gives the source: ""melvilliana 2017 03 16 jackson on norsworthy"""
cases/night-before-christmas/docs/sources/melvilliana_2017-03-24_dunder_donder_blixem_blitzen.txt,night-before-christmas,"article, blog post, excerpt or web page still in copyright","article, blog post, excerpt or web page still in copyright","no URL recorded; the file name gives the source: ""melvilliana 2017 03 24 dunder donder blixem blitzen"""
cases/night-before-christmas/docs/sources/melvilliana_2017-04-28_eight_favorite_expressions.txt,night-before-christmas,"article, blog post, excerpt or web page still in copyright","article, blog post, excerpt or web page still in copyright","no URL recorded; the file name gives the source: ""melvilliana 2017 04 28 eight favorite expressions"""
cases/night-before-christmas/docs/sources/melvilliana_2017-05-16_how_we_know_deal_breakers.txt,night-before-christmas,"article, blog post, excerpt or web page still in copyright","article, blog post, excerpt or web page still in copyright","no URL recorded; the file name gives the source: ""melvilliana 2017 05 16 how we know deal breakers"""
cases/night-before-christmas/docs/sources/melvilliana_2018-02-07_twc_moore_witness_letter.txt,night-before-christmas,"article, blog post, excerpt or web page still in copyright","article, blog post, excerpt or web page still in copyright","no URL recorded; the file name gives the source: ""melvilliana 2018 02 07 twc moore witness letter"""
cases/night-before-christmas/docs/sources/melvilliana_2018-08-08_pre1844_attributions_to_moore.txt,night-before-christmas,"article, blog post, excerpt or web page still in copyright","article, blog post, excerpt or web page still in copyright","no URL recorded; the file name gives the source: ""melvilliana 2018 08 08 pre1844 attributions to moore"""
cases/night-before-christmas/docs/sources/melvilliana_2018_harriet-butler-and-sarah-sackett_1824-lafayette-petition.txt,night-before-christmas,"article, blog post, excerpt or web page still in copyright","article, blog post, excerpt or web page still in copyright","no URL recorded; the file name gives the source: ""melvilliana 2018 harriet butler and sarah sackett 1824 lafayette petition"""
cases/night-before-christmas/docs/sources/melvilliana_2019-04-08_first_printing_troy_sentinel_1823.txt,night-before-christmas,"article, blog post, excerpt or web page still in copyright","article, blog post, excerpt or web page still in copyright","no URL recorded; the file name gives the source: ""melvilliana 2019 04 08 first printing troy sentinel 1823"""
cases/night-before-christmas/docs/sources/melvilliana_2019_first-printing_1823-and-1829-transcriptions.txt,night-before-christmas,"article, blog post, excerpt or web page still in copyright","article, blog post, excerpt or web page still in copyright","no URL recorded; the file name gives the source: ""melvilliana 2019 first printing 1823 and 1829 transcriptions"""
cases/night-before-christmas/docs/sources/melvilliana_2023-12-13_review_of_jerman_fight_for_the_night.txt,night-before-christmas,"article, blog post, excerpt or web page still in copyright","article, blog post, excerpt or web page still in copyright","no URL recorded; the file name gives the source: ""melvilliana 2023 12 13 review of jerman fight for the night"""
cases/night-before-christmas/docs/sources/muse_jackson_2017_style_abstract.txt,night-before-christmas,"article, blog post, excerpt or web page still in copyright","article, blog post, excerpt or web page still in copyright","no URL recorded; the file name gives the source: ""muse jackson 2017 style abstract"""
cases/night-before-christmas/docs/sources/nissenbaum_2001_commonplace_there_arose_such_a_clatter.txt,night-before-christmas,"article, blog post, excerpt or web page still in copyright","article, blog post, excerpt or web page still in copyright","no URL recorded; the file name gives the source: ""nissenbaum 2001 commonplace there arose such a clatter"""
cases/night-before-christmas/docs/sources/nyhs_2025-12-22_garner_on_donner_on_blitzen.txt,night-before-christmas,"article, blog post, excerpt or web page still in copyright","article, blog post, excerpt or web page still in copyright","no URL recorded; the file name gives the source: ""nyhs 2025 12 22 garner on donner on blitzen"""
cases/night-before-christmas/docs/sources/nyhs_2025_blog_twas-the-night-before-christmas.txt,night-before-christmas,"article, blog post, excerpt or web page still in copyright","article, blog post, excerpt or web page still in copyright","no URL recorded; the file name gives the source: ""nyhs 2025 blog twas the night before christmas"""
cases/night-before-christmas/docs/sources/nysl_2015-12_exhibit_revisiting_a_visit_from_st_nicholas.txt,night-before-christmas,"article, blog post, excerpt or web page still in copyright","article, blog post, excerpt or web page still in copyright","no URL recorded; the file name gives the source: ""nysl 2015 12 exhibit revisiting a visit from st nicholas"""
cases/night-before-christmas/docs/sources/nysl_2015_exhibit_st-nicholas.txt,night-before-christmas,"article, blog post, excerpt or web page still in copyright","article, blog post, excerpt or web page still in copyright","no URL recorded; the file name gives the source: ""nysl 2015 exhibit st nicholas"""
cases/night-before-christmas/docs/sources/nyt_2000-10-26_kirkpatrick_literary_sleuth_casts_doubt.txt,night-before-christmas,"article, blog post, excerpt or web page still in copyright","article, blog post, excerpt or web page still in copyright","no URL recorded; the file name gives the source: ""nyt 2000 10 26 kirkpatrick literary sleuth casts doubt"""
cases/night-before-christmas/docs/sources/patterson_1956_poet_of_christmas_eve_excerpts.txt,night-before-christmas,"article, blog post, excerpt or web page still in copyright","article, blog post, excerpt or web page still in copyright","no URL recorded; the file name gives the source: ""patterson 1956 poet of christmas eve excerpts"""
cases/night-before-christmas/docs/sources/wikipedia_a_visit_from_st_nicholas_wikitext.txt,night-before-christmas,"article, blog post, excerpt or web page still in copyright","article, blog post, excerpt or web page still in copyright","no URL recorded; the file name gives the source: ""wikipedia a visit from st nicholas wikitext"""
cases/night-before-christmas/docs/sources/wikipedia_henry_livingston_jr_wikitext.txt,night-before-christmas,"article, blog post, excerpt or web page still in copyright","article, blog post, excerpt or web page still in copyright","no URL recorded; the file name gives the source: ""wikipedia henry livingston jr wikitext"""
cases/ninth-legion/papers/graafstal2025_britannia56_text.txt,ninth-legion,"article text or passages still in copyright (Graafstal 2025, Britannia","article text or passages still in copyright (Graafstal 2025, Britannia; Hodgson 2021)","no URL recorded; the file name gives the source: ""graafstal2025 britannia56 text"""
cases/ninth-legion/papers/graafstal2025_hodgson_passages.txt,ninth-legion,"article text or passages still in copyright (Graafstal 2025, Britannia","article text or passages still in copyright (Graafstal 2025, Britannia; Hodgson 2021)","no URL recorded; the file name gives the source: ""graafstal2025 hodgson passages"""
cases/ourang-medan/sources/ocr/010404481_mpeg21_a0051.txt,ourang-medan,Delpher OCR of Dutch newspaper articles of 1947-1948,Delpher OCR of Dutch newspaper articles of 1947-1948; the anonymous articles are out of copyright in the Netherlands but not verifiably in the United States,"Delpher (KB, The Hague): https://resolver.kb.nl/resolve?urn=ddd:010404481:mpeg21:a0051"
cases/ourang-medan/sources/ocr/010862872_mpeg21_a0051.txt,ourang-medan,Delpher OCR of Dutch newspaper articles of 1947-1948,Delpher OCR of Dutch newspaper articles of 1947-1948; the anonymous articles are out of copyright in the Netherlands but not verifiably in the United States,"Delpher (KB, The Hague): https://resolver.kb.nl/resolve?urn=ddd:010862872:mpeg21:a0051"
cases/ourang-medan/sources/ocr/010862918_mpeg21_a0033.txt,ourang-medan,Delpher OCR of Dutch newspaper articles of 1947-1948,Delpher OCR of Dutch newspaper articles of 1947-1948; the anonymous articles are out of copyright in the Netherlands but not verifiably in the United States,"Delpher (KB, The Hague): https://resolver.kb.nl/resolve?urn=ddd:010862918:mpeg21:a0033"
cases/ourang-medan/sources/ocr/010862918_mpeg21_a0034.txt,ourang-medan,Delpher OCR of Dutch newspaper articles of 1947-1948,Delpher OCR of Dutch newspaper articles of 1947-1948; the anonymous articles are out of copyright in the Netherlands but not verifiably in the United States,"Delpher (KB, The Hague): https://resolver.kb.nl/resolve?urn=ddd:010862918:mpeg21:a0034"
cases/ourang-medan/sources/ocr/010862918_mpeg21_a0035.txt,ourang-medan,Delpher OCR of Dutch newspaper articles of 1947-1948,Delpher OCR of Dutch newspaper articles of 1947-1948; the anonymous articles are out of copyright in the Netherlands but not verifiably in the United States,"Delpher (KB, The Hague): https://resolver.kb.nl/resolve?urn=ddd:010862918:mpeg21:a0035"
cases/ourang-medan/sources/ocr/010862918_mpeg21_a0036.txt,ourang-medan,Delpher OCR of Dutch newspaper articles of 1947-1948,Delpher OCR of Dutch newspaper articles of 1947-1948; the anonymous articles are out of copyright in the Netherlands but not verifiably in the United States,"Delpher (KB, The Hague): https://resolver.kb.nl/resolve?urn=ddd:010862918:mpeg21:a0036"
cases/ourang-medan/sources/ocr/010862945_mpeg21_a0036.txt,ourang-medan,Delpher OCR of Dutch newspaper articles of 1947-1948,Delpher OCR of Dutch newspaper articles of 1947-1948; the anonymous articles are out of copyright in the Netherlands but not verifiably in the United States,"Delpher (KB, The Hague): https://resolver.kb.nl/resolve?urn=ddd:010862945:mpeg21:a0036"
cases/ourang-medan/sources/ocr/010862945_mpeg21_a0038.txt,ourang-medan,Delpher OCR of Dutch newspaper articles of 1947-1948,Delpher OCR of Dutch newspaper articles of 1947-1948; the anonymous articles are out of copyright in the Netherlands but not verifiably in the United States,"Delpher (KB, The Hague): https://resolver.kb.nl/resolve?urn=ddd:010862945:mpeg21:a0038"
cases/ourang-medan/sources/ocr/chinamail_1941-02-27.txt,ourang-medan,Delpher OCR of Dutch newspaper articles of 1947-1948,Delpher OCR of Dutch newspaper articles of 1947-1948; the anonymous articles are out of copyright in the Netherlands but not verifiably in the United States,"no URL recorded; the file name gives the source: ""chinamail 1941 02 27"""
cases/ourang-medan/sources/ocr/dailymirror_1940-11-22.txt,ourang-medan,Delpher OCR of Dutch newspaper articles of 1947-1948,Delpher OCR of Dutch newspaper articles of 1947-1948; the anonymous articles are out of copyright in the Netherlands but not verifiably in the United States,"no URL recorded; the file name gives the source: ""dailymirror 1940 11 22"""
cases/ourang-medan/sources/ocr/gallica_7jours_1940-12-29.txt,ourang-medan,Delpher OCR of Dutch newspaper articles of 1947-1948,Delpher OCR of Dutch newspaper articles of 1947-1948; the anonymous articles are out of copyright in the Netherlands but not verifiably in the United States,"no URL recorded; the file name gives the source: ""gallica 7jours 1940 12 29"""
cases/ourang-medan/sources/ocr/illustrazione_1940_49_djvu.txt,ourang-medan,Delpher OCR of Dutch newspaper articles of 1947-1948,Delpher OCR of Dutch newspaper articles of 1947-1948; the anonymous articles are out of copyright in the Netherlands but not verifiably in the United States,https://archivio.ilpiccolo.it/sfoglio/aviator/aviator.php?newspaper=TO00208776&edition=piccolo&issue=19401016&startpage=3
cases/ourang-medan/sources/ocr/ilpiccolo_ocr_TO00208776_19401016_p3.txt,ourang-medan,Delpher OCR of Dutch newspaper articles of 1947-1948,Delpher OCR of Dutch newspaper articles of 1947-1948; the anonymous articles are out of copyright in the Netherlands but not verifiably in the United States,https://archivio.ilpiccolo.it/sfoglio/aviator/aviator.php?newspaper=TO00208776&edition=piccolo&issue=19401016&startpage=3
cases/ourang-medan/sources/ocr/ilpiccolo_ocr_TO00208776_19401026_p3.txt,ourang-medan,Delpher OCR of Dutch newspaper articles of 1947-1948,Delpher OCR of Dutch newspaper articles of 1947-1948; the anonymous articles are out of copyright in the Netherlands but not verifiably in the United States,"no URL recorded; the file name gives the source: ""ilpiccolo ocr TO00208776 19401026 p3"""
cases/ourang-medan/sources/ocr/ilpiccolo_ocr_TO00208776_19410205_p3.txt,ourang-medan,Delpher OCR of Dutch newspaper articles of 1947-1948,Delpher OCR of Dutch newspaper articles of 1947-1948; the anonymous articles are out of copyright in the Netherlands but not verifiably in the United States,"no URL recorded; the file name gives the source: ""ilpiccolo ocr TO00208776 19410205 p3"""
cases/ourang-medan/sources/ocr/revistadasemana_1950_21_djvu.txt,ourang-medan,Delpher OCR of Dutch newspaper articles of 1947-1948,Delpher OCR of Dutch newspaper articles of 1947-1948; the anonymous articles are out of copyright in the Netherlands but not verifiably in the United States,"no URL recorded; the file name gives the source: ""revistadasemana 1950 21 djvu"""
cases/ourang-medan/sources/transcriptions/albany_times_union_1948-10-10_3308_text.txt,ourang-medan,"newspaper or magazine article of 1940-1950, not verifiably out of copyright in the United States","newspaper or magazine article of 1940-1950, not verifiably out of copyright in the United States","no URL recorded; the file name gives the source: ""albany times union 1948 10 10 3308 text"""
cases/ourang-medan/sources/transcriptions/albany_times_union_1948-10-10_3309_text.txt,ourang-medan,"newspaper or magazine article of 1940-1950, not verifiably out of copyright in the United States","newspaper or magazine article of 1940-1950, not verifiably out of copyright in the United States","no URL recorded; the file name gives the source: ""albany times union 1948 10 10 3309 text"""
cases/ourang-medan/sources/transcriptions/american_weekly_1948-10-03_djvu.txt,ourang-medan,"newspaper or magazine article of 1940-1950, not verifiably out of copyright in the United States","newspaper or magazine article of 1940-1950, not verifiably out of copyright in the United States","no URL recorded; the file name gives the source: ""american weekly 1948 10 03 djvu"""
cases/ourang-medan/sources/transcriptions/american_weekly_1948-10-03_teaser_ocr.txt,ourang-medan,"newspaper or magazine article of 1940-1950, not verifiably out of copyright in the United States","newspaper or magazine article of 1940-1950, not verifiably out of copyright in the United States","no URL recorded; the file name gives the source: ""american weekly 1948 10 03 teaser ocr"""
cases/ourang-medan/sources/transcriptions/american_weekly_1948-10-10_djvu.txt,ourang-medan,"newspaper or magazine article of 1940-1950, not verifiably out of copyright in the United States","newspaper or magazine article of 1940-1950, not verifiably out of copyright in the United States","no URL recorded; the file name gives the source: ""american weekly 1948 10 10 djvu"""
cases/ourang-medan/sources/transcriptions/american_weekly_1948-10-10_secrets_of_the_sea_ocr.txt,ourang-medan,"newspaper or magazine article of 1940-1950, not verifiably out of copyright in the United States","newspaper or magazine article of 1940-1950, not verifiably out of copyright in the United States","no URL recorded; the file name gives the source: ""american weekly 1948 10 10 secrets of the sea ocr"""
cases/ourang-medan/sources/transcriptions/american_weekly_1948-10-10_secrets_of_the_sea_transcription.txt,ourang-medan,"newspaper or magazine article of 1940-1950, not verifiably out of copyright in the United States","newspaper or magazine article of 1940-1950, not verifiably out of copyright in the United States","no URL recorded; the file name gives the source: ""american weekly 1948 10 10 secrets of the sea transcription"""
cases/ourang-medan/sources/transcriptions/atlanta_constitution_1948-10-03_text.txt,ourang-medan,"newspaper or magazine article of 1940-1950, not verifiably out of copyright in the United States","newspaper or magazine article of 1940-1950, not verifiably out of copyright in the United States","no URL recorded; the file name gives the source: ""atlanta constitution 1948 10 03 text"""
cases/ourang-medan/sources/transcriptions/bainton_cargo_of_death_1999.txt,ourang-medan,"book excerpt or magazine article of 1955-2021, still in copyright","book excerpt or magazine article of 1955-2021, still in copyright","no URL recorded; the file name gives the source: ""bainton cargo of death 1999"""
cases/ourang-medan/sources/transcriptions/china_mail_1941-02-27_djvu.txt,ourang-medan,"newspaper or magazine article of 1940-1950, not verifiably out of copyright in the United States","newspaper or magazine article of 1940-1950, not verifiably out of copyright in the United States","no URL recorded; the file name gives the source: ""china mail 1941 02 27 djvu"""
cases/ourang-medan/sources/transcriptions/china_mail_1941-02-27_extract.txt,ourang-medan,"newspaper or magazine article of 1940-1950, not verifiably out of copyright in the United States","newspaper or magazine article of 1940-1950, not verifiably out of copyright in the United States","no URL recorded; the file name gives the source: ""china mail 1941 02 27 extract"""
cases/ourang-medan/sources/transcriptions/daily_mirror_1940-11-22_transcription.txt,ourang-medan,"newspaper or magazine article of 1940-1950, not verifiably out of copyright in the United States","newspaper or magazine article of 1940-1950, not verifiably out of copyright in the United States","no URL recorded; the file name gives the source: ""daily mirror 1940 11 22 transcription"""
cases/ourang-medan/sources/transcriptions/edwards_strangest_of_all_1956_djvu.txt,ourang-medan,"book excerpt or magazine article of 1955-2021, still in copyright","book excerpt or magazine article of 1955-2021, still in copyright","no URL recorded; the file name gives the source: ""edwards strangest of all 1956 djvu"""
cases/ourang-medan/sources/transcriptions/edwards_strangest_of_all_1956_excerpt.txt,ourang-medan,"book excerpt or magazine article of 1955-2021, still in copyright","book excerpt or magazine article of 1955-2021, still in copyright","no URL recorded; the file name gives the source: ""edwards strangest of all 1956 excerpt"""
cases/ourang-medan/sources/transcriptions/fortean_times_2021-02_djvu.txt,ourang-medan,"book excerpt or magazine article of 1955-2021, still in copyright","book excerpt or magazine article of 1955-2021, still in copyright","no URL recorded; the file name gives the source: ""fortean times 2021 02 djvu"""
cases/ourang-medan/sources/transcriptions/fortean_times_2021-06_djvu.txt,ourang-medan,"book excerpt or magazine article of 1955-2021, still in copyright","book excerpt or magazine article of 1955-2021, still in copyright","no URL recorded; the file name gives the source: ""fortean times 2021 06 djvu"""
cases/ourang-medan/sources/transcriptions/gaddis_invisible_horizons_1965_via_sanderson_excerpt.txt,ourang-medan,"book excerpt or magazine article of 1955-2021, still in copyright","book excerpt or magazine article of 1955-2021, still in copyright","no URL recorded; the file name gives the source: ""gaddis invisible horizons 1965 via sanderson excerpt"""
cases/ourang-medan/sources/transcriptions/jbr_1999_v55q2_djvu.txt,ourang-medan,"book excerpt or magazine article of 1955-2021, still in copyright","book excerpt or magazine article of 1955-2021, still in copyright","no URL recorded; the file name gives the source: ""jbr 1999 v55q2 djvu"""
cases/ourang-medan/sources/transcriptions/jessup_case_for_ufo_1955_excerpt.txt,ourang-medan,"book excerpt or magazine article of 1955-2021, still in copyright","book excerpt or magazine article of 1955-2021, still in copyright","no URL recorded; the file name gives the source: ""jessup case for ufo 1955 excerpt"""
cases/ourang-medan/sources/transcriptions/jessup_case_for_ufo_varo_djvu.txt,ourang-medan,"book excerpt or magazine article of 1955-2021, still in copyright","book excerpt or magazine article of 1955-2021, still in copyright","no URL recorded; the file name gives the source: ""jessup case for ufo varo djvu"""
cases/ourang-medan/sources/transcriptions/leekster_1948-01-24.txt,ourang-medan,"newspaper or magazine article of 1940-1950, not verifiably out of copyright in the United States","newspaper or magazine article of 1940-1950, not verifiably out of copyright in the United States",https://resolver.kb.nl/resolve?urn=ddd:010862872:mpeg21:a0050:ocr
cases/ourang-medan/sources/transcriptions/paijmans_FT402_2021-02_death_ship_ocr.txt,ourang-medan,"book excerpt or magazine article of 1955-2021, still in copyright","book excerpt or magazine article of 1955-2021, still in copyright","no URL recorded; the file name gives the source: ""paijmans FT402 2021 02 death ship ocr"""
cases/ourang-medan/sources/transcriptions/panorama_1964_v3n4_djvu.txt,ourang-medan,"book excerpt or magazine article of 1955-2021, still in copyright","book excerpt or magazine article of 1955-2021, still in copyright","no URL recorded; the file name gives the source: ""panorama 1964 v3n4 djvu"""
cases/ourang-medan/sources/transcriptions/revista_da_semana_1950-05-27_djvu.txt,ourang-medan,"newspaper or magazine article of 1940-1950, not verifiably out of copyright in the United States","newspaper or magazine article of 1940-1950, not verifiably out of copyright in the United States","no URL recorded; the file name gives the source: ""revista da semana 1950 05 27 djvu"""
cases/ourang-medan/sources/transcriptions/revista_da_semana_1950-05-27_excerpt.txt,ourang-medan,"newspaper or magazine article of 1940-1950, not verifiably out of copyright in the United States","newspaper or magazine article of 1940-1950, not verifiably out of copyright in the United States","no URL recorded; the file name gives the source: ""revista da semana 1950 05 27 excerpt"""
cases/ourang-medan/sources/transcriptions/sanderson_invisible_residents_djvu.txt,ourang-medan,"book excerpt or magazine article of 1955-2021, still in copyright","book excerpt or magazine article of 1955-2021, still in copyright","no URL recorded; the file name gives the source: ""sanderson invisible residents djvu"""
cases/ourang-medan/sources/transcriptions/schiff_classic_2019-5_djvu.txt,ourang-medan,"book excerpt or magazine article of 1955-2021, still in copyright","book excerpt or magazine article of 1955-2021, still in copyright","no URL recorded; the file name gives the source: ""schiff classic 2019 5 djvu"""
cases/ourang-medan/sources/transcriptions/skittish_1940.txt,ourang-medan,"newspaper or magazine article of 1940-1950, not verifiably out of copyright in the United States","newspaper or magazine article of 1940-1950, not verifiably out of copyright in the United States","no URL recorded; the file name gives the source: ""skittish 1940"""
cases/ourang-medan/sources/transcriptions/sparks_journal_1978_excerpt.txt,ourang-medan,"book excerpt or magazine article of 1955-2021, still in copyright","book excerpt or magazine article of 1955-2021, still in copyright","no URL recorded; the file name gives the source: ""sparks journal 1978 excerpt"""
cases/ourang-medan/sources/transcriptions/transcription_ilpiccolo_1940-10-16.txt,ourang-medan,"newspaper or magazine article of 1940-1950, not verifiably out of copyright in the United States","newspaper or magazine article of 1940-1950, not verifiably out of copyright in the United States",https://archivio.ilpiccolo.it/sfoglio/aviator/aviator.php?newspaper=TO00208776&edition=piccolo&issue=19401016&startpage=3
cases/ourang-medan/sources/transcriptions/transcription_ilpiccolo_1941-02-05.txt,ourang-medan,"newspaper or magazine article of 1940-1950, not verifiably out of copyright in the United States","newspaper or magazine article of 1940-1950, not verifiably out of copyright in the United States","no URL recorded; the file name gives the source: ""transcription ilpiccolo 1941 02 05"""
cases/ourang-medan/sources/transcriptions/yorkshire_evening_post_1940-11-21_transcription.txt,ourang-medan,"newspaper or magazine article of 1940-1950, not verifiably out of copyright in the United States","newspaper or magazine article of 1940-1950, not verifiably out of copyright in the United States","no URL recorded; the file name gives the source: ""yorkshire evening post 1940 11 21 transcription"""
cases/roanoke/sources/AHR_2025_Oakley_review_Klingelhofer_abstract.txt,roanoke,"news article, report, review, book excerpt, abstract or web page still in copyright","news article, report, review, book excerpt, abstract or web page still in copyright","no URL recorded; the file name gives the source: ""AHR 2025 Oakley review Klingelhofer abstract"""
cases/roanoke/sources/AHR_review_Excavating.txt,roanoke,"news article, report, review, book excerpt, abstract or web page still in copyright","news article, report, review, book excerpt, abstract or web page still in copyright",https://uncpress.org/9781469673752/excavating-the-lost-colony-mystery/
cases/roanoke/sources/AOL_exclusive_lost_colony_435.txt,roanoke,"news article, report, review, book excerpt, abstract or web page still in copyright","news article, report, review, book excerpt, abstract or web page still in copyright","no URL recorded; the file name gives the source: ""AOL exclusive lost colony 435"""
cases/roanoke/sources/AllThatsInteresting_2025.txt,roanoke,"news article, report, review, book excerpt, abstract or web page still in copyright","news article, report, review, book excerpt, abstract or web page still in copyright","no URL recorded; the file name gives the source: ""AllThatsInteresting 2025"""
cases/roanoke/sources/AmericanHeritage_2010_found.txt,roanoke,"news article, report, review, book excerpt, abstract or web page still in copyright","news article, report, review, book excerpt, abstract or web page still in copyright","no URL recorded; the file name gives the source: ""AmericanHeritage 2010 found"""
cases/roanoke/sources/AmericanHeritage_2010_new_clues.txt,roanoke,"news article, report, review, book excerpt, abstract or web page still in copyright","news article, report, review, book excerpt, abstract or web page still in copyright","no URL recorded; the file name gives the source: ""AmericanHeritage 2010 new clues"""
cases/roanoke/sources/AmericanHeritage_2020_have_we_found.txt,roanoke,"news article, report, review, book excerpt, abstract or web page still in copyright","news article, report, review, book excerpt, abstract or web page still in copyright",https://www.nationalgeographic.com/history/article/newfound-survivor-camp-may-explain-lost-colony-roanoke
cases/roanoke/sources/ArchaeologyInCommunity_Roanoke.txt,roanoke,"news article, report, review, book excerpt, abstract or web page still in copyright","news article, report, review, book excerpt, abstract or web page still in copyright","no URL recorded; the file name gives the source: ""ArchaeologyInCommunity Roanoke"""
cases/roanoke/sources/Artnet_lost_colony.txt,roanoke,"news article, report, review, book excerpt, abstract or web page still in copyright","news article, report, review, book excerpt, abstract or web page still in copyright",https://www.nationalgeographic.com/history/article/newfound-survivor-camp-may-explain-lost-colony-roanoke
cases/roanoke/sources/BM_TRB6_repository_page.txt,roanoke,"news article, report, review, book excerpt, abstract or web page still in copyright","news article, report, review, book excerpt, abstract or web page still in copyright",https://britishmuseum.iro.bl.uk/bitstreams/bca2144c-2136-4dbf-b1dc-54a17fcf9c56/download
cases/roanoke/sources/BM_TRB_Volume6_full.pdf,roanoke,"news article, report, review, book excerpt, abstract or web page still in copyright","news article, report, review, book excerpt, abstract or web page still in copyright",https://britishmuseum.iro.bl.uk/bitstreams/bca2144c-2136-4dbf-b1dc-54a17fcf9c56/download
cases/roanoke/sources/BM_TRB_Volume6_full.txt,roanoke,"news article, report, review, book excerpt, abstract or web page still in copyright","news article, report, review, book excerpt, abstract or web page still in copyright",https://britishmuseum.iro.bl.uk/bitstreams/bca2144c-2136-4dbf-b1dc-54a17fcf9c56/download
cases/roanoke/sources/BM_findings_via_FCF_2012.txt,roanoke,"news article, report, review, book excerpt, abstract or web page still in copyright","news article, report, review, book excerpt, abstract or web page still in copyright",https://www.firstcolonyfoundation.org/documents/british_museum_findings.pdf
cases/roanoke/sources/BM_findings_via_FCF_2012_wayback.pdf,roanoke,"news article, report, review, book excerpt, abstract or web page still in copyright","news article, report, review, book excerpt, abstract or web page still in copyright",https://www.firstcolonyfoundation.org/documents/british_museum_findings.pdf
cases/roanoke/sources/BM_findings_via_FCF_2012_wayback.txt,roanoke,"news article, report, review, book excerpt, abstract or web page still in copyright","news article, report, review, book excerpt, abstract or web page still in copyright",https://www.firstcolonyfoundation.org/documents/british_museum_findings.pdf
cases/roanoke/sources/BertieCounty_2020_FCF_press_release_SiteY.pdf,roanoke,"news article, report, review, book excerpt, abstract or web page still in copyright","news article, report, review, book excerpt, abstract or web page still in copyright",http://www.co.bertie.nc.us/projects/2019/tgow/Discovery%20shows%20Lost%20Colony%20survivors%20lived%20inland%20FINAL%20Oct%2015%202020.pdf
cases/roanoke/sources/BertieCounty_2020_FCF_press_release_SiteY.txt,roanoke,"news article, report, review, book excerpt, abstract or web page still in copyright","news article, report, review, book excerpt, abstract or web page still in copyright",http://www.co.bertie.nc.us/projects/2019/tgow/Discovery%20shows%20Lost%20Colony%20survivors%20lived%20inland%20FINAL%20Oct%2015%202020.pdf
cases/roanoke/sources/CASHatteras_products.txt,roanoke,"news article, report, review, book excerpt, abstract or web page still in copyright","news article, report, review, book excerpt, abstract or web page still in copyright",http://www.cashatteras.com/
cases/roanoke/sources/CAS_home.txt,roanoke,"news article, report, review, book excerpt, abstract or web page still in copyright","news article, report, review, book excerpt, abstract or web page still in copyright",http://www.cashatteras.com/
cases/roanoke/sources/CW_TrendTradition_2025_lost_colony.txt,roanoke,"news article, report, review, book excerpt, abstract or web page still in copyright","news article, report, review, book excerpt, abstract or web page still in copyright","no URL recorded; the file name gives the source: ""CW TrendTradition 2025 lost colony"""
cases/roanoke/sources/CarolinaCountry_Becoming_Lost_Colony.txt,roanoke,"news article, report, review, book excerpt, abstract or web page still in copyright","news article, report, review, book excerpt, abstract or web page still in copyright",https://mcfarlandbooks.com/product/becoming-the-lost-colony/
cases/roanoke/sources/CoastalCarolinaIndians_Horton_explains.txt,roanoke,"news article, report, review, book excerpt, abstract or web page still in copyright","news article, report, review, book excerpt, abstract or web page still in copyright","no URL recorded; the file name gives the source: ""CoastalCarolinaIndians Horton explains"""
cases/roanoke/sources/CoastalLandTrust_SalmonCreek.txt,roanoke,"news article, report, review, book excerpt, abstract or web page still in copyright","news article, report, review, book excerpt, abstract or web page still in copyright","no URL recorded; the file name gives the source: ""CoastalLandTrust SalmonCreek"""
cases/roanoke/sources/CoastalLandTrust_SiteX_news.txt,roanoke,"news article, report, review, book excerpt, abstract or web page still in copyright","news article, report, review, book excerpt, abstract or web page still in copyright","no URL recorded; the file name gives the source: ""CoastalLandTrust SiteX news"""
cases/roanoke/sources/CoastalReview_2016_05_back_to_square_one.txt,roanoke,"news article, report, review, book excerpt, abstract or web page still in copyright","news article, report, review, book excerpt, abstract or web page still in copyright",https://coastalreview.org/2016/05/14460/
cases/roanoke/sources/CoastalReview_2020_10_moved_inland.txt,roanoke,"news article, report, review, book excerpt, abstract or web page still in copyright","news article, report, review, book excerpt, abstract or web page still in copyright","no URL recorded; the file name gives the source: ""CoastalReview 2020 10 moved inland"""
cases/roanoke/sources/CoastalReview_2023_06_first_contact.txt,roanoke,"news article, report, review, book excerpt, abstract or web page still in copyright","news article, report, review, book excerpt, abstract or web page still in copyright","no URL recorded; the file name gives the source: ""CoastalReview 2023 06 first contact"""
cases/roanoke/sources/CoastalReview_2024_01_FCF_journey.txt,roanoke,"news article, report, review, book excerpt, abstract or web page still in copyright","news article, report, review, book excerpt, abstract or web page still in copyright","no URL recorded; the file name gives the source: ""CoastalReview 2024 01 FCF journey"""
cases/roanoke/sources/CoastalReview_2024_10_maps.txt,roanoke,"news article, report, review, book excerpt, abstract or web page still in copyright","news article, report, review, book excerpt, abstract or web page still in copyright","no URL recorded; the file name gives the source: ""CoastalReview 2024 10 maps"""
cases/roanoke/sources/CoastalReview_2026_03_science_on_sound_hatteras.txt,roanoke,"news article, report, review, book excerpt, abstract or web page still in copyright","news article, report, review, book excerpt, abstract or web page still in copyright","no URL recorded; the file name gives the source: ""CoastalReview 2026 03 science on sound hatteras"""
cases/roanoke/sources/Coastwatch_Lumbee_perspective.txt,roanoke,"news article, report, review, book excerpt, abstract or web page still in copyright","news article, report, review, book excerpt, abstract or web page still in copyright",https://ncseagrant.ncsu.edu/coastwatch/wingina-wanchese-and-manteo-a-lumbee-perspective-on-the-lost-colony/
cases/roanoke/sources/CrimeReads_2018_Lawler_secret_maps.txt,roanoke,"news article, report, review, book excerpt, abstract or web page still in copyright","news article, report, review, book excerpt, abstract or web page still in copyright",https://crimereads.com/roanoke-secret-maps-and-the-search-for-a-lost-colony/
cases/roanoke/sources/DNAexplained_lost_colony_category.txt,roanoke,"news article, report, review, book excerpt, abstract or web page still in copyright","news article, report, review, book excerpt, abstract or web page still in copyright",https://dna-explained.com/2018/06/28/the-lost-colony-of-roanoke-did-they-survive-national-geographic-archaeology-historical-records-and-dna/
cases/roanoke/sources/DailyMail_2025_04_first_announcement.txt,roanoke,"news article, report, review, book excerpt, abstract or web page still in copyright","news article, report, review, book excerpt, abstract or web page still in copyright",https://www.dailymail.co.uk/news/article-14679697/roanoke-lost-colony-virginia-mystery-solved.htm
cases/roanoke/sources/ECU_Croatan_collection_finding_aid.txt,roanoke,"news article, report, review, book excerpt, abstract or web page still in copyright","news article, report, review, book excerpt, abstract or web page still in copyright",http://www.cashatteras.com/
cases/roanoke/sources/ECU_Ewen_oral_history_2025_07_09.txt,roanoke,"news article, report, review, book excerpt, abstract or web page still in copyright","news article, report, review, book excerpt, abstract or web page still in copyright",https://digital.lib.ecu.edu/98311
cases/roanoke/sources/ECU_Ewen_page.txt,roanoke,"news article, report, review, book excerpt, abstract or web page still in copyright","news article, report, review, book excerpt, abstract or web page still in copyright",https://anthropology.ecu.edu/charles-ewen/
cases/roanoke/sources/ECU_digital_signet_ring.txt,roanoke,"news article, report, review, book excerpt, abstract or web page still in copyright","news article, report, review, book excerpt, abstract or web page still in copyright",http://www.cashatteras.com/
cases/roanoke/sources/Earthscope_2025_DNA_claim.txt,roanoke,"news article, report, review, book excerpt, abstract or web page still in copyright","news article, report, review, book excerpt, abstract or web page still in copyright","no URL recorded; the file name gives the source: ""Earthscope 2025 DNA claim"""
cases/roanoke/sources/EncyclopediaVirginia_Chesapeake_Indians.txt,roanoke,"news article, report, review, book excerpt, abstract or web page still in copyright","news article, report, review, book excerpt, abstract or web page still in copyright","no URL recorded; the file name gives the source: ""EncyclopediaVirginia Chesapeake Indians"""
cases/roanoke/sources/EncyclopediaVirginia_Chesapeake_Indians_v2.txt,roanoke,"news article, report, review, book excerpt, abstract or web page still in copyright","news article, report, review, book excerpt, abstract or web page still in copyright","no URL recorded; the file name gives the source: ""EncyclopediaVirginia Chesapeake Indians v2"""
cases/roanoke/sources/EncyclopediaVirginia_LaVirgineaPars.txt,roanoke,"news article, report, review, book excerpt, abstract or web page still in copyright","news article, report, review, book excerpt, abstract or web page still in copyright","no URL recorded; the file name gives the source: ""EncyclopediaVirginia LaVirgineaPars"""
cases/roanoke/sources/FCF_Appendices_Excavating_FortRaleigh.pdf,roanoke,"news article, report, review, book excerpt, abstract or web page still in copyright","news article, report, review, book excerpt, abstract or web page still in copyright",https://www.firstcolonyfoundation.org/wp-content/uploads/Appendices-for-Excavating-For-Raleigh.pdf
cases/roanoke/sources/FCF_Appendices_Excavating_FortRaleigh.txt,roanoke,"news article, report, review, book excerpt, abstract or web page still in copyright","news article, report, review, book excerpt, abstract or web page still in copyright",https://www.firstcolonyfoundation.org/wp-content/uploads/Appendices-for-Excavating-For-Raleigh.pdf
cases/roanoke/sources/FCF_Reinterpreting_FortRaleigh_Part1.pdf,roanoke,"news article, report, review, book excerpt, abstract or web page still in copyright","news article, report, review, book excerpt, abstract or web page still in copyright",https://www.firstcolonyfoundation.org/wp-content/uploads/Reinterpreting-Fort-Raleigh-Outwork-Science-Center-Part-1.pdf
cases/roanoke/sources/FCF_Reinterpreting_FortRaleigh_Part1.txt,roanoke,"news article, report, review, book excerpt, abstract or web page still in copyright","news article, report, review, book excerpt, abstract or web page still in copyright",https://www.firstcolonyfoundation.org/wp-content/uploads/Reinterpreting-Fort-Raleigh-Outwork-Science-Center-Part-1.pdf
cases/roanoke/sources/FCF_Reinterpreting_FortRaleigh_Part2.pdf,roanoke,"news article, report, review, book excerpt, abstract or web page still in copyright","news article, report, review, book excerpt, abstract or web page still in copyright",https://www.firstcolonyfoundation.org/wp-content/uploads/Reinterpreting-Fort-Raleigh-Outwork-Science-Center-Part-1.pdf
cases/roanoke/sources/FCF_Reinterpreting_FortRaleigh_Part2.txt,roanoke,"news article, report, review, book excerpt, abstract or web page still in copyright","news article, report, review, book excerpt, abstract or web page still in copyright",https://www.firstcolonyfoundation.org/wp-content/uploads/Reinterpreting-Fort-Raleigh-Outwork-Science-Center-Part-1.pdf
cases/roanoke/sources/FCF_about_us.txt,roanoke,"news article, report, review, book excerpt, abstract or web page still in copyright","news article, report, review, book excerpt, abstract or web page still in copyright","no URL recorded; the file name gives the source: ""FCF about us"""
cases/roanoke/sources/FCF_archaeology_overview.txt,roanoke,"news article, report, review, book excerpt, abstract or web page still in copyright","news article, report, review, book excerpt, abstract or web page still in copyright","no URL recorded; the file name gives the source: ""FCF archaeology overview"""
cases/roanoke/sources/FCF_dig_reports_page.txt,roanoke,"news article, report, review, book excerpt, abstract or web page still in copyright","news article, report, review, book excerpt, abstract or web page still in copyright","no URL recorded; the file name gives the source: ""FCF dig reports page"""
cases/roanoke/sources/FCF_history_croatan_untold_story.txt,roanoke,"news article, report, review, book excerpt, abstract or web page still in copyright","news article, report, review, book excerpt, abstract or web page still in copyright",https://www.firstcolonyfoundation.org/history/croatan-the-untold-story/
cases/roanoke/sources/FCF_news_2024_dig_season.txt,roanoke,"news article, report, review, book excerpt, abstract or web page still in copyright","news article, report, review, book excerpt, abstract or web page still in copyright","no URL recorded; the file name gives the source: ""FCF news 2024 dig season"""
cases/roanoke/sources/FCF_news_ElizGardens_completed.txt,roanoke,"news article, report, review, book excerpt, abstract or web page still in copyright","news article, report, review, book excerpt, abstract or web page still in copyright","no URL recorded; the file name gives the source: ""FCF news ElizGardens completed"""
cases/roanoke/sources/FCF_news_ElizGardens_native_english.txt,roanoke,"news article, report, review, book excerpt, abstract or web page still in copyright","news article, report, review, book excerpt, abstract or web page still in copyright","no URL recorded; the file name gives the source: ""FCF news ElizGardens native english"""
cases/roanoke/sources/FCF_news_bertie_survey.txt,roanoke,"news article, report, review, book excerpt, abstract or web page still in copyright","news article, report, review, book excerpt, abstract or web page still in copyright","no URL recorded; the file name gives the source: ""FCF news bertie survey"""
cases/roanoke/sources/FCF_news_book_launch_2024.txt,roanoke,"news article, report, review, book excerpt, abstract or web page still in copyright","news article, report, review, book excerpt, abstract or web page still in copyright",https://uncpress.org/9781469673752/excavating-the-lost-colony-mystery/
cases/roanoke/sources/FCF_news_conclude_dig_fort_raleigh.txt,roanoke,"news article, report, review, book excerpt, abstract or web page still in copyright","news article, report, review, book excerpt, abstract or web page still in copyright","no URL recorded; the file name gives the source: ""FCF news conclude dig fort raleigh"""
cases/roanoke/sources/FCF_news_english_in_chowan_country.txt,roanoke,"news article, report, review, book excerpt, abstract or web page still in copyright","news article, report, review, book excerpt, abstract or web page still in copyright",https://archive.org/download/genesisofuniteds0001alex/genesisofuniteds0001alex_djvu.txt
cases/roanoke/sources/FCF_news_excavations_fort_raleigh.txt,roanoke,"news article, report, review, book excerpt, abstract or web page still in copyright","news article, report, review, book excerpt, abstract or web page still in copyright","no URL recorded; the file name gives the source: ""FCF news excavations fort raleigh"""
cases/roanoke/sources/FCF_news_hidden_images_map.txt,roanoke,"news article, report, review, book excerpt, abstract or web page still in copyright","news article, report, review, book excerpt, abstract or web page still in copyright","no URL recorded; the file name gives the source: ""FCF news hidden images map"""
cases/roanoke/sources/FCF_news_index.txt,roanoke,"news article, report, review, book excerpt, abstract or web page still in copyright","news article, report, review, book excerpt, abstract or web page still in copyright",https://www.firstcolonyfoundation.org/news/
cases/roanoke/sources/FCF_news_index_p2.txt,roanoke,"news article, report, review, book excerpt, abstract or web page still in copyright","news article, report, review, book excerpt, abstract or web page still in copyright","no URL recorded; the file name gives the source: ""FCF news index p2"""
cases/roanoke/sources/FCF_news_index_p3.txt,roanoke,"news article, report, review, book excerpt, abstract or web page still in copyright","news article, report, review, book excerpt, abstract or web page still in copyright","no URL recorded; the file name gives the source: ""FCF news index p3"""
cases/roanoke/sources/FCF_news_index_p4.txt,roanoke,"news article, report, review, book excerpt, abstract or web page still in copyright","news article, report, review, book excerpt, abstract or web page still in copyright","no URL recorded; the file name gives the source: ""FCF news index p4"""
cases/roanoke/sources/FCF_news_index_p5.txt,roanoke,"news article, report, review, book excerpt, abstract or web page still in copyright","news article, report, review, book excerpt, abstract or web page still in copyright",https://www.firstcolonyfoundation.org/news/
cases/roanoke/sources/FCF_news_lost_colony_is_found.txt,roanoke,"news article, report, review, book excerpt, abstract or web page still in copyright","news article, report, review, book excerpt, abstract or web page still in copyright",https://www.firstcolonyfoundation.org/news/lost-colony-is-found/
cases/roanoke/sources/FCF_news_new_book_excavating.txt,roanoke,"news article, report, review, book excerpt, abstract or web page still in copyright","news article, report, review, book excerpt, abstract or web page still in copyright",https://uncpress.org/9781469673752/excavating-the-lost-colony-mystery/
cases/roanoke/sources/FCF_news_new_clues_fort_raleigh.txt,roanoke,"news article, report, review, book excerpt, abstract or web page still in copyright","news article, report, review, book excerpt, abstract or web page still in copyright","no URL recorded; the file name gives the source: ""FCF news new clues fort raleigh"""
cases/roanoke/sources/FCF_news_new_clues_indigenous_village.txt,roanoke,"news article, report, review, book excerpt, abstract or web page still in copyright","news article, report, review, book excerpt, abstract or web page still in copyright","no URL recorded; the file name gives the source: ""FCF news new clues indigenous village"""
cases/roanoke/sources/FCF_news_new_clues_lost_colonists.txt,roanoke,"news article, report, review, book excerpt, abstract or web page still in copyright","news article, report, review, book excerpt, abstract or web page still in copyright",https://www.firstcolonyfoundation.org/news/new-clues-for-lost-colonists/
cases/roanoke/sources/FCF_news_page2.txt,roanoke,"news article, report, review, book excerpt, abstract or web page still in copyright","news article, report, review, book excerpt, abstract or web page still in copyright",https://www.firstcolonyfoundation.org/news/
cases/roanoke/sources/FCF_news_page3.txt,roanoke,"news article, report, review, book excerpt, abstract or web page still in copyright","news article, report, review, book excerpt, abstract or web page still in copyright","no URL recorded; the file name gives the source: ""FCF news page3"""
cases/roanoke/sources/FCF_news_page4.txt,roanoke,"news article, report, review, book excerpt, abstract or web page still in copyright","news article, report, review, book excerpt, abstract or web page still in copyright","no URL recorded; the file name gives the source: ""FCF news page4"""
cases/roanoke/sources/FCF_news_pottery_copper_jewelry.txt,roanoke,"news article, report, review, book excerpt, abstract or web page still in copyright","news article, report, review, book excerpt, abstract or web page still in copyright","no URL recorded; the file name gives the source: ""FCF news pottery copper jewelry"""
cases/roanoke/sources/FCF_news_roanoke_croatan_tribal_movement.txt,roanoke,"news article, report, review, book excerpt, abstract or web page still in copyright","news article, report, review, book excerpt, abstract or web page still in copyright",https://www.firstcolonyfoundation.org/news/roanoke-and-croatan-tribal-movement/
cases/roanoke/sources/FCF_news_roanoke_symposium.txt,roanoke,"news article, report, review, book excerpt, abstract or web page still in copyright","news article, report, review, book excerpt, abstract or web page still in copyright","no URL recorded; the file name gives the source: ""FCF news roanoke symposium"""
cases/roanoke/sources/FCF_news_scientific_tests_confirm.txt,roanoke,"news article, report, review, book excerpt, abstract or web page still in copyright","news article, report, review, book excerpt, abstract or web page still in copyright",https://www.firstcolonyfoundation.org/news/scientific-tests-confirm-archaeology-discovery/
cases/roanoke/sources/FCF_news_testing_continues_siteX.txt,roanoke,"news article, report, review, book excerpt, abstract or web page still in copyright","news article, report, review, book excerpt, abstract or web page still in copyright","no URL recorded; the file name gives the source: ""FCF news testing continues siteX"""
cases/roanoke/sources/FCF_news_water_and_land.txt,roanoke,"news article, report, review, book excerpt, abstract or web page still in copyright","news article, report, review, book excerpt, abstract or web page still in copyright","no URL recorded; the file name gives the source: ""FCF news water and land"""
cases/roanoke/sources/FCF_report_2010_update.pdf,roanoke,"news article, report, review, book excerpt, abstract or web page still in copyright","news article, report, review, book excerpt, abstract or web page still in copyright",https://www.firstcolonyfoundation.org/documents/roanoke_report_2007.pdf
cases/roanoke/sources/FCF_report_2010_update.txt,roanoke,"news article, report, review, book excerpt, abstract or web page still in copyright","news article, report, review, book excerpt, abstract or web page still in copyright",https://www.firstcolonyfoundation.org/documents/roanoke_report_2007.pdf
cases/roanoke/sources/FCF_report_FortRaleigh_1994_1995_survey.pdf,roanoke,"news article, report, review, book excerpt, abstract or web page still in copyright","news article, report, review, book excerpt, abstract or web page still in copyright",https://www.firstcolonyfoundation.org/documents/fort_raleigh_1994_1995_survey.pdf
cases/roanoke/sources/FCF_report_FortRaleigh_1994_1995_survey.txt,roanoke,"news article, report, review, book excerpt, abstract or web page still in copyright","news article, report, review, book excerpt, abstract or web page still in copyright",https://www.firstcolonyfoundation.org/documents/fort_raleigh_1994_1995_survey.pdf
cases/roanoke/sources/FCF_report_archaeology_at_fort_raleigh.pdf,roanoke,"news article, report, review, book excerpt, abstract or web page still in copyright","news article, report, review, book excerpt, abstract or web page still in copyright",https://www.firstcolonyfoundation.org/documents/archaeology_at_fort_raleigh.pdf
cases/roanoke/sources/FCF_report_archaeology_at_fort_raleigh.txt,roanoke,"news article, report, review, book excerpt, abstract or web page still in copyright","news article, report, review, book excerpt, abstract or web page still in copyright",https://www.firstcolonyfoundation.org/documents/archaeology_at_fort_raleigh.pdf
cases/roanoke/sources/FCF_report_archaeology_timeline.pdf,roanoke,"news article, report, review, book excerpt, abstract or web page still in copyright","news article, report, review, book excerpt, abstract or web page still in copyright",https://www.firstcolonyfoundation.org/documents/archaeology_at_fort_raleigh.pdf
cases/roanoke/sources/FCF_report_archaeology_timeline.txt,roanoke,"news article, report, review, book excerpt, abstract or web page still in copyright","news article, report, review, book excerpt, abstract or web page still in copyright",https://www.firstcolonyfoundation.org/documents/archaeology_at_fort_raleigh.pdf
cases/roanoke/sources/FCF_report_elizabethan_landscapes.pdf,roanoke,"news article, report, review, book excerpt, abstract or web page still in copyright","news article, report, review, book excerpt, abstract or web page still in copyright",https://www.firstcolonyfoundation.org/documents/elizabethan_landscapes.pdf
cases/roanoke/sources/FCF_report_elizabethan_landscapes.txt,roanoke,"news article, report, review, book excerpt, abstract or web page still in copyright","news article, report, review, book excerpt, abstract or web page still in copyright",https://www.firstcolonyfoundation.org/documents/elizabethan_landscapes.pdf
cases/roanoke/sources/FCF_report_prince_house_woods.pdf,roanoke,"news article, report, review, book excerpt, abstract or web page still in copyright","news article, report, review, book excerpt, abstract or web page still in copyright",https://www.firstcolonyfoundation.org/documents/prince_house_woods.pdf
cases/roanoke/sources/FCF_report_prince_house_woods.txt,roanoke,"news article, report, review, book excerpt, abstract or web page still in copyright","news article, report, review, book excerpt, abstract or web page still in copyright",https://www.firstcolonyfoundation.org/documents/prince_house_woods.pdf
cases/roanoke/sources/FCF_report_roanoke_2007.pdf,roanoke,"news article, report, review, book excerpt, abstract or web page still in copyright","news article, report, review, book excerpt, abstract or web page still in copyright",https://www.firstcolonyfoundation.org/documents/roanoke_report_2007.pdf
cases/roanoke/sources/FCF_report_roanoke_2007.txt,roanoke,"news article, report, review, book excerpt, abstract or web page still in copyright","news article, report, review, book excerpt, abstract or web page still in copyright",https://www.firstcolonyfoundation.org/documents/roanoke_report_2007.pdf
cases/roanoke/sources/FCF_virtual_earthwork.txt,roanoke,"news article, report, review, book excerpt, abstract or web page still in copyright","news article, report, review, book excerpt, abstract or web page still in copyright","no URL recorded; the file name gives the source: ""FCF virtual earthwork"""
cases/roanoke/sources/FTDNA_lost_colony_ydna.txt,roanoke,"news article, report, review, book excerpt, abstract or web page still in copyright","news article, report, review, book excerpt, abstract or web page still in copyright",https://dna-explained.com/2018/06/28/the-lost-colony-of-roanoke-did-they-survive-national-geographic-archaeology-historical-records-and-dna/
cases/roanoke/sources/FoxNews_2025_hammerscale.txt,roanoke,"news article, report, review, book excerpt, abstract or web page still in copyright","news article, report, review, book excerpt, abstract or web page still in copyright","no URL recorded; the file name gives the source: ""FoxNews 2025 hammerscale"""
cases/roanoke/sources/Greensboro_AP_hatteras.txt,roanoke,"news article, report, review, book excerpt, abstract or web page still in copyright","news article, report, review, book excerpt, abstract or web page still in copyright","no URL recorded; the file name gives the source: ""Greensboro AP hatteras"""
cases/roanoke/sources/HeritageDaily_2024_05.txt,roanoke,"news article, report, review, book excerpt, abstract or web page still in copyright","news article, report, review, book excerpt, abstract or web page still in copyright","no URL recorded; the file name gives the source: ""HeritageDaily 2024 05"""
cases/roanoke/sources/History_com_assimilate.txt,roanoke,"news article, report, review, book excerpt, abstract or web page still in copyright","news article, report, review, book excerpt, abstract or web page still in copyright","no URL recorded; the file name gives the source: ""History com assimilate"""
cases/roanoke/sources/History_com_new_clues.txt,roanoke,"news article, report, review, book excerpt, abstract or web page still in copyright","news article, report, review, book excerpt, abstract or web page still in copyright","no URL recorded; the file name gives the source: ""History com new clues"""
cases/roanoke/sources/Hodges1998_GreatNeck_44VB7_fulltext.txt,roanoke,"news article, report, review, book excerpt, abstract or web page still in copyright","news article, report, review, book excerpt, abstract or web page still in copyright",https://archive.org/stream/nativeamericanse00hodg/nativeamericanse00hodg_djvu.txt
cases/roanoke/sources/IslandFreePress_2015_searching.txt,roanoke,"news article, report, review, book excerpt, abstract or web page still in copyright","news article, report, review, book excerpt, abstract or web page still in copyright","no URL recorded; the file name gives the source: ""IslandFreePress 2015 searching"""
cases/roanoke/sources/IslandFreePress_2016_all_colonists_hatteras.txt,roanoke,"news article, report, review, book excerpt, abstract or web page still in copyright","news article, report, review, book excerpt, abstract or web page still in copyright",https://coastalreview.org/2016/05/14460/
cases/roanoke/sources/IslandFreePress_CAS_new_discovery.txt,roanoke,"news article, report, review, book excerpt, abstract or web page still in copyright","news article, report, review, book excerpt, abstract or web page still in copyright","no URL recorded; the file name gives the source: ""IslandFreePress CAS new discovery"""
cases/roanoke/sources/IslandFreePress_smoking_gun.txt,roanoke,"news article, report, review, book excerpt, abstract or web page still in copyright","news article, report, review, book excerpt, abstract or web page still in copyright","no URL recorded; the file name gives the source: ""IslandFreePress smoking gun"""
cases/roanoke/sources/JAR_Gallivan_2011_Chesapeake.txt,roanoke,"news article, report, review, book excerpt, abstract or web page still in copyright","news article, report, review, book excerpt, abstract or web page still in copyright",https://link.springer.com/article/10.1007/s10814-010-9048-4
cases/roanoke/sources/Lawler_site_2015_clues.txt,roanoke,"news article, report, review, book excerpt, abstract or web page still in copyright","news article, report, review, book excerpt, abstract or web page still in copyright",https://www.nationalgeographic.com/culture/article/150807-lost-colony-roanoke-hatteras-outer-banks-archaeology
cases/roanoke/sources/LiveScience_not_everyone_convinced.txt,roanoke,"news article, report, review, book excerpt, abstract or web page still in copyright","news article, report, review, book excerpt, abstract or web page still in copyright","no URL recorded; the file name gives the source: ""LiveScience not everyone convinced"""
cases/roanoke/sources/LostColonyDNA_project_page.txt,roanoke,"news article, report, review, book excerpt, abstract or web page still in copyright","news article, report, review, book excerpt, abstract or web page still in copyright",https://dna-explained.com/2018/06/28/the-lost-colony-of-roanoke-did-they-survive-national-geographic-archaeology-historical-records-and-dna/
cases/roanoke/sources/LostColonyMuseum_site.txt,roanoke,"news article, report, review, book excerpt, abstract or web page still in copyright","news article, report, review, book excerpt, abstract or web page still in copyright",http://www.cashatteras.com/
cases/roanoke/sources/LostColony_com_Buxtonfind.txt,roanoke,"news article, report, review, book excerpt, abstract or web page still in copyright","news article, report, review, book excerpt, abstract or web page still in copyright",http://www.cashatteras.com/
cases/roanoke/sources/McFarland_Becoming_Lost_Colony.txt,roanoke,"news article, report, review, book excerpt, abstract or web page still in copyright","news article, report, review, book excerpt, abstract or web page still in copyright",https://mcfarlandbooks.com/product/becoming-the-lost-colony/
cases/roanoke/sources/Mercer_Den_lost_colony.txt,roanoke,"news article, report, review, book excerpt, abstract or web page still in copyright","news article, report, review, book excerpt, abstract or web page still in copyright","no URL recorded; the file name gives the source: ""Mercer Den lost colony"""
cases/roanoke/sources/NBC_2012_map_clue.txt,roanoke,"news article, report, review, book excerpt, abstract or web page still in copyright","news article, report, review, book excerpt, abstract or web page still in copyright",https://www.nbcnews.com/id/wbna47288500
cases/roanoke/sources/NCDCR_RCRN_v8.txt,roanoke,"news article, report, review, book excerpt, abstract or web page still in copyright","news article, report, review, book excerpt, abstract or web page still in copyright","no URL recorded; the file name gives the source: ""NCDCR RCRN v8"""
cases/roanoke/sources/NCGenWeb_Phelps_Algonkians.txt,roanoke,"news article, report, review, book excerpt, abstract or web page still in copyright","news article, report, review, book excerpt, abstract or web page still in copyright",http://www.cashatteras.com/
cases/roanoke/sources/NCHR_2001_78_contents_IA_ocr.txt,roanoke,"news article, report, review, book excerpt, abstract or web page still in copyright","news article, report, review, book excerpt, abstract or web page still in copyright","no URL recorded; the file name gives the source: ""NCHR 2001 78 contents IA ocr"""
cases/roanoke/sources/NCHR_2001_78_index_IA_ocr.txt,roanoke,"news article, report, review, book excerpt, abstract or web page still in copyright","news article, report, review, book excerpt, abstract or web page still in copyright","no URL recorded; the file name gives the source: ""NCHR 2001 78 index IA ocr"""
cases/roanoke/sources/NCHR_2009_86_index-contents_IA_ocr.txt,roanoke,"news article, report, review, book excerpt, abstract or web page still in copyright","news article, report, review, book excerpt, abstract or web page still in copyright","no URL recorded; the file name gives the source: ""NCHR 2009 86 index contents IA ocr"""
cases/roanoke/sources/NCLWF_SalmonCreek_SiteX.txt,roanoke,"news article, report, review, book excerpt, abstract or web page still in copyright","news article, report, review, book excerpt, abstract or web page still in copyright","no URL recorded; the file name gives the source: ""NCLWF SalmonCreek SiteX"""
cases/roanoke/sources/NCpedia_Croatoan.txt,roanoke,"news article, report, review, book excerpt, abstract or web page still in copyright","news article, report, review, book excerpt, abstract or web page still in copyright","no URL recorded; the file name gives the source: ""NCpedia Croatoan"""
cases/roanoke/sources/NCpedia_Croatoan_Indians.txt,roanoke,"news article, report, review, book excerpt, abstract or web page still in copyright","news article, report, review, book excerpt, abstract or web page still in copyright","no URL recorded; the file name gives the source: ""NCpedia Croatoan Indians"""
cases/roanoke/sources/NCpedia_FortRaleigh.txt,roanoke,"news article, report, review, book excerpt, abstract or web page still in copyright","news article, report, review, book excerpt, abstract or web page still in copyright","no URL recorded; the file name gives the source: ""NCpedia FortRaleigh"""
cases/roanoke/sources/NCpedia_Lumbee.txt,roanoke,"news article, report, review, book excerpt, abstract or web page still in copyright","news article, report, review, book excerpt, abstract or web page still in copyright","no URL recorded; the file name gives the source: ""NCpedia Lumbee"""
cases/roanoke/sources/NCpedia_McMillan.txt,roanoke,"news article, report, review, book excerpt, abstract or web page still in copyright","news article, report, review, book excerpt, abstract or web page still in copyright","no URL recorded; the file name gives the source: ""NCpedia McMillan"""
cases/roanoke/sources/NPR_2021_lost_colony_search.txt,roanoke,"news article, report, review, book excerpt, abstract or web page still in copyright","news article, report, review, book excerpt, abstract or web page still in copyright","no URL recorded; the file name gives the source: ""NPR 2021 lost colony search"""
cases/roanoke/sources/NYT_2015_08_11_lost_and_found.txt,roanoke,"news article, report, review, book excerpt, abstract or web page still in copyright","news article, report, review, book excerpt, abstract or web page still in copyright",https://www.nytimes.com/2015/08/11/science/the-roanoke-colonists-lost-and-found.html
cases/roanoke/sources/NatGeo_2015_Lawler_clues.txt,roanoke,"news article, report, review, book excerpt, abstract or web page still in copyright","news article, report, review, book excerpt, abstract or web page still in copyright",https://www.nationalgeographic.com/culture/article/150807-lost-colony-roanoke-hatteras-outer-banks-archaeology
cases/roanoke/sources/NatGeo_survivor_camp.txt,roanoke,"news article, report, review, book excerpt, abstract or web page still in copyright","news article, report, review, book excerpt, abstract or web page still in copyright",https://www.nationalgeographic.com/history/article/newfound-survivor-camp-may-explain-lost-colony-roanoke
cases/roanoke/sources/NativeHeritage_Thomas_report_part1.txt,roanoke,"news article, report, review, book excerpt, abstract or web page still in copyright","news article, report, review, book excerpt, abstract or web page still in copyright","no URL recorded; the file name gives the source: ""NativeHeritage Thomas report part1"""
cases/roanoke/sources/NativeHeritage_following_croatoan.txt,roanoke,"news article, report, review, book excerpt, abstract or web page still in copyright","news article, report, review, book excerpt, abstract or web page still in copyright","no URL recorded; the file name gives the source: ""NativeHeritage following croatoan"""
cases/roanoke/sources/NewsNation_lost_colony_carbon_dating.txt,roanoke,"news article, report, review, book excerpt, abstract or web page still in copyright","news article, report, review, book excerpt, abstract or web page still in copyright","no URL recorded; the file name gives the source: ""NewsNation lost colony carbon dating"""
cases/roanoke/sources/OBXCommonGood_FCF_on_the_move.txt,roanoke,"news article, report, review, book excerpt, abstract or web page still in copyright","news article, report, review, book excerpt, abstract or web page still in copyright","no URL recorded; the file name gives the source: ""OBXCommonGood FCF on the move"""
cases/roanoke/sources/OBXVoice_2012_05_03_map_clue.txt,roanoke,"news article, report, review, book excerpt, abstract or web page still in copyright","news article, report, review, book excerpt, abstract or web page still in copyright",https://www.outerbanksvoice.com/2012/05/03/hidden-fort-on-map-yields-new-clue-to-lost-colony/
cases/roanoke/sources/OBXVoice_2015_04_12_hatteras.txt,roanoke,"news article, report, review, book excerpt, abstract or web page still in copyright","news article, report, review, book excerpt, abstract or web page still in copyright","no URL recorded; the file name gives the source: ""OBXVoice 2015 04 12 hatteras"""
cases/roanoke/sources/OBXVoice_2024_03_12_ElizGardens.txt,roanoke,"news article, report, review, book excerpt, abstract or web page still in copyright","news article, report, review, book excerpt, abstract or web page still in copyright","no URL recorded; the file name gives the source: ""OBXVoice 2024 03 12 ElizGardens"""
cases/roanoke/sources/OBXVoice_2025_05_17_unraveling.txt,roanoke,"news article, report, review, book excerpt, abstract or web page still in copyright","news article, report, review, book excerpt, abstract or web page still in copyright","no URL recorded; the file name gives the source: ""OBXVoice 2025 05 17 unraveling"""
cases/roanoke/sources/OBXVoice_2026_03_27_new_evidence_hatteras.txt,roanoke,"news article, report, review, book excerpt, abstract or web page still in copyright","news article, report, review, book excerpt, abstract or web page still in copyright","no URL recorded; the file name gives the source: ""OBXVoice 2026 03 27 new evidence hatteras"""
cases/roanoke/sources/PBSNC_lost_colony_split.txt,roanoke,"news article, report, review, book excerpt, abstract or web page still in copyright","news article, report, review, book excerpt, abstract or web page still in copyright","no URL recorded; the file name gives the source: ""PBSNC lost colony split"""
cases/roanoke/sources/PBSNC_what_happened.txt,roanoke,"news article, report, review, book excerpt, abstract or web page still in copyright","news article, report, review, book excerpt, abstract or web page still in copyright",https://stlukesmuseum.org/edu-blog/mystery-of-the-lost-colony-solved-not-so-fast/
cases/roanoke/sources/PopArch_Lost_and_Found_evidence.txt,roanoke,"news article, report, review, book excerpt, abstract or web page still in copyright","news article, report, review, book excerpt, abstract or web page still in copyright",https://popular-archaeology.com/article/lost-and-found-the-evidence-for-the-lost-colony/
cases/roanoke/sources/PopArch_case_for_hatteras.txt,roanoke,"news article, report, review, book excerpt, abstract or web page still in copyright","news article, report, review, book excerpt, abstract or web page still in copyright","no URL recorded; the file name gives the source: ""PopArch case for hatteras"""
cases/roanoke/sources/PopArch_new_insights_first_colony.txt,roanoke,"news article, report, review, book excerpt, abstract or web page still in copyright","news article, report, review, book excerpt, abstract or web page still in copyright","no URL recorded; the file name gives the source: ""PopArch new insights first colony"""
cases/roanoke/sources/RAU_Mark_Horton.txt,roanoke,"news article, report, review, book excerpt, abstract or web page still in copyright","news article, report, review, book excerpt, abstract or web page still in copyright",http://www.cashatteras.com/
cases/roanoke/sources/RCNH_2020_10_Y_marks_spot.txt,roanoke,"news article, report, review, book excerpt, abstract or web page still in copyright","news article, report, review, book excerpt, abstract or web page still in copyright","no URL recorded; the file name gives the source: ""RCNH 2020 10 Y marks spot"""
cases/roanoke/sources/RCNH_2020_12_lost_found.txt,roanoke,"news article, report, review, book excerpt, abstract or web page still in copyright","news article, report, review, book excerpt, abstract or web page still in copyright",https://www.nationalgeographic.com/history/article/newfound-survivor-camp-may-explain-lost-colony-roanoke
cases/roanoke/sources/RockyMountTelegram_2024_bertie_sites.txt,roanoke,"news article, report, review, book excerpt, abstract or web page still in copyright","news article, report, review, book excerpt, abstract or web page still in copyright","no URL recorded; the file name gives the source: ""RockyMountTelegram 2024 bertie sites"""
cases/roanoke/sources/Science_org_2018_new_hunt.txt,roanoke,"news article, report, review, book excerpt, abstract or web page still in copyright","news article, report, review, book excerpt, abstract or web page still in copyright","no URL recorded; the file name gives the source: ""Science org 2018 new hunt"""
cases/roanoke/sources/Smithsonian_2017_cruel_twist.txt,roanoke,"news article, report, review, book excerpt, abstract or web page still in copyright","news article, report, review, book excerpt, abstract or web page still in copyright",https://www.smithsonianmag.com/history/mystery-roanoke-endures-yet-another-cruel-twist-180962837/
cases/roanoke/sources/Smithsonian_2020_pottery_fragments.txt,roanoke,"news article, report, review, book excerpt, abstract or web page still in copyright","news article, report, review, book excerpt, abstract or web page still in copyright",https://www.nationalgeographic.com/history/article/newfound-survivor-camp-may-explain-lost-colony-roanoke
cases/roanoke/sources/Snopes_lost_colony.txt,roanoke,"news article, report, review, book excerpt, abstract or web page still in copyright","news article, report, review, book excerpt, abstract or web page still in copyright",https://jogg.info/pages/52/files/Estes1.pdf
cases/roanoke/sources/Springer_European_ceramics_elusive_Cittie.txt,roanoke,"news article, report, review, book excerpt, abstract or web page still in copyright","news article, report, review, book excerpt, abstract or web page still in copyright",https://link.springer.com/article/10.1007/BF03373559
cases/roanoke/sources/StLukes_not_so_fast.txt,roanoke,"news article, report, review, book excerpt, abstract or web page still in copyright","news article, report, review, book excerpt, abstract or web page still in copyright",https://stlukesmuseum.org/edu-blog/mystery-of-the-lost-colony-solved-not-so-fast/
cases/roanoke/sources/TampaBay_1991_science_center.txt,roanoke,"news article, report, review, book excerpt, abstract or web page still in copyright","news article, report, review, book excerpt, abstract or web page still in copyright",https://www.tampabay.com/archive/1991/12/01/birthplace-of-american-science-found-at-scene-of-lost-colony/
cases/roanoke/sources/UNCPress_Excavating_book.txt,roanoke,"news article, report, review, book excerpt, abstract or web page still in copyright","news article, report, review, book excerpt, abstract or web page still in copyright",https://uncpress.org/9781469673752/excavating-the-lost-colony-mystery/
cases/roanoke/sources/VaPilot_1996_GreatNeck.txt,roanoke,"news article, report, review, book excerpt, abstract or web page still in copyright","news article, report, review, book excerpt, abstract or web page still in copyright",https://scholar.lib.vt.edu/VA-news/VA-Pilot/issues/1996/vp960317/03150242.htm
cases/roanoke/sources/VirginiaPlaces_Chesapeake.txt,roanoke,"news article, report, review, book excerpt, abstract or web page still in copyright","news article, report, review, book excerpt, abstract or web page still in copyright","no URL recorded; the file name gives the source: ""VirginiaPlaces Chesapeake"""
cases/roanoke/sources/WAVY_2026_06_01_carbon_dating_results.txt,roanoke,"news article, report, review, book excerpt, abstract or web page still in copyright","news article, report, review, book excerpt, abstract or web page still in copyright","no URL recorded; the file name gives the source: ""WAVY 2026 06 01 carbon dating results"""
cases/roanoke/sources/WAVY_never_lost_at_all.txt,roanoke,"news article, report, review, book excerpt, abstract or web page still in copyright","news article, report, review, book excerpt, abstract or web page still in copyright","no URL recorded; the file name gives the source: ""WAVY never lost at all"""
cases/roanoke/sources/WHQR_2026_06_15_weird_science_carbon_dating.txt,roanoke,"news article, report, review, book excerpt, abstract or web page still in copyright","news article, report, review, book excerpt, abstract or web page still in copyright","no URL recorded; the file name gives the source: ""WHQR 2026 06 15 weird science carbon dating"""
cases/roanoke/sources/WHRO_2025_01_hatteras_artifacts.txt,roanoke,"news article, report, review, book excerpt, abstract or web page still in copyright","news article, report, review, book excerpt, abstract or web page still in copyright","no URL recorded; the file name gives the source: ""WHRO 2025 01 hatteras artifacts"""
cases/roanoke/sources/WTKR_2026_researchers_continue_hatteras.txt,roanoke,"news article, report, review, book excerpt, abstract or web page still in copyright","news article, report, review, book excerpt, abstract or web page still in copyright","no URL recorded; the file name gives the source: ""WTKR 2026 researchers continue hatteras"""
cases/roanoke/sources/WUNC_2015_SiteX.txt,roanoke,"news article, report, review, book excerpt, abstract or web page still in copyright","news article, report, review, book excerpt, abstract or web page still in copyright","no URL recorded; the file name gives the source: ""WUNC 2015 SiteX"""
cases/roanoke/sources/barbour_1975_ocanahowan_algonquian_conference.txt,roanoke,"news article, report, review, book excerpt, abstract or web page still in copyright","news article, report, review, book excerpt, abstract or web page still in copyright",https://archive.org/download/genesisofuniteds0001alex/genesisofuniteds0001alex_djvu.txt
cases/roanoke/sources/barbour_smith_works_vol1_extracts.txt,roanoke,"news article, report, review, book excerpt, abstract or web page still in copyright","news article, report, review, book excerpt, abstract or web page still in copyright",https://raw.githubusercontent.com/textcreationpartnership/A12470/master/A12470.xml
cases/roanoke/sources/brenau_darestones_page_2019.txt,roanoke,"news article, report, review, book excerpt, abstract or web page still in copyright","news article, report, review, book excerpt, abstract or web page still in copyright",https://www.brenau.edu/darestones/
cases/roanoke/sources/brenau_update_2013_america_unearthed.txt,roanoke,"news article, report, review, book excerpt, abstract or web page still in copyright","news article, report, review, book excerpt, abstract or web page still in copyright",https://web.archive.org/web/20160801121042id_/http://update.brenau.edu/2013/02/06/dare-stones-authenticity-theories-rock-on/
cases/roanoke/sources/brenau_window_2007_pet_rocks.txt,roanoke,"news article, report, review, book excerpt, abstract or web page still in copyright","news article, report, review, book excerpt, abstract or web page still in copyright",https://window.brenau.edu/articles/dare-stones/
cases/roanoke/sources/brenau_window_2011_dare_we.txt,roanoke,"news article, report, review, book excerpt, abstract or web page still in copyright","news article, report, review, book excerpt, abstract or web page still in copyright",https://web.archive.org/web/20220724192743id_/https://window.brenau.edu/wp-content/uploads/2017/02/2011-spring.pdf
cases/roanoke/sources/brockell2018_wapo_dare_stone.txt,roanoke,"news article, report, review, book excerpt, abstract or web page still in copyright","news article, report, review, book excerpt, abstract or web page still in copyright",https://tulsaworld.com/news/national/could-a-mysterious-stone-found-near-roanokes-lost-colony-be-real/article_8bfc47ff-7324-54b9-b9b0-33b56716d31e.html
cases/roanoke/sources/bunch2015_dailyadvance_chowan_dare_stone_site.txt,roanoke,"news article, report, review, book excerpt, abstract or web page still in copyright","news article, report, review, book excerpt, abstract or web page still in copyright",https://www.dailyadvance.com/chowan/news/local/chowan-county-has-lost-colony-mystery-connection/article_d9d128d8-05a4-5c4e-8b1d-d88e72fa5897.html
cases/roanoke/sources/colavito2013_review_america_unearthed_roanoke.txt,roanoke,"news article, report, review, book excerpt, abstract or web page still in copyright","news article, report, review, book excerpt, abstract or web page still in copyright",https://www.jasoncolavito.com/blog/review-of-america-unearthed-s01e07-mystery-of-roanoke
cases/roanoke/sources/colavito2015_review_roanoke_search_lost_colony.txt,roanoke,"news article, report, review, book excerpt, abstract or web page still in copyright","news article, report, review, book excerpt, abstract or web page still in copyright",https://www.jasoncolavito.com/blog/review-of-roanoke-search-for-the-lost-colony
cases/roanoke/sources/darby_double_deception_abstract.txt,roanoke,"news article, report, review, book excerpt, abstract or web page still in copyright","news article, report, review, book excerpt, abstract or web page still in copyright",https://www.academia.edu/143027663/
cases/roanoke/sources/darby_sacarch_abstract_plate_of_brass_dare_stones.txt,roanoke,"news article, report, review, book excerpt, abstract or web page still in copyright","news article, report, review, book excerpt, abstract or web page still in copyright",https://sacarcheology.org/culprits-behind-plate-of-brass-dare-stones/
cases/roanoke/sources/dare_stone1_back_ncpedia_brenau.jpg,roanoke,"news article, report, review, book excerpt, abstract or web page still in copyright","news article, report, review, book excerpt, abstract or web page still in copyright","no URL recorded; the file name gives the source: ""dare stone1 back ncpedia brenau"""
cases/roanoke/sources/dare_stone1_front_ncpedia_brenau.jpg,roanoke,"news article, report, review, book excerpt, abstract or web page still in copyright","news article, report, review, book excerpt, abstract or web page still in copyright","no URL recorded; the file name gives the source: ""dare stone1 front ncpedia brenau"""
cases/roanoke/sources/encyclopediavirginia_zuniga_chart_extract.txt,roanoke,"news article, report, review, book excerpt, abstract or web page still in copyright","news article, report, review, book excerpt, abstract or web page still in copyright",https://archive.org/download/genesisofuniteds0001alex/genesisofuniteds0001alex_djvu.txt
cases/roanoke/sources/gutoskey2023_mentalfloss_dare_stones.txt,roanoke,"news article, report, review, book excerpt, abstract or web page still in copyright","news article, report, review, book excerpt, abstract or web page still in copyright",https://www.mentalfloss.com/posts/dare-stones-roanoke-hoax
cases/roanoke/sources/history_com_2025_assimilation_duval_ewen.txt,roanoke,"news article, report, review, book excerpt, abstract or web page still in copyright","news article, report, review, book excerpt, abstract or web page still in copyright","no URL recorded; the file name gives the source: ""history com 2025 assimilation duval ewen"""
cases/roanoke/sources/historyblog2016_dare_stone.txt,roanoke,"news article, report, review, book excerpt, abstract or web page still in copyright","news article, report, review, book excerpt, abstract or web page still in copyright",http://www.thehistoryblog.com/archives/40456
cases/roanoke/sources/islandfreepress_2022-05-05_CAS_discovery.txt,roanoke,"news article, report, review, book excerpt, abstract or web page still in copyright","news article, report, review, book excerpt, abstract or web page still in copyright","no URL recorded; the file name gives the source: ""islandfreepress 2022 05 05 CAS discovery"""
cases/roanoke/sources/kinston2025_lavere_dare_stones_talk.txt,roanoke,"news article, report, review, book excerpt, abstract or web page still in copyright","news article, report, review, book excerpt, abstract or web page still in copyright",https://www.kinstonnc.gov/Calendar.aspx?EID=16114
cases/roanoke/sources/lawler2018_natgeo_dare_stone.txt,roanoke,"news article, report, review, book excerpt, abstract or web page still in copyright","news article, report, review, book excerpt, abstract or web page still in copyright",https://news.nationalgeographic.com/2018/05/lost-colony-roanoke-virginia-eleanor-dare-stone-mystery/
cases/roanoke/sources/lawler_natgeo_2015_clues.txt,roanoke,"news article, report, review, book excerpt, abstract or web page still in copyright","news article, report, review, book excerpt, abstract or web page still in copyright","no URL recorded; the file name gives the source: ""lawler natgeo 2015 clues"""
cases/roanoke/sources/livescience_2025-06-10_horton_hammerscale.txt,roanoke,"news article, report, review, book excerpt, abstract or web page still in copyright","news article, report, review, book excerpt, abstract or web page still in copyright","no URL recorded; the file name gives the source: ""livescience 2025 06 10 horton hammerscale"""
cases/roanoke/sources/lostcolonycenter_search_for_dare_stone_location.txt,roanoke,"news article, report, review, book excerpt, abstract or web page still in copyright","news article, report, review, book excerpt, abstract or web page still in copyright",https://web.archive.org/web/20200919090629id_/http://lost-colony.com/As_Search_for_the_Original_Eleanor_Dare_Stone_Location.pdf
cases/roanoke/sources/mcfarland_ewen_shields_2024_becoming_lost_colony.txt,roanoke,"news article, report, review, book excerpt, abstract or web page still in copyright","news article, report, review, book excerpt, abstract or web page still in copyright","no URL recorded; the file name gives the source: ""mcfarland ewen shields 2024 becoming lost colony"""
cases/roanoke/sources/mcfarland_fullam_2017_lost_colony_new_perspectives.txt,roanoke,"news article, report, review, book excerpt, abstract or web page still in copyright","news article, report, review, book excerpt, abstract or web page still in copyright","no URL recorded; the file name gives the source: ""mcfarland fullam 2017 lost colony new perspectives"""
cases/roanoke/sources/miles_brownsguide_dare_stones_part1.txt,roanoke,"news article, report, review, book excerpt, abstract or web page still in copyright","news article, report, review, book excerpt, abstract or web page still in copyright",https://web.archive.org/web/20130528125820id_/http://www.brownsguides.com/blog/weird-georgia-dare-stones-part-one-discovery/
cases/roanoke/sources/miles_brownsguide_dare_stones_part2.txt,roanoke,"news article, report, review, book excerpt, abstract or web page still in copyright","news article, report, review, book excerpt, abstract or web page still in copyright",https://web.archive.org/web/20140824055643id_/http://www.brownsguides.com/blog/weird-georgia-dare-stones-part-2-the-hoax/
cases/roanoke/sources/moul2023_iflscience_dare_stone.txt,roanoke,"news article, report, review, book excerpt, abstract or web page still in copyright","news article, report, review, book excerpt, abstract or web page still in copyright",https://www.iflscience.com/the-dare-stone-hoax-or-message-from-the-lost-roanoke-colony-69058
cases/roanoke/sources/ncpedia_dare_stones.txt,roanoke,"news article, report, review, book excerpt, abstract or web page still in copyright","news article, report, review, book excerpt, abstract or web page still in copyright",https://www.ncpedia.org/dare-stones
cases/roanoke/sources/ncpedia_lost_colony.txt,roanoke,"news article, report, review, book excerpt, abstract or web page still in copyright","news article, report, review, book excerpt, abstract or web page still in copyright","no URL recorded; the file name gives the source: ""ncpedia lost colony"""
cases/roanoke/sources/oberg_blog_2020_so_bored_lost_colonists.txt,roanoke,"news article, report, review, book excerpt, abstract or web page still in copyright","news article, report, review, book excerpt, abstract or web page still in copyright","no URL recorded; the file name gives the source: ""oberg blog 2020 so bored lost colonists"""
cases/roanoke/sources/oberg_blog_signet_ring_lost_colonists.txt,roanoke,"news article, report, review, book excerpt, abstract or web page still in copyright","news article, report, review, book excerpt, abstract or web page still in copyright","no URL recorded; the file name gives the source: ""oberg blog signet ring lost colonists"""
cases/roanoke/sources/oberg_hnn_2020_so_bored_lost_colonists.txt,roanoke,"news article, report, review, book excerpt, abstract or web page still in copyright","news article, report, review, book excerpt, abstract or web page still in copyright","no URL recorded; the file name gives the source: ""oberg hnn 2020 so bored lost colonists"""
cases/roanoke/sources/ore_geiger1936_martyrs_of_florida_jacan_1588.txt,roanoke,"news article, report, review, book excerpt, abstract or web page still in copyright","news article, report, review, book excerpt, abstract or web page still in copyright","no URL recorded; the file name gives the source: ""ore geiger1936 martyrs of florida jacan 1588"""
cases/roanoke/sources/pearce1938_jsh.txt,roanoke,"news article, report, review, book excerpt, abstract or web page still in copyright","news article, report, review, book excerpt, abstract or web page still in copyright",https://archive.org/details/journal-of-southern-history-04.2-1938
cases/roanoke/sources/powell2009_ncm_lavere_and_hammond_comments.txt,roanoke,"news article, report, review, book excerpt, abstract or web page still in copyright","news article, report, review, book excerpt, abstract or web page still in copyright",https://web.archive.org/web/20200815114420id_/https://blogs.lib.unc.edu/ncm/2009/08/19/dare-stone-revisited-not-a-hoax-after-all/
cases/roanoke/sources/powell2010_ncmiscellany_lavere.txt,roanoke,"news article, report, review, book excerpt, abstract or web page still in copyright","news article, report, review, book excerpt, abstract or web page still in copyright",https://web.archive.org/web/20140119102331id_/http://blogs.lib.unc.edu/ncm/index.php/2010/04/20/dare-stone-does-debunking-need-debunking/
cases/roanoke/sources/powell2016_ncm_wsj_quote.txt,roanoke,"news article, report, review, book excerpt, abstract or web page still in copyright","news article, report, review, book excerpt, abstract or web page still in copyright",https://web.archive.org/web/20200806171058id_/https://blogs.lib.unc.edu/ncm/2016/01/23/dare-2/
cases/roanoke/sources/quarmby_bio.txt,roanoke,"news article, report, review, book excerpt, abstract or web page still in copyright","news article, report, review, book excerpt, abstract or web page still in copyright",https://www.quarmby.biz/
cases/roanoke/sources/review_desilver_seattletimes_2010_horn.txt,roanoke,"news article, report, review, book excerpt, abstract or web page still in copyright","news article, report, review, book excerpt, abstract or web page still in copyright","no URL recorded; the file name gives the source: ""review desilver seattletimes 2010 horn"""
cases/roanoke/sources/review_hnet_towns_lawler_secret_token.txt,roanoke,"news article, report, review, book excerpt, abstract or web page still in copyright","news article, report, review, book excerpt, abstract or web page still in copyright","no URL recorded; the file name gives the source: ""review hnet towns lawler secret token"""
cases/roanoke/sources/review_kirkus_horn_2010.txt,roanoke,"news article, report, review, book excerpt, abstract or web page still in copyright","news article, report, review, book excerpt, abstract or web page still in copyright","no URL recorded; the file name gives the source: ""review kirkus horn 2010"""
cases/roanoke/sources/review_kirkus_lawler_2018.txt,roanoke,"news article, report, review, book excerpt, abstract or web page still in copyright","news article, report, review, book excerpt, abstract or web page still in copyright","no URL recorded; the file name gives the source: ""review kirkus lawler 2018"""
cases/roanoke/sources/review_kirkus_miller_2007.txt,roanoke,"news article, report, review, book excerpt, abstract or web page still in copyright","news article, report, review, book excerpt, abstract or web page still in copyright","no URL recorded; the file name gives the source: ""review kirkus miller 2007"""
cases/roanoke/sources/review_matson_pennhistory_miller2001.txt,roanoke,"news article, report, review, book excerpt, abstract or web page still in copyright","news article, report, review, book excerpt, abstract or web page still in copyright","no URL recorded; the file name gives the source: ""review matson pennhistory miller2001"""
cases/roanoke/sources/review_pw_horn_2010.txt,roanoke,"news article, report, review, book excerpt, abstract or web page still in copyright","news article, report, review, book excerpt, abstract or web page still in copyright","no URL recorded; the file name gives the source: ""review pw horn 2010"""
cases/roanoke/sources/snippets_googlebooks_dawson2020.txt,roanoke,"news article, report, review, book excerpt, abstract or web page still in copyright","news article, report, review, book excerpt, abstract or web page still in copyright","no URL recorded; the file name gives the source: ""snippets googlebooks dawson2020"""
cases/roanoke/sources/snippets_googlebooks_fullam2017.txt,roanoke,"news article, report, review, book excerpt, abstract or web page still in copyright","news article, report, review, book excerpt, abstract or web page still in copyright","no URL recorded; the file name gives the source: ""snippets googlebooks fullam2017"""
cases/roanoke/sources/snippets_googlebooks_horn2010.txt,roanoke,"news article, report, review, book excerpt, abstract or web page still in copyright","news article, report, review, book excerpt, abstract or web page still in copyright","no URL recorded; the file name gives the source: ""snippets googlebooks horn2010"""
cases/roanoke/sources/snippets_googlebooks_horn2010_second_harvest.txt,roanoke,"news article, report, review, book excerpt, abstract or web page still in copyright","news article, report, review, book excerpt, abstract or web page still in copyright","no URL recorded; the file name gives the source: ""snippets googlebooks horn2010 second harvest"""
cases/roanoke/sources/snippets_googlebooks_klingelhofer2023.txt,roanoke,"news article, report, review, book excerpt, abstract or web page still in copyright","news article, report, review, book excerpt, abstract or web page still in copyright","no URL recorded; the file name gives the source: ""snippets googlebooks klingelhofer2023"""
cases/roanoke/sources/snippets_googlebooks_klingelhofer2023b.txt,roanoke,"news article, report, review, book excerpt, abstract or web page still in copyright","news article, report, review, book excerpt, abstract or web page still in copyright","no URL recorded; the file name gives the source: ""snippets googlebooks klingelhofer2023b"""
cases/roanoke/sources/snippets_googlebooks_kupperman2007.txt,roanoke,"news article, report, review, book excerpt, abstract or web page still in copyright","news article, report, review, book excerpt, abstract or web page still in copyright","no URL recorded; the file name gives the source: ""snippets googlebooks kupperman2007"""
cases/roanoke/sources/snippets_googlebooks_lavere2010.txt,roanoke,"news article, report, review, book excerpt, abstract or web page still in copyright","news article, report, review, book excerpt, abstract or web page still in copyright","no URL recorded; the file name gives the source: ""snippets googlebooks lavere2010"""
cases/roanoke/sources/snippets_googlebooks_lawler2018b.txt,roanoke,"news article, report, review, book excerpt, abstract or web page still in copyright","news article, report, review, book excerpt, abstract or web page still in copyright","no URL recorded; the file name gives the source: ""snippets googlebooks lawler2018b"""
cases/roanoke/sources/snippets_googlebooks_miller2000.txt,roanoke,"news article, report, review, book excerpt, abstract or web page still in copyright","news article, report, review, book excerpt, abstract or web page still in copyright","no URL recorded; the file name gives the source: ""snippets googlebooks miller2000"""
cases/roanoke/sources/snippets_googlebooks_quinn1985_set_fair.txt,roanoke,"news article, report, review, book excerpt, abstract or web page still in copyright","news article, report, review, book excerpt, abstract or web page still in copyright","no URL recorded; the file name gives the source: ""snippets googlebooks quinn1985 set fair"""
cases/roanoke/sources/snippets_googlebooks_rountree2005.txt,roanoke,"news article, report, review, book excerpt, abstract or web page still in copyright","news article, report, review, book excerpt, abstract or web page still in copyright","no URL recorded; the file name gives the source: ""snippets googlebooks rountree2005"""
cases/roanoke/sources/snippets_openlibrary_ol2_englandandthedis0000unse.txt,roanoke,"news article, report, review, book excerpt, abstract or web page still in copyright","news article, report, review, book excerpt, abstract or web page still in copyright","Internet Archive item ""England and the discovery of America, 1481-1620, from the Bristol voyages of the fifteenth"" (1974): https://archive.org/details/englandandthedis0000unse"
cases/roanoke/sources/snippets_openlibrary_ol2_headinedwardnuge00ober.txt,roanoke,"news article, report, review, book excerpt, abstract or web page still in copyright","news article, report, review, book excerpt, abstract or web page still in copyright","Internet Archive item ""The head in Edward Nugent's hand"" (2008): https://archive.org/details/headinedwardnuge00ober"
cases/roanoke/sources/snippets_openlibrary_ol2_kingdomstrangeb00horn.txt,roanoke,"news article, report, review, book excerpt, abstract or web page still in copyright","news article, report, review, book excerpt, abstract or web page still in copyright","Internet Archive item ""A kingdom strange : the brief and tragic history of the lost colony of Roanoke"" (2010): https://archive.org/details/kingdomstrangeb00horn"
cases/roanoke/sources/snippets_openlibrary_ol2_lostcoloniststhe0000quin.txt,roanoke,"news article, report, review, book excerpt, abstract or web page still in copyright","news article, report, review, book excerpt, abstract or web page still in copyright","Internet Archive item ""The lost colonists : their fortune and probable fate"" (1984): https://archive.org/details/lostcoloniststhe0000quin"
cases/roanoke/sources/snippets_openlibrary_ol2_roanokeabandoned0000kupp_b1j0.txt,roanoke,"news article, report, review, book excerpt, abstract or web page still in copyright","news article, report, review, book excerpt, abstract or web page still in copyright","Internet Archive item ""Roanoke, the abandoned colony"" (1984): https://archive.org/details/roanokeabandoned0000kupp"
cases/roanoke/sources/snippets_openlibrary_ol2_roanokesolvingmy00mill.txt,roanoke,"news article, report, review, book excerpt, abstract or web page still in copyright","news article, report, review, book excerpt, abstract or web page still in copyright","Internet Archive item ""Roanoke"" (2001): https://archive.org/details/roanokesolvingmy00mill"
cases/roanoke/sources/snippets_openlibrary_ol2_setfairforroanok00quin.txt,roanoke,"news article, report, review, book excerpt, abstract or web page still in copyright","news article, report, review, book excerpt, abstract or web page still in copyright","Internet Archive item ""Set fair for Roanoke : voyages and colonies, 1584-1606"" (1985): https://archive.org/details/setfairforroanok00quin"
cases/roanoke/sources/snippets_openlibrary_ol3_jamestownvoyages0002barb.txt,roanoke,"news article, report, review, book excerpt, abstract or web page still in copyright","news article, report, review, book excerpt, abstract or web page still in copyright","Internet Archive item ""The Jamestown voyages under the first charter, 1606-1609 : documents relating to the found"" (1969): https://archive.org/details/jamestownvoyages0002barb"
cases/roanoke/sources/snippets_openlibrary_ol3_landasgodmadeitj0000horn.txt,roanoke,"news article, report, review, book excerpt, abstract or web page still in copyright","news article, report, review, book excerpt, abstract or web page still in copyright","Internet Archive item ""A land as God made it : Jamestown and the birth of America"" (2005): https://archive.org/details/landasgodmadeitj0000horn"
cases/roanoke/sources/snippets_openlibrary_ol3_newworldenglands0000sloa.txt,roanoke,"news article, report, review, book excerpt, abstract or web page still in copyright","news article, report, review, book excerpt, abstract or web page still in copyright","Internet Archive item ""A new world : England's first view of America"" (2007): https://archive.org/details/newworldenglands0000sloa"
cases/roanoke/sources/snippets_openlibrary_ol3_pocahontaspowhat0000roun.txt,roanoke,"news article, report, review, book excerpt, abstract or web page still in copyright","news article, report, review, book excerpt, abstract or web page still in copyright","Internet Archive item ""Pocahontas Powhatan Opechancanough : three Indian lives changed by Jamestown"" (2005): https://archive.org/details/pocahontaspowhat0000roun"
cases/roanoke/sources/snippets_openlibrary_ol3_pocahontasspeopl0000roun.txt,roanoke,"news article, report, review, book excerpt, abstract or web page still in copyright","news article, report, review, book excerpt, abstract or web page still in copyright","Internet Archive item ""Pocahontas's people : the Powhatan Indians of Virginia through four centuries"" (1990): https://archive.org/details/pocahontasspeopl0000roun"
cases/roanoke/sources/snippets_openlibrary_ol3_roanokeabandoned0000kupp.txt,roanoke,"news article, report, review, book excerpt, abstract or web page still in copyright","news article, report, review, book excerpt, abstract or web page still in copyright","Internet Archive item ""Roanoke, the abandoned colony"" (1984): https://archive.org/details/roanokeabandoned0000kupp"
cases/roanoke/sources/snippets_openlibrary_ol3_roanokeislandbeg00stic.txt,roanoke,"news article, report, review, book excerpt, abstract or web page still in copyright","news article, report, review, book excerpt, abstract or web page still in copyright","Internet Archive item ""Roanoke Island, the beginnings of English America"" (1983): https://archive.org/details/roanokeislandbeg00stic"
cases/roanoke/sources/snippets_openlibrary_ol3_roanokevoyages150002davi.txt,roanoke,"news article, report, review, book excerpt, abstract or web page still in copyright","news article, report, review, book excerpt, abstract or web page still in copyright","Internet Archive item ""The Roanoke Voyages 1584- 1590"" (1955): https://archive.org/details/roanokevoyages150002davi"
cases/roanoke/sources/snippets_openlibrary_ol3_virginiaadventur0000noel.txt,roanoke,"news article, report, review, book excerpt, abstract or web page still in copyright","news article, report, review, book excerpt, abstract or web page still in copyright","Internet Archive item ""The Virginia adventure : Roanoke to James Towne : an archaeological and historical odyssey"" (1997): https://archive.org/details/virginiaadventur0000noel"
cases/roanoke/sources/snippets_openlibrary_ol_englanddiscovery00davi.txt,roanoke,"news article, report, review, book excerpt, abstract or web page still in copyright","news article, report, review, book excerpt, abstract or web page still in copyright","Internet Archive item ""England and the discovery of America, 1481-1620 : from the Bristol voyages of the fifteent"" (1974): https://archive.org/details/englanddiscovery00davi"
cases/roanoke/sources/snippets_openlibrary_ol_kingdomstrangeb00horn.txt,roanoke,"news article, report, review, book excerpt, abstract or web page still in copyright","news article, report, review, book excerpt, abstract or web page still in copyright","Internet Archive item ""A kingdom strange : the brief and tragic history of the lost colony of Roanoke"" (2010): https://archive.org/details/kingdomstrangeb00horn"
cases/roanoke/sources/snippets_openlibrary_ol_roanokesolvingmy00mill.txt,roanoke,"news article, report, review, book excerpt, abstract or web page still in copyright","news article, report, review, book excerpt, abstract or web page still in copyright","Internet Archive item ""Roanoke"" (2001): https://archive.org/details/roanokesolvingmy00mill"
cases/roanoke/sources/snippets_openlibrary_ol_setfairforroanok00quin.txt,roanoke,"news article, report, review, book excerpt, abstract or web page still in copyright","news article, report, review, book excerpt, abstract or web page still in copyright","Internet Archive item ""Set fair for Roanoke : voyages and colonies, 1584-1606"" (1985): https://archive.org/details/setfairforroanok00quin"
cases/roanoke/sources/sparkes1941_sep_writ_on_rocke_reprint.txt,roanoke,"news article, report, review, book excerpt, abstract or web page still in copyright","news article, report, review, book excerpt, abstract or web page still in copyright","no URL recorded; the file name gives the source: ""sparkes1941 sep writ on rocke reprint"""
cases/roanoke/sources/uncpress_shields_ewen_2003_searching_for_the_roanoke_colonies.txt,roanoke,"news article, report, review, book excerpt, abstract or web page still in copyright","news article, report, review, book excerpt, abstract or web page still in copyright","no URL recorded; the file name gives the source: ""uncpress shields ewen 2003 searching for the roanoke colonies"""
cases/roanoke/sources/white1991_witness_for_eleanor_dare_ch3_reprint.txt,roanoke,"news article, report, review, book excerpt, abstract or web page still in copyright","news article, report, review, book excerpt, abstract or web page still in copyright",http://www.angelfire.com/ego/iammagi/dare_chap3.htm
cases/roanoke/sources/wright1951_spanish_documents_jacan_1586-1589.txt,roanoke,"news article, report, review, book excerpt, abstract or web page still in copyright","news article, report, review, book excerpt, abstract or web page still in copyright","no URL recorded; the file name gives the source: ""wright1951 spanish documents jacan 1586 1589"""
cases/smenkhkare/sources/ARCE_2021_Female_Pharaohs_Part_II_transcript.pdf,smenkhkare,"article, book scan, catalogue, transcript, database page or web page still in copyright","article, book scan, catalogue, transcript, database page or web page still in copyright","no URL recorded; the file name gives the source: ""ARCE 2021 Female Pharaohs Part II transcript"""
cases/smenkhkare/sources/ARCE_2021_Female_Pharaohs_Part_II_transcript.txt,smenkhkare,"article, book scan, catalogue, transcript, database page or web page still in copyright","article, book scan, catalogue, transcript, database page or web page still in copyright","no URL recorded; the file name gives the source: ""ARCE 2021 Female Pharaohs Part II transcript"""
cases/smenkhkare/sources/Abercromby_2022_Kondo_Festschrift_TOC.pdf,smenkhkare,"article, book scan, catalogue, transcript, database page or web page still in copyright","article, book scan, catalogue, transcript, database page or web page still in copyright","no URL recorded; the file name gives the source: ""Abercromby 2022 Kondo Festschrift TOC"""
cases/smenkhkare/sources/Abercromby_2022_Kondo_Festschrift_TOC.txt,smenkhkare,"article, book scan, catalogue, transcript, database page or web page still in copyright","article, book scan, catalogue, transcript, database page or web page still in copyright","no URL recorded; the file name gives the source: ""Abercromby 2022 Kondo Festschrift TOC"""
cases/smenkhkare/sources/AkhetatenSun_2016_Fall_22-2_TARF.pdf,smenkhkare,"article, book scan, catalogue, transcript, database page or web page still in copyright","article, book scan, catalogue, transcript, database page or web page still in copyright","no URL recorded; the file name gives the source: ""AkhetatenSun 2016 Fall 22 2 TARF"""
cases/smenkhkare/sources/AkhetatenSun_2016_Fall_22-2_TARF.txt,smenkhkare,"article, book scan, catalogue, transcript, database page or web page still in copyright","article, book scan, catalogue, transcript, database page or web page still in copyright","no URL recorded; the file name gives the source: ""AkhetatenSun 2016 Fall 22 2 TARF"""
cases/smenkhkare/sources/Allen_2009_Amarna_Succession.pdf,smenkhkare,"article, book scan, catalogue, transcript, database page or web page still in copyright","article, book scan, catalogue, transcript, database page or web page still in copyright","no URL recorded; the file name gives the source: ""Allen 2009 Amarna Succession"""
cases/smenkhkare/sources/Allen_2009_Amarna_Succession.txt,smenkhkare,"article, book scan, catalogue, transcript, database page or web page still in copyright","article, book scan, catalogue, transcript, database page or web page still in copyright","no URL recorded; the file name gives the source: ""Allen 2009 Amarna Succession"""
cases/smenkhkare/sources/AmarnaProject_GAT_report_Feb-May-2020.pdf,smenkhkare,"article, book scan, catalogue, transcript, database page or web page still in copyright","article, book scan, catalogue, transcript, database page or web page still in copyright","no URL recorded; the file name gives the source: ""AmarnaProject GAT report Feb May 2020"""
cases/smenkhkare/sources/AmarnaProject_GAT_report_Feb-May-2020.txt,smenkhkare,"article, book scan, catalogue, transcript, database page or web page still in copyright","article, book scan, catalogue, transcript, database page or web page still in copyright","no URL recorded; the file name gives the source: ""AmarnaProject GAT report Feb May 2020"""
cases/smenkhkare/sources/AmarnaProject_Guide_North_Tombs.pdf,smenkhkare,"article, book scan, catalogue, transcript, database page or web page still in copyright","article, book scan, catalogue, transcript, database page or web page still in copyright","no URL recorded; the file name gives the source: ""AmarnaProject Guide North Tombs"""
cases/smenkhkare/sources/AmarnaProject_Guide_North_Tombs.txt,smenkhkare,"article, book scan, catalogue, transcript, database page or web page still in copyright","article, book scan, catalogue, transcript, database page or web page still in copyright","no URL recorded; the file name gives the source: ""AmarnaProject Guide North Tombs"""
cases/smenkhkare/sources/AmarnaProject_Horizon_20.pdf,smenkhkare,"article, book scan, catalogue, transcript, database page or web page still in copyright","article, book scan, catalogue, transcript, database page or web page still in copyright","no URL recorded; the file name gives the source: ""AmarnaProject Horizon 20"""
cases/smenkhkare/sources/AmarnaProject_Horizon_20.txt,smenkhkare,"article, book scan, catalogue, transcript, database page or web page still in copyright","article, book scan, catalogue, transcript, database page or web page still in copyright","no URL recorded; the file name gives the source: ""AmarnaProject Horizon 20"""
cases/smenkhkare/sources/AmarnaProject_Horizon_21.pdf,smenkhkare,"article, book scan, catalogue, transcript, database page or web page still in copyright","article, book scan, catalogue, transcript, database page or web page still in copyright","no URL recorded; the file name gives the source: ""AmarnaProject Horizon 21"""
cases/smenkhkare/sources/AmarnaProject_Horizon_21.txt,smenkhkare,"article, book scan, catalogue, transcript, database page or web page still in copyright","article, book scan, catalogue, transcript, database page or web page still in copyright","no URL recorded; the file name gives the source: ""AmarnaProject Horizon 21"""
cases/smenkhkare/sources/AmarnaProject_Horizon_22.pdf,smenkhkare,"article, book scan, catalogue, transcript, database page or web page still in copyright","article, book scan, catalogue, transcript, database page or web page still in copyright","no URL recorded; the file name gives the source: ""AmarnaProject Horizon 22"""
cases/smenkhkare/sources/AmarnaProject_Horizon_22.txt,smenkhkare,"article, book scan, catalogue, transcript, database page or web page still in copyright","article, book scan, catalogue, transcript, database page or web page still in copyright","no URL recorded; the file name gives the source: ""AmarnaProject Horizon 22"""
cases/smenkhkare/sources/AmarnaProject_Horizon_23.pdf,smenkhkare,"article, book scan, catalogue, transcript, database page or web page still in copyright","article, book scan, catalogue, transcript, database page or web page still in copyright","no URL recorded; the file name gives the source: ""AmarnaProject Horizon 23"""
cases/smenkhkare/sources/AmarnaProject_Horizon_23.txt,smenkhkare,"article, book scan, catalogue, transcript, database page or web page still in copyright","article, book scan, catalogue, transcript, database page or web page still in copyright","no URL recorded; the file name gives the source: ""AmarnaProject Horizon 23"""
cases/smenkhkare/sources/Bartos_2021_ENiM14_Tutankhamun_Golden_Armchair.pdf,smenkhkare,"article, book scan, catalogue, transcript, database page or web page still in copyright","article, book scan, catalogue, transcript, database page or web page still in copyright","no URL recorded; the file name gives the source: ""Bartos 2021 ENiM14 Tutankhamun Golden Armchair"""
cases/smenkhkare/sources/Bartos_2021_ENiM14_Tutankhamun_Golden_Armchair.txt,smenkhkare,"article, book scan, catalogue, transcript, database page or web page still in copyright","article, book scan, catalogue, transcript, database page or web page still in copyright","no URL recorded; the file name gives the source: ""Bartos 2021 ENiM14 Tutankhamun Golden Armchair"""
cases/smenkhkare/sources/Bayer_Laboury_2019_Les_protagonistes_du_drame_Liege_catalogue_ORBi.pdf,smenkhkare,"article, book scan, catalogue, transcript, database page or web page still in copyright","article, book scan, catalogue, transcript, database page or web page still in copyright","no URL recorded; the file name gives the source: ""Bayer Laboury 2019 Les protagonistes du drame Liege catalogue ORBi"""
cases/smenkhkare/sources/Bayer_Laboury_2019_Les_protagonistes_du_drame_Liege_catalogue_ORBi.txt,smenkhkare,"article, book scan, catalogue, transcript, database page or web page still in copyright","article, book scan, catalogue, transcript, database page or web page still in copyright","no URL recorded; the file name gives the source: ""Bayer Laboury 2019 Les protagonistes du drame Liege catalogue ORBi"""
cases/smenkhkare/sources/Connor_Laboury_2019_Toutankhamon_Liege_catalogue_CovToC_ORBi.pdf,smenkhkare,"article, book scan, catalogue, transcript, database page or web page still in copyright","article, book scan, catalogue, transcript, database page or web page still in copyright","no URL recorded; the file name gives the source: ""Connor Laboury 2019 Toutankhamon Liege catalogue CovToC ORBi"""
cases/smenkhkare/sources/Connor_Laboury_2019_Toutankhamon_Liege_catalogue_CovToC_ORBi.txt,smenkhkare,"article, book scan, catalogue, transcript, database page or web page still in copyright","article, book scan, catalogue, transcript, database page or web page still in copyright","no URL recorded; the file name gives the source: ""Connor Laboury 2019 Toutankhamon Liege catalogue CovToC ORBi"""
cases/smenkhkare/sources/DevecchiMiller_2011_Hittite-Egyptian_Synchronisms.txt,smenkhkare,"article, book scan, catalogue, transcript, database page or web page still in copyright","article, book scan, catalogue, transcript, database page or web page still in copyright","no URL recorded; the file name gives the source: ""DevecchiMiller 2011 Hittite Egyptian Synchronisms"""
cases/smenkhkare/sources/Dietrich_2024_CRE2023_Rethinking_NK_Coregencies_Amarna.pdf,smenkhkare,"article, book scan, catalogue, transcript, database page or web page still in copyright","article, book scan, catalogue, transcript, database page or web page still in copyright","no URL recorded; the file name gives the source: ""Dietrich 2024 CRE2023 Rethinking NK Coregencies Amarna"""
cases/smenkhkare/sources/Dietrich_2024_CRE2023_Rethinking_NK_Coregencies_Amarna.txt,smenkhkare,"article, book scan, catalogue, transcript, database page or web page still in copyright","article, book scan, catalogue, transcript, database page or web page still in copyright","no URL recorded; the file name gives the source: ""Dietrich 2024 CRE2023 Rethinking NK Coregencies Amarna"""
cases/smenkhkare/sources/Dietrich_2024_CRE2023_Rethinking_NK_Coregencies_Amarna_oeaw.pdf,smenkhkare,"article, book scan, catalogue, transcript, database page or web page still in copyright","article, book scan, catalogue, transcript, database page or web page still in copyright","no URL recorded; the file name gives the source: ""Dietrich 2024 CRE2023 Rethinking NK Coregencies Amarna oeaw"""
cases/smenkhkare/sources/Dietrich_2024_Rethinking_NK_Coregencies_CRE2023.pdf,smenkhkare,"article, book scan, catalogue, transcript, database page or web page still in copyright","article, book scan, catalogue, transcript, database page or web page still in copyright","no URL recorded; the file name gives the source: ""Dietrich 2024 Rethinking NK Coregencies CRE2023"""
cases/smenkhkare/sources/Dietrich_2024_Rethinking_NK_Coregencies_CRE2023.txt,smenkhkare,"article, book scan, catalogue, transcript, database page or web page still in copyright","article, book scan, catalogue, transcript, database page or web page still in copyright","no URL recorded; the file name gives the source: ""Dietrich 2024 Rethinking NK Coregencies CRE2023"""
cases/smenkhkare/sources/Dodson_2009_Amarna_Sunset_archive.org_djvu.txt,smenkhkare,"article, book scan, catalogue, transcript, database page or web page still in copyright","article, book scan, catalogue, transcript, database page or web page still in copyright","no URL recorded; the file name gives the source: ""Dodson 2009 Amarna Sunset archive.org djvu"""
cases/smenkhkare/sources/Dodson_2014_Amarna_Sunrise_archive.org_djvu.txt,smenkhkare,"article, book scan, catalogue, transcript, database page or web page still in copyright","article, book scan, catalogue, transcript, database page or web page still in copyright","no URL recorded; the file name gives the source: ""Dodson 2014 Amarna Sunrise archive.org djvu"""
cases/smenkhkare/sources/Dodson_2020_Nefertiti_Queen_and_Pharaoh_archive.org_djvu.txt,smenkhkare,"article, book scan, catalogue, transcript, database page or web page still in copyright","article, book scan, catalogue, transcript, database page or web page still in copyright","no URL recorded; the file name gives the source: ""Dodson 2020 Nefertiti Queen and Pharaoh archive.org djvu"""
cases/smenkhkare/sources/Dodson_AmarnaSunset_archive.org_djvu.txt,smenkhkare,"article, book scan, catalogue, transcript, database page or web page still in copyright","article, book scan, catalogue, transcript, database page or web page still in copyright","no URL recorded; the file name gives the source: ""Dodson AmarnaSunset archive.org djvu"""
cases/smenkhkare/sources/Dorman_2009_Long_Coregency_Revisited_CausingHisNameToLive.pdf,smenkhkare,"article, book scan, catalogue, transcript, database page or web page still in copyright","article, book scan, catalogue, transcript, database page or web page still in copyright","no URL recorded; the file name gives the source: ""Dorman 2009 Long Coregency Revisited CausingHisNameToLive"""
cases/smenkhkare/sources/Dorman_2009_Long_Coregency_Revisited_CausingHisNameToLive.txt,smenkhkare,"article, book scan, catalogue, transcript, database page or web page still in copyright","article, book scan, catalogue, transcript, database page or web page still in copyright","no URL recorded; the file name gives the source: ""Dorman 2009 Long Coregency Revisited CausingHisNameToLive"""
cases/smenkhkare/sources/Gabolde_2009_Under_a_Deep_Blue_Starry_Sky_CausingHisNameToLive.pdf,smenkhkare,"article, book scan, catalogue, transcript, database page or web page still in copyright","article, book scan, catalogue, transcript, database page or web page still in copyright","no URL recorded; the file name gives the source: ""Gabolde 2009 Under a Deep Blue Starry Sky CausingHisNameToLive"""
cases/smenkhkare/sources/Gabolde_2009_Under_a_Deep_Blue_Starry_Sky_CausingHisNameToLive.txt,smenkhkare,"article, book scan, catalogue, transcript, database page or web page still in copyright","article, book scan, catalogue, transcript, database page or web page still in copyright","no URL recorded; the file name gives the source: ""Gabolde 2009 Under a Deep Blue Starry Sky CausingHisNameToLive"""
cases/smenkhkare/sources/Gabolde_2013_ENiM6_ADN_famille_royale.pdf,smenkhkare,"article, book scan, catalogue, transcript, database page or web page still in copyright","article, book scan, catalogue, transcript, database page or web page still in copyright","no URL recorded; the file name gives the source: ""Gabolde 2013 ENiM6 ADN famille royale"""
cases/smenkhkare/sources/Gabolde_2013_ENiM6_ADN_famille_royale.txt,smenkhkare,"article, book scan, catalogue, transcript, database page or web page still in copyright","article, book scan, catalogue, transcript, database page or web page still in copyright","no URL recorded; the file name gives the source: ""Gabolde 2013 ENiM6 ADN famille royale"""
cases/smenkhkare/sources/Guardian_of_Ancient_Egypt_vol1_2020.pdf,smenkhkare,"article, book scan, catalogue, transcript, database page or web page still in copyright","article, book scan, catalogue, transcript, database page or web page still in copyright","no URL recorded; the file name gives the source: ""Guardian of Ancient Egypt vol1 2020"""
cases/smenkhkare/sources/Harris_1973_Nefertiti_rediviva_AcOr35.txt,smenkhkare,"article, book scan, catalogue, transcript, database page or web page still in copyright","article, book scan, catalogue, transcript, database page or web page still in copyright","no URL recorded; the file name gives the source: ""Harris 1973 Nefertiti rediviva AcOr35"""
cases/smenkhkare/sources/Harris_1973_Nefertiti_rediviva_AcOr35_journals.uio.no.pdf,smenkhkare,"article, book scan, catalogue, transcript, database page or web page still in copyright","article, book scan, catalogue, transcript, database page or web page still in copyright","no URL recorded; the file name gives the source: ""Harris 1973 Nefertiti rediviva AcOr35 journals.uio.no"""
cases/smenkhkare/sources/Harris_1977_Akhenaten_or_Nefertiti_AcOr38.txt,smenkhkare,"article, book scan, catalogue, transcript, database page or web page still in copyright","article, book scan, catalogue, transcript, database page or web page still in copyright","no URL recorded; the file name gives the source: ""Harris 1977 Akhenaten or Nefertiti AcOr38"""
cases/smenkhkare/sources/Harris_1977_Akhenaten_or_Nefertiti_AcOr38_journals.uio.no.pdf,smenkhkare,"article, book scan, catalogue, transcript, database page or web page still in copyright","article, book scan, catalogue, transcript, database page or web page still in copyright","no URL recorded; the file name gives the source: ""Harris 1977 Akhenaten or Nefertiti AcOr38 journals.uio.no"""
cases/smenkhkare/sources/Hornung_Krauss_Warburton_2006_Ancient_Egyptian_Chronology_archive.org.pdf,smenkhkare,"article, book scan, catalogue, transcript, database page or web page still in copyright","article, book scan, catalogue, transcript, database page or web page still in copyright","no URL recorded; the file name gives the source: ""Hornung Krauss Warburton 2006 Ancient Egyptian Chronology archive.org"""
cases/smenkhkare/sources/Hornung_Krauss_Warburton_2006_Ancient_Egyptian_Chronology_archive.org.txt,smenkhkare,"article, book scan, catalogue, transcript, database page or web page still in copyright","article, book scan, catalogue, transcript, database page or web page still in copyright","no URL recorded; the file name gives the source: ""Hornung Krauss Warburton 2006 Ancient Egyptian Chronology archive.org"""
cases/smenkhkare/sources/Hornung_Krauss_Warburton_2006_Ancient_Egyptian_Chronology_archive.org_djvu.txt,smenkhkare,"article, book scan, catalogue, transcript, database page or web page still in copyright","article, book scan, catalogue, transcript, database page or web page still in copyright","no URL recorded; the file name gives the source: ""Hornung Krauss Warburton 2006 Ancient Egyptian Chronology archive.org djvu"""
cases/smenkhkare/sources/JCS_1956_10_2_archive.org_djvu.txt,smenkhkare,"article, book scan, catalogue, transcript, database page or web page still in copyright","article, book scan, catalogue, transcript, database page or web page still in copyright","no URL recorded; the file name gives the source: ""JCS 1956 10 2 archive.org djvu"""
cases/smenkhkare/sources/JCS_1956_10_3_archive.org_djvu.txt,smenkhkare,"article, book scan, catalogue, transcript, database page or web page still in copyright","article, book scan, catalogue, transcript, database page or web page still in copyright","no URL recorded; the file name gives the source: ""JCS 1956 10 3 archive.org djvu"""
cases/smenkhkare/sources/JCS_1956_10_4_archive.org_djvu.txt,smenkhkare,"article, book scan, catalogue, transcript, database page or web page still in copyright","article, book scan, catalogue, transcript, database page or web page still in copyright","no URL recorded; the file name gives the source: ""JCS 1956 10 4 archive.org djvu"""
cases/smenkhkare/sources/JCS_1960_14_1_archive.org_djvu.txt,smenkhkare,"article, book scan, catalogue, transcript, database page or web page still in copyright","article, book scan, catalogue, transcript, database page or web page still in copyright","no URL recorded; the file name gives the source: ""JCS 1960 14 1 archive.org djvu"""
cases/smenkhkare/sources/Kemp_2016_Akhetaten_Sun_22-1_Ranefers_sovereign_TARF.pdf,smenkhkare,"article, book scan, catalogue, transcript, database page or web page still in copyright","article, book scan, catalogue, transcript, database page or web page still in copyright","no URL recorded; the file name gives the source: ""Kemp 2016 Akhetaten Sun 22 1 Ranefers sovereign TARF"""
cases/smenkhkare/sources/Kemp_2016_Akhetaten_Sun_22-1_Ranefers_sovereign_TARF.txt,smenkhkare,"article, book scan, catalogue, transcript, database page or web page still in copyright","article, book scan, catalogue, transcript, database page or web page still in copyright","no URL recorded; the file name gives the source: ""Kemp 2016 Akhetaten Sun 22 1 Ranefers sovereign TARF"""
cases/smenkhkare/sources/Laboury_2002_Mise_au_point_iconographie_Neferneferouaton_ORBi.pdf,smenkhkare,"article, book scan, catalogue, transcript, database page or web page still in copyright","article, book scan, catalogue, transcript, database page or web page still in copyright","no URL recorded; the file name gives the source: ""Laboury 2002 Mise au point iconographie Neferneferouaton ORBi"""
cases/smenkhkare/sources/Laboury_2002_Mise_au_point_iconographie_Neferneferouaton_ORBi.txt,smenkhkare,"article, book scan, catalogue, transcript, database page or web page still in copyright","article, book scan, catalogue, transcript, database page or web page still in copyright","no URL recorded; the file name gives the source: ""Laboury 2002 Mise au point iconographie Neferneferouaton ORBi"""
cases/smenkhkare/sources/Laboury_2019_Aton_vs_Amon_Liege_catalogue_ORBi.pdf,smenkhkare,"article, book scan, catalogue, transcript, database page or web page still in copyright","article, book scan, catalogue, transcript, database page or web page still in copyright","no URL recorded; the file name gives the source: ""Laboury 2019 Aton vs Amon Liege catalogue ORBi"""
cases/smenkhkare/sources/Laboury_2019_Aton_vs_Amon_Liege_catalogue_ORBi.txt,smenkhkare,"article, book scan, catalogue, transcript, database page or web page still in copyright","article, book scan, catalogue, transcript, database page or web page still in copyright","no URL recorded; the file name gives the source: ""Laboury 2019 Aton vs Amon Liege catalogue ORBi"""
cases/smenkhkare/sources/Lightbody_2021_JAEA5_Tut_Nefertiti_joint_burial_critique.pdf,smenkhkare,"article, book scan, catalogue, transcript, database page or web page still in copyright","article, book scan, catalogue, transcript, database page or web page still in copyright","no URL recorded; the file name gives the source: ""Lightbody 2021 JAEA5 Tut Nefertiti joint burial critique"""
cases/smenkhkare/sources/Lightbody_2021_JAEA5_Tut_Nefertiti_joint_burial_critique.txt,smenkhkare,"article, book scan, catalogue, transcript, database page or web page still in copyright","article, book scan, catalogue, transcript, database page or web page still in copyright","no URL recorded; the file name gives the source: ""Lightbody 2021 JAEA5 Tut Nefertiti joint burial critique"""
cases/smenkhkare/sources/Manetho_Waddell_1940_Loeb_archive.org_manethowithengli00maneuoft_djvu.txt,smenkhkare,"article, book scan, catalogue, transcript, database page or web page still in copyright","article, book scan, catalogue, transcript, database page or web page still in copyright","no URL recorded; the file name gives the source: ""Manetho Waddell 1940 Loeb archive.org manethowithengli00maneuoft djvu"""
cases/smenkhkare/sources/Miller_2007_AoF34_Nibhururiya.pdf,smenkhkare,"article, book scan, catalogue, transcript, database page or web page still in copyright","article, book scan, catalogue, transcript, database page or web page still in copyright","no URL recorded; the file name gives the source: ""Miller 2007 AoF34 Nibhururiya"""
cases/smenkhkare/sources/Miller_2007_AoF34_Nibhururiya.txt,smenkhkare,"article, book scan, catalogue, transcript, database page or web page still in copyright","article, book scan, catalogue, transcript, database page or web page still in copyright","no URL recorded; the file name gives the source: ""Miller 2007 AoF34 Nibhururiya"""
cases/smenkhkare/sources/Miller_2010_conquest_Karkamis.txt,smenkhkare,"article, book scan, catalogue, transcript, database page or web page still in copyright","article, book scan, catalogue, transcript, database page or web page still in copyright","no URL recorded; the file name gives the source: ""Miller 2010 conquest Karkamis"""
cases/smenkhkare/sources/Miller_2015_AfO53_review_DelMonte_Gesta.pdf,smenkhkare,"article, book scan, catalogue, transcript, database page or web page still in copyright","article, book scan, catalogue, transcript, database page or web page still in copyright","no URL recorded; the file name gives the source: ""Miller 2015 AfO53 review DelMonte Gesta"""
cases/smenkhkare/sources/Miller_2015_AfO53_review_DelMonte_Gesta.txt,smenkhkare,"article, book scan, catalogue, transcript, database page or web page still in copyright","article, book scan, catalogue, transcript, database page or web page still in copyright","no URL recorded; the file name gives the source: ""Miller 2015 AfO53 review DelMonte Gesta"""
cases/smenkhkare/sources/Miller_2017_Kardunias_political.txt,smenkhkare,"article, book scan, catalogue, transcript, database page or web page still in copyright","article, book scan, catalogue, transcript, database page or web page still in copyright","no URL recorded; the file name gives the source: ""Miller 2017 Kardunias political"""
cases/smenkhkare/sources/Miller_LMU_2017-kardunias-political.pdf,smenkhkare,"article, book scan, catalogue, transcript, database page or web page still in copyright","article, book scan, catalogue, transcript, database page or web page still in copyright","no URL recorded; the file name gives the source: ""Miller LMU 2017 kardunias political"""
cases/smenkhkare/sources/Miller_LMU_conquest_karkamis_2010.pdf,smenkhkare,"article, book scan, catalogue, transcript, database page or web page still in copyright","article, book scan, catalogue, transcript, database page or web page still in copyright","no URL recorded; the file name gives the source: ""Miller LMU conquest karkamis 2010"""
cases/smenkhkare/sources/Miller_LMU_mursili_casus_belli_2007.pdf,smenkhkare,"article, book scan, catalogue, transcript, database page or web page still in copyright","article, book scan, catalogue, transcript, database page or web page still in copyright","no URL recorded; the file name gives the source: ""Miller LMU mursili casus belli 2007"""
cases/smenkhkare/sources/Miller_LMU_mursili_prayer_2014.pdf,smenkhkare,"article, book scan, catalogue, transcript, database page or web page still in copyright","article, book scan, catalogue, transcript, database page or web page still in copyright","no URL recorded; the file name gives the source: ""Miller LMU mursili prayer 2014"""
cases/smenkhkare/sources/Miller_LMU_synchronisms_2010.pdf,smenkhkare,"article, book scan, catalogue, transcript, database page or web page still in copyright","article, book scan, catalogue, transcript, database page or web page still in copyright","no URL recorded; the file name gives the source: ""Miller LMU synchronisms 2010"""
cases/smenkhkare/sources/Nederhof_Restoration_Stela_Tutankhamun_transl.pdf,smenkhkare,"article, book scan, catalogue, transcript, database page or web page still in copyright","article, book scan, catalogue, transcript, database page or web page still in copyright","no URL recorded; the file name gives the source: ""Nederhof Restoration Stela Tutankhamun transl"""
cases/smenkhkare/sources/Nederhof_Restoration_Stela_Tutankhamun_transl.txt,smenkhkare,"article, book scan, catalogue, transcript, database page or web page still in copyright","article, book scan, catalogue, transcript, database page or web page still in copyright","no URL recorded; the file name gives the source: ""Nederhof Restoration Stela Tutankhamun transl"""
cases/smenkhkare/sources/Pendlebury_1951_COA_III_text_archive.org_EXCMEM44.1_djvu.txt,smenkhkare,"article, book scan, catalogue, transcript, database page or web page still in copyright","article, book scan, catalogue, transcript, database page or web page still in copyright","no URL recorded; the file name gives the source: ""Pendlebury 1951 COA III text archive.org EXCMEM44.1 djvu"""
cases/smenkhkare/sources/Reeves_1990_Complete_Tutankhamun_archive.org_djvu.txt,smenkhkare,"article, book scan, catalogue, transcript, database page or web page still in copyright","article, book scan, catalogue, transcript, database page or web page still in copyright","no URL recorded; the file name gives the source: ""Reeves 1990 Complete Tutankhamun archive.org djvu"""
cases/smenkhkare/sources/Reeves_2001_Akhenaten_Egypts_False_Prophet_archive.org_djvu.txt,smenkhkare,"article, book scan, catalogue, transcript, database page or web page still in copyright","article, book scan, catalogue, transcript, database page or web page still in copyright","no URL recorded; the file name gives the source: ""Reeves 2001 Akhenaten Egypts False Prophet archive.org djvu"""
cases/smenkhkare/sources/Reeves_2015_Burial_of_Nefertiti_ARTP_OccPaper1.txt,smenkhkare,"article, book scan, catalogue, transcript, database page or web page still in copyright","article, book scan, catalogue, transcript, database page or web page still in copyright","no URL recorded; the file name gives the source: ""Reeves 2015 Burial of Nefertiti ARTP OccPaper1"""
cases/smenkhkare/sources/Reeves_2015_Burial_of_Nefertiti_ARTP_OccPaper1_factum-arte.pdf,smenkhkare,"article, book scan, catalogue, transcript, database page or web page still in copyright","article, book scan, catalogue, transcript, database page or web page still in copyright","no URL recorded; the file name gives the source: ""Reeves 2015 Burial of Nefertiti ARTP OccPaper1 factum arte"""
cases/smenkhkare/sources/Reeves_2015_Gold_Mask_JAEI.pdf,smenkhkare,"article, book scan, catalogue, transcript, database page or web page still in copyright","article, book scan, catalogue, transcript, database page or web page still in copyright","no URL recorded; the file name gives the source: ""Reeves 2015 Gold Mask JAEI"""
cases/smenkhkare/sources/Reeves_2015_Gold_Mask_JAEI.txt,smenkhkare,"article, book scan, catalogue, transcript, database page or web page still in copyright","article, book scan, catalogue, transcript, database page or web page still in copyright","no URL recorded; the file name gives the source: ""Reeves 2015 Gold Mask JAEI"""
cases/smenkhkare/sources/Reeves_2015_JAEI_Gold_Mask_of_Ankhkheperure_Neferneferuaten.pdf,smenkhkare,"article, book scan, catalogue, transcript, database page or web page still in copyright","article, book scan, catalogue, transcript, database page or web page still in copyright","no URL recorded; the file name gives the source: ""Reeves 2015 JAEI Gold Mask of Ankhkheperure Neferneferuaten"""
cases/smenkhkare/sources/Reeves_2015_JAEI_Gold_Mask_of_Ankhkheperure_Neferneferuaten.txt,smenkhkare,"article, book scan, catalogue, transcript, database page or web page still in copyright","article, book scan, catalogue, transcript, database page or web page still in copyright","no URL recorded; the file name gives the source: ""Reeves 2015 JAEI Gold Mask of Ankhkheperure Neferneferuaten"""
cases/smenkhkare/sources/Sousa_Pieke_Bagh_2024_Tutankhamun_and_Carter_OA_archive.org_djvu.txt,smenkhkare,"article, book scan, catalogue, transcript, database page or web page still in copyright","article, book scan, catalogue, transcript, database page or web page still in copyright","no URL recorded; the file name gives the source: ""Sousa Pieke Bagh 2024 Tutankhamun and Carter OA archive.org djvu"""
cases/smenkhkare/sources/Waddell_1940_Manetho_Loeb_archive.org_manethowithengli00maneuoft_djvu.txt,smenkhkare,"article, book scan, catalogue, transcript, database page or web page still in copyright","article, book scan, catalogue, transcript, database page or web page still in copyright","no URL recorded; the file name gives the source: ""Waddell 1940 Manetho Loeb archive.org manethowithengli00maneuoft djvu"""
cases/smenkhkare/sources/Willeitner_2022_MAAT_23_Munich_ivory_AeS7342_smaek.pdf,smenkhkare,"article, book scan, catalogue, transcript, database page or web page still in copyright","article, book scan, catalogue, transcript, database page or web page still in copyright","no URL recorded; the file name gives the source: ""Willeitner 2022 MAAT 23 Munich ivory AeS7342 smaek"""
cases/smenkhkare/sources/Willeitner_2022_MAAT_23_Munich_ivory_AeS7342_smaek.txt,smenkhkare,"article, book scan, catalogue, transcript, database page or web page still in copyright","article, book scan, catalogue, transcript, database page or web page still in copyright","no URL recorded; the file name gives the source: ""Willeitner 2022 MAAT 23 Munich ivory AeS7342 smaek"""
cases/smenkhkare/sources/Willeitner_2022_MAAT_24_Munich_ivory_AeS7342_smaek.pdf,smenkhkare,"article, book scan, catalogue, transcript, database page or web page still in copyright","article, book scan, catalogue, transcript, database page or web page still in copyright","no URL recorded; the file name gives the source: ""Willeitner 2022 MAAT 24 Munich ivory AeS7342 smaek"""
cases/smenkhkare/sources/Willeitner_2022_MAAT_24_Munich_ivory_AeS7342_smaek.txt,smenkhkare,"article, book scan, catalogue, transcript, database page or web page still in copyright","article, book scan, catalogue, transcript, database page or web page still in copyright","no URL recorded; the file name gives the source: ""Willeitner 2022 MAAT 24 Munich ivory AeS7342 smaek"""
cases/smenkhkare/sources/allen2009_amarna_succession_memphis.pdf,smenkhkare,"article, book scan, catalogue, transcript, database page or web page still in copyright","article, book scan, catalogue, transcript, database page or web page still in copyright","no URL recorded; the file name gives the source: ""allen2009 amarna succession memphis"""
cases/smenkhkare/sources/allen2009_amarna_succession_memphis.txt,smenkhkare,"article, book scan, catalogue, transcript, database page or web page still in copyright","article, book scan, catalogue, transcript, database page or web page still in copyright","no URL recorded; the file name gives the source: ""allen2009 amarna succession memphis"""
cases/smenkhkare/sources/anthrop2010_index.html,smenkhkare,"article, book scan, catalogue, transcript, database page or web page still in copyright","article, book scan, catalogue, transcript, database page or web page still in copyright","no URL recorded; the file name gives the source: ""anthrop2010 index"""
cases/smenkhkare/sources/anthropological_notebooks_2013_supplement_zrc.pdf,smenkhkare,"article, book scan, catalogue, transcript, database page or web page still in copyright","article, book scan, catalogue, transcript, database page or web page still in copyright","no URL recorded; the file name gives the source: ""anthropological notebooks 2013 supplement zrc"""
cases/smenkhkare/sources/arce_kv55_coffin.html,smenkhkare,"article, book scan, catalogue, transcript, database page or web page still in copyright","article, book scan, catalogue, transcript, database page or web page still in copyright","no URL recorded; the file name gives the source: ""arce kv55 coffin"""
cases/smenkhkare/sources/arce_kv55_coffin.txt,smenkhkare,"article, book scan, catalogue, transcript, database page or web page still in copyright","article, book scan, catalogue, transcript, database page or web page still in copyright","no URL recorded; the file name gives the source: ""arce kv55 coffin"""
cases/smenkhkare/sources/belmonte2013_anthropological_notebooks_dakhamunzu.pdf,smenkhkare,"article, book scan, catalogue, transcript, database page or web page still in copyright","article, book scan, catalogue, transcript, database page or web page still in copyright","no URL recorded; the file name gives the source: ""belmonte2013 anthropological notebooks dakhamunzu"""
cases/smenkhkare/sources/belmonte2013_anthropological_notebooks_dakhamunzu.txt,smenkhkare,"article, book scan, catalogue, transcript, database page or web page still in copyright","article, book scan, catalogue, transcript, database page or web page still in copyright","no URL recorded; the file name gives the source: ""belmonte2013 anthropological notebooks dakhamunzu"""
cases/smenkhkare/sources/duhig2010_anthropologie48_reply_to_strouhal.pdf,smenkhkare,"article, book scan, catalogue, transcript, database page or web page still in copyright","article, book scan, catalogue, transcript, database page or web page still in copyright","no URL recorded; the file name gives the source: ""duhig2010 anthropologie48 reply to strouhal"""
cases/smenkhkare/sources/duhig2010_anthropologie48_reply_to_strouhal.txt,smenkhkare,"article, book scan, catalogue, transcript, database page or web page still in copyright","article, book scan, catalogue, transcript, database page or web page still in copyright","no URL recorded; the file name gives the source: ""duhig2010 anthropologie48 reply to strouhal"""
cases/smenkhkare/sources/duhig_page.html,smenkhkare,"article, book scan, catalogue, transcript, database page or web page still in copyright","article, book scan, catalogue, transcript, database page or web page still in copyright","no URL recorded; the file name gives the source: ""duhig page"""
cases/smenkhkare/sources/explorersweb2026_nefertiti_update.html,smenkhkare,"article, book scan, catalogue, transcript, database page or web page still in copyright","article, book scan, catalogue, transcript, database page or web page still in copyright","no URL recorded; the file name gives the source: ""explorersweb2026 nefertiti update"""
cases/smenkhkare/sources/gabolde2013_enim6_adn_famille_royale_amarnienne.pdf,smenkhkare,"article, book scan, catalogue, transcript, database page or web page still in copyright","article, book scan, catalogue, transcript, database page or web page still in copyright",http://www.enim-egyptologie.fr/revue/2013/10/Gabolde_ENIM6_p177-203.swf.pdf
cases/smenkhkare/sources/gabolde2013_enim6_adn_famille_royale_amarnienne.txt,smenkhkare,"article, book scan, catalogue, transcript, database page or web page still in copyright","article, book scan, catalogue, transcript, database page or web page still in copyright",http://www.enim-egyptologie.fr/revue/2013/10/Gabolde_ENIM6_p177-203.swf.pdf
cases/smenkhkare/sources/gad2021_hmg_insights_ancient_dna_egyptian_mummies.pdf,smenkhkare,"article, book scan, catalogue, transcript, database page or web page still in copyright","article, book scan, catalogue, transcript, database page or web page still in copyright","no URL recorded; the file name gives the source: ""gad2021 hmg insights ancient dna egyptian mummies"""
cases/smenkhkare/sources/gad2021_hmg_insights_ancient_dna_egyptian_mummies.txt,smenkhkare,"article, book scan, catalogue, transcript, database page or web page still in copyright","article, book scan, catalogue, transcript, database page or web page still in copyright","no URL recorded; the file name gives the source: ""gad2021 hmg insights ancient dna egyptian mummies"""
cases/smenkhkare/sources/galassi2023_ijae127_kv55_reassessment.pdf,smenkhkare,"article, book scan, catalogue, transcript, database page or web page still in copyright","article, book scan, catalogue, transcript, database page or web page still in copyright","no URL recorded; the file name gives the source: ""galassi2023 ijae127 kv55 reassessment"""
cases/smenkhkare/sources/galassi2023_ijae127_kv55_reassessment.txt,smenkhkare,"article, book scan, catalogue, transcript, database page or web page still in copyright","article, book scan, catalogue, transcript, database page or web page still in copyright","no URL recorded; the file name gives the source: ""galassi2023 ijae127 kv55 reassessment"""
cases/smenkhkare/sources/hawass2010_jama_ancestry_pathology_tutankhamun.html,smenkhkare,"article, book scan, catalogue, transcript, database page or web page still in copyright","article, book scan, catalogue, transcript, database page or web page still in copyright","no URL recorded; the file name gives the source: ""hawass2010 jama ancestry pathology tutankhamun"""
cases/smenkhkare/sources/hawass_guardians_mystery_kv55.html,smenkhkare,"article, book scan, catalogue, transcript, database page or web page still in copyright","article, book scan, catalogue, transcript, database page or web page still in copyright","no URL recorded; the file name gives the source: ""hawass guardians mystery kv55"""
cases/smenkhkare/sources/hethport_gebet_CTH378.2_intro.html,smenkhkare,"article, book scan, catalogue, transcript, database page or web page still in copyright","article, book scan, catalogue, transcript, database page or web page still in copyright","no URL recorded; the file name gives the source: ""hethport gebet CTH378.2 intro"""
cases/smenkhkare/sources/hethport_gebet_CTH378.2_partitur.html,smenkhkare,"article, book scan, catalogue, transcript, database page or web page still in copyright","article, book scan, catalogue, transcript, database page or web page still in copyright","no URL recorded; the file name gives the source: ""hethport gebet CTH378.2 partitur"""
cases/smenkhkare/sources/hethport_gebet_CTH378.2_partitur_par4.html,smenkhkare,"article, book scan, catalogue, transcript, database page or web page still in copyright","article, book scan, catalogue, transcript, database page or web page still in copyright","no URL recorded; the file name gives the source: ""hethport gebet CTH378.2 partitur par4"""
cases/smenkhkare/sources/hethport_gebet_CTH378.2_partitur_par5.html,smenkhkare,"article, book scan, catalogue, transcript, database page or web page still in copyright","article, book scan, catalogue, transcript, database page or web page still in copyright","no URL recorded; the file name gives the source: ""hethport gebet CTH378.2 partitur par5"""
cases/smenkhkare/sources/hethport_gebet_CTH378.2_partitur_par6.html,smenkhkare,"article, book scan, catalogue, transcript, database page or web page still in copyright","article, book scan, catalogue, transcript, database page or web page still in copyright","no URL recorded; the file name gives the source: ""hethport gebet CTH378.2 partitur par6"""
cases/smenkhkare/sources/hethport_gebet_CTH378.2_partitur_par7.html,smenkhkare,"article, book scan, catalogue, transcript, database page or web page still in copyright","article, book scan, catalogue, transcript, database page or web page still in copyright","no URL recorded; the file name gives the source: ""hethport gebet CTH378.2 partitur par7"""
cases/smenkhkare/sources/hethport_gebet_CTH378.2_partitur_par8.html,smenkhkare,"article, book scan, catalogue, transcript, database page or web page still in copyright","article, book scan, catalogue, transcript, database page or web page still in copyright","no URL recorded; the file name gives the source: ""hethport gebet CTH378.2 partitur par8"""
cases/smenkhkare/sources/hethport_gebet_CTH378.2_translatio.html,smenkhkare,"article, book scan, catalogue, transcript, database page or web page still in copyright","article, book scan, catalogue, transcript, database page or web page still in copyright","no URL recorded; the file name gives the source: ""hethport gebet CTH378.2 translatio"""
cases/smenkhkare/sources/hethport_konkordanz_CTH134.html,smenkhkare,"article, book scan, catalogue, transcript, database page or web page still in copyright","article, book scan, catalogue, transcript, database page or web page still in copyright","no URL recorded; the file name gives the source: ""hethport konkordanz CTH134"""
cases/smenkhkare/sources/hethport_konkordanz_CTH154.html,smenkhkare,"article, book scan, catalogue, transcript, database page or web page still in copyright","article, book scan, catalogue, transcript, database page or web page still in copyright","no URL recorded; the file name gives the source: ""hethport konkordanz CTH154"""
cases/smenkhkare/sources/hethport_konkordanz_CTH378.html,smenkhkare,"article, book scan, catalogue, transcript, database page or web page still in copyright","article, book scan, catalogue, transcript, database page or web page still in copyright","no URL recorded; the file name gives the source: ""hethport konkordanz CTH378"""
cases/smenkhkare/sources/hethport_konkordanz_CTH379.html,smenkhkare,"article, book scan, catalogue, transcript, database page or web page still in copyright","article, book scan, catalogue, transcript, database page or web page still in copyright","no URL recorded; the file name gives the source: ""hethport konkordanz CTH379"""
cases/smenkhkare/sources/hethport_konkordanz_CTH40.html,smenkhkare,"article, book scan, catalogue, transcript, database page or web page still in copyright","article, book scan, catalogue, transcript, database page or web page still in copyright","no URL recorded; the file name gives the source: ""hethport konkordanz CTH40"""
cases/smenkhkare/sources/johnson2018_isac_younger_lady.html,smenkhkare,"article, book scan, catalogue, transcript, database page or web page still in copyright","article, book scan, catalogue, transcript, database page or web page still in copyright","no URL recorded; the file name gives the source: ""johnson2018 isac younger lady"""
cases/smenkhkare/sources/marchant2011_nature472_curse_pharaohs_dna.html,smenkhkare,"article, book scan, catalogue, transcript, database page or web page still in copyright","article, book scan, catalogue, transcript, database page or web page still in copyright","no URL recorded; the file name gives the source: ""marchant2011 nature472 curse pharaohs dna"""
cases/smenkhkare/sources/marchant2011_nature472_curse_pharaohs_dna_wayback.txt,smenkhkare,"article, book scan, catalogue, transcript, database page or web page still in copyright","article, book scan, catalogue, transcript, database page or web page still in copyright","no URL recorded; the file name gives the source: ""marchant2011 nature472 curse pharaohs dna wayback"""
cases/smenkhkare/sources/mma_544689_canopic_lid.html,smenkhkare,"article, book scan, catalogue, transcript, database page or web page still in copyright","article, book scan, catalogue, transcript, database page or web page still in copyright","no URL recorded; the file name gives the source: ""mma 544689 canopic lid"""
cases/smenkhkare/sources/nature1969_connolly_abstract.html,smenkhkare,"article, book scan, catalogue, transcript, database page or web page still in copyright","article, book scan, catalogue, transcript, database page or web page still in copyright","no URL recorded; the file name gives the source: ""nature1969 connolly abstract"""
cases/smenkhkare/sources/strouhal2010_anthropologie48_kv55_age.pdf,smenkhkare,"article, book scan, catalogue, transcript, database page or web page still in copyright","article, book scan, catalogue, transcript, database page or web page still in copyright",http://puvodni.mzm.cz/Anthropologie/downloads/articles/2010/Strouhal_2010_p97-112.pdf
cases/smenkhkare/sources/strouhal2010_anthropologie48_kv55_age.txt,smenkhkare,"article, book scan, catalogue, transcript, database page or web page still in copyright","article, book scan, catalogue, transcript, database page or web page still in copyright",http://puvodni.mzm.cz/Anthropologie/downloads/articles/2010/Strouhal_2010_p97-112.pdf
cases/smenkhkare/sources/thimes2022_ancientegypt131_retesting_tut_dna_thepast.html,smenkhkare,"article, book scan, catalogue, transcript, database page or web page still in copyright","article, book scan, catalogue, transcript, database page or web page still in copyright","no URL recorded; the file name gives the source: ""thimes2022 ancientegypt131 retesting tut dna thepast"""
cases/smenkhkare/sources/tmp_kv55_page.html,smenkhkare,"article, book scan, catalogue, transcript, database page or web page still in copyright","article, book scan, catalogue, transcript, database page or web page still in copyright","no URL recorded; the file name gives the source: ""tmp kv55 page"""
cases/smenkhkare/sources/vanDijk_2009_Death_of_Meketaten_CausingHisNameToLive.pdf,smenkhkare,"article, book scan, catalogue, transcript, database page or web page still in copyright","article, book scan, catalogue, transcript, database page or web page still in copyright","no URL recorded; the file name gives the source: ""vanDijk 2009 Death of Meketaten CausingHisNameToLive"""
cases/smenkhkare/sources/vanDijk_2009_Death_of_Meketaten_CausingHisNameToLive.txt,smenkhkare,"article, book scan, catalogue, transcript, database page or web page still in copyright","article, book scan, catalogue, transcript, database page or web page still in copyright","no URL recorded; the file name gives the source: ""vanDijk 2009 Death of Meketaten CausingHisNameToLive"""
