Central Europe 1000 Year Documentary Temperature Reconstruction
-----------------------------------------------------------------------
               World Data Center for Paleoclimatology, Boulder
                                  and
                     NOAA Paleoclimatology Program
-----------------------------------------------------------------------
NOTE: PLEASE CITE ORIGINAL REFERENCE WHEN USING THIS DATA!!!!!


NAME OF DATA SET: 
Central Europe 1000 Year Documentary Temperature Reconstruction 

LAST UPDATE: 4/2010 (Original receipt by WDC Paleo) 
CONTRIBUTORS: Glaser, R. and D. Riemann. 
IGBP PAGES/WDCA CONTRIBUTION SERIES NUMBER: 2010-040  

WDC PALEO CONTRIBUTION SERIES CITATION: 
Glaser, R. and D. Riemann.  2010. 
Central Europe 1000 Year Documentary Temperature Reconstruction. 
IGBP PAGES/World Data Center for Paleoclimatology 
Data Contribution Series # 2010-040. 
NOAA/NCDC Paleoclimatology Program, Boulder CO, USA. 


ORIGINAL REFERENCE: 
Glaser, R. and Riemann, D. 2009. 
A thousand-year record of temperature variations for Germany 
and Central Europe based on documentary data. 
Journal of Quaternary Science, Vol. 24, pp. 437-449. ISSN 0267-8179. 
DOI: 10.1002/jqs.1302 

ABSTRACT: 
This paper presents a temperature reconstruction of the past 
1000 years for Central Europe, based on chronological records. 
The advantages and limitations of this hermeneutic, text-based 
approach are discussed and the statistic methodology is introduced. 
Historical documents represent direct observation of weather 
and atmospheric conditions with highest temporal resolution 
available and precise dating.  A major advantage of these 
extensive data is that they allow the reconstruction of large 
numbers of variables such as winter temperature, precipitation, 
pressure patterns or climate extremes as well as floods or storms. 
Within this hermeneutic climatological research approach, 
even human impacts and social dimensions of climate development 
can be examined. In order to quantify the historical information, 
statistical methods are applied, based on an index approach. 


GEOGRAPHIC REGION: Germany/Central Europe
PERIOD OF RECORD: 1000 - 2000 AD 

FUNDING SOURCE: 
European Community research contract 017008-2 Millennium (to DR).


DESCRIPTION:
Temperature indices and reconstruction for Germany and Central 
Europe over the past 1000 years, based on documentary data. 
Three time series are presented: seasonally resolved indices 
for 1000-1500 A.D., monthly resolved indices for 1500-2006 A.D., 
and 11-year smoothed temperature reconstruction for 1000-2000 A.D. 

Large parts of the underlying historical data on which the 
reconstruction is based can be accessed at HISKLID (Historische 
Klimadatenbank Deutschland - Historical Climate Database Germany), 
database of climate and environment related information from 
documentary sources for Central Europe: www.hisklid.de 


DATA: 
1. Germany/Central Europe Climate Indices 1000-1500 A.D., 
   seasonally resolved with 3 classes.  

+ /-1 for months with temperature above or below average
   0 for "average" months or data not available   

Column 1: Year AD 
Column 2: Winter Seasonal Temperature Index
Column 3: Spring Seasonal Temperature Index
Column 4: Summer Seasonal Temperature Index
Column 5: Fall Seasonal Temperature Index

Year  Winter Spring Summer   Fall
1000       0      0      1      0
1001       0      0     -1      0
1002       0      0      0      0
1003      -1      0      0      0
1004      -1      0      0      0
1005       0      0      0      0
1006       0      0      0      0
1007       0      0      0      0
1008       0      0      0      0
1009      -1      0      0      0
1010       0      0      0      0
1011      -1      1      0      0
1012       0      0     -1      0
1013       0      0      0      0
1014      -1      1      1      0
1015       0      0      0      0
1016       0      0      0      0
1017       0      0      0      0
1018       0      0     -1      0
1019      -1      0      0      0
1020      -1      0     -1      0
1021       0      0      0      0
1022       0      1      1      0
1023       0      0      1      0
1024       0      0      0      0
1025       0      0      0      0
1026       0      0      0      0
1027       0      0      0      0
1028       0      0      0      0
1029      -1      0      0      0
1030       0      0      1      0
1031       0      0     -1      0
1032       0      0      1      0
1033      -1      0      1      0
1034       0      0      0      0
1035       0      0      0      0
1036      -1      0      0      0
1037       0      0      0      0
1038       0      0      1      0
1039       0      0      1      0
1040      -1      0      0      0
1041       0      0      0      0
1042      -1      0      0      0
1043       0      0     -1      0
1044      -1      0     -1      0
1045       0      0     -1      0
1046      -1      0      0      0
1047      -1      0      0      0
1048       0      0     -1      0
1049      -1     -1     -1      0
1050       0      0      0      0
1051       0      0      0      0
1052       0      0     -1      0
1053       0      0     -1      0
1054       0      0      0      0
1055       0      0      0      0
1056       1      0      0      0
1057      -1     -1      0      1
1058       0      0      0      0
1059      -1      0      1      0
1060      -1      0     -1      0
1061       0      0      0      0
1062       0      0      0      0
1063      -1     -1      1      0
1064      -1      0      0      0
1065      -1      0      0      0
1066       1      0      0      0
1067      -1      0      1      0
1068       0      0     -1      0
1069      -1      0      0      0
1070      -1      0      1      1
1071       1      0      0      0
1072      -1      0      0      0
1073       0      0      0      0
1074      -1      0      0      0
1075      -1      0      0      0
1076       0     -1     -1     -1
1077      -1     -1      0      0
1078       0      1      1      0
1079      -1      0      0      0
1080      -1      0      0      0
1081       0      0      0      0
1082       0      0      0      0
1083       0      0      1      0
1084       0      0      0      0
1085       0      0      0      0
1086       0      1      1      0
1087       0      0      0      0
1088       1      0      0      0
1089       0      0      0      0
1090       0      0      1      0
1091       0      0      0      0
1092       0     -1      0      0
1093      -1      0      0      0
1094       1      1      0      0
1095       0     -1      1      1
1096      -1      0      0      0
1097       1      0      0      0
1098       1      0      1      0
1099       0      0      0      0
1100      -1      0      0      0
1101       0     -1      0      0
1102       1     -1      0      0
1103       0      0      0      0
1104      -1      0      1      0
1105      -1      0      0      0
1106       0      1      1      0
1107       1      0      1      0
1108      -1     -1      0      0
1109      -1      0      0      0
1110      -1      0      0      0
1111       0      0      0      0
1112      -1      0      1      0
1113      -1     -1      1      0
1114       0     -1      0      0
1115      -1      0      0     -1
1116       0     -1      1      0
1117       1      1      0      0
1118      -1     -1      0      0
1119      -1      0      0      0
1120       0      0      0      0
1121       1      0     -1      0
1122      -1      1      0      0
1123       0     -1      0      0
1124      -1     -1     -1      0
1125      -1     -1     -1      0
1126      -1     -1     -1      0
1127       0     -1      0      0
1128      -1     -1     -1     -1
1129       1     -1      0      0
1130      -1      0      1      0
1131       0      0      1      0
1132      -1      0      0      0
1133       0      0      1      0
1134       0      0      1      0
1135      -1      0      1      1
1136       0      0      1      0
1137      -1      1      1      1
1138       0      0      0      0
1139       0      0      0      0
1140      -1      0      0      0
1141       1      1     -1      0
1142      -1      0      0      0
1143      -1      0     -1      0
1144       1      0     -1      0
1145       0      0      0      0
1146       0      0     -1      0
1147       0      0      0      0
1148      -1      0      0      0
1149       0      1      0     -1
1150      -1     -1     -1      0
1151      -1      0     -1     -1
1152       1      0      0     -1
1153       1      0      0      0
1154       0      0      0      0
1155      -1      0     -1     -1
1156       0      1      1     -1
1157       0     -1      1      1
1158       1      0      1      0
1159      -1     -1     -1     -1
1160      -1     -1      0      0
1161       0      0      0      0
1162       0      0      0      0
1163      -1      0     -1     -1
1164       0      0      0      0
1165      -1      0      1      0
1166       0      0      0      0
1167      -1     -1      1     -1
1168      -1      1      1      0
1169       1      0      0      0
1170       1      0      1      1
1171      -1      0      1     -1
1172       1      1      0      0
1173      -1      0      1      0
1174      -1     -1     -1     -1
1175       0      0      1      0
1176      -1      0      1      0
1177       0      0      1      0
1178      -1      0     -1     -1
1179      -1     -1      1      1
1180       0      0      0      0
1181       0     -1      1      0
1182       1     -1     -1      0
1183      -1      0      0      0
1184       0     -1      1      0
1185       1      0      1     -1
1186       1      1      1      0
1187       1     -1     -1     -1
1188       0      0      1      0
1189       0      0      1      0
1190       1      0      1      0
1191       0      0      0      0
1192       0      0      1      1
1193       0      0      0     -1
1194       0      1      1      0
1195       1     -1     -1      0
1196       0      1     -1      1
1197       1      1     -1      0
1198       1     -1      1      0
1199       0      0      0      0
1200       0      1      0      0
1201       0      1     -1     -1
1202       0      0      0      0
1203       1      0      0      0
1204      -1      0      1     -1
1205      -1     -1      1     -1
1206       1      1      1      0
1207       1     -1     -1      0
1208       0      1      1      0
1209      -1      0     -1      0
1210      -1     -1      1      0
1211      -1      0      1      0
1212      -1     -1      1     -1
1213       0     -1      0     -1
1214       0     -1      0      0
1215      -1     -1      0      0
1216      -1      0      1      0
1217      -1     -1      1      0
1218       1      0      0     -1
1219      -1     -1     -1     -1
1220       1      0      0      0
1221      -1     -1      0      0
1222       0      0     -1      0
1223      -1     -1     -1     -1
1224      -1      1      0     -1
1225      -1     -1      1     -1
1226       0      0      0     -1
1227      -1      0      0      0
1228       1      1      1      0
1229      -1      0      0      0
1230      -1      0      0      0
1231       0      0      1      0
1232       1      0      1      0
1233       1      0      0      0
1234      -1      0      0      0
1235      -1      0      0      0
1236       1      0      1      0
1237       1      0     -1      0
1238       0      0      0      0
1239       1      0      0      0
1240       0      0      0      0
1241      -1      0      1      0
1242       0      0      0      0
1243       0      0      0      0
1244       0      0      1      0
1245      -1      0      1      0
1246       0      0      1      0
1247       0      0      1      0
1248       0      0      0      1
1249       1     -1     -1      0
1250      -1      0     -1      0
1251       1      0      0      0
1252       0     -1     -1      0
1253      -1      0     -1      0
1254       0     -1      0      0
1255       0     -1     -1      0
1256      -1      0      0      0
1257       1     -1      1      0
1258      -1      0      0     -1
1259       0      0      1      0
1260       1     -1      0      0
1261       1      0      1      0
1262      -1      0      1      0
1263      -1      0      0      0
1264       0      0      0      0
1265       0      0      0      0
1266       1      0      0      0
1267      -1      0      1      0
1268       1      1      1      0
1269       0     -1      0      0
1270      -1     -1      1      0
1271       1      0      1     -1
1272       0      0      0     -1
1273       0      1      1      1
1274       1     -1      0      1
1275      -1     -1     -1      0
1276      -1      1      1      1
1277       0     -1      1      1
1278      -1     -1      1      1
1279       1     -1      1      0
1280       1      0      0      0
1281      -1     -1     -1      0
1282      -1      1      1      1
1283       1      1      1      0
1284       0      1      1      1
1285       1      0      0      0
1286      -1      1      0     -1
1287       1      0      1      0
1288       1     -1     -1      1
1289       1      1      1      1
1290       1      0     -1     -1
1291       1      1     -1      0
1292       1     -1      0      0
1293      -1      0      1      0
1294      -1      1      1      0
1295       0     -1      1      0
1296       1      0      0      0
1297       0      1      1      1
1298       0      0      0      0
1299       1      1      0      0
1300       0      0      0      0
1301       1     -1      1      0
1302       1      0     -1      0
1303       0      1      1      0
1304       1      1      1     -1
1305      -1     -1      0     -1
1306      -1     -1      0      0
1307       0      0      0      0
1308      -1      0      0      0
1309       1     -1      0      0
1310      -1     -1     -1     -1
1311      -1      0     -1      0
1312       0      0      1      0
1313       0      0     -1     -1
1314      -1      0     -1      0
1315       0     -1     -1     -1
1316       0      0      0      0
1317      -1     -1      0      0
1318      -1      0      0      0
1319       0      0      0      0
1320       0      0      0      0
1321       0      0      0      0
1322      -1     -1     -1     -1
1323      -1      1      1     -1
1324       0      1      0      0
1325       0      0      1      1
1326      -1      0      0      0
1327       0      0      0      0
1328       1      1      1      0
1329       1      1      0      0
1330      -1     -1      1     -1
1331       1      1      1     -1
1332       0      1      1      1
1333      -1      0      1      1
1334      -1     -1     -1      0
1335       0      0     -1     -1
1336       0      0      1      0
1337       0      0      1      0
1338       0     -1     -1     -1
1339      -1      0      0      0
1340      -1     -1      0     -1
1341       1     -1      1     -1
1342      -1     -1     -1      0
1343       1     -1     -1      0
1344       0     -1      1      0
1345       1      0      1     -1
1346      -1     -1     -1     -1
1347       0      0     -1     -1
1348       1      0      1      1
1349       0      1      0      1
1350       1      1      1      1
1351      -1      1      1      0
1352      -1      0      1      1
1353       0     -1      1      1
1354      -1      0      1      0
1355      -1     -1      0      0
1356       1      0     -1      0
1357       1      1      1      0
1358       0     -1     -1     -1
1359      -1      1     -1     -1
1360       1      1      1     -1
1361       0      1      1      0
1362      -1     -1      1      0
1363       0     -1      1     -1
1364      -1     -1     -1      0
1365       0      1     -1      0
1366      -1     -1     -1      0
1367      -1     -1      0      0
1368       1      0      1     -1
1369       0     -1     -1      0
1370      -1      0     -1     -1
1371       1     -1      1      1
1372       1     -1      1      1
1373       0      0      1      1
1374       1      0     -1      1
1375       0      1      1      0
1376       1      0      1      1
1377      -1     -1     -1     -1
1378      -1     -1      0      0
1379      -1     -1      1      0
1380       0      0      0      1
1381       1     -1      1     -1
1382      -1      1     -1      1
1383       1      1      1     -1
1384      -1      1      1      0
1385       1      1      1      0
1386       1      0     -1      1
1387      -1      0     -1      1
1388       0      1      1      1
1389      -1     -1      0     -1
1390      -1      0      0      1
1391       1      0      1      0
1392       0     -1     -1     -1
1393      -1      1      1      0
1394      -1     -1      1     -1
1395       1      0      0      0
1396      -1      0      0      1
1397       1      1      1     -1
1398       0      0      1      0
1399      -1     -1      1     -1
1400       0     -1      1      0
1401       1      1     -1      0
1402       1      1      0      0
1403       0     -1     -1      0
1404       1     -1     -1     -1
1405      -1      0     -1      1
1406       1      0     -1      0
1407       0      0      1     -1
1408      -1      0     -1      0
1409       1     -1      0     -1
1410       0     -1      1      1
1411       0      0     -1     -1
1412       0      0      1      1
1413      -1      0      1      0
1414       1     -1      1     -1
1415       0     -1      0      0
1416       1      0      0     -1
1417      -1      0      0     -1
1418      -1     -1      1      0
1419       0     -1     -1     -1
1420       0      1      1      1
1421      -1      0      0      0
1422      -1      0      0      0
1423      -1      0     -1     -1
1424       1      0      0      1
1425       1      1      0      1
1426       1      1      1     -1
1427       0      0      0      0
1428       1     -1     -1      0
1429      -1     -1     -1      0
1430      -1     -1      0      0
1431      -1      1      1      1
1432      -1     -1      1      1
1433      -1      1     -1      1
1434       1     -1      1      0
1435      -1     -1      1     -1
1436       0      1      0      1
1437      -1     -1      1      0
1438      -1     -1      1      0
1439       0      0      0      0
1440       0      0      0     -1
1441      -1      0      1      0
1442       1     -1      1     -1
1443      -1     -1     -1      0
1444       1      0      0      0
1445       0      0     -1      0
1446      -1     -1      0     -1
1447       0     -1      1      1
1448       1     -1      1      1
1449       1      0     -1      1
1450       0      0      0      0
1451       0      1      0     -1
1452      -1     -1      0      0
1453       0      0     -1     -1
1454      -1     -1     -1     -1
1455       0     -1     -1     -1
1456      -1      0     -1     -1
1457       1      0      1      1
1458      -1     -1     -1      0
1459      -1     -1     -1      0
1460      -1      1      0      0
1461       1     -1      0      0
1462       1     -1      1     -1
1463       0     -1      0      1
1464      -1      1      1      0
1465      -1     -1      1     -1
1466      -1      1     -1     -1
1467       1     -1      1      1
1468       0     -1     -1     -1
1469       1     -1     -1     -1
1470      -1     -1      1      1
1471       1      1      1      1
1472       1      1      1      1
1473       0      1      1      0
1474      -1     -1      0      0
1475       0     -1      1      0
1476       0     -1      0     -1
1477      -1     -1     -1      1
1478       1      1      1     -1
1479       1     -1      1     -1
1480       1     -1      0     -1
1481      -1     -1     -1     -1
1482       1      1      1      1
1483       1      0      1      0
1484      -1     -1     -1     -1
1485       0     -1     -1     -1
1486       1     -1     -1     -1
1487       0     -1      0     -1
1488       0      1     -1     -1
1489       0      1     -1      1
1490      -1     -1     -1     -1
1491      -1     -1     -1      0
1492      -1     -1      0      0
1493       0     -1      1      0
1494       1      0      1      0
1495      -1      0      0      0
1496      -1     -1      1     -1
1497       1      1      1      0
1498      -1      1      1     -1
1499      -1     -1      0      0
1500       1     -1      1     -1




2. Germany/Central Europe Climate Indices 1500-2006 A.D., 
   monthly resolved with 7 classes. 

   + /3 for very warm, cold anomalies. 
   + /-2 for warm, cold months
   + /-1 for months with temperature above or below average
   0 for "average" months or data not available

Column 1: Year AD 
Column 2: January Temperature index 
Column 3: February Temperature index 
Column 4: March Temperature index 
Column 5: April Temperature index 
Column 6: May Temperature index 
Column 7: June Temperature index 
Column 8: July Temperature index 
Column 9: August Temperature index 
Column 10: September Temperature index 
Column 11: October Temperature index 
Column 12: November Temperature index 
Column 13: December Temperature index 

Year     Jan    Feb    Mar    Apr    May    Jun    Jul    Aug    Sep    Oct    Nov    Dec
1500      -2     -1     -1      0     -1      1      1     -1      0      0     -3     -2
1501       1      1      0      0      1      0     -1     -2      0     -1     -1      0
1502      -2     -2     -1      0     -3      2      0      3      0      0      0      0
1503      -2     -2     -2      0      1      2      3      3      0      0      0      0
1504      -1     -1     -1      2      1      2      2      1      0      0      0      2
1505       2      0      0      0      0     -1     -1      0      1      1      0      0
1506       3      2      0      0      0      1      1      0      0      0      0      1
1507       1      2     -1      1      0     -1     -1      0      0      0      0     -1
1508      -1     -1     -2     -2      0      0     -1     -1      1      0      0     -1
1509      -1     -1      0      0      0      0      1      2      1     -1      0      0
1510       0      1     -2      0     -1      0     -1      0      0      0     -1     -1
1511      -1     -2     -1      0      0      0     -1     -1      0      0      0     -2
1512      -1     -2     -1      0      1      0      1      1     -1      0      1     -1
1513      -2     -2     -1     -1      0     -1      0     -1     -1     -3     -1     -2
1514      -2     -1     -1     -2      0     -2      0      1      0     -1     -1      0
1515       1      2     -2     -1     -1      0     -1     -1      1     -1      0      1
1516       1      0     -1      1      0      1      0      1      1      1     -2     -1
1517      -2     -2     -1      1      1      1      0      0     -1      1     -1      0
1518      -1      0      0      1      0     -2      1     -1      0     -1     -1      0
1519      -1      1      1      0     -1      2      0     -1      0     -1      0      0
1520       1      0     -1     -1     -1      1      1      0     -2      0      0      2
1521       1      3      0      0      0      0      0      0      1      1      0      0
1522      -2     -1      0      0     -1     -1      0      0      0      0      0      2
1523       0      1     -1      1      0      0      0      1      1      0      0      0
1524       2      1      0      0     -2     -1      0      0      0      0      0     -2
1525       0     -1     -1      0      0      0      1      0      1      1      1     -1
1526      -1     -2      0      0      0     -1      0     -1      0      0      0      0
1527       1      0      0      0      0      0     -1      0     -1     -1      0      0
1528       1      0      0     -1      0      0      0     -1      1      0      0      0
1529      -1     -1      0      0      0     -2     -1     -2     -1      0      0      1
1530       2      1      0     -1      0      0      0     -2      0     -1      0      0
1531       1      1     -3     -1     -2     -2      0     -1      2      2      0     -1
1532       0      2      0     -1      0      0      0      3      0      0      0     -2
1533       0      1      0      0      0      0      0     -1      0      0      0     -1
1534      -2     -1      0      2      1      2      2      3      0     -2      0      0
1535      -1      0     -1     -1     -2      1      2      2      0      0      0      0
1536      -1     -1      0      0      2      3      3      2      1      1      0     -1
1537       1      2     -1      0     -2     -2     -2      0      0      0      2      3
1538       1      0     -2     -2      0      1      0      1      0      0      0      2
1539       0      0      0      0     -1      0      0     -1     -1     -1     -1      0
1540       0      3      1      1      2      1      3      3      2      1      0      0
1541      -1     -2     -1      0      0      1     -1     -1      0      0     -1      0
1542       1      1     -2     -1     -2     -1     -2     -2      0      0      0     -1
1543      -2     -2     -1      0     -1     -1     -1     -1      0      1      0     -1
1544      -2     -1     -1     -1      0     -1     -1      0      0      0     -1      0
1545       1      2      1      0      0      0      2      2      1      1      0     -2
1546      -1     -2     -1      0     -2      0      0      0      0      0      0     -2
1547       0      0      0     -1      0      1      1      0      0      0      0      0
1548      -3      0      0      0      0      0      2      2      1      0      0      0
1549       0      0      0      0      0      0      2      0      0     -1      0     -2
1550      -1      0     -2      0     -1      0      0     -1      0     -1     -2     -1
1551       2     -2     -1      0     -1     -1      1      0      0     -1      0     -1
1552       2      1      0      0      0      0     -1     -1      0      1      1      0
1553       0     -1     -2     -1      0      0      0      0      1      1      1      0
1554      -2     -3      0      1      0     -1      0      2     -1      0      0      0
1555       0      0     -1      0      0     -1     -1      0      1     -1     -1      0
1556       2      0      0      0      0      2      1      2      0      0     -2     -3
1557      -1      0     -1      0      0      1      1      0      3      1      0     -1
1558       1      1      1      2      0      1      2      0      0      1      0     -1
1559      -1      0      0     -1      0      0      2      1      0      0      0      1
1560       0      0      0      0      0     -1     -1      0      0     -1     -2     -2
1561      -2     -1      0     -1      0      0      2      0      0      0      2      0
1562       1      1      0      0     -1      0      0      1      1      0      0     -1
1563      -1      1     -2     -1      0     -2     -2     -1      0     -1      1      1
1564      -2     -2      0      1     -1      2     -1      0      1      0     -2     -2
1565      -3     -2     -2      0     -1      0      2      2      0      0      0      1
1566       0      1      0      1      0      0      2      0      1      0      0      0
1567       2      0      0      0     -2      3      1      2      1      1     -1      2
1568      -1     -1      0      0      1      2      0     -1      0     -1     -2     -3
1569      -2     -2     -1      0     -2     -2     -2      0     -2     -1      0      0
1570       0      1      1     -1      0      1     -1     -1      0      0      0     -1
1571      -1     -1      0      2      0     -1     -1     -1      0      1     -1      0
1572      -1     -1     -1      0      0      0      0      0      0      0     -2     -2
1573      -2     -3     -1     -2      0      0     -1     -1     -1     -1      0     -1
1574       0      0      0      0      0      0     -1      0      0      0      1      0
1575       0      0      0     -1      0      1      2      1      0      0     -2     -2
1576       0      0      0     -1     -1     -2     -1      0     -1     -1      0      1
1577       2      0     -2      0      0      0      0      0      0      0      0      0
1578       0     -3      0     -2      0      1      0      1      0      0     -1      0
1579       0      1      1     -2      0     -1     -3     -1     -1     -2     -2      0
1580       0      1     -2      0      0      0      0      2     -1      0      0      0
1581       0      0     -1      1      0      0     -1      0      1     -1     -1     -2
1582       0      1      0      0      0      0     -1      0      0     -1      0      1
1583       0      0      0      1      1      0      1      0      0      0      0      0
1584       1      0     -2      0      0      1      0     -1      1      0      0      0
1585       1      1      0      0     -1     -1     -2     -1     -1      0      0     -1
1586      -2     -1     -1     -1      0      0      0      0      0      2     -3     -2
1587      -2     -2     -1     -1     -1     -1     -1      0     -1     -1      0      1
1588       0     -1     -2      0     -1      0      0     -1     -1     -1      0     -1
1589      -1     -2     -1     -1      0     -1      1      2      1      0      0     -1
1590      -2     -1     -1      0     -1      3      3      2      1      0      0     -1
1591      -1     -1      0      2      1      0     -1     -1      0     -1      0     -1
1592       2     -1     -1      1     -2     -2     -1      1      0     -1     -1     -1
1593      -1      0     -1     -1      0     -1      0     -1      0     -1     -1      0
1594       1      0     -1     -1     -3      0     -1     -1      0      0     -2     -2
1595      -2     -2     -1     -3      0     -2     -2     -1      1      1      1      1
1596       1      1      1      0      1     -2     -2     -1      1      1      1      3
1597       2      0     -2     -1      0      0      0     -2     -2     -1     -1     -2
1598       0      0      2     -2     -1     -2     -1      0      1     -1      0     -1
1599      -2     -2      1      2      0      1      1      2      1     -1     -1     -2
1600      -3     -2     -2     -2     -2      0      0     -3     -2     -1      0      0
1601       0     -2     -2     -1     -1     -1     -1     -3     -3     -1     -1     -1
1602       2      2      2     -1     -1      1      0      0      0      0      0     -1
1603       0      0      0      0     -1      1      1      0      0      0      1      2
1604       1     -1     -1      0      0      0      0      0     -1     -1     -2     -1
1605       1      1      0     -1      0      1      0     -1      1      0      1     -1
1606       0      0      1     -1      0      0     -3     -1     -2      0      0      2
1607       2      2      0     -1      0     -1     -2      1      2     -1      1     -2
1608      -3     -3     -2      1      0     -2     -1     -2     -1     -1      1      1
1609       2      2      1     -1     -1     -1     -1     -1      0      0      1      0
1610       1      1     -1     -1     -2      2      1      0      2      1      0      1
1611      -1     -1      0      1     -1      2      2      1     -2      0      0     -1
1612      -2     -1     -2      0      0      0      0      2      0      0      0      1
1613       2      0      0      1      0     -1      1      0      1      0     -2     -2
1614      -1     -1     -2     -1     -1     -1      0      0     -1     -1      0      0
1615      -1     -2     -1     -2     -2      1      2      0      0      0      2      0
1616      -2     -2      0      2      0      3      2      1      1      0      0      1
1617       2      2     -1      1      1     -2     -1     -1      0      1      0      0
1618       0      0      0      0     -1     -2      0      0     -1      0      1     -1
1619       1      0     -1      0     -1      0     -1      0      0     -1      0      0
1620      -1      0      0      0     -1      0      0      1      1      0      0     -2
1621      -2     -1      0      0      1     -1     -2     -1     -1     -1     -1     -1
1622      -2     -1     -2      0     -1      0      0      0      0      0      0     -1
1623       1      1      0      0     -2      0      1      1      0      0     -1     -1
1624      -2     -2     -2      2      2      1      2      2      2      0      0     -1
1625       3      2      0      0     -1      0      1     -1     -2     -1      0      0
1626       1      3      0      0     -1     -2     -1      0      2      0      0      1
1627      -2     -1     -1     -2     -2     -3     -2     -1     -2      0      0      1
1628       0      1      1     -1      0     -2     -2      0      0     -1      2      2
1629       1      1      0     -1      2      1      2      0      2      0      0      0
1630       2      1      0      0     -2      2      0      0      0      0      0     -1
1631      -1     -1      0     -1      0      2      2      0      2      1      0     -1
1632       0      0     -1      0     -1     -1      0      0      0     -1     -1      0
1633       2      1     -1      0     -1      0     -1     -1     -1      0      0     -2
1634       1      0      0     -1     -1      0      0      2     -1     -1      0     -2
1635      -3     -2     -2      0     -2      0     -1      0      0     -1      0      0
1636      -1      0     -1     -1      1      2      0     -1     -1     -2      1     -2
1637      -2     -1     -2      0      2      2     -1      1     -1      0     -2     -1
1638       0      2     -1      0      2     -1      2      1     -1     -2      0      0
1639      -1      0      0     -1     -1     -1      0     -1      0     -1      0     -1
1640      -1     -1     -1     -2     -1      1      0      0     -1     -2     -2     -1
1641      -2     -1     -2      0      1      0     -2      1     -1     -1      0     -1
1642       1      0      0     -1     -2      1      1      1     -1      0      0      0
1643       2      1     -2     -2     -1      2      0      0     -2     -1     -2      0
1644      -1      1      0     -1      1      1      2      0      2     -1      0      0
1645       0      1      1      1      0      1      1      0     -1     -1      0     -2
1646      -2     -1     -1      1      1      0      2      2     -1     -1      1      1
1647      -1     -1      0      0      1      0      0      0      1      0      1      0
1648       0      0     -2      1      1      0      0      1      1     -1      1     -2
1649      -1     -1     -1      1     -1      2      1      0     -1     -1     -1     -2
1650       0      2     -1      0      0      2      1      1      0     -1      0     -1
1651       1     -1     -1      0     -1      0      0      1     -2     -1      1      1
1652      -1      2      0     -1      1      0      1      2     -1      0      2      0
1653       0     -1     -1      0      2     -1      0     -1     -2      1      0      1
1654       1      0     -2      1      0      0     -1      0      2      0     -2     -2
1655      -1      0      0     -1      1     -1      0      1      0      1      0     -1
1656      -1     -1     -1      0     -1     -1      1      0      0     -1      0     -1
1657       1      2      0      1     -1     -1      0     -1     -1     -1     -2     -2
1658      -3     -3     -2     -2     -2     -1     -1      0     -1      0      1     -1
1659       1     -1     -1      0      0      0     -2      0     -1      1      0     -1
1660      -2     -2     -1      0      0     -2      0      2      2     -2     -1      0
1661       1      2      1      2     -1      0      2      0      0      0      2      2
1662       1      2      1      1     -2      0     -1     -1     -1      0      0     -2
1663      -2     -2     -1     -1     -1     -2     -1     -1      0     -1      0      1
1664       0      0      0     -1      0      1      1     -1     -1     -1     -2     -1
1665      -3     -2     -3      0      0      0      0     -1      0     -2      0      0
1666      -1      0     -2      2      2      2      2      0     -2      0      0      0
1667      -2      2      0     -1     -1      0      2     -1      0      0     -2      0
1668       1      2     -1     -1     -1     -1      0     -1     -2      2      2      2
1669      -1      1     -1      0     -1      2      2      1      1      1      0     -1
1670      -3     -2      0      0      0      0      0      0      0     -1     -2      0
1671       2      2      1      1      2      0      1      1      0      1     -1      0
1672      -2     -2      1     -1      0      0     -2     -1     -1      0      0      0
1673       2      2      0      0     -1     -2     -2      1     -1     -1      0      1
1674      -2     -2     -2      0      0     -1      0     -1      0      0     -1      1
1675       2      1     -1     -1     -1     -1     -1      0     -1     -1     -2      1
1676       2      2     -2     -2     -1      1      0     -1      0     -1     -2     -2
1677       0     -1      0     -1     -2     -1      0     -1     -1     -1     -1     -1
1678       2      1     -1      0      1      0      2      2      2      0     -1      0
1679      -2     -1     -2      0      0     -1      0      0     -1      0      0      0
1680       0      1      0      0      0      0      1      2      1      0      0     -2
1681      -2     -2     -1      1     -2      0      0      0      0      0      1     -2
1682       2      1      0     -1      0      0     -1     -1     -1     -1      1      1
1683       0      1     -1      0      0      1      0     -2      1     -2     -2     -1
1684      -3     -2     -2     -1      1      3      2      3      1      0     -2     -1
1685      -2     -1     -2      0     -1     -2     -2      0     -1      0      0      1
1686       2      1      0      0      3      1      0     -1      0     -1      0      0
1687       0      0     -1      0     -1      0      0      0      0      0      0      0
1688      -2     -1     -1     -1     -1     -1      0     -1     -1      0      0     -1
1689      -1      0     -2      0      0     -1      0      0     -1     -1     -2      0
1690       2      1     -1      0     -1     -1      0      0     -2      0      0      0
1691      -2     -2      0     -2     -2      0     -1      0     -1      0     -2     -1
1692      -3     -2     -1      0     -1     -1     -1      0     -1     -1      0     -2
1693       0      2     -1      0     -2      2     -1     -1     -1     -2      0     -2
1694      -2      1     -1     -1      1     -1     -1     -1     -1     -2     -2     -2
1695      -3     -3     -2     -1     -2     -1     -2     -1      0      0      0      0
1696       2      2     -2      0     -1     -1      0     -1     -1     -1      1     -1
1697      -3     -2      0     -1      0      0      0     -1     -1      0     -1     -1
1698      -2     -1     -1     -1      0     -1      0      0     -1      0     -1      0
1699       1      0      0     -1      0      0      0      1      2     -1      0      0
1700      -1      0     -1      1      2      1      0      0      0     -1      0      0
1701       0      0      0     -2      0      0      1      0      0     -1      0      0
1702       2      1      2     -1      0      0      0      0      0      0     -2      1
1703      -2      0     -1      0      0     -1      0     -1     -1      0      0      1
1704      -2      0     -1      0      0     -1      0      0      0      0      0      0
1705      -2     -1     -1      0     -2     -2      0      2      0      0     -1      1
1706      -1     -1     -1      0      0      2      0      1      1      0      2      1
1707       1      0      0      2      0      2      1      1      0     -1      0      2
1708       2      2      0      0      0      0     -1     -1      0     -2     -2     -3
1709      -3     -3     -1      1     -1      0      0     -1      0      0      0      0
1710       0      0      0     -1      0      0     -1      0      0      0      1      3
1711       2      0      0      0      3      3      2      0     -1     -1      0      0
1712      -1      0     -1     -1     -1     -1      0      0     -2      0      0      0
1713      -1      2     -1     -2     -2     -1     -2      0      1      0     -2      1
1714       0     -1     -1     -2     -1     -2      0     -1      0      0      0      0
1715      -1      2      1      2      0      1      0      0     -1      0      0     -2
1716      -3      0      0      0      0     -1      0     -1     -2     -1     -1      0
1717      -1      2      0      0     -1      0     -1     -1      0      0     -2      0
1718      -1     -1      0      0      0      0      0      2      0     -1      0      0
1719       0      0      0     -2      0      0      2      2      0     -1      0      0
1720       0      0     -1     -1      0     -2      0     -2      0     -1      0      0
1721       1     -1     -2      0     -1      0     -1      0      0     -1      0      1
1722       2      2      0     -1      0      0     -1     -1      0      0      0      1
1723       1      0      1      0      0      2      2      1      0      0      2      1
1724       3      2      0     -1      0      1     -1      2      1     -1      0      0
1725       0      2      0     -1     -1     -1     -2     -2     -2     -1     -2      1
1726      -2     -2     -2     -1      3      0      1     -2      0      0      0     -1
1727       1      0     -2     -1      2      0      1      2      2      1     -1      0
1728       1     -1      2      0      1      1      1      2      1      0     -2     -2
1729      -2     -2     -2     -1     -1      1      1      1      2      1      0      1
1730       1      2     -1      0     -1      0     -1     -1      0     -2      2     -1
1731      -1     -1     -2     -1     -1      1      1      1      0      2      1      0
1732       0      0      1      1      0     -2     -2      0     -1      1     -1     -1
1733      -2      0      0     -1     -1     -2      2      1     -1     -1      0      2
1734       1      2      0      2      2      1      2      1     -1      0     -2      0
1735       1      0      2      2     -2      1     -1      1      1     -2     -1      1
1736       2      0     -1      0     -1     -1      1      1      1      0      0      1
1737       2      1     -1     -2      1      0      2     -2     -1      0      0      0
1738       0      0      0      0     -2      1      1      1      1      0     -2      1
1739       0      1     -2     -1      0     -1      1     -1      0     -3     -3      0
1740      -3     -3     -2     -2     -2     -1     -1     -2      2     -2     -2      0
1741       0      2     -1     -1     -1     -1     -1     -1      0      1      1      0
1742       1      1     -1     -2     -2      0     -1     -2     -2     -1      0     -1
1743       0      2      0     -3      0      0      0      0      0     -1      2      1
1744      -2     -2     -1      1     -1      0      1     -1     -1     -1      1      1
1745      -2     -1     -2     -1      0      0      1      1      0      1      1     -1
1746       2      0     -2     -2      1      0      2      0      0     -1     -1      1
1747       1      3     -2      1     -1      1      1      1      1      1      1      1
1748       0     -1     -2     -2     -1      2      2      2      1      1      2      2
1749       2      0     -2     -2      0     -2      1      2      0      1      1      1
1750       0      1      2      0      0      0      1      0      1     -1     -1      0
1751       0     -1      1     -1      1      1     -1      1     -1     -1     -1      0
1752       0      0      0      0     -1      0      0      0      0      0      0      0
1753      -2      0      1     -1      0      1      0     -2      0      0     -1      1
1754       0      0     -2     -1      0      0     -1      0      0      0      1      0
1755      -2     -2     -1      2     -1      1      0     -1     -1     -1      0      1
1756       1      1      0     -1     -1      1      1     -1      1      0     -1     -1
1757      -1      0      0      1      0      0      2      0     -2     -3      1      0
1758      -1      0      0     -1      1      0     -2      0     -1     -1      0      0
1759       1      1      1      0      0      0      1      0      0      1     -2     -1
1760       0      0      0      1      0      0      0     -1      0      0      0      1
1761       0      1      1      0      1      1     -1      1      1     -2      0     -2
1762       1      0     -2      2      1      0      0     -1      0     -2     -1     -2
1763      -2      1     -1     -1     -1      0      0      1     -1     -1      0      1
1764       1      1     -1     -1      1      0      1     -1     -2     -1     -1      0
1765       1     -2      1      0     -1      0     -1      0     -1      1      0     -1
1766      -1     -1      0      1      1      0      0      0      0      0      0     -1
1767      -2      1      0     -1     -1     -1      0      0      0      0      2     -1
1768      -1      0     -1      0      0      0      0      0     -1      0      1      0
1769       0      0      0      0      0     -1      0     -1      0     -3      0      0
1770       0      0     -2     -2      0     -1     -1      0      1      0      0      1
1771       0     -1     -2     -3      2      0      0     -1      0      0     -1      1
1772       0      0      0     -1     -2      1      0      0      1      2      1      0
1773       1     -1      0      0      0      0     -1      0      1      1      0      1
1774       0      0      1      1      0      1      0      0     -1      0     -3     -1
1775       0      1      1     -1     -1      2      0      1      1      0     -1      0
1776      -3      1      1      0     -1      0      0      0     -1     -1     -1     -1
1777      -1     -1      0     -2      0     -1     -1      0     -1      0      1     -1
1778       0     -1      0      1      1      0      2      1     -1     -1      1      2
1779      -1      1      1      2      1     -1      0      1      2      2      1      1
1780      -1     -1      2     -1      1      0      0      1      0      1      0     -1
1781       0      0      1      1      1      2      1      2      2      0      0      0
1782       1     -2     -1     -1      0      1      1      0      1     -1     -2      0
1783       1      1     -1      1      1      1      2      1      1      1      0     -1
1784      -2     -2     -1     -2      1      1      0      0      1     -2      0     -1
1785       0     -1     -3     -2      0     -1     -1     -1      2      0      0      0
1786       0      0     -2      1     -1      1     -2     -1     -1     -2     -3      0
1787      -1      0      1     -1     -1      1     -1      0      0      1      0      1
1788       1      0      0      0      1      1      1     -1      1      0     -2     -3
1789      -1      1     -3      0      2     -1      0      0      0      0      0      1
1790       0      1      0     -1      1      1     -1      0     -1      0     -1      1
1791       1      0      0      1     -1      0      0      1     -1      0     -1      0
1792       0     -1      0      1     -1      0      0      1     -1     -1     -1      0
1793      -1      1      0     -1     -1     -1      1      1     -1      1      0      1
1794       0      1      2      2      0      1      2      0     -1      0      0     -1
1795      -3      0     -1      1     -1      1     -2      0      1      2     -1      1
1796       2      0     -2      0      1      0      0      1      2      0     -1     -1
1797       0      0     -1      1      1     -1      1      1      1      0      0      1
1798       0      1      0      1      1      1      0      1      1      0      0     -2
1799      -2     -1     -1     -1     -1     -1     -1      0      0      0      0     -2
1800       0     -1     -2      3      2     -2     -1      1      1     -1      1      0
1801       1      0      1      0      1     -1     -1      0      1      1      0      0
1802      -1      0      0      0     -1      0     -1      2      0      2      0      0
1803      -2     -2     -1      2     -2     -1      1      1     -2     -1      0      0
1804       1     -1     -2     -1      1      0      0     -1      1      0     -2     -2
1805      -1     -1     -1     -1     -2     -2     -2     -1      0     -3     -2      0
1806       1      1      0     -2      1     -1     -1      0      0     -1      1      2
1807       0      0     -2     -1      1     -1      1      3     -1      1      0      0
1808       0     -1     -3     -2      2     -1      1      1      0     -2     -1     -2
1809      -1      1     -1     -3      1     -1     -1      0      0     -1     -1      1
1810      -1     -1      0     -1     -1     -2     -1      0      2     -1      0      1
1811      -2      0      1      0      3      3      1      0      0      2      1      0
1812      -1      0     -1     -1      0      0     -2     -1     -1      1     -2     -3
1813      -1      1      0      1      0     -1     -1     -2     -1     -1     -1      0
1814      -1     -3     -2      1     -2     -2      0     -1     -2     -1      0      1
1815      -1      1      1      0      1      0     -2     -1     -1      0     -1     -1
1816       0     -1     -1      0     -1     -2     -2     -2     -1     -1     -2     -1
1817       1      1      0     -3     -1      1     -1     -1      1     -2      1      0
1818       1      0      0      1     -1      1      0     -1      0      0      1     -1
1819       1      1      1      1      1      1      1      1      1     -1     -1     -1
1820      -2      0     -1      1      1     -2     -1      1     -1      0     -2     -1
1821       0     -1      0      2     -1     -3     -2      0      1      0      2      1
1822       1      1      2      1      1      2      0      0      0      1      1     -1
1823      -3      0      0     -1      1     -1     -1      1      0      0      0      1
1824       1      1      0     -1      0     -1      0      0      1      0      1      2
1825       1      0     -1      1      0      0      0      0      1      0      1      1
1826      -2      0      0      0     -1      1      2      3      1      1      0      1
1827       0     -2      1      1      1      1      1     -1      0      1     -2      1
1828       0     -1      0      1      0      1      1     -1      0      0      0      1
1829      -2     -2     -1      0      0     -1      0     -2     -1     -1     -2     -3
1830      -3     -2      0      1      0      0      0      0     -1     -1      1      0
1831      -1      0      0      1      0     -1      0      0     -1      2      0      0
1832       0      0      0      0     -1     -1     -1      1     -1      0     -1      0
1833      -1      1     -1     -1      2      1     -1     -3     -1      0      0      2
1834       2      0      0     -1      2      1      2      2      2      0      0      0
1835       0      1      0     -1      0      0      1      0      0     -1     -2     -1
1836       0      0      2      0     -2      0      0     -1     -1      0      0      1
1837       0      0     -2     -2     -2      0     -1      1     -1      0      0      0
1838      -3     -2      0     -2      0      0     -1     -2      0     -1     -1      0
1839       0      0     -1     -2     -1      1      0     -1      0      1      1      0
1840       0      0     -2      1      0      0     -2     -1      0     -2      1     -3
1841       0     -2      1      1      2     -1     -2     -1      1      1      0      1
1842      -1     -1      0     -1      0      0     -1      2      0     -2     -2      0
1843       1      1     -1      0     -1     -2     -1      0      0      0      0      1
1844       0     -1     -1      1      0      0     -2     -2      0      0      1     -2
1845       0     -2     -3      0     -2      1      0     -2     -1      0      1      1
1846       1      1      1      0      0      1      1      2      1      1     -1     -1
1847      -1     -1     -1     -2      1     -2      0      1     -2     -1      0     -1
1848      -3      1      1      1      0      1     -1     -1     -1      0      0      0
1849       0      1     -1     -1      0      0     -1     -2     -1      0     -1     -1
1850      -2      1     -1      0     -1      0     -1     -1     -2     -2      1      0
1851       0      0      0      0     -2      0     -1      0     -2      1     -2      0
1852       1      0     -1     -2      0      0      1      0      0     -1      2      2
1853       1     -1     -3     -2     -1      0      0      0     -1      0     -1     -2
1854       0      0      0      0      0     -1      0     -1      0      0     -2      1
1855      -1     -2     -1     -1     -1      0     -1      0     -1      1     -1     -2
1856       0      1     -1      1     -1      0     -2      0     -1      1     -2      0
1857       0     -1      0      0      0      0      1      2      1      1     -1      1
1858      -1     -2     -1      0     -1      3     -1      0      1      0     -3      0
1859       0      1      1      0      0      1      2      2      0      1     -1     -1
1860       1     -1     -1     -1      0      0     -2     -1     -1     -1     -1     -1
1861      -2      1      1     -1     -2      1      0      1      0      1      0      0
1862       0      0      1      1      1     -1     -1     -1      0      1      0      0
1863       1      1      1      0      0      0     -1      1     -1      1      0      1
1864      -2     -1      1     -1     -2     -1     -1     -2     -1     -1     -1     -2
1865       0     -2     -2      2      2     -1      1     -1      1      0      1      0
1866       1      1      0      1     -2      2     -1     -2      1     -1      0      0
1867       0      2     -1      0     -1      0     -1      0      1     -1     -1     -1
1868       0      1      0      0      3      1      1      1      2      0     -1      2
1869       0      2     -1      2      0     -2      1     -1      1     -1      0      0
1870       0     -2     -1      0      0      0      1     -1     -1      0      1     -2
1871      -2      0      1      0     -2     -2      0      1      0     -2     -2     -2
1872       0      0      1      1      0      0      1     -1      1      1      2      1
1873       1      0      1     -1     -2      0      1      1     -1      1      1      0
1874       1      0      0      1     -2      0      2     -1      1      1     -1     -1
1875       1     -2     -1      0      1      1      0      1      0     -1     -1     -1
1876      -1      0      0      1     -3      0      0      1     -1      1     -2      1
1877       1      1     -1     -1     -2      2      0      1     -2     -1      1      0
1878       0      1      0      1      0      0     -1      0      1      1      0     -1
1879      -1      0     -1     -1     -2      0     -2      0      0      0     -2     -3
1880      -1      0      1      1     -1     -1      0      0      1     -1      0      2
1881      -1      0      0     -2      0     -1      1     -1     -1     -3      1      0
1882       0      1      2      0      0     -1     -1     -2      0      0      0      0
1883       0      1     -2     -1      0      0     -1     -1      0      0      0      0
1884       2      1      1     -1      0     -2      1      0      1      0     -1      1
1885      -1      1      0      1     -2      1      0     -2     -1     -1      0      0
1886       0     -1     -1      0      0     -1      0      0      2      1      1      0
1887      -1     -1     -1      0     -2      0      1     -1     -1     -2      0     -1
1888       0     -1     -1     -1      0      0     -2     -1      0     -2      0      0
1889      -1     -1     -2      0      2      2     -1     -1     -2      0      0     -1
1890       1     -1      1      0      1     -1     -1      0      0     -1      0     -3
1891      -1      0      0     -2      0     -1     -1     -1      0      1     -1      1
1892       0      0     -1      0      0     -1     -1      1      0     -1      0     -1
1893      -2      0      1      1      0      0      0      0     -1      1     -1      0
1894       0      1      1      2     -1     -1      0     -1     -2     -1      1      0
1895      -1     -3     -1      1      0      0      0      0      2     -1      1      0
1896       0      0      1     -1     -1      1      0     -2      0      0     -1      0
1897      -1      0      1      0     -1      1      0      0     -1     -1     -1      0
1898       1      0      0      0     -1     -1     -2      1      0      0      1      1
1899       1      1      0      0     -1     -1      0      0     -1     -1      2     -1
1900       1      0     -1     -1     -1      1      1      0      0      0      1      1
1901      -1     -2     -1      0      0      0      1      0      0      0     -1      0
1902       1     -1      0      0     -3      0     -1     -2     -1     -1     -1     -1
1903       1      2      1     -2      0      0     -1     -1      0      1      1      0
1904       0      0      0      1      0      0      1      0     -1      0      0      1
1905       0      0      1     -1      0      1      1      0      0     -3      0      0
1906       1      0      0      0      1     -1      0      0     -1      1      2     -1
1907       0     -1      0     -1      0     -1     -2     -1      0      2      0      0
1908      -1      0      0     -1      1      1      0     -2     -1      0     -1      0
1909       0     -1     -1      0     -1     -1     -2      0     -1      1     -1      1
1910       1      1      0      0      0      1     -1     -1     -1      1     -1      1
1911       0      0      1      0      1     -1      2      2      1      0      1      1
1912       0      1      2      0      0      0      1     -2     -3     -2     -1      1
1913       0      0      2      0      0     -1     -2     -2      0      1      2      1
1914      -1      1      1      2     -1     -1      0      1     -1      0      0      1
1915       0      0     -1      0      1      2     -1     -1     -1     -2     -1      1
1916       2      0      0      0      1     -3     -1     -1     -1      0      1      1
1917      -1     -2     -2     -2      2      3      0      0      1     -1      1     -1
1918       1      1      0      1      1     -2     -1     -1      0     -1      0      2
1919       1      0      0     -1      0     -1     -2     -1      1     -2     -2      0
1920       1      1      2      1      1     -1      0     -2      0     -1     -1      0
1921       2      0      2      0      1     -1      1      0      0      2     -2      0
1922       0     -1      0     -1      1      0     -1     -1     -2     -3     -1      1
1923       1      0      1     -1     -1     -3      1     -1      0      1     -1     -1
1924      -1     -1     -1     -1      1      0     -1     -2      0      1      0      0
1925       1      1     -1      0      1      0      1      0     -2      0     -1      0
1926       0      2      1      1     -1     -2      0      0      1     -1      2      0
1927       1      0      1      0     -1     -1      0      0      0      0     -1     -1
1928       1      1      0      0     -2     -1      1      0     -1      0      2      0
1929      -1     -3      0     -2      1     -1      0      0      2      1      1      1
1930       1      0      1      1      0      2     -1      0      0      0      2      0
1931       0     -1     -2     -1      2      0      0     -1     -3     -1      1      0
1932       1     -1     -1      0      0     -1      1      2      2      0      0      0
1933      -1      0      1      0     -1     -1      1      0      0      0     -1     -2
1934       1      0      1      2      1      1      1      0      2      1      0      2
1935       0      1      0      0     -1      1      0      0      0      0      1      0
1936       2      0      1     -1      0      0      0      0      0     -2      0      1
1937       0      1      0      0      2      1      0      0      0      1      0      0
1938       1      0      2     -1     -1      1      0      1      1      0      2     -1
1939       1      1     -1      1     -1      1      0      1      0     -1      1     -1
1940      -3     -2      0      0      0      1     -1     -2     -1     -1      1     -1
1941      -2      0      0     -1     -2      1      1     -1     -1      0     -1      1
1942      -3     -3     -1      0      0     -1     -1      1      2      2      0      1
1943       0      1      2      1      1     -1      0      1      0      1      0      0
1944       2      0     -1      1      0     -1      0      3      0      0      1      0
1945      -1      2      1      1      1      1      1      0      1      1      0      0
1946       0      1      0      2      1     -1      1      0      1     -1      0     -1
1947      -1     -3      0      1      2      2      1      2      3     -1      1      0
1948       2      0      2      2      1      0     -1      0      0      0      0      0
1949       1      1      0      2      0     -1      1      0      3      2      0      1
1950       0      1      1      0      1      2      1      1      0      0      1     -1
1951       1      1      0      0      0      0      0      1      1     -1      2      1
1952       1      0      0      2      0      0      1      1     -2     -1     -1      0
1953       0      0      1      1      1      1      0      0      0      2      1      1
1954      -1     -2      1     -1      0      1     -2     -1      0      1      0      1
1955       0     -1     -1      0     -1     -1      0      0      0      0      0      1
1956       1     -3      0     -1      0     -2      0     -2      1      0     -1      1
1957       1      2      2      0     -2      1      1     -1     -1      1      1      0
1958       0      1     -2     -1      1     -1      0      0      1      1      1      1
1959       0      0      2      1      0      1      2      1      1      0      0      1
1960       0      0      1      0      1      1     -1     -1      0      0      2      0
1961       0      2      2      2     -1      1     -1     -1      3      2      0      0
1962       1      0     -2      1     -2     -1     -2     -1     -1      1     -1     -2
1963      -2     -2      0      1      0      0      1      0      1      0      3     -1
1964       0      0     -1      1      1      1      1      0      0     -1      1      0
1965       1     -1      0      0     -1      0     -2     -1      0      0     -1      1
1966      -1      1      0      1      1      1     -1     -1      0      2     -1      1
1967       1      1      1     -1      0     -1      1      0      1      2      0      0
1968       0      0      1      1     -1      1     -1      0      0      1      0     -1
1969       1     -1     -1      0      1     -1      1      0      1      1      1     -2
1970      -1     -1     -1     -1     -1      2     -1      0      0      0      2      0
1971       0      1     -1      1      1     -1      1      1     -1      1      0      2
1972       0      1      1      0     -1     -1      1     -1     -2     -1      1      0
1973       0      0      1     -1      0      1      0      1      1     -1      0      0
1974       2      1      1      1     -1     -1     -1      1      0     -2      1      2
1975       2      1      0      0      0     -1      1      2      2     -1      0      0
1976       1      0     -1      0      1      2      2      0      0      1      1     -1
1977       1      1      2     -1      0      0      0     -1     -1      1      1      1
1978       1     -1      1     -1      0     -1     -1     -1     -1      1      1      0
1979      -1     -1      0     -1      0      1     -1     -1      0      0      0      2
1980      -1      1      0     -1     -1     -1     -2      0      1      0      0      0
1981       0      0      2      0      1      0      0      0      1      0      1     -1
1982       0      0      1      0      0      1      2      1      2      1      2      1
1983       2     -1      1      1     -1      1      3      1      0      1      0      0
1984       1      0      0      0     -1     -1     -1      0     -1      1      1      0
1985      -2     -1      0      0      1     -2      0      0      0      0     -2      2
1986       0     -3      0     -1      1      0      0      0     -2      1      2      1
1987      -2      0     -2      1     -2     -1      0     -1      1      1      1      1
1988       2      1      0      1      2      0      0      0      0      1      0      1
1989       1      1      2      0      1      0      1      0      1      2      0      1
1990       1      2      2      0      1      0      0      2     -1      1      1      0
1991       1     -1      2      0     -2     -2      2      1      2      0      0      0
1992       1      1      1      0      2      2      1      2      0     -1      1      1
1993       1     -1      0      2      2      0     -1     -1     -1      0     -2      1
1994       2      0      2      1      0      0      3      1      0      0      3      2
1995       1      2      0      1      0     -1      3      2      0      3      0     -1
1996      -1     -1     -1      1     -1      0     -1      1     -2      1      1     -1
1997       0      2      2     -1      0      0      0      3      1      0      0      1
1998       1      2      1      1      1      1      0      0      0      0     -1      0
1999       1      0      1      1      1      0      1      1      3      1      0      1
2000       1      2      1      2      2      1     -1      1      1      2      2      1
2001       1      1      1      0      2     -1      1      2     -1      3      0      0
2002       1      2      1      1      1      2      1      2      0      0      1      0
2003       0     -1      1      1      1      3      2      3      1     -2      2      1
2004       0      1      1      1      0      0      0      2      1      1      1      0
2005       1      0      0      1      0      1      1     -1      2      2      1      0
2006      -1      0     -1      0      1      1      3     -1      3      3      3      2
2007       2      2      2      3      1      2      0      0      0      0      0      1
2008       2      2      1      0      2      1      1      1     -1      1      1      0
2009       0      0      1      3      1     -1      1      2      1      0      3      0




3. Germany/Central Europe Temperature Anomalies 1005-2001 A.D., 
   11 year moving average 

Column 1: Year AD
Column 2: Temperature Anomaly, 11 year moving average temperature difference vs. reference period 1761-1970 [°C]
Column 3: lower error bound [°C] 
Column 4: upper error bound [°C]

Year        dT       lo       up
1005    -0.162   -0.521    0.197
1006    -0.206   -0.564    0.152
1007    -0.206   -0.572    0.161
1008    -0.206   -0.565    0.154
1009    -0.134    -0.48    0.211
1010     -0.08   -0.425    0.264
1011     -0.08   -0.437    0.276
1012     -0.08   -0.464    0.303
1013    -0.111   -0.502    0.279
1014    -0.165   -0.553    0.223
1015    -0.196   -0.562     0.17
1016    -0.196    -0.55    0.158
1017    -0.111   -0.469    0.246
1018     -0.05   -0.398    0.298
1019     -0.05   -0.409    0.309
1020    -0.067   -0.424    0.289
1021    -0.067   -0.409    0.275
1022    -0.067   -0.404     0.27
1023    -0.067    -0.41    0.275
1024     -0.09   -0.461     0.28
1025    -0.006   -0.398    0.387
1026     0.048   -0.344    0.441
1027     0.079   -0.314    0.472
1028    -0.015     -0.4    0.369
1029    -0.046   -0.428    0.335
1030    -0.046    -0.43    0.337
1031      -0.1   -0.457    0.256
1032      -0.1   -0.483    0.282
1033    -0.069   -0.471    0.332
1034    -0.039   -0.442    0.365
1035    -0.039   -0.423    0.346
1036    -0.069   -0.452    0.313
1037    -0.093   -0.446    0.261
1038    -0.154   -0.511    0.203
1039    -0.216   -0.562     0.13
1040    -0.247   -0.595    0.102
1041    -0.301   -0.629    0.028
1042    -0.301   -0.622     0.02
1043    -0.331    -0.66   -0.003
1044    -0.488   -0.828   -0.147
1045    -0.519   -0.851   -0.186
1046    -0.465    -0.81   -0.119
1047    -0.495   -0.824   -0.167
1048    -0.472   -0.825    -0.12
1049    -0.441   -0.807   -0.076
1050    -0.357   -0.736    0.023
1051    -0.272   -0.648    0.104
1052    -0.277   -0.634     0.08
1053    -0.223   -0.581    0.136
1054    -0.215   -0.532    0.102
1055    -0.174   -0.474    0.125
1056    -0.174   -0.494    0.146
1057    -0.174   -0.494    0.146
1058    -0.207   -0.529    0.114
1059     -0.23   -0.538    0.077
1060    -0.284   -0.615    0.046
1061     -0.23   -0.585    0.124
1062    -0.308   -0.678    0.063
1063     -0.28    -0.64    0.081
1064    -0.334   -0.708    0.041
1065    -0.298   -0.657    0.062
1066    -0.159     -0.5    0.182
1067    -0.213   -0.544    0.118
1068    -0.213   -0.542    0.116
1069    -0.203   -0.536     0.13
1070    -0.203   -0.543    0.138
1071    -0.257    -0.59    0.076
1072    -0.405   -0.761   -0.049
1073    -0.311   -0.677    0.056
1074    -0.334   -0.672    0.005
1075    -0.334   -0.666   -0.001
1076    -0.347    -0.69   -0.003
1077      -0.4   -0.745   -0.056
1078    -0.316   -0.676    0.044
1079    -0.316   -0.683    0.052
1080    -0.262   -0.631    0.108
1081    -0.136   -0.506    0.234
1082    -0.029   -0.414    0.356
1083      0.12   -0.262    0.502
1084     0.048   -0.338    0.435
1085     0.133   -0.286    0.553
1086     0.187   -0.222    0.596
1087     0.146   -0.265    0.557
1088     0.092   -0.341    0.526
1089     0.156   -0.269    0.582
1090     0.182   -0.238    0.603
1091     0.128   -0.272    0.529
1092     0.111   -0.276    0.498
1093     0.196   -0.169    0.561
1094     0.142   -0.214    0.497
1095     0.088   -0.261    0.436
1096     0.016   -0.335    0.367
1097     0.029   -0.313    0.372
1098      0.07   -0.258    0.398
1099     0.101   -0.235    0.437
1100    -0.048   -0.375    0.279
1101    -0.002   -0.351    0.346
1102     0.136   -0.201    0.474
1103    -0.012   -0.356    0.331
1104    -0.151   -0.472     0.17
1105    -0.205   -0.534    0.124
1106    -0.151   -0.488    0.186
1107    -0.133   -0.478    0.211
1108     -0.21   -0.547    0.127
1109    -0.251   -0.599    0.096
1110    -0.318   -0.632   -0.004
1111    -0.274   -0.582    0.034
1112    -0.251   -0.548    0.046
1113     -0.43   -0.711   -0.149
1114    -0.389   -0.674   -0.105
1115    -0.336   -0.627   -0.044
1116    -0.258   -0.552    0.035
1117    -0.272    -0.57    0.027
1118    -0.289   -0.593    0.015
1119    -0.351   -0.689   -0.013
1120    -0.436   -0.769   -0.102
1121    -0.471   -0.794   -0.149
1122    -0.502   -0.795   -0.209
1123    -0.758   -1.036   -0.481
1124     -0.65    -0.93   -0.371
1125    -0.619   -0.905   -0.334
1126    -0.589    -0.87   -0.307
1127    -0.666   -0.941   -0.391
1128    -0.622   -0.912   -0.331
1129     -0.55   -0.849   -0.251
1130    -0.412    -0.75   -0.073
1131    -0.255   -0.614    0.103
1132    -0.076   -0.416    0.263
1133    -0.036   -0.377    0.306
1134     0.126   -0.226    0.477
1135     0.059    -0.29    0.407
1136     0.146   -0.203    0.495
1137     0.061    -0.29    0.412
1138      0.03   -0.332    0.392
1139     0.022   -0.339    0.384
1140    -0.008   -0.362    0.345
1141    -0.052   -0.423    0.319
1142    -0.083   -0.456     0.29
1143     -0.19   -0.563    0.182
1144    -0.186   -0.538    0.166
1145    -0.311   -0.643    0.021
1146    -0.378   -0.676    -0.08
1147    -0.424   -0.734   -0.114
1148    -0.316   -0.645    0.013
1149    -0.231   -0.555    0.093
1150    -0.375   -0.727   -0.024
1151     -0.34   -0.673   -0.006
1152    -0.283    -0.64    0.075
1153    -0.198   -0.545    0.149
1154    -0.305    -0.67    0.059
1155    -0.405   -0.757   -0.053
1156    -0.279   -0.635    0.076
1157    -0.159   -0.485    0.168
1158    -0.297   -0.606    0.011
1159    -0.351    -0.68   -0.023
1160    -0.374   -0.696   -0.053
1161    -0.254   -0.593    0.085
1162    -0.389    -0.71   -0.068
1163    -0.398   -0.703   -0.092
1164    -0.428   -0.748   -0.109
1165    -0.146    -0.49    0.198
1166    -0.111   -0.447    0.226
1167    -0.016    -0.35    0.318
1168    -0.039   -0.375    0.297
1169     -0.08   -0.408    0.248
1170    -0.049   -0.366    0.268
1171    -0.049   -0.389    0.291
1172    -0.018   -0.373    0.337
1173    -0.039   -0.404    0.326
1174    -0.085   -0.445    0.276
1175    -0.139   -0.478    0.201
1176    -0.269     -0.6    0.062
1177    -0.228   -0.544    0.089
1178    -0.376   -0.726   -0.027
1179    -0.363   -0.704   -0.022
1180    -0.153   -0.485    0.179
1181    -0.058   -0.375    0.259
1182    -0.089   -0.424    0.247
1183    -0.089   -0.438    0.261
1184     0.063   -0.305    0.431
1185     0.176   -0.206    0.557
1186     0.176   -0.197    0.549
1187     0.252   -0.122    0.626
1188     0.234   -0.157    0.625
1189      0.36   -0.031     0.75
1190     0.352   -0.028    0.732
1191     0.349   -0.013    0.711
1192     0.287   -0.081    0.656
1193     0.385    0.021    0.749
1194     0.354   -0.015    0.724
1195     0.364    0.027    0.701
1196     0.253   -0.071    0.578
1197     0.253   -0.076    0.583
1198      0.24   -0.098    0.579
1199     0.217   -0.123    0.557
1200     0.046   -0.291    0.383
1201     0.189   -0.161    0.539
1202     0.125   -0.248    0.499
1203     0.133   -0.247    0.514
1204     0.004   -0.387    0.396
1205     -0.06   -0.432    0.313
1206    -0.123   -0.459    0.212
1207    -0.197   -0.537    0.143
1208    -0.274   -0.616    0.068
1209    -0.369   -0.705   -0.033
1210    -0.404   -0.739    -0.07
1211    -0.327    -0.65   -0.005
1212    -0.517   -0.833   -0.201
1213    -0.481   -0.792    -0.17
1214    -0.714   -1.013   -0.416
1215    -0.576   -0.884   -0.267
1216    -0.606   -0.906   -0.307
1217    -0.614   -0.904   -0.324
1218    -0.676   -0.963   -0.389
1219    -0.648   -0.962   -0.335
1220    -0.707   -1.013   -0.402
1221    -0.649   -0.948   -0.349
1222    -0.679   -0.962   -0.397
1223     -0.49   -0.795   -0.185
1224    -0.562   -0.866   -0.258
1225    -0.454   -0.782   -0.127
1226    -0.478   -0.787   -0.168
1227    -0.298   -0.646     0.05
1228    -0.213   -0.556    0.129
1229    -0.106   -0.465    0.253
1230    -0.111   -0.464    0.243
1231     0.074   -0.286    0.434
1232     0.133   -0.232    0.499
1233     0.187   -0.185     0.56
1234     0.116   -0.257    0.488
1235      0.17   -0.219    0.558
1236       0.2    -0.19    0.591
1237      0.17   -0.216    0.555
1238     0.085   -0.278    0.447
1239     0.062    -0.33    0.453
1240     0.092   -0.285     0.47
1241     0.177   -0.198    0.552
1242     0.123   -0.246    0.493
1243     0.136   -0.232    0.504
1244     0.119   -0.243     0.48
1245     -0.02   -0.356    0.315
1246     0.034   -0.305    0.373
1247    -0.015   -0.351    0.321
1248    -0.099   -0.454    0.255
1249     -0.14   -0.475    0.195
1250    -0.242   -0.557    0.072
1251    -0.273   -0.599    0.053
1252     -0.26   -0.583    0.063
1253    -0.381   -0.703   -0.058
1254    -0.386   -0.706   -0.066
1255    -0.355     -0.7   -0.011
1256    -0.186   -0.517    0.146
1257    -0.263   -0.591    0.065
1258    -0.245   -0.586    0.096
1259     -0.16   -0.502    0.181
1260     -0.12   -0.484    0.244
1261     0.006   -0.364    0.376
1262     0.037    -0.35    0.424
1263     0.118   -0.258    0.494
1264     0.167   -0.207    0.542
1265     0.073     -0.3    0.445
1266     0.108   -0.252    0.469
1267    -0.013   -0.375     0.35
1268     0.118   -0.257    0.493
1269     0.221   -0.129    0.571
1270     0.096   -0.242    0.434
1271     0.149   -0.173    0.472
1272     0.121   -0.195    0.437
1273     0.117   -0.195    0.428
1274     0.035   -0.273    0.344
1275      0.13   -0.182    0.442
1276     0.068   -0.242    0.378
1277     0.073   -0.237    0.384
1278     0.235   -0.087    0.557
1279     0.235   -0.089    0.558
1280     0.239   -0.089    0.568
1281     0.316   -0.015    0.646
1282     0.347    0.026    0.668
1283     0.339    0.003    0.676
1284     0.529    0.209    0.848
1285     0.472    0.149    0.794
1286     0.482    0.172    0.791
1287      0.62    0.305    0.935
1288     0.544     0.24    0.847
1289     0.436    0.145    0.726
1290     0.318    0.024    0.612
1291     0.318    0.021    0.616
1292     0.475    0.162    0.788
1293      0.39    0.084    0.696
1294     0.466     0.14    0.793
1295     0.305   -0.014    0.624
1296     0.362    0.043     0.68
1297     0.321    0.003    0.639
1298     0.379    0.053    0.706
1299     0.492     0.17    0.814
1300     0.344    0.035    0.653
1301     0.259   -0.062     0.58
1302     0.205   -0.115    0.526
1303     0.044   -0.277    0.364
1304     0.057   -0.252    0.366
1305    -0.199   -0.508    0.109
1306    -0.284   -0.593    0.025
1307    -0.297   -0.611    0.016
1308    -0.387   -0.712   -0.062
1309    -0.544   -0.888   -0.199
1310    -0.741   -1.088   -0.393
1311     -0.61   -0.983   -0.237
1312     -0.61   -0.997   -0.223
1313    -0.664    -1.03   -0.298
1314     -0.61   -0.947   -0.273
1315    -0.623   -0.964   -0.282
1316    -0.462   -0.827   -0.096
1317    -0.538   -0.897    -0.18
1318    -0.588   -0.924   -0.251
1319     -0.48   -0.825   -0.135
1320    -0.329   -0.666    0.009
1321    -0.275   -0.615    0.065
1322    -0.275   -0.618    0.068
1323    -0.055   -0.404    0.295
1324     0.094   -0.262     0.45
1325    -0.006   -0.341    0.329
1326     0.083   -0.255    0.422
1327     0.191   -0.138     0.52
1328     0.365    0.047    0.683
1329     0.258   -0.067    0.584
1330     0.151   -0.158     0.46
1331     0.115   -0.214    0.443
1332       0.2   -0.136    0.535
1333     0.092   -0.221    0.405
1334    -0.087   -0.426    0.251
1335    -0.313   -0.647    0.022
1336    -0.205    -0.52     0.11
1337     -0.42   -0.769    -0.07
1338    -0.545   -0.875   -0.215
1339    -0.568   -0.895    -0.24
1340    -0.394   -0.725   -0.062
1341    -0.488   -0.807    -0.17
1342    -0.586   -0.909   -0.263
1343    -0.496   -0.853   -0.139
1344    -0.312   -0.654    0.031
1345    -0.096   -0.431    0.238
1346     0.052   -0.282    0.386
1347     0.057   -0.275    0.389
1348     0.208   -0.126    0.543
1349     0.203   -0.117    0.523
1350     0.118   -0.216    0.452
1351     0.092   -0.261    0.446
1352     0.379    0.026    0.733
1353     0.339   -0.004    0.681
1354     0.138   -0.178    0.453
1355     0.151   -0.164    0.466
1356     0.061    -0.26    0.381
1357    -0.021   -0.349    0.308
1358    -0.079   -0.411    0.252
1359    -0.231   -0.551    0.089
1360    -0.198   -0.523    0.127
1361    -0.229   -0.568     0.11
1362    -0.347   -0.683    -0.01
1363    -0.423   -0.755   -0.091
1364    -0.387   -0.719   -0.056
1365    -0.428   -0.775   -0.081
1366    -0.437   -0.791   -0.084
1367    -0.429   -0.789   -0.069
1368    -0.298   -0.657     0.06
1369    -0.193   -0.542    0.155
1370     0.004   -0.345    0.352
1371     0.115   -0.235    0.464
1372     0.079   -0.251    0.408
1373     0.079   -0.238    0.395
1374    -0.034   -0.351    0.283
1375     0.073   -0.239    0.386
1376     0.202   -0.117    0.522
1377     0.114   -0.219    0.447
1378     0.124   -0.206    0.453
1379     0.074    -0.23    0.379
1380     0.141   -0.185    0.467
1381     0.128   -0.191    0.448
1382    -0.041   -0.362     0.28
1383     0.228   -0.107    0.563
1384     0.192   -0.152    0.536
1385     0.238   -0.097    0.572
1386     0.287   -0.053    0.627
1387     0.171   -0.171    0.513
1388     0.197   -0.135    0.528
1389     0.007   -0.326    0.341
1390     0.044   -0.289    0.376
1391      -0.1    -0.44     0.24
1392    -0.069   -0.421    0.282
1393      0.01   -0.353    0.374
1394    -0.197   -0.569    0.175
1395    -0.076   -0.451    0.298
1396     0.005   -0.356    0.367
1397     0.015   -0.367    0.398
1398     0.051   -0.317    0.419
1399     -0.02   -0.382    0.342
1400     0.031    -0.31    0.373
1401         0   -0.328    0.328
1402     0.013   -0.301    0.327
1403    -0.161   -0.469    0.147
1404    -0.215   -0.512    0.083
1405    -0.089   -0.387    0.209
1406    -0.146   -0.437    0.145
1407    -0.143   -0.427    0.142
1408    -0.261   -0.561     0.04
1409    -0.181     -0.5    0.139
1410    -0.168   -0.508    0.172
1411    -0.101   -0.455    0.253
1412    -0.214   -0.567    0.138
1413    -0.273   -0.627     0.08
1414    -0.296    -0.66    0.068
1415    -0.166   -0.513    0.182
1416    -0.246   -0.581     0.09
1417    -0.233   -0.585    0.119
1418     -0.42   -0.763   -0.078
1419    -0.307   -0.672    0.057
1420    -0.185    -0.55    0.181
1421    -0.054   -0.416    0.308
1422    -0.072   -0.435     0.29
1423         0   -0.331    0.331
1424    -0.062   -0.374    0.251
1425    -0.049   -0.373    0.275
1426    -0.103   -0.443    0.237
1427    -0.077   -0.441    0.288
1428    -0.031   -0.396    0.334
1429     0.134   -0.222     0.49
1430    -0.056   -0.397    0.286
1431     -0.11   -0.439     0.22
1432    -0.263   -0.601    0.075
1433    -0.327   -0.667    0.013
1434    -0.309   -0.654    0.035
1435     -0.22   -0.549    0.109
1436    -0.148   -0.467     0.17
1437    -0.194   -0.497     0.11
1438    -0.291   -0.604    0.021
1439    -0.229   -0.524    0.065
1440    -0.304   -0.597   -0.011
1441    -0.335   -0.639   -0.031
1442    -0.386    -0.67   -0.101
1443    -0.242   -0.515    0.031
1444    -0.119   -0.406    0.168
1445    -0.119   -0.407    0.169
1446    -0.078   -0.373    0.217
1447     -0.15    -0.44    0.141
1448    -0.225   -0.526    0.077
1449    -0.261   -0.565    0.044
1450    -0.422   -0.729   -0.115
1451    -0.512   -0.821   -0.203
1452    -0.261   -0.567    0.046
1453    -0.412   -0.724   -0.101
1454    -0.618   -0.959   -0.276
1455     -0.69    -1.02    -0.36
1456    -0.677   -1.013    -0.34
1457    -0.673   -0.999   -0.348
1458    -0.584   -0.885   -0.282
1459    -0.499   -0.822   -0.176
1460    -0.437   -0.774   -0.101
1461     -0.41   -0.745   -0.075
1462    -0.209   -0.548    0.129
1463    -0.437   -0.775     -0.1
1464    -0.366   -0.687   -0.044
1465    -0.268   -0.585    0.049
1466    -0.093   -0.376    0.189
1467     0.055   -0.243    0.353
1468     0.119   -0.178    0.415
1469     0.029   -0.285    0.342
1470     0.001   -0.327    0.329
1471     0.024   -0.287    0.336
1472     0.015   -0.317    0.346
1473     0.024   -0.308    0.357
1474      0.14   -0.181    0.461
1475     0.171   -0.177    0.518
1476     0.037   -0.308    0.382
1477     0.037   -0.309    0.383
1478     -0.04   -0.388    0.309
1479    -0.273   -0.613    0.068
1480    -0.286   -0.643    0.072
1481    -0.329    -0.67    0.012
1482    -0.329   -0.679     0.02
1483    -0.266   -0.621    0.089
1484    -0.309   -0.658    0.039
1485    -0.479   -0.834   -0.124
1486    -0.582   -0.925   -0.239
1487    -0.515   -0.852   -0.177
1488    -0.686   -1.027   -0.345
1489    -0.686    -1.02   -0.353
1490    -0.579   -0.906   -0.252
1491    -0.571   -0.922    -0.22
1492    -0.392   -0.734    -0.05
1493    -0.334   -0.674    0.007
1494    -0.402   -0.745   -0.059
1495     -0.44   -0.781     -0.1
1496    -0.251   -0.575    0.073
1497    -0.189   -0.508     0.13
1498    -0.158   -0.475    0.158
1499    -0.131   -0.463    0.201
1500    -0.157   -0.492    0.179
1501    -0.018   -0.344    0.309
1502     0.105   -0.218    0.428
1503     -0.11   -0.429    0.209
1504    -0.115   -0.422    0.193
1505    -0.157   -0.361    0.046
1506    -0.141   -0.339    0.057
1507    -0.192   -0.393    0.008
1508    -0.306   -0.502    -0.11
1509      -0.4   -0.604   -0.196
1510    -0.453   -0.657    -0.25
1511    -0.477   -0.682   -0.272
1512    -0.656   -0.854   -0.458
1513    -0.714   -0.904   -0.524
1514     -0.61     -0.8   -0.419
1515    -0.581   -0.765   -0.397
1516    -0.444   -0.635   -0.253
1517    -0.372   -0.563   -0.182
1518    -0.292   -0.485   -0.099
1519    -0.115   -0.301    0.071
1520    -0.011   -0.199    0.177
1521     -0.08   -0.271     0.11
1522    -0.101   -0.296    0.094
1523    -0.032   -0.227    0.162
1524    -0.056   -0.253    0.141
1525     -0.04   -0.232    0.152
1526    -0.097   -0.285    0.091
1527    -0.167   -0.356    0.022
1528    -0.136    -0.33    0.058
1529    -0.149   -0.348     0.05
1530    -0.162   -0.357    0.033
1531    -0.101     -0.3    0.098
1532     0.018   -0.186    0.222
1533     0.045    -0.16    0.249
1534    -0.007   -0.209    0.194
1535     0.232    0.028    0.435
1536     0.134    -0.07    0.339
1537     0.096   -0.104    0.297
1538    -0.039    -0.24    0.162
1539    -0.133   -0.329    0.063
1540    -0.069   -0.266    0.128
1541    -0.163   -0.355    0.029
1542    -0.209   -0.397    -0.02
1543    -0.275    -0.46   -0.089
1544    -0.318   -0.504   -0.132
1545    -0.379   -0.563   -0.195
1546    -0.595   -0.777   -0.414
1547     -0.46   -0.646   -0.273
1548    -0.407   -0.593   -0.222
1549     -0.36   -0.544   -0.176
1550    -0.299   -0.483   -0.115
1551    -0.371   -0.553   -0.189
1552    -0.254   -0.436   -0.072
1553    -0.174   -0.354    0.006
1554    -0.149   -0.326    0.029
1555    -0.202   -0.377   -0.026
1556    -0.122   -0.299    0.054
1557    -0.054    -0.23    0.122
1558    -0.171   -0.355    0.014
1559    -0.249   -0.434   -0.064
1560    -0.247   -0.433   -0.062
1561    -0.156   -0.341    0.029
1562    -0.061   -0.245    0.122
1563    -0.157   -0.338    0.025
1564    -0.401   -0.586   -0.215
1565    -0.418   -0.604   -0.232
1566    -0.379   -0.572   -0.185
1567    -0.451   -0.647   -0.255
1568    -0.642    -0.83   -0.454
1569    -0.579   -0.763   -0.395
1570    -0.505   -0.694   -0.317
1571    -0.479   -0.672   -0.285
1572    -0.519   -0.714   -0.325
1573    -0.686    -0.88   -0.492
1574    -0.673   -0.874   -0.472
1575    -0.516   -0.705   -0.328
1576    -0.564   -0.748    -0.38
1577    -0.511   -0.696   -0.327
1578    -0.385   -0.573   -0.196
1579    -0.217   -0.414    -0.02
1580     -0.25   -0.439   -0.061
1581    -0.339    -0.52   -0.159
1582    -0.412   -0.591   -0.232
1583    -0.514   -0.694   -0.334
1584    -0.516   -0.697   -0.335
1585    -0.454   -0.638    -0.27
1586    -0.497   -0.686   -0.308
1587    -0.498   -0.685   -0.311
1588    -0.588   -0.775   -0.402
1589    -0.719   -0.908    -0.53
1590     -0.83   -1.014   -0.646
1591    -0.708   -0.897   -0.519
1592    -0.672   -0.862   -0.481
1593      -0.6   -0.791   -0.409
1594    -0.554   -0.751   -0.357
1595    -0.688   -0.877     -0.5
1596    -0.847   -1.026   -0.668
1597    -0.738   -0.919   -0.556
1598    -0.635   -0.822   -0.449
1599    -0.623   -0.808   -0.438
1600    -0.495   -0.684   -0.306
1601      -0.4   -0.594   -0.205
1602    -0.464   -0.656   -0.272
1603     -0.53   -0.711    -0.35
1604    -0.437   -0.618   -0.256
1605    -0.335   -0.515   -0.154
1606    -0.159   -0.344    0.026
1607    -0.028   -0.216    0.159
1608    -0.091   -0.284    0.102
1609    -0.244   -0.435   -0.053
1610    -0.239   -0.435   -0.044
1611     -0.24   -0.442   -0.038
1612    -0.173   -0.369    0.024
1613    -0.238   -0.433   -0.043
1614    -0.112   -0.302    0.079
1615    -0.201   -0.393   -0.009
1616    -0.376   -0.569   -0.182
1617    -0.454   -0.647   -0.261
1618    -0.403   -0.599   -0.208
1619    -0.419   -0.615   -0.222
1620    -0.262   -0.461   -0.063
1621     -0.14   -0.337    0.057
1622    -0.319   -0.513   -0.125
1623    -0.344   -0.547    -0.14
1624     -0.22   -0.421    -0.02
1625    -0.166   -0.365    0.034
1626    -0.124   -0.323    0.074
1627    -0.057   -0.253    0.139
1628      0.02   -0.172    0.212
1629     -0.02   -0.216    0.176
1630    -0.156   -0.347    0.035
1631    -0.278   -0.468   -0.089
1632    -0.427   -0.625    -0.23
1633    -0.244   -0.442   -0.046
1634    -0.351   -0.552    -0.15
1635    -0.566   -0.764   -0.367
1636    -0.708   -0.897   -0.518
1637    -0.701   -0.888   -0.514
1638    -0.684   -0.876   -0.492
1639    -0.629   -0.821   -0.437
1640    -0.587   -0.774   -0.399
1641    -0.442   -0.627   -0.257
1642    -0.378   -0.564   -0.192
1643    -0.312   -0.495    -0.13
1644    -0.422   -0.605   -0.238
1645    -0.315   -0.499   -0.131
1646    -0.196   -0.392        0
1647    -0.037   -0.232    0.158
1648    -0.058   -0.249    0.134
1649    -0.066   -0.262     0.13
1650     -0.12   -0.321     0.08
1651    -0.209   -0.407   -0.011
1652    -0.239   -0.436   -0.042
1653    -0.431    -0.62   -0.241
1654    -0.452   -0.641   -0.264
1655    -0.467   -0.654   -0.279
1656    -0.352    -0.54   -0.163
1657    -0.341   -0.523    -0.16
1658    -0.518   -0.698   -0.337
1659    -0.556   -0.746   -0.367
1660    -0.665   -0.846   -0.485
1661    -0.625   -0.808   -0.443
1662    -0.579   -0.761   -0.397
1663     -0.49   -0.672   -0.308
1664    -0.274   -0.462   -0.085
1665    -0.347   -0.527   -0.167
1666    -0.127   -0.303    0.049
1667    -0.367   -0.542   -0.193
1668    -0.334   -0.511   -0.156
1669     -0.31   -0.494   -0.126
1670    -0.274   -0.461   -0.088
1671    -0.172   -0.363    0.018
1672    -0.292   -0.485   -0.099
1673     -0.17    -0.37    0.029
1674    -0.319   -0.515   -0.123
1675     -0.32   -0.516   -0.125
1676    -0.317   -0.513    -0.12
1677    -0.409   -0.607    -0.21
1678     -0.36   -0.555   -0.166
1679    -0.468   -0.653   -0.283
1680    -0.476   -0.666   -0.286
1681    -0.385    -0.57     -0.2
1682    -0.359   -0.542   -0.177
1683    -0.379   -0.567    -0.19
1684    -0.554   -0.735   -0.374
1685    -0.455   -0.641   -0.269
1686    -0.632   -0.816   -0.448
1687    -0.694   -0.876   -0.513
1688    -0.786   -0.967   -0.604
1689     -0.87   -1.054   -0.687
1690    -0.985    -1.17     -0.8
1691    -0.879   -1.065   -0.693
1692    -1.089   -1.275   -0.904
1693    -1.168   -1.357   -0.979
1694    -1.022   -1.206   -0.837
1695    -0.935   -1.124   -0.746
1696    -0.962   -1.151   -0.774
1697    -0.739   -0.926   -0.553
1698    -0.622   -0.806   -0.439
1699    -0.622   -0.801   -0.442
1700    -0.566   -0.748   -0.384
1701    -0.355   -0.542   -0.168
1702    -0.255   -0.441   -0.069
1703    -0.151   -0.336    0.034
1704    -0.172   -0.356    0.013
1705    -0.155   -0.344    0.034
1706    -0.065   -0.255    0.126
1707    -0.117   -0.307    0.072
1708    -0.239   -0.435   -0.043
1709    -0.267   -0.461   -0.072
1710    -0.193    -0.39    0.003
1711    -0.219   -0.413   -0.025
1712    -0.271    -0.46   -0.082
1713    -0.392   -0.574   -0.211
1714    -0.357   -0.543    -0.17
1715    -0.299   -0.489   -0.109
1716    -0.373   -0.566   -0.179
1717    -0.404   -0.597   -0.212
1718    -0.223   -0.412   -0.033
1719    -0.073   -0.264    0.117
1720    -0.047   -0.242    0.148
1721    -0.162   -0.354    0.031
1722    -0.017   -0.209    0.176
1723      0.04   -0.149    0.229
1724     0.019   -0.176    0.214
1725     0.014   -0.183    0.211
1726     0.052   -0.144    0.248
1727     0.052   -0.145     0.25
1728    -0.038   -0.235    0.159
1729     -0.05   -0.249     0.15
1730    -0.092   -0.292    0.108
1731      0.01   -0.183    0.203
1732     0.129   -0.068    0.326
1733     0.097   -0.097    0.292
1734    -0.013   -0.198    0.173
1735    -0.187   -0.368   -0.005
1736     -0.19   -0.368   -0.011
1737    -0.246   -0.429   -0.064
1738    -0.185   -0.371    0.002
1739    -0.222   -0.402   -0.042
1740    -0.386   -0.557   -0.215
1741    -0.421   -0.589   -0.253
1742    -0.357   -0.527   -0.186
1743    -0.333   -0.504   -0.162
1744    -0.309    -0.48   -0.139
1745    -0.186   -0.361   -0.011
1746     0.013    -0.17    0.195
1747     0.008   -0.172    0.188
1748     0.057   -0.127    0.241
1749    -0.005   -0.191    0.182
1750    -0.004   -0.194    0.186
1751     0.068    -0.12    0.257
1752     0.032   -0.161    0.224
1753     -0.13   -0.327    0.068
1754    -0.146   -0.348    0.056
1755     -0.16   -0.362    0.043
1756    -0.187   -0.395    0.022
1757    -0.208   -0.413   -0.003
1758    -0.261   -0.465   -0.056
1759    -0.206   -0.407   -0.005
1760    -0.194   -0.391    0.004
1761    -0.131   -0.328    0.067
1762    -0.189   -0.386    0.008
1763    -0.203   -0.403   -0.003
1764    -0.178   -0.378    0.021
1765    -0.222   -0.423   -0.021
1766    -0.429   -0.429   -0.429
1767      -0.4     -0.4     -0.4
1768    -0.315   -0.315   -0.315
1769    -0.279   -0.279   -0.279
1770    -0.235   -0.435   -0.035
1771    -0.276   -0.476   -0.076
1772    -0.316   -0.516   -0.116
1773    -0.211   -0.411   -0.011
1774    -0.048   -0.248    0.152
1775    -0.044   -0.244    0.156
1776     0.073   -0.127    0.273
1777     0.111   -0.089    0.311
1778     0.152   -0.048    0.352
1779     0.021   -0.179    0.221
1780    -0.075   -0.275    0.125
1781    -0.211   -0.411   -0.011
1782     -0.13    -0.33     0.07
1783    -0.113   -0.313    0.087
1784    -0.186   -0.386    0.014
1785    -0.279   -0.479   -0.079
1786    -0.222   -0.422   -0.022
1787    -0.315   -0.515   -0.115
1788    -0.269   -0.469   -0.069
1789     -0.28    -0.48    -0.08
1790    -0.196   -0.396    0.004
1791    -0.062   -0.262    0.138
1792       0.1     -0.1      0.3
1793     0.117   -0.083    0.317
1794         0     -0.2      0.2
1795     0.015   -0.185    0.215
1796     0.034   -0.166    0.234
1797     0.012   -0.188    0.212
1798    -0.074   -0.274    0.126
1799    -0.129   -0.329    0.071
1800    -0.382   -0.582   -0.182
1801    -0.322   -0.522   -0.122
1802    -0.325   -0.525   -0.125
1803    -0.489   -0.689   -0.289
1804     -0.57    -0.77    -0.37
1805     -0.46    -0.66    -0.26
1806    -0.373   -0.573   -0.173
1807    -0.531   -0.731   -0.331
1808      -0.6     -0.8     -0.4
1809    -0.635   -0.835   -0.435
1810    -0.635   -0.835   -0.435
1811    -0.587   -0.787   -0.387
1812    -0.641   -0.841   -0.441
1813    -0.645   -0.845   -0.445
1814    -0.508   -0.708   -0.308
1815    -0.537   -0.737   -0.337
1816    -0.467   -0.667   -0.267
1817    -0.422   -0.622   -0.222
1818    -0.345   -0.545   -0.145
1819    -0.219   -0.419   -0.019
1820    -0.047   -0.247    0.153
1821     0.044   -0.156    0.244
1822     0.185   -0.015    0.385
1823     0.211    0.011    0.411
1824    -0.005   -0.205    0.195
1825    -0.135   -0.335    0.065
1826    -0.037   -0.237    0.163
1827      -0.1     -0.3      0.1
1828    -0.223   -0.423   -0.023
1829    -0.054   -0.254    0.146
1830    -0.145   -0.345    0.055
1831    -0.194   -0.394    0.006
1832    -0.313   -0.513   -0.113
1833    -0.477   -0.677   -0.277
1834    -0.511   -0.711   -0.311
1835     -0.41    -0.61    -0.21
1836    -0.307   -0.507   -0.107
1837    -0.386   -0.586   -0.186
1838    -0.335   -0.535   -0.135
1839    -0.413   -0.613   -0.213
1840    -0.641   -0.841   -0.441
1841    -0.536   -0.736   -0.336
1842    -0.619   -0.819   -0.419
1843    -0.568   -0.768   -0.368
1844    -0.465   -0.665   -0.265
1845    -0.517   -0.717   -0.317
1846    -0.477   -0.677   -0.277
1847    -0.454   -0.654   -0.254
1848    -0.504   -0.704   -0.304
1849    -0.533   -0.733   -0.333
1850    -0.581   -0.781   -0.381
1851     -0.51    -0.71    -0.31
1852    -0.556   -0.756   -0.356
1853    -0.545   -0.745   -0.345
1854    -0.451   -0.651   -0.251
1855    -0.483   -0.683   -0.283
1856    -0.423   -0.623   -0.223
1857    -0.317   -0.517   -0.117
1858     -0.27    -0.47    -0.07
1859    -0.307   -0.507   -0.107
1860    -0.263   -0.463   -0.063
1861    -0.089   -0.289    0.111
1862    -0.076   -0.276    0.124
1863     0.004   -0.196    0.204
1864     0.093   -0.107    0.293
1865    -0.053   -0.253    0.147
1866    -0.105   -0.305    0.095
1867    -0.004   -0.204    0.196
1868    -0.001   -0.201    0.199
1869    -0.079   -0.279    0.121
1870     0.028   -0.172    0.228
1871     0.006   -0.194    0.206
1872    -0.022   -0.222    0.178
1873     0.018   -0.182    0.218
1874    -0.232   -0.432   -0.032
1875    -0.219   -0.419   -0.019
1876    -0.209   -0.409   -0.009
1877    -0.052   -0.252    0.148
1878    -0.175   -0.375    0.025
1879    -0.187   -0.387    0.013
1880     -0.23    -0.43    -0.03
1881    -0.216   -0.416   -0.016
1882    -0.309   -0.509   -0.109
1883    -0.438   -0.638   -0.238
1884    -0.516   -0.716   -0.316
1885    -0.443   -0.643   -0.243
1886    -0.524   -0.724   -0.324
1887    -0.502   -0.702   -0.302
1888    -0.543   -0.743   -0.343
1889    -0.512   -0.712   -0.312
1890     -0.61    -0.81    -0.41
1891    -0.612   -0.812   -0.412
1892    -0.591   -0.791   -0.391
1893    -0.446   -0.646   -0.246
1894     -0.32    -0.52    -0.12
1895    -0.235   -0.435   -0.035
1896    -0.206   -0.406   -0.006
1897    -0.225   -0.425   -0.025
1898    -0.141   -0.341    0.059
1899    -0.092   -0.292    0.108
1900    -0.105   -0.305    0.095
1901     -0.02    -0.22     0.18
1902    -0.008   -0.208    0.192
1903    -0.052   -0.252    0.148
1904    -0.169   -0.369    0.031
1905    -0.152   -0.352    0.048
1906    -0.088   -0.288    0.112
1907    -0.074   -0.274    0.126
1908     0.046   -0.154    0.246
1909     0.056   -0.144    0.256
1910      0.01    -0.19     0.21
1911      0.05    -0.15     0.25
1912    -0.025   -0.225    0.175
1913     0.034   -0.166    0.234
1914      0.01    -0.19     0.21
1915     0.129   -0.071    0.329
1916     0.184   -0.016    0.384
1917     0.008   -0.192    0.208
1918     0.017   -0.183    0.217
1919     -0.08    -0.28     0.12
1920    -0.103   -0.303    0.097
1921    -0.028   -0.228    0.172
1922    -0.061   -0.261    0.139
1923     0.025   -0.175    0.225
1924    -0.065   -0.265    0.135
1925     0.077   -0.123    0.277
1926    -0.013   -0.213    0.187
1927    -0.069   -0.269    0.131
1928     -0.01    -0.21     0.19
1929     0.146   -0.054    0.346
1930     0.231    0.031    0.431
1931     0.254    0.054    0.454
1932     0.259    0.059    0.459
1933     0.327    0.127    0.527
1934     0.331    0.131    0.531
1935     0.273    0.073    0.473
1936      0.14    -0.06     0.34
1937     0.118   -0.082    0.318
1938     0.175   -0.025    0.375
1939      0.23     0.03     0.43
1940     0.173   -0.027    0.373
1941     0.168   -0.032    0.368
1942     0.175   -0.025    0.375
1943     0.209    0.009    0.409
1944     0.253    0.053    0.453
1945     0.285    0.085    0.485
1946     0.475    0.275    0.675
1947     0.547    0.347    0.747
1948     0.712    0.512    0.912
1949     0.607    0.407    0.807
1950     0.549    0.349    0.749
1951     0.367    0.167    0.567
1952     0.404    0.204    0.604
1953     0.383    0.183    0.583
1954     0.396    0.196    0.596
1955     0.331    0.131    0.531
1956     0.362    0.162    0.562
1957     0.217    0.017    0.417
1958     0.143   -0.057    0.343
1959     0.068   -0.132    0.268
1960     0.048   -0.152    0.248
1961     0.131   -0.069    0.331
1962     0.317    0.117    0.517
1963     0.278    0.078    0.478
1964     0.241    0.041    0.441
1965     0.116   -0.084    0.316
1966     0.126   -0.074    0.326
1967     0.029   -0.171    0.229
1968     0.131   -0.069    0.331
1969     0.284    0.084    0.484
1970     0.356    0.156    0.556
1971      0.45     0.25     0.65
1972     0.465    0.265    0.665
1973      0.36     0.16     0.56
1974     0.316    0.116    0.516
1975       0.3      0.1      0.5
1976     0.344    0.144    0.544
1977     0.386    0.186    0.586
1978     0.494    0.294    0.694
1979     0.469    0.269    0.669
1980     0.345    0.145    0.545
1981     0.253    0.053    0.453
1982     0.157   -0.043    0.357
1983     0.198   -0.002    0.398
1984     0.362    0.162    0.562
1985     0.532    0.332    0.732
1986     0.613    0.413    0.813
1987     0.727    0.527    0.927
1988     0.669    0.469    0.869
1989     0.728    0.528    0.928
1990     0.812    0.612    1.012
1991     0.793    0.593    0.993
1992     0.888    0.688    1.088
1993     1.032    0.832    1.232
1994     1.067    0.867    1.267
1995     1.096    0.896    1.296
1996      1.05     0.85     1.25
1997     1.149    0.949    1.349
1998     1.149    0.949    1.349
1999     1.207    1.007    1.407
2000      1.14     0.94     1.34
2001     1.193    0.993    1.393

