    -0.990000     0.800000      1.66000      3.23000      3.01000      3.45000
     -999.990     -999.990     -999.990     -999.990     -999.990     -999.990
     -999.990     -999.990     -999.990     -999.990     -999.990     -999.990
     -999.990     -999.990     -999.990     -999.990     -999.990     -999.990
     -999.990     -999.990     -999.990     -999.990     -999.990     -999.990
     -999.990     -999.990     -999.990     -999.990     -999.990     -999.990
     -999.990     -999.990     -999.990     -999.990     -999.990     -999.990
     -999.990     -999.990     -999.990     -999.990     -999.990     -999.990
     -999.990     -999.990     -999.990     -999.990     -999.990     -999.990
     -999.990     -999.990     -999.990     -999.990     -999.990     -999.990
     -999.990     -999.990     -999.990     -999.990     -999.990     -999.990
     -999.990     -999.990     -999.990     -999.990     -999.990      7.94000
     -999.990     -999.990     -999.990     -999.990     -999.990     -999.990
     -999.990     -999.990     -999.990     -999.990     -999.990     -999.990
      9.62000      9.56000      9.24000      10.0600      9.20000      9.35000
      7.50000      6.68000      8.80000      8.85000      9.26000      8.14000
      8.45000      8.59000      9.32000      9.18000      10.1500      9.65000
      9.38000      10.0800      10.1400      10.2100      10.2000      10.1700
      10.1600      9.83000      9.95000      9.85000      9.90000      9.97000
      9.79000      10.2300      10.0000     -999.990     -999.990     -999.990
     -999.990     -999.990     -999.990     -999.990     -999.990     -999.990
     -999.990     -999.990     -999.990     -999.990
      3.94000      2.57000     -999.990     -999.990     -999.990     -999.990
     -999.990     -999.990     -999.990     -999.990     -999.990     -999.990
     -999.990     -999.990     -999.990     -999.990     -999.990     -999.990
     -999.990     -999.990     -999.990     -999.990     -999.990     -999.990
     -999.990     -999.990     -999.990     -999.990     -999.990     -999.990
     -999.990     -999.990     -999.990     -999.990     -999.990     -999.990
     -999.990     -999.990     -999.990     -999.990     -999.990     -999.990
     -999.990     -999.990     -999.990     -999.990     -999.990     -999.990
     -999.990     -999.990     -999.990     -999.990     -999.990     -999.990
     -999.990     -999.990     -999.990     -999.990     -999.990     -999.990
     -999.990     -999.990     -999.990     -999.990     -999.990     -999.990
     -999.990     -999.990     -999.990     -999.990     -999.990     -999.990
     -999.990     -999.990     -999.990     -999.990     -999.990     -999.990
     -999.990     -999.990      10.0800      9.74000      9.98000      9.99000
      9.86000      8.94000      9.75000      9.66000      9.25000      7.62000
      6.78000      7.12000      7.70000      8.68000      9.86000      9.07000
      8.85000      9.73000      10.0800      10.4200      10.4900      10.2900
      10.1500      10.6100      11.2400      11.2000      11.3300      11.0200
      10.7500      10.5400      10.0400      10.0700      9.80000      10.2400
      10.3400      10.4000      10.5300      10.7200      10.5200      10.7100
      10.7100      9.48000      9.41000     -999.990     -999.990     -999.990
     -999.990     -999.990     -999.990     -999.990
     -999.990     -999.990     -999.990     -999.990     -999.990     -999.990
     -999.990     -999.990     -999.990     -999.990     -999.990     -999.990
     -999.990     -999.990     -999.990     -999.990     -999.990     -999.990
     -999.990     -999.990     -999.990     -999.990     -999.990     -999.990
     -999.990     -999.990     -999.990     -999.990     -999.990     -999.990
     -999.990     -999.990     -999.990     -999.990     -999.990     -999.990
     -999.990     -999.990     -999.990     -999.990     -999.990     -999.990
     -999.990     -999.990     -999.990     -999.990     -999.990     -999.990
     -999.990     -999.990     -999.990     -999.990     -999.990     -999.990
     -999.990     -999.990     -999.990     -999.990     -999.990     -999.990
     -999.990     -999.990     -999.990     -999.990     -999.990     -999.990
     -999.990     -999.990     -999.990     -999.990     -999.990     -999.990
     -999.990     -999.990     -999.990     -999.990     -999.990     -999.990
      10.2100      9.25000      9.64000      9.31000      9.92000      10.3300
      9.44000      8.39000      7.58000      7.37000      6.96000      7.46000
      7.24000      8.29000      8.37000      8.66000      9.73000      9.65000
      10.3300      10.1800      10.4300      10.3200      10.6200      10.7100
      11.1700      11.1600      11.4500      11.8200      11.5800      11.2800
      11.0000      10.7600      10.3500      10.2600      10.3300      10.2000
      10.7400      10.6400      10.9100      10.6300      10.7300      10.6200
      10.7200      10.5800      10.3400      10.7400      11.1000      9.13000
      9.75000     -999.990     -999.990     -999.990
     -999.990     -999.990     -999.990     -999.990     -999.990     -999.990
     -999.990     -999.990     -999.990     -999.990     -999.990     -999.990
     -999.990     -999.990     -999.990     -999.990     -999.990     -999.990
     -999.990     -999.990     -999.990     -999.990     -999.990     -999.990
     -999.990     -999.990     -999.990     -999.990     -999.990     -999.990
     -999.990     -999.990     -999.990     -999.990     -999.990     -999.990
     -999.990     -999.990     -999.990     -999.990     -999.990     -999.990
     -999.990     -999.990     -999.990     -999.990     -999.990     -999.990
     -999.990     -999.990     -999.990     -999.990     -999.990     -999.990
     -999.990     -999.990     -999.990     -999.990     -999.990     -999.990
     -999.990     -999.990     -999.990     -999.990     -999.990     -999.990
     -999.990     -999.990     -999.990     -999.990     -999.990     -999.990
     -999.990     -999.990     -999.990      10.3200      9.93000      10.0400
      10.2200      8.98000      10.3500      10.6600      10.8300      9.78000
      9.25000      7.70000      6.40000      7.22000      7.88000      8.89000
      9.45000      9.39000      9.26000      9.74000      10.3400      10.2600
      11.2200      10.8800      11.0100      10.7500      11.0000      11.0300
      11.6200      11.5100      11.5400      11.3700      11.3000      11.0900
      10.1800      10.0400      10.5400      10.2000      10.2200      10.3900
      10.4700      11.0400      11.0800      10.7400      11.0100      11.0000
      11.0300      11.0200      10.5900      10.6100      10.6100      10.7700
      11.0600      11.3300      9.39000      9.78000
     -999.990     -999.990     -999.990     -999.990     -999.990     -999.990
     -999.990     -999.990     -999.990     -999.990     -999.990     -999.990
     -999.990     -999.990     -999.990     -999.990     -999.990     -999.990
     -999.990     -999.990     -999.990     -999.990     -999.990     -999.990
     -999.990     -999.990     -999.990     -999.990     -999.990     -999.990
     -999.990     -999.990     -999.990     -999.990     -999.990     -999.990
     -999.990     -999.990     -999.990     -999.990     -999.990     -999.990
     -999.990     -999.990     -999.990     -999.990     -999.990     -999.990
     -999.990     -999.990     -999.990     -999.990     -999.990     -999.990
     -999.990     -999.990     -999.990     -999.990     -999.990     -999.990
     -999.990     -999.990     -999.990     -999.990     -999.990     -999.990
     -999.990     -999.990     -999.990     -999.990     -999.990     -999.990
     -999.990     -999.990     -999.990      10.0500      10.1700     -999.990
     -999.990      10.5500      10.4900      10.1700      8.84000      7.64000
      8.02000      5.93000      7.25000      7.84000      9.50000      9.96000
      9.87000      10.1400      10.6400      11.1700      11.5800      11.7400
      11.6800      11.8700      12.7000      12.8000      12.8300      12.7200
      12.6100      12.5700      12.3200      12.3500      12.2100      12.0900
      11.5900      10.9200      10.5700      10.2600      10.5900      10.6100
      10.3200      10.7000      10.9200      9.84000      10.7400      10.1400
      11.2000      11.1300      11.0900      10.8600      11.0800      11.0800
      11.1400      10.9600      11.0900      11.1900
     -999.990     -999.990     -999.990     -999.990     -999.990     -999.990
     -999.990     -999.990     -999.990     -999.990     -999.990     -999.990
     -999.990     -999.990     -999.990     -999.990     -999.990     -999.990
     -999.990     -999.990     -999.990     -999.990     -999.990     -999.990
     -999.990     -999.990     -999.990     -999.990     -999.990     -999.990
     -999.990     -999.990     -999.990     -999.990     -999.990     -999.990
     -999.990     -999.990     -999.990     -999.990     -999.990     -999.990
     -999.990     -999.990     -999.990     -999.990     -999.990     -999.990
     -999.990     -999.990     -999.990     -999.990     -999.990     -999.990
     -999.990     -999.990     -999.990     -999.990     -999.990     -999.990
     -999.990     -999.990     -999.990     -999.990     -999.990     -999.990
     -999.990     -999.990     -999.990     -999.990     -999.990     -999.990
     -999.990     -999.990     -999.990     -999.990      10.8800      10.3900
      10.5900      10.8000      10.7600      9.93000      6.54000      7.24000
      6.15000      4.60000      8.75000      9.08000      10.2700      10.5700
      10.0700      10.2400      10.8500      11.4600      12.2300      12.4500
      12.4500      12.5200      13.0800      13.0800      13.1100      13.0400
      12.9000      12.7500      12.5400      12.5300      12.3600      12.3100
      11.9400      11.9100      10.9600      10.7900      10.6500      10.9800
      11.6100      11.0500      11.3000      11.7800      12.0000      11.7100
      11.5400      11.4400      11.6000      11.6900      11.7600      11.6500
      11.6800      11.4100      11.4300      11.4600
     -999.990     -999.990     -999.990     -999.990     -999.990     -999.990
     -999.990     -999.990     -999.990     -999.990     -999.990     -999.990
     -999.990      8.54000     -999.990     -999.990     -999.990     -999.990
     -999.990     -999.990     -999.990     -999.990     -999.990     -999.990
     -999.990     -999.990     -999.990     -999.990     -999.990     -999.990
     -999.990     -999.990     -999.990     -999.990     -999.990     -999.990
     -999.990     -999.990     -999.990     -999.990     -999.990     -999.990
     -999.990     -999.990     -999.990     -999.990     -999.990     -999.990
     -999.990     -999.990     -999.990     -999.990     -999.990     -999.990
     -999.990     -999.990     -999.990     -999.990     -999.990     -999.990
     -999.990     -999.990     -999.990     -999.990     -999.990     -999.990
     -999.990     -999.990     -999.990     -999.990     -999.990     -999.990
     -999.990     -999.990     -999.990     -999.990      10.8800      10.3600
      8.08000      8.21000      7.92000      7.96000      8.03000      7.70000
      8.27000      9.43000      9.59000      9.98000      10.5000      10.4100
      11.2700      10.7800      11.8200      11.8200      12.6200      12.7800
      13.3300      13.4200      13.3600      13.4300      13.4900      13.4900
      13.2800      13.1700      12.3900      12.3100      11.6300      11.5300
      11.3500      11.2700      11.7000      12.0600      11.6400      11.9400
      12.1600      12.3100      12.1800      12.3900      12.2700      12.0600
      11.9100      11.9700      12.1100      12.0000      11.9900      12.0600
      12.1200      12.0800      12.0400      12.1400
     -999.990     -999.990      6.41000      6.36000      7.55000      6.74000
      6.43000     -999.990     -999.990      8.25000     -999.990      7.89000
      7.70000      7.24000      7.81000      8.26000      8.56000      7.72000
      7.43000      7.40000      7.62000     -999.990     -999.990     -999.990
     -999.990     -999.990     -999.990     -999.990     -999.990     -999.990
     -999.990     -999.990     -999.990     -999.990     -999.990     -999.990
     -999.990     -999.990     -999.990     -999.990     -999.990     -999.990
     -999.990     -999.990     -999.990     -999.990     -999.990     -999.990
     -999.990     -999.990     -999.990     -999.990     -999.990      9.34000
      9.47000     -999.990     -999.990     -999.990     -999.990     -999.990
     -999.990     -999.990     -999.990     -999.990     -999.990     -999.990
     -999.990     -999.990     -999.990     -999.990     -999.990     -999.990
     -999.990     -999.990      11.3700      11.4200      10.7200      11.0100
      9.47000      9.11000      8.11000      7.83000      8.59000      9.40000
      9.81000      10.3600      10.1300      10.4500      10.5800      10.8600
      11.8700      11.4500      12.0300      12.5700      12.7700      12.8700
      13.1000      13.3300      13.3300      13.3300      13.5300      13.6000
      13.4200      13.4100      12.5700      12.3600      11.9900      11.9100
      11.8500      11.8700      12.1600      12.4100      12.3000      12.3600
      12.5300      12.5000      12.5000      12.4500      12.6100      12.8000
      12.3200      12.2700      12.2400      12.9100      12.7600      12.7000
      12.6300      12.6600      12.6900      12.9900
     -999.990      6.48000      7.63000      7.79000      8.01000      7.53000
      7.29000      7.93000      8.23000      7.50000      7.94000      7.42000
      6.45000      7.74000      7.78000      8.29000      7.24000      7.64000
      5.99000      6.38000      6.66000      7.54000      7.02000     -999.990
     -999.990     -999.990     -999.990     -999.990     -999.990     -999.990
     -999.990     -999.990     -999.990     -999.990     -999.990     -999.990
     -999.990     -999.990     -999.990     -999.990     -999.990     -999.990
     -999.990     -999.990     -999.990     -999.990     -999.990     -999.990
     -999.990     -999.990     -999.990     -999.990     -999.990      9.56000
      9.73000     -999.990     -999.990     -999.990     -999.990     -999.990
     -999.990     -999.990     -999.990     -999.990     -999.990     -999.990
     -999.990     -999.990     -999.990     -999.990     -999.990     -999.990
     -999.990      11.5800      11.0200      10.1200      10.2100      9.71000
      8.57000      8.62000      8.58000      8.84000      9.80000      10.0000
      10.5800      10.7700      11.0700      11.2000      11.4400      11.7300
      11.7000      12.1500      12.9200      13.4200      13.4200      13.2500
      13.1200      13.5800      13.4400      13.4300      13.5100      13.6400
      13.3600      13.1200      12.9400      12.6000      12.5300      12.2500
      12.2400      12.1600      12.8800      12.8100      13.0000      12.9100
      12.7800      12.7500      12.7900      12.7300      12.6800      12.7100
     -999.990     -999.990     -999.990     -999.990     -999.990     -999.990
     -999.990     -999.990     -999.990      12.4400
     -999.990      7.30000      7.03000      8.18000      8.40000      8.55000
      8.07000      7.87000      8.02000      7.99000      8.46000      8.20000
      7.21000      7.11000      7.14000      7.99000      6.39000      7.25000
      6.50000      6.88000      6.39000      5.84000      6.40000     -999.990
     -999.990     -999.990     -999.990     -999.990     -999.990     -999.990
     -999.990     -999.990     -999.990     -999.990     -999.990     -999.990
     -999.990     -999.990     -999.990     -999.990     -999.990     -999.990
     -999.990     -999.990     -999.990     -999.990     -999.990     -999.990
     -999.990     -999.990     -999.990     -999.990     -999.990     -999.990
     -999.990     -999.990     -999.990     -999.990     -999.990     -999.990
     -999.990     -999.990     -999.990     -999.990     -999.990     -999.990
     -999.990     -999.990     -999.990     -999.990     -999.990     -999.990
     -999.990      11.4900      11.3200      10.3500      10.0200      8.65000
      8.32000      10.0300      9.23000      9.53000      10.4400      10.6500
      10.6000      10.9300      11.7900      11.8800      11.8000      12.0400
      11.9500      12.2500      13.1400      13.6100     -999.990     -999.990
     -999.990     -999.990     -999.990      13.8500      13.8600      13.8500
      13.7700      13.3500      13.2100      13.0700      12.9300      12.6500
      12.8200      12.7700      13.1800      13.1300      13.2900      13.0200
      13.0900      12.9600      12.8200      12.8200      12.7200      13.3500
     -999.990      13.2000     -999.990      13.2100      13.1600      13.0500
     -999.990     -999.990     -999.990      12.8200
     -999.990     -999.990      6.80000      7.12000      9.37000      9.16000
      8.69000      8.06000      7.37000      6.44000      6.95000      7.82000
      7.03000      7.97000      6.06000      4.82000      4.41000      5.61000
      5.53000      6.08000      5.83000      6.78000      7.95000     -999.990
     -999.990     -999.990     -999.990     -999.990     -999.990     -999.990
     -999.990     -999.990     -999.990     -999.990     -999.990     -999.990
     -999.990     -999.990     -999.990     -999.990     -999.990     -999.990
     -999.990     -999.990     -999.990     -999.990     -999.990     -999.990
     -999.990     -999.990     -999.990     -999.990     -999.990     -999.990
     -999.990     -999.990     -999.990     -999.990     -999.990     -999.990
     -999.990     -999.990     -999.990     -999.990     -999.990     -999.990
     -999.990     -999.990     -999.990     -999.990     -999.990      12.1300
      11.9100      11.5500      10.4000      9.74000      10.2200      9.87000
      9.85000      9.55000      10.3500      11.0600      10.8400      11.1800
      11.0200      11.1100      11.6400      12.1000      12.3300      12.2500
      13.1600      12.9000      13.2300     -999.990     -999.990     -999.990
     -999.990     -999.990      13.9600      13.7000      13.8700      13.7900
      13.8100      13.9300      13.9900      13.9100      13.9500      13.9600
      13.9900      14.0700      13.4200      13.6700      13.6400      13.2800
      13.0700      12.9100      12.7500      12.5500      12.3500      12.4900
     -999.990      13.3500     -999.990      13.5600      13.5200      13.8000
      14.0900      14.2000      13.3000      13.6400
     -999.990     -999.990     -999.990     -999.990      9.26000      9.58000
      9.28000      8.26000      8.19000      8.97000      8.35000      8.27000
      8.28000      8.04000      5.93000      5.21000      3.57000      5.33000
      7.79000      8.39000      8.27000     -999.990     -999.990     -999.990
     -999.990     -999.990     -999.990     -999.990     -999.990     -999.990
     -999.990     -999.990     -999.990     -999.990     -999.990     -999.990
     -999.990     -999.990     -999.990     -999.990     -999.990     -999.990
     -999.990     -999.990     -999.990     -999.990     -999.990     -999.990
     -999.990     -999.990     -999.990     -999.990     -999.990     -999.990
     -999.990     -999.990     -999.990     -999.990     -999.990     -999.990
     -999.990     -999.990     -999.990     -999.990     -999.990     -999.990
     -999.990     -999.990     -999.990     -999.990      11.7900      11.1800
      11.4400      11.7200      10.3600      10.0600      10.2100      9.69000
      10.1000      10.3400      11.5100      12.0000      11.8600      11.6300
      11.6000      11.3100      11.8200      12.0500      12.3800      12.3200
      13.0900      12.9200      13.2600     -999.990     -999.990     -999.990
      13.8400      13.6300      13.6600      13.7900      13.9200      13.9000
      14.0800      14.2600      14.2200      14.1100      14.1900      14.1600
      14.1900      14.2800      13.8900      14.2000      13.9700      13.5000
      13.3400      13.1700      12.9900      12.8300      12.6800      12.6500
      13.0700      13.0800      13.6100     -999.990      13.6600      13.7800
      14.2700      14.1300      14.0200      14.2900
     -999.990     -999.990     -999.990     -999.990      9.57000      9.56000
      9.06000      9.53000      10.2200      10.1700      8.29000      7.07000
      8.79000      10.0100      10.3000      10.3200      7.18000     -999.990
     -999.990     -999.990     -999.990     -999.990     -999.990     -999.990
     -999.990     -999.990     -999.990     -999.990     -999.990     -999.990
     -999.990     -999.990     -999.990     -999.990     -999.990     -999.990
     -999.990     -999.990     -999.990     -999.990     -999.990     -999.990
     -999.990     -999.990     -999.990     -999.990     -999.990     -999.990
     -999.990     -999.990     -999.990     -999.990     -999.990     -999.990
     -999.990     -999.990     -999.990     -999.990     -999.990     -999.990
     -999.990     -999.990     -999.990     -999.990     -999.990     -999.990
      12.3200      12.1400      12.2600      11.8800      11.4200      11.8300
      12.0800      11.0100      9.35000      9.48000      9.63000      10.4400
      11.1800      11.8000      12.1000      12.1200      11.9400      11.8900
      12.6100      12.3300      12.4800      12.4300      12.7300      12.9100
      13.2600      13.8600     -999.990     -999.990      13.9300      13.7900
      13.7400      13.6900      13.7100      13.9300      14.0500      14.1700
      14.3100      14.5300      14.6600      14.6400      14.5600      14.4300
      14.1500      14.2500      13.7700      13.6000      13.8600      14.1000
      13.3900      13.4900      13.4900      13.4000      13.4100      13.2900
      13.3000      13.3400      13.2900      13.7300      14.3500      14.5800
      14.6700      14.6300      14.5900      14.5600
     -999.990     -999.990     -999.990     -999.990     -999.990     -999.990
     -999.990     -999.990     -999.990      10.5700     -999.990      8.71000
      9.87000      10.6000     -999.990     -999.990     -999.990     -999.990
     -999.990     -999.990     -999.990     -999.990     -999.990     -999.990
     -999.990     -999.990     -999.990     -999.990     -999.990     -999.990
     -999.990     -999.990     -999.990     -999.990     -999.990     -999.990
     -999.990     -999.990     -999.990     -999.990     -999.990     -999.990
     -999.990     -999.990     -999.990     -999.990     -999.990     -999.990
     -999.990     -999.990     -999.990     -999.990     -999.990     -999.990
     -999.990     -999.990     -999.990     -999.990     -999.990     -999.990
     -999.990     -999.990     -999.990     -999.990      12.6400      12.6100
      12.1100      11.6600      11.9100      12.0700      11.5900      11.6000
      11.1600      11.0400      9.06000      9.00000      9.18000      10.8900
      11.8400      12.0900      12.0000      11.8700      11.7900      11.9600
      12.5900      12.6400      12.7600      13.2100      13.7300      14.0700
     -999.990     -999.990      14.0500      13.7600      14.0300      13.8800
      13.8600      13.7900      13.7100      13.9600      14.1800      14.3300
      14.5100      14.7300      14.9000      15.0800      14.8900      14.6300
      14.2900      14.4500      14.0300      13.6600      13.9600      14.1000
      13.6700      13.4800      13.6600      13.7700      13.7500      13.6600
      13.7000      13.7100      13.7200      13.7600      14.0800      14.3100
      14.4400      14.7100      14.8200      14.8700
     -999.990     -999.990     -999.990     -999.990     -999.990     -999.990
     -999.990     -999.990     -999.990     -999.990     -999.990     -999.990
     -999.990     -999.990     -999.990     -999.990     -999.990     -999.990
     -999.990     -999.990     -999.990     -999.990     -999.990     -999.990
     -999.990     -999.990     -999.990     -999.990     -999.990     -999.990
     -999.990     -999.990     -999.990     -999.990     -999.990     -999.990
     -999.990     -999.990     -999.990     -999.990     -999.990     -999.990
     -999.990     -999.990     -999.990     -999.990     -999.990     -999.990
     -999.990     -999.990     -999.990     -999.990     -999.990     -999.990
     -999.990     -999.990     -999.990     -999.990     -999.990     -999.990
     -999.990     -999.990      12.4100      12.0300      11.2400      10.1900
      9.40000      7.60000      7.08000      8.43000      9.43000      9.34000
      9.51000      9.69000      8.69000      8.43000      9.15000      8.99000
      11.2900      11.9400      11.7200      11.7700      12.2200      12.1100
      12.3500      13.1900      13.6400      13.7300     -999.990     -999.990
     -999.990     -999.990      13.8500      14.0200      14.1400      14.1800
      14.1300      14.0200      13.9100      14.1200      14.3100      14.4600
      14.6100      14.8400      15.0000      15.2100      14.9000      14.6300
      14.4200      14.4900      14.4700      14.5500      14.5800      14.4200
      14.2000      13.9500      14.1600      14.0400      14.1200      14.1100
      14.2400      14.2900      14.3000      14.2700      14.4200      14.4900
      14.7000      14.6500      14.6300      14.7100
     -999.990     -999.990     -999.990     -999.990     -999.990     -999.990
     -999.990     -999.990     -999.990     -999.990     -999.990     -999.990
     -999.990     -999.990     -999.990     -999.990     -999.990     -999.990
     -999.990     -999.990     -999.990     -999.990     -999.990     -999.990
     -999.990     -999.990     -999.990     -999.990     -999.990     -999.990
     -999.990     -999.990     -999.990     -999.990     -999.990      9.17000
      9.26000      9.58000     -999.990     -999.990     -999.990     -999.990
     -999.990     -999.990     -999.990     -999.990     -999.990     -999.990
     -999.990     -999.990     -999.990     -999.990     -999.990     -999.990
     -999.990     -999.990     -999.990     -999.990     -999.990     -999.990
      12.0700      11.8200      11.6800      10.7000      10.1200      6.78000
      6.55000      6.98000      7.28000      7.33000      8.92000      9.90000
      9.41000      10.0400      9.47000      9.67000      9.65000      9.32000
      10.9500      11.4700      11.8300      11.7200      12.0700      11.9900
      12.9900      13.7100      13.6400     -999.990     -999.990     -999.990
     -999.990     -999.990      14.1100      14.2100      14.4100      14.5200
      14.5300      14.3900      14.4000      14.5200      14.6700      14.5600
      14.7100      14.8300      15.1700      15.2100      15.1600      14.9300
      14.8900      14.8200      14.7400      14.5800      14.7400      14.6600
      14.4700      14.4200      14.4000      14.3800      14.4600      14.5200
      14.6200      14.9000      14.6400      14.6200      14.7600      14.8300
      14.8500      14.7900      14.8000      14.9100
     -999.990     -999.990     -999.990     -999.990     -999.990     -999.990
     -999.990     -999.990     -999.990     -999.990     -999.990     -999.990
     -999.990     -999.990     -999.990     -999.990     -999.990     -999.990
     -999.990     -999.990     -999.990     -999.990     -999.990     -999.990
     -999.990     -999.990     -999.990     -999.990     -999.990     -999.990
     -999.990     -999.990     -999.990     -999.990     -999.990     -999.990
      9.99000     -999.990     -999.990     -999.990     -999.990     -999.990
     -999.990     -999.990     -999.990     -999.990     -999.990     -999.990
     -999.990     -999.990     -999.990     -999.990     -999.990     -999.990
     -999.990     -999.990     -999.990     -999.990     -999.990      12.2000
      12.0400      11.7500      10.6200      10.1800      10.0400      9.37000
      6.16000      7.39000      8.92000      9.27000      9.56000      9.78000
      10.4200      10.2100      10.8400      10.4700      11.7100      10.9800
      11.4500      11.4100      11.9600      12.0500      11.9000      12.2600
      13.6400     -999.990     -999.990     -999.990     -999.990     -999.990
     -999.990     -999.990      14.1900      14.4300      14.5700      14.4900
      14.4000      14.2500      14.3000      14.4600      14.5700      14.5900
      14.7300      14.8100      14.8300      15.0800      15.6300      15.5200
      15.4800      15.3100      14.9800      14.8000      14.9200      14.9200
      14.9400      14.6300      14.7100      14.5500      14.4000      15.0200
      15.0700      15.1500      14.9500      15.0300      15.0700      15.0700
      15.1200      15.2100      15.2800      15.3600
     -999.990     -999.990     -999.990     -999.990     -999.990     -999.990
     -999.990     -999.990     -999.990     -999.990     -999.990     -999.990
     -999.990     -999.990     -999.990     -999.990     -999.990     -999.990
     -999.990     -999.990     -999.990     -999.990     -999.990     -999.990
     -999.990     -999.990     -999.990     -999.990     -999.990     -999.990
     -999.990     -999.990     -999.990     -999.990     -999.990     -999.990
      10.1900     -999.990     -999.990     -999.990     -999.990     -999.990
     -999.990     -999.990     -999.990     -999.990     -999.990     -999.990
     -999.990     -999.990     -999.990     -999.990     -999.990     -999.990
     -999.990     -999.990     -999.990     -999.990     -999.990      12.2300
      12.3100      12.1000      10.4800      10.4700      10.9600      9.68000
      7.60000      8.18000      9.61000      9.96000      10.5100      10.5500
      10.8100      11.1700      10.7000      10.7000      11.9600      12.1000
      11.8800      12.2400      12.3000      12.0500      12.0100      12.8100
      13.7500     -999.990     -999.990     -999.990     -999.990     -999.990
     -999.990     -999.990      14.3000      14.6200      14.6800      14.6300
      14.4600      14.4600      14.5700      14.6200      14.6200      14.8000
      14.8800      15.0300      15.0400      15.2300      15.6500      15.5600
      15.5200      15.5900      15.5500      15.7700     -999.990      15.6600
      15.2900      15.1100      15.0400      14.7600      14.7400      15.0500
      15.0400      15.3900      15.3600      15.1700      15.2400      15.3500
      15.2900      15.3600      15.3600      15.3600
     -999.990     -999.990     -999.990     -999.990     -999.990     -999.990
     -999.990     -999.990     -999.990     -999.990     -999.990     -999.990
     -999.990     -999.990     -999.990     -999.990     -999.990     -999.990
     -999.990     -999.990     -999.990     -999.990     -999.990     -999.990
     -999.990     -999.990     -999.990     -999.990     -999.990     -999.990
     -999.990     -999.990     -999.990     -999.990     -999.990     -999.990
     -999.990     -999.990     -999.990     -999.990     -999.990     -999.990
     -999.990     -999.990     -999.990     -999.990      10.9600      10.8000
      11.0300     -999.990     -999.990      10.6600      10.8000     -999.990
     -999.990     -999.990     -999.990     -999.990     -999.990      12.7100
      12.9700      12.0400      11.2800      9.84000      10.0100      9.67000
      10.3900      11.0700      10.9000      11.5200      12.7200      12.7800
      13.5100      13.1600      12.8800      12.7200      13.1800      13.3200
      12.5700      12.9800      12.8000      12.5900      12.8100      13.2200
      13.8900      13.8300     -999.990     -999.990     -999.990     -999.990
     -999.990     -999.990      14.3700      14.7200      14.9100      14.8600
      14.7600      14.6800      14.6600      14.8600      15.0400      15.0200
      15.2300      15.4100      15.4600      15.5400      15.6400      15.6700
      15.7400      15.8400      15.6100      15.8700     -999.990     -999.990
     -999.990      15.7400      15.3600      15.2500      15.0700      14.9500
      15.1700      15.3800      14.8600      15.3400      15.4200      15.5000
      15.4700      15.4500      15.4500      15.3600
     -999.990     -999.990     -999.990     -999.990     -999.990     -999.990
     -999.990     -999.990     -999.990      11.8200      11.9200     -999.990
     -999.990     -999.990     -999.990     -999.990     -999.990     -999.990
     -999.990     -999.990     -999.990     -999.990     -999.990     -999.990
     -999.990     -999.990     -999.990     -999.990     -999.990     -999.990
     -999.990     -999.990     -999.990     -999.990     -999.990     -999.990
     -999.990     -999.990     -999.990     -999.990     -999.990     -999.990
     -999.990     -999.990     -999.990     -999.990      11.1600      11.1300
     -999.990     -999.990     -999.990     -999.990     -999.990     -999.990
     -999.990     -999.990     -999.990     -999.990     -999.990     -999.990
      13.1600      12.3800      11.4400      10.4800      9.88000      11.9000
      11.2000      10.9600      11.4600      11.6600      13.4900      12.8000
      13.8700      13.3500      13.1400      13.2300      13.3000      13.3400
      12.7500      13.0400      12.7700      13.0400      12.7700      13.3000
      14.1400      14.6100      14.5800      14.0200     -999.990      14.2000
      14.3200      14.4700      14.5200      14.5400      14.9000      14.8700
      14.7800      14.6800      14.5400      14.9800      15.2200      15.2000
      15.3800      15.4300     -999.990     -999.990     -999.990      15.7200
      15.9300      16.0600      15.8000      15.8700      15.9600      15.7500
      15.9100      15.5800      15.5400      15.4300      15.1500      15.0900
      15.0300      15.0300      15.0100      15.4400      15.5900      15.6700
      15.7500      15.6000      15.7000      15.6000
     -999.990     -999.990     -999.990     -999.990     -999.990     -999.990
     -999.990     -999.990     -999.990      11.9800      12.0000     -999.990
     -999.990     -999.990     -999.990     -999.990     -999.990     -999.990
     -999.990     -999.990     -999.990     -999.990     -999.990     -999.990
     -999.990     -999.990     -999.990     -999.990     -999.990     -999.990
     -999.990     -999.990     -999.990     -999.990     -999.990     -999.990
     -999.990     -999.990     -999.990     -999.990     -999.990     -999.990
     -999.990     -999.990     -999.990     -999.990     -999.990      11.3500
     -999.990     -999.990     -999.990     -999.990     -999.990     -999.990
     -999.990     -999.990     -999.990     -999.990     -999.990     -999.990
      13.0300      12.9800      10.5500      9.56000      9.52000      8.51000
      9.30000      9.16000      11.7900      12.5300      14.2900      14.6300
      14.4600      13.9400      13.9600      13.8800      14.1700      14.0000
      13.6800      13.5000      13.5100      13.6200      13.8500      14.2200
      14.7200      15.1300      14.9600      14.5000      14.3100     -999.990
     -999.990     -999.990     -999.990     -999.990      14.7400      14.8900
      14.9900      15.0500      15.2200     -999.990     -999.990      15.2800
      15.3600      15.5800     -999.990     -999.990      15.8300      15.7400
      15.6900      15.8900      16.1900      16.0700      15.9600      15.8900
      15.7900      15.6700      15.7200      15.6200      15.2100      15.1200
      15.3300      15.4400      15.4800      15.5200      15.3800      15.4300
      15.5200      15.5300      15.5700      15.6100
     -999.990     -999.990     -999.990     -999.990     -999.990     -999.990
     -999.990     -999.990     -999.990     -999.990     -999.990     -999.990
     -999.990     -999.990     -999.990     -999.990     -999.990     -999.990
     -999.990     -999.990     -999.990     -999.990     -999.990     -999.990
     -999.990     -999.990     -999.990     -999.990     -999.990     -999.990
     -999.990     -999.990     -999.990     -999.990     -999.990     -999.990
     -999.990     -999.990     -999.990     -999.990     -999.990     -999.990
     -999.990      11.6900      11.8500     -999.990     -999.990     -999.990
     -999.990     -999.990     -999.990     -999.990     -999.990     -999.990
     -999.990     -999.990     -999.990     -999.990     -999.990     -999.990
      13.0400      13.3000      12.5300      10.4200      10.4200      10.8900
      10.4800      11.1500      13.4800      13.7600      14.9500      15.1300
      14.9300      14.4000      14.1900      14.3700      14.6600      14.6900
      14.4200      14.2300      14.3300      14.3900      14.4600      14.6900
      14.9700      15.1400      15.0600      14.3000      14.3500      14.4600
     -999.990     -999.990     -999.990     -999.990     -999.990      15.0100
      15.1600      15.1100      15.2200      15.2300      15.2400      15.1900
      15.1100      15.0800      15.3700      15.4500      15.4500      15.6200
      15.7300      15.8400      16.0500      16.0900      16.0300      16.0500
      15.8700      15.7500      15.6800      15.5100      15.2800      15.3900
      15.6500      15.6900      15.7000      15.7000      15.6900      15.7100
      15.7700      15.6600      15.5400      15.6400
     -999.990     -999.990     -999.990     -999.990     -999.990     -999.990
     -999.990     -999.990     -999.990     -999.990     -999.990     -999.990
     -999.990     -999.990     -999.990     -999.990     -999.990     -999.990
     -999.990     -999.990     -999.990     -999.990     -999.990     -999.990
     -999.990     -999.990     -999.990     -999.990     -999.990     -999.990
     -999.990     -999.990     -999.990     -999.990     -999.990     -999.990
     -999.990     -999.990     -999.990      11.7900      11.7100      12.0000
      11.8900      11.8800      12.1100     -999.990     -999.990     -999.990
     -999.990     -999.990     -999.990     -999.990     -999.990     -999.990
     -999.990     -999.990     -999.990     -999.990     -999.990     -999.990
     -999.990      13.5100      11.8400      11.4500      11.7000      12.4000
      12.8200      12.9300      14.6200      15.0400     -999.990      15.4000
      15.1400      14.5300      14.4700      14.9900      14.8800      14.7100
      14.4500      14.5400      14.5300      14.8700      15.0700      15.0400
      15.1400      14.3400      14.4200     -999.990     -999.990     -999.990
     -999.990     -999.990     -999.990     -999.990      15.1100      14.8600
      15.2000      15.2300      15.4000      15.5000      15.4500      15.4000
      15.3500      15.2600      15.8100      15.4900      15.5200      15.7300
      15.9400      15.9900      16.0900      16.1300      16.1000      16.1600
      16.0500      15.6800      15.6500      15.6100      15.7200      15.8300
      15.6700      15.8400      15.8900      15.8100      15.9300      15.9600
      16.0900      15.9800      15.9900      16.0600
     -999.990     -999.990     -999.990     -999.990     -999.990     -999.990
     -999.990     -999.990     -999.990     -999.990     -999.990     -999.990
     -999.990     -999.990     -999.990     -999.990     -999.990     -999.990
     -999.990     -999.990     -999.990     -999.990     -999.990     -999.990
     -999.990     -999.990     -999.990     -999.990     -999.990     -999.990
     -999.990     -999.990     -999.990     -999.990     -999.990      11.8100
      11.7800      12.0200     -999.990      12.1300      10.9500      11.5700
      11.5200      12.0400     -999.990     -999.990     -999.990     -999.990
     -999.990     -999.990     -999.990     -999.990     -999.990     -999.990
     -999.990     -999.990     -999.990     -999.990     -999.990     -999.990
     -999.990      13.7100      12.9800      13.5100      12.9800      13.5700
      14.1500      14.8700     -999.990     -999.990     -999.990     -999.990
      15.4400      15.2300      14.9800      14.8500      14.6100      14.2300
      14.6300      14.6200      14.8200      14.9800      15.2500      15.3400
     -999.990     -999.990     -999.990     -999.990      14.9300     -999.990
     -999.990     -999.990     -999.990      15.3100      14.8800      14.9900
      15.4200      15.4400      15.6600      15.6800      15.5600      15.4400
      15.3900      15.3400      15.6200      15.7700      15.7300      15.7400
      15.9500      16.0600      16.2400      16.2400      16.3000      16.2300
      16.1200      15.7800      15.7500      15.7800      15.9800      15.9400
      15.6900      16.0600      16.1400      15.9300      15.9200      16.3100
      16.3800      16.4100      16.3700      16.4200
     -999.990     -999.990     -999.990     -999.990     -999.990     -999.990
     -999.990     -999.990     -999.990     -999.990     -999.990     -999.990
     -999.990     -999.990     -999.990     -999.990     -999.990     -999.990
     -999.990     -999.990     -999.990     -999.990     -999.990     -999.990
     -999.990     -999.990     -999.990     -999.990     -999.990     -999.990
     -999.990     -999.990     -999.990     -999.990     -999.990      12.1800
      11.9600      12.0000      12.6000      11.2200      10.8700      12.1200
      12.3400      12.6300      12.6000      12.2000      12.4700     -999.990
     -999.990     -999.990     -999.990     -999.990     -999.990     -999.990
     -999.990     -999.990     -999.990     -999.990     -999.990     -999.990
     -999.990     -999.990     -999.990     -999.990     -999.990     -999.990
     -999.990     -999.990     -999.990      15.3800      15.5400      15.6700
     -999.990      15.3800      15.0800      14.8600      14.6500      14.0500
      14.3500      14.0700      14.4000      14.7000      15.0600      14.8300
     -999.990     -999.990      14.8900      15.1200      15.2400     -999.990
     -999.990     -999.990     -999.990      15.4800      15.0200      15.5000
     -999.990     -999.990      15.6400      15.4600      15.5400      15.5500
      15.6000      15.4200      15.3000      15.7800      16.0100      16.0500
      15.9600      16.0500      16.1200      16.1200      16.2200      16.2700
      16.1500      15.7200      15.5200      15.6200      15.6500      15.7900
      15.8400      16.0800      16.0300      16.0800      16.1800      16.4400
      16.4600      16.5000      16.5900      16.6300
     -999.990     -999.990     -999.990     -999.990     -999.990     -999.990
     -999.990     -999.990     -999.990     -999.990     -999.990     -999.990
     -999.990     -999.990     -999.990     -999.990     -999.990     -999.990
     -999.990     -999.990     -999.990     -999.990     -999.990     -999.990
     -999.990     -999.990     -999.990     -999.990     -999.990     -999.990
     -999.990     -999.990     -999.990     -999.990     -999.990      12.3600
      12.1700      12.2700      11.6000      10.5300      11.1500      11.0300
      11.0500      10.9700      11.6400      12.1800      12.6300     -999.990
     -999.990     -999.990     -999.990     -999.990     -999.990     -999.990
     -999.990     -999.990     -999.990     -999.990     -999.990     -999.990
     -999.990     -999.990     -999.990     -999.990     -999.990     -999.990
     -999.990      15.2000      15.3700      14.8800      14.7600      15.7700
      15.7800      15.7300      15.3100      15.0300      14.6200      14.4200
      14.4100      14.3100      14.3800      14.6100      15.1000      15.0200
      15.0700     -999.990      15.2300      15.2800     -999.990     -999.990
     -999.990     -999.990      15.7100      15.2600      15.3000      15.0400
      15.4800     -999.990      15.7600      15.6100      15.4600      15.2700
      15.4500      15.5600      15.5700      15.8500      16.1500      16.2200
      15.8700      16.1400      16.1400      16.1500      16.1100      16.0600
      15.7100      15.5800      15.5900      15.5500      15.7000      16.0100
      16.0600      16.1400      16.2200      16.3100      16.5000      16.7000
      16.6300      16.4600      16.6900      16.8500
     -999.990     -999.990     -999.990     -999.990     -999.990     -999.990
     -999.990     -999.990     -999.990     -999.990     -999.990     -999.990
     -999.990     -999.990     -999.990     -999.990     -999.990     -999.990
     -999.990     -999.990     -999.990     -999.990     -999.990     -999.990
     -999.990     -999.990     -999.990     -999.990     -999.990     -999.990
     -999.990     -999.990     -999.990     -999.990      12.5700      12.2800
      12.7100      12.3700      11.8200      10.4100      10.0100      10.0600
      11.0000      11.5300      12.0200      12.5300     -999.990     -999.990
     -999.990     -999.990     -999.990     -999.990     -999.990     -999.990
     -999.990     -999.990     -999.990     -999.990     -999.990     -999.990
     -999.990     -999.990     -999.990     -999.990     -999.990     -999.990
      14.9500      14.8500      14.7900      14.6700      14.9800      15.8100
     -999.990     -999.990      15.8200      15.2700      14.8000      14.8900
      14.7700      14.9100      14.6200      14.8800      15.2000      15.3700
     -999.990     -999.990      15.5300     -999.990     -999.990     -999.990
     -999.990     -999.990      15.6200      15.3300      15.4700      15.3100
      15.6200      15.7300      15.8500      15.8600      15.6000      15.5500
      15.6900      15.8100      15.8000      15.9000      15.9800      15.9900
      15.7800      15.8100      16.1100      16.1300      16.0100      15.6600
      15.7000      15.7400      15.7100      15.8000      15.8500      16.0700
      16.3500      16.3600      16.4500      16.5300      16.8600      16.7800
      16.7500      16.6800      16.7400      16.9200
     -999.990     -999.990     -999.990     -999.990     -999.990     -999.990
     -999.990     -999.990     -999.990     -999.990     -999.990     -999.990
     -999.990     -999.990     -999.990     -999.990     -999.990     -999.990
     -999.990     -999.990     -999.990     -999.990     -999.990     -999.990
     -999.990     -999.990     -999.990     -999.990     -999.990     -999.990
     -999.990     -999.990     -999.990     -999.990     -999.990     -999.990
      12.8500      12.7300      12.7200      11.6100      11.3300      11.8600
      12.7100      13.1900      12.9800     -999.990     -999.990     -999.990
     -999.990     -999.990     -999.990     -999.990     -999.990     -999.990
     -999.990     -999.990     -999.990     -999.990     -999.990     -999.990
     -999.990     -999.990     -999.990     -999.990     -999.990     -999.990
      14.9000      14.7400      14.5900      14.6500      14.8400      15.0100
     -999.990     -999.990      15.8800      15.4100      15.1500      15.2500
      15.1500      15.2700      15.3700      15.2300      15.5400      15.5400
     -999.990     -999.990     -999.990     -999.990     -999.990     -999.990
     -999.990     -999.990      15.8600      15.7300      15.8000      15.7400
      15.9500      15.9900      16.0900      16.0400      15.9000      15.8000
      15.9300      16.0300      16.0300      15.8400      16.1300      16.2000
      16.1000      15.9900      15.9500      16.0200      16.0600      16.1100
      16.0800      15.9500      15.8200      16.0200      16.2400      16.3300
      16.2100      16.5600      16.5400      16.6500      16.6800      16.8400
      16.8100      16.9700      16.9900      17.0200
     -999.990     -999.990     -999.990     -999.990     -999.990     -999.990
     -999.990     -999.990     -999.990     -999.990     -999.990     -999.990
     -999.990     -999.990     -999.990     -999.990     -999.990     -999.990
     -999.990     -999.990     -999.990     -999.990     -999.990     -999.990
     -999.990     -999.990     -999.990     -999.990     -999.990     -999.990
     -999.990     -999.990     -999.990     -999.990     -999.990     -999.990
     -999.990      12.8600      13.0100      12.9500      13.1800      13.0200
      12.9200      12.6500      12.6000      13.1600      13.0900     -999.990
     -999.990     -999.990     -999.990     -999.990     -999.990     -999.990
     -999.990     -999.990     -999.990     -999.990     -999.990     -999.990
     -999.990     -999.990     -999.990     -999.990     -999.990     -999.990
      15.0100      14.8400      14.4800      14.6800      15.6700      15.8500
      15.5000      15.5400      15.6600      15.7400      15.6100      15.4500
      15.4900     -999.990     -999.990     -999.990     -999.990     -999.990
     -999.990     -999.990     -999.990     -999.990     -999.990     -999.990
     -999.990     -999.990      16.0400      15.9500      15.9200      15.9600
      16.1400      16.1500      16.2300      16.1000      16.0300      15.9300
      16.0000      16.1600      16.0400      15.9700      16.1200      16.2000
      16.2600      16.2300      16.2400      16.2800      16.2800      16.3500
      16.3900      16.3000      16.1600      16.2300      16.3300      16.4100
      16.4000      16.4200      16.6300      16.8500      17.0700      17.1300
      17.1700      17.2000      17.3900      17.5200
     -999.990     -999.990     -999.990     -999.990     -999.990     -999.990
     -999.990     -999.990     -999.990     -999.990     -999.990     -999.990
     -999.990     -999.990     -999.990     -999.990     -999.990     -999.990
     -999.990     -999.990     -999.990     -999.990     -999.990     -999.990
     -999.990     -999.990     -999.990     -999.990     -999.990     -999.990
     -999.990     -999.990     -999.990      12.6900      12.9000      12.7300
      13.1500      12.8400      13.0100      13.0200      12.8100      12.0900
      12.6500      12.5000      12.4800      12.3100      13.1400      13.7000
     -999.990     -999.990     -999.990     -999.990     -999.990     -999.990
     -999.990     -999.990     -999.990     -999.990     -999.990     -999.990
     -999.990     -999.990     -999.990     -999.990     -999.990     -999.990
      15.4700      15.0000      14.5500      15.0400      15.1700      15.3800
      15.5800      15.5800      15.7700      16.1800      16.0500      16.1100
      16.1900      16.0200      16.1100     -999.990     -999.990     -999.990
     -999.990     -999.990     -999.990     -999.990     -999.990     -999.990
     -999.990     -999.990      16.4600      16.3100      16.3200      16.3300
      16.2800      16.3900      16.5200      16.3300      16.2400      16.2700
      16.3400      16.3200      16.2300      16.2600      16.3100      16.4600
      16.5000      16.5000      16.4300      16.4000      16.4600      16.5700
      16.2400      16.4800      16.3200      16.5200      16.4800      16.5300
      16.6400      16.6400      16.9800      17.1400      17.2300      17.3400
      17.4100      17.4700      17.6600      17.7800
     -999.990     -999.990     -999.990     -999.990     -999.990     -999.990
     -999.990     -999.990     -999.990     -999.990     -999.990     -999.990
     -999.990     -999.990     -999.990     -999.990     -999.990     -999.990
     -999.990     -999.990     -999.990     -999.990     -999.990     -999.990
     -999.990     -999.990     -999.990     -999.990     -999.990     -999.990
     -999.990     -999.990      13.1000      12.4000      12.5000      12.6300
      12.9600      13.1000      13.5200      13.4100      13.3000      13.4400
      13.4200      13.1200      12.9200      11.8900      13.3200      13.9800
      13.7400     -999.990     -999.990     -999.990     -999.990     -999.990
     -999.990     -999.990     -999.990     -999.990     -999.990     -999.990
     -999.990     -999.990     -999.990     -999.990     -999.990     -999.990
      15.6500      15.2400      15.1600      15.3800      15.9300      15.9700
      15.8100      15.8700      16.1100      16.1100      16.2500      16.1000
     -999.990     -999.990      16.6100     -999.990     -999.990      16.6500
      15.6100      15.6200      15.7200      16.6300     -999.990      16.7500
      16.3600      16.1500      16.4400      16.5000      16.3900      16.4400
      16.4400      16.5700      16.5500      16.5000      16.6400      16.5000
      16.6200      16.5700      16.5200      16.4700      16.6500      16.6700
      16.7100      16.7400      16.6300      16.6200      16.6400      16.7200
      16.6900      16.7300      16.6000      16.6400      16.7000      16.7800
      16.7700      16.9900      17.1600      17.2600      17.3500      17.4300
      17.4600      17.5200      17.7400      17.8000
     -999.990     -999.990     -999.990     -999.990     -999.990     -999.990
     -999.990     -999.990     -999.990     -999.990     -999.990     -999.990
     -999.990     -999.990     -999.990     -999.990     -999.990     -999.990
     -999.990     -999.990     -999.990     -999.990     -999.990     -999.990
     -999.990     -999.990     -999.990     -999.990     -999.990      13.7300
      13.0700      13.1700      13.1700      12.9000      12.9000      13.1700
      13.5100      13.3400      13.5000      13.7400      13.3700      13.4000
      13.6800      13.2500      13.2800      12.5600      13.2000      13.7000
      13.5900      14.2500     -999.990     -999.990     -999.990     -999.990
     -999.990     -999.990     -999.990     -999.990     -999.990     -999.990
     -999.990     -999.990     -999.990     -999.990     -999.990     -999.990
     -999.990      15.9200      15.4400      15.6000      15.6900      15.7300
      16.1400      16.0800      16.1100      16.2400      16.3200      16.6000
      16.7500      16.8300      16.8600      16.2100      16.0900      15.6100
      15.6000      15.5000      15.4600      16.2800      16.5300      16.4200
      16.2300      16.1700      16.3900      16.4000      16.3900      16.3900
      16.6100      16.8300      16.7600      16.7100      16.9000      16.7900
      16.6000      16.6100      16.6800      16.5700      16.9300      16.9100
      16.8900      16.8800      16.8000      16.8500      16.8800      16.9000
      16.9700      16.9400      16.9400      16.9000      16.9500      16.9300
      17.0000      17.1700      17.3100      17.4500      17.3700      17.6900
      17.7100      17.6700      17.8900      18.0200
     -999.990     -999.990     -999.990     -999.990     -999.990     -999.990
     -999.990     -999.990     -999.990     -999.990     -999.990     -999.990
      13.9200     -999.990     -999.990     -999.990     -999.990     -999.990
     -999.990     -999.990     -999.990     -999.990     -999.990     -999.990
     -999.990     -999.990     -999.990     -999.990     -999.990      13.8300
      12.8000      13.2300      13.4700      13.6000      13.7600      13.8700
      14.0000      14.1300     -999.990     -999.990     -999.990     -999.990
     -999.990      14.0100      13.8500      13.7700      13.7800      14.4100
      14.4100      14.8300      14.9300     -999.990     -999.990     -999.990
     -999.990     -999.990     -999.990     -999.990     -999.990     -999.990
     -999.990     -999.990     -999.990     -999.990      16.0000      15.5500
      16.0600      15.7700      15.8000      15.9800      15.8100      15.9400
      15.9300      16.0800      16.1100      16.1900      16.4900      16.5700
      16.8200      16.7300      16.3800      16.2200      15.9100      15.8300
      15.8900      15.8900      16.2900      16.4200      16.5800      16.4600
      16.3000      16.3400      16.4400      16.5400      16.5200      16.6200
      16.7300      16.8900      16.8100      16.8700      17.0900      16.8800
      16.8900      16.8700      16.7200      17.0400      17.0700      17.0500
      17.0600      17.0400      17.0300      17.0500      17.1100      17.1800
      17.2300      17.2600      17.2800      17.4700      17.5600      17.6000
      17.6200      17.6100      17.7200      17.6900      17.4700      17.4000
      17.4600      17.6500      18.1400      18.2700
     -999.990     -999.990     -999.990     -999.990     -999.990     -999.990
     -999.990     -999.990     -999.990     -999.990     -999.990     -999.990
     -999.990     -999.990     -999.990     -999.990     -999.990     -999.990
     -999.990     -999.990     -999.990     -999.990     -999.990     -999.990
     -999.990     -999.990     -999.990     -999.990     -999.990      14.2100
      13.8800      13.7100      13.8400      13.9100      13.8700      14.1200
      14.2000      13.7600     -999.990     -999.990      14.1400      14.1300
      13.3800      13.4200      14.5900      14.4600      13.7000      14.4200
      14.7100      14.6800      15.0100     -999.990     -999.990     -999.990
     -999.990     -999.990     -999.990     -999.990     -999.990      15.5100
      15.6600      15.2600      15.3500      15.4700      15.6300      15.8000
      15.9300      16.0400      16.0000      15.8700      15.9000      16.0400
      16.2400      16.3700      16.4000      16.4900      16.6000      16.7800
      16.9300      16.9700      16.8200      16.5900      16.3600      16.3000
      16.4000      16.4500      16.6500      16.8200      16.9400      16.6700
      16.6400      16.5700      16.7600      16.8600      16.7100      16.7700
      16.7800      17.0700      17.1100      17.1200      17.1900      17.1500
      17.0800      17.0300      17.0600      17.1500      17.2100      17.1700
      17.1800      17.2500      17.3100      17.4100      17.4600      17.5600
      17.6200      17.6800      17.8000      17.8200      17.8800      17.9200
      17.8200      17.8700      17.9000      18.0400      17.9600      17.7600
      17.6900      17.8600      18.3500      18.4900
     -999.990     -999.990     -999.990     -999.990     -999.990     -999.990
     -999.990     -999.990     -999.990     -999.990     -999.990     -999.990
     -999.990     -999.990     -999.990     -999.990     -999.990     -999.990
     -999.990     -999.990     -999.990     -999.990     -999.990     -999.990
     -999.990     -999.990     -999.990     -999.990     -999.990     -999.990
      14.3500      13.9200      14.0800      13.6300      13.8900      13.8100
      13.7800      13.8900     -999.990     -999.990      14.3200      14.0500
      12.5600      13.2000      14.5000      14.4000      14.8300      14.8000
      14.7900      15.0200      15.1300      14.8700      15.1100      15.4600
     -999.990     -999.990     -999.990     -999.990     -999.990      15.5200
     -999.990      15.5600      15.7300      15.8400      15.7800      15.8200
      16.0900      16.1500      16.2600      16.1800      16.2000      16.2400
      16.5400      16.7900      16.9200      17.1400      17.1200      17.1300
      17.2800      17.2700      17.2700      17.1700      17.1200      16.9700
      16.8600      16.9100      16.9600      17.0700      17.1300      16.9500
      17.0700      17.1400      17.2200      17.2500      17.2100      17.0400
      17.1800      17.3900      17.4700      17.4700      17.3500      17.1800
      17.1500      17.1900      17.3600      17.3400      17.4100      17.5000
      17.5100      17.6400      17.7800      17.9300      17.9600      17.9400
      18.0800      18.1500      18.1500      18.2800      18.2500      18.1900
      17.8400      17.9100      17.8800      17.9500      18.1000      18.1500
      18.2800      18.4500      18.6300      18.8800
     -999.990     -999.990     -999.990     -999.990     -999.990     -999.990
     -999.990     -999.990     -999.990     -999.990     -999.990     -999.990
     -999.990     -999.990     -999.990     -999.990     -999.990     -999.990
     -999.990     -999.990     -999.990     -999.990     -999.990     -999.990
     -999.990     -999.990     -999.990     -999.990     -999.990      14.1800
      13.6600      13.7200      13.9900      14.0200      13.7000      14.1600
      14.1800      14.5700     -999.990      14.6500      14.3100      14.0000
      12.8500      13.3500      14.5500      14.7900      14.9500      15.1500
      14.9600      15.2100      15.4700      15.2800      15.5100      15.7100
     -999.990     -999.990     -999.990     -999.990      15.9800      15.7800
      15.7700      15.9600      16.0900      16.1700      16.0500      16.1000
      16.1200      16.1200      16.0500      16.1200      16.1900      16.3100
      16.6100      16.9600      17.1500      17.3600      17.4900      17.5600
      17.6400      17.5500      17.4400      17.4500      17.4300      17.4300
      17.3600      17.1900      17.2300      17.3300      17.2800      17.2500
      17.3300      17.4100      17.4500      17.2100      17.3600      17.4400
      17.4500      17.7500      17.7300      17.6500      17.5600      17.2900
      17.2100      17.4300      17.5800      17.7000      17.7100      17.7000
      17.8300      17.9100      18.1100      18.3500      18.4200      18.4000
      18.4300      18.4900      18.4800      18.6000      18.5500      18.5700
      18.2500      18.1900      18.1300      18.1800      18.4600      18.6800
      18.7400      18.8100      18.8600      19.0300
     -999.990     -999.990     -999.990     -999.990     -999.990     -999.990
     -999.990     -999.990     -999.990     -999.990     -999.990     -999.990
     -999.990     -999.990     -999.990     -999.990     -999.990     -999.990
     -999.990     -999.990     -999.990     -999.990     -999.990     -999.990
     -999.990     -999.990     -999.990     -999.990     -999.990      14.3600
      13.4300      13.2500      14.3000      14.5800      14.8200     -999.990
     -999.990     -999.990     -999.990      14.6700      14.4400      14.4000
      13.8400      14.3400      14.8700      15.3800      15.0300      15.4600
      15.2300      15.5400      15.7900      15.9900      16.0200     -999.990
     -999.990     -999.990     -999.990      16.2200      16.0200      15.9500
      16.0900      16.3000      16.5200      16.6000      16.4500      16.5000
      16.2400      15.6900      15.2900      15.4000      15.6300      15.3400
      16.2200      17.0100      17.3300      17.3400      17.5900      17.8000
      17.8000      17.7400      17.5200      17.5300      17.5200      17.6500
      17.3900      17.1900      17.1000      17.2300      17.1400      17.0500
      17.2600      17.3400      17.3100      17.3100      17.2700      17.3700
      17.4200      17.5900      17.7400      17.6200      17.5400      17.4100
      17.3700      17.5300      17.6400      17.7200      17.8100      17.8800
      18.1800      18.3000      18.5600      18.6600      18.7800      18.7600
      18.7200      18.6100      18.8100      18.7900      18.8800      18.9600
      18.8600      18.6400      18.4700      18.3800      18.5600      18.7900
      18.9100      19.1000      19.2400      19.3100
     -999.990     -999.990     -999.990     -999.990     -999.990     -999.990
     -999.990     -999.990     -999.990     -999.990     -999.990     -999.990
     -999.990     -999.990     -999.990     -999.990     -999.990     -999.990
     -999.990     -999.990     -999.990     -999.990     -999.990     -999.990
     -999.990     -999.990     -999.990     -999.990     -999.990     -999.990
      14.9500     -999.990     -999.990     -999.990     -999.990     -999.990
     -999.990     -999.990     -999.990     -999.990     -999.990      14.7500
      14.7300      14.9200      15.0600      15.0300      15.1100      15.0300
      15.3000      15.2500      15.4000      15.8400      16.0300     -999.990
      16.2900      16.3600      16.1500      16.5800      16.7100      16.6800
      16.8300      16.8100      17.0100      17.2400      16.9400      15.7400
      15.2900      15.2300      15.5100      15.5300      15.6000      16.1800
      16.5600      17.0100      17.4900      17.5100      17.7200      17.7600
      17.5200      17.2400      17.1900      17.2900      17.6100      17.8500
      17.4400      17.3100      17.3100      17.2500      17.0400      17.1200
      17.1500      17.0300      17.3200      17.4700      17.1800      17.3400
      17.4000      17.5800      17.7500      17.8400      17.7200      17.6100
      17.7300      17.9600      17.9700      18.0700      17.9500      18.1500
      18.4100      18.7700      19.0100      19.1000      19.1700      19.1100
      19.0700      19.0500      19.1000      19.1800      19.2000      19.2600
      19.2400      19.0900      18.9600      18.8800      18.9000      19.2500
      19.3400      19.3600      19.5500      19.6100
     -999.990     -999.990     -999.990     -999.990     -999.990     -999.990
     -999.990     -999.990     -999.990     -999.990     -999.990     -999.990
     -999.990     -999.990     -999.990     -999.990     -999.990     -999.990
     -999.990     -999.990     -999.990     -999.990     -999.990     -999.990
     -999.990     -999.990     -999.990     -999.990     -999.990     -999.990
     -999.990     -999.990     -999.990     -999.990     -999.990     -999.990
     -999.990     -999.990     -999.990     -999.990      14.6300      14.5000
      14.3800      14.9100      15.0500      14.9800      15.1900      15.6000
      15.4700      15.5900      15.7200      16.2300     -999.990      15.6600
      15.5400      15.6600      16.0800      16.4800      16.4700      16.9500
      16.9000      16.7400      16.2100      16.6200      16.9500      16.1500
      16.0100      16.0800      15.5900      15.6100      15.6000      15.6000
      15.8800      16.1500      16.3100      16.2900      16.4900      16.8600
      16.9000      16.3400      15.7900      15.3700      15.9000      16.1900
      17.3700      17.3400      17.1200      16.8500      16.7500      17.0000
      17.0800      17.2100      17.1200      17.5200      17.3800      17.1200
      17.1500      17.4300      17.4300      17.4900      17.4800      17.5000
      17.6700      18.2300      18.3000      18.2500      18.0400      18.0900
      18.2900      18.9200      19.3600      19.5600      19.4200      19.3500
      19.2500      19.2300      19.2700      19.3400      19.4200      19.5000
      19.5700      19.5600      19.5100      19.4900      19.5200      19.6100
      19.6300      19.7200      19.7200      19.8200
     -999.990     -999.990     -999.990     -999.990     -999.990     -999.990
     -999.990     -999.990     -999.990     -999.990     -999.990     -999.990
     -999.990     -999.990     -999.990     -999.990     -999.990     -999.990
     -999.990     -999.990     -999.990     -999.990     -999.990     -999.990
     -999.990     -999.990     -999.990     -999.990     -999.990     -999.990
     -999.990     -999.990     -999.990     -999.990     -999.990     -999.990
     -999.990     -999.990      15.1800      14.9200      15.0300      15.0400
      15.2300     -999.990     -999.990     -999.990     -999.990     -999.990
     -999.990     -999.990     -999.990     -999.990      16.5100      16.1200
      16.0500      16.2500      16.4600      16.2800      16.6100      16.6800
      16.2800      15.8600      15.9000      15.8800      16.5900      16.4900
      16.5900      17.2700      16.5800      15.9500      16.4800      16.4400
      16.1300      15.4300      15.6000      15.3600      16.2300      17.2900
      17.5400      17.5800      17.4500      17.2100      15.7100      15.2800
      14.7100      16.7600      17.2700      17.0100      16.8900      16.7600
      17.4600      17.7900      17.6800      17.6100      17.4300      17.4200
      17.3400      17.4800      17.4900      17.5600      17.4300      17.6200
      18.2700      18.9500      19.0500      18.7800      18.2400      18.0200
      18.4200      19.1600      19.6000      19.7400      19.6200      19.4600
      19.5000      19.4600      19.5800      19.5900      19.5800      19.7100
      19.8000      19.7700      19.7900      19.8100      19.8000      19.7900
      19.8500      19.9600      20.0200      20.0800
     -999.990     -999.990     -999.990     -999.990     -999.990     -999.990
     -999.990     -999.990     -999.990     -999.990     -999.990     -999.990
     -999.990     -999.990     -999.990     -999.990     -999.990     -999.990
     -999.990     -999.990     -999.990     -999.990     -999.990     -999.990
     -999.990     -999.990     -999.990     -999.990     -999.990     -999.990
     -999.990     -999.990     -999.990     -999.990     -999.990     -999.990
     -999.990     -999.990     -999.990     -999.990     -999.990     -999.990
     -999.990     -999.990      15.5600     -999.990      15.8300      16.0700
     -999.990     -999.990      16.2900      16.1700      16.2600      16.1900
      16.7900      16.9500      16.9300      16.5900      16.2600      16.0500
      15.9200      16.2400      16.5500      16.6100      16.3300      17.2100
      18.1600      17.6700      17.2700      16.8700      16.6600      16.9500
      16.4700      16.2300      15.7900      15.7800      16.7000      16.2500
      16.5000      16.4100      16.5300      16.4700      16.0800      15.9200
      16.5000      15.6100      16.4500      15.5700      15.5700      15.5200
      16.0100      16.6300      16.7300      17.3300      16.9300      17.3600
      17.5300      17.5300      17.4500      17.3100      17.3800      17.8600
      19.0900      19.8900      19.6500      19.0500      18.4400      18.0900
      18.4200      18.8900      19.3200      19.4200      19.4600      19.5600
      19.5500      19.7600      19.8400      19.8500      19.7700      20.0000
      20.0400      20.0100      20.0300      20.0600      19.9900      20.0100
      20.0700      20.2700      20.3300      20.2800
     -999.990     -999.990     -999.990     -999.990     -999.990     -999.990
     -999.990     -999.990     -999.990     -999.990     -999.990     -999.990
     -999.990     -999.990     -999.990     -999.990     -999.990     -999.990
     -999.990     -999.990     -999.990     -999.990     -999.990     -999.990
     -999.990     -999.990     -999.990     -999.990     -999.990     -999.990
     -999.990     -999.990     -999.990     -999.990     -999.990     -999.990
     -999.990     -999.990     -999.990     -999.990     -999.990     -999.990
     -999.990     -999.990      16.0200      16.0300      16.3900      16.1600
      16.0600      16.3600      16.3200      16.4000      16.7300      17.3000
      17.5700      17.5500      17.1900      16.7500      16.9800      16.8900
      16.7300      17.1000      17.2300      17.2800      17.3100      17.5500
      18.5900      18.2000      17.6700      16.8500      16.0200      16.4300
      16.9600      16.7400      16.7400      16.2000      15.2700      16.1500
      16.9000      16.6600      15.9700      16.5200      16.4600      17.0500
      17.4600      16.2500      15.5000      14.5400      14.4100      14.0200
      13.0400      15.0600      16.4100      17.5200      16.1700      15.5000
      16.0500      17.3800      17.6000      17.4600      17.7000      18.4600
      20.1000      21.2700      20.4900      19.8200      18.9400      18.5500
      18.6100      18.7100      18.9500      19.2100      19.2500      19.3600
      19.6300      19.9000      19.9600      19.9600      20.1400      20.3100
      20.3500      20.2500      20.2800      20.3200      20.3100      20.3000
      20.4000      20.5100      20.5800      20.7700
     -999.990     -999.990     -999.990     -999.990     -999.990     -999.990
     -999.990     -999.990     -999.990     -999.990     -999.990     -999.990
     -999.990     -999.990     -999.990     -999.990     -999.990     -999.990
     -999.990     -999.990     -999.990     -999.990     -999.990     -999.990
     -999.990     -999.990     -999.990     -999.990     -999.990     -999.990
     -999.990     -999.990     -999.990     -999.990     -999.990     -999.990
     -999.990     -999.990     -999.990     -999.990      15.6500      15.5900
      15.7000      15.7000      15.9300      16.1600      16.8200      16.2900
      15.7200      15.8800      16.1600      16.2600      16.9400      17.6200
      18.3500      18.3200      17.7200      17.5100      17.4700      17.7100
      17.2200      16.9800      16.8000      17.4800      17.3500      18.4200
      17.4900      16.9000      17.4400      16.0900      16.2600      16.8600
      16.9100      16.8900      17.0800      17.2500      16.4600      14.9100
      16.2300      16.6200      17.2800      17.7200      18.4600      18.2800
      18.0400      17.1500      17.1000      15.7000      14.5200      14.2000
      15.4800      15.9300      17.0100      18.2500      17.7800      15.8700
      15.0500      14.0600      15.5200      17.7700      17.7100      18.7500
      20.1100      21.1000      21.2400      20.7000      19.8100      19.3300
      19.1000      18.8800      18.7200      19.0600      19.1400      19.1400
      19.3800      19.5500      19.7500      19.7400      20.1400      20.5900
      20.6100      20.6300      20.5700      20.4400      20.3400      20.3400
      20.6200      20.7300      20.9700      21.1000
     -999.990     -999.990     -999.990     -999.990     -999.990     -999.990
     -999.990     -999.990     -999.990     -999.990     -999.990     -999.990
     -999.990     -999.990     -999.990     -999.990     -999.990     -999.990
     -999.990     -999.990     -999.990     -999.990     -999.990     -999.990
     -999.990     -999.990     -999.990     -999.990     -999.990     -999.990
     -999.990     -999.990     -999.990     -999.990     -999.990     -999.990
     -999.990     -999.990     -999.990     -999.990      15.7200      15.2600
      15.2400      15.4400      15.7000      16.3000      16.6900      16.6900
      16.5900      16.4900      17.1300      16.7800      17.0200      17.6200
      18.0900      18.5100      18.2600      18.0200      18.0100      17.8500
      17.5000      17.1900      16.9300      16.4500      16.5100      18.2100
      15.3000      16.2700      16.0100      16.5000      16.7200      16.9300
      17.2100      16.9200      17.1900      17.3400      17.1500      17.1000
      18.0100      17.2600      17.2000      18.0200      18.8200      18.8500
      18.5600      18.9000      18.4200      18.1000      17.9500      18.1600
      18.2500      19.0300      18.9900      19.4000      19.5500      19.1700
      17.7900      15.6200      13.5200      14.5300      17.1200      18.3700
      19.3400      20.5700      20.9800      21.1800      20.4500      19.9500
      19.3200      19.0800      19.2200      19.1500      19.1300      18.9800
      19.4400      19.7200      20.0900      20.0500      20.2100      20.7700
      21.0500      20.8300      20.7500      20.5800      20.4100      20.3300
      20.4400      20.5800      20.7200      21.1600
     -999.990     -999.990     -999.990     -999.990     -999.990     -999.990
     -999.990     -999.990     -999.990     -999.990     -999.990     -999.990
     -999.990     -999.990     -999.990     -999.990     -999.990     -999.990
     -999.990     -999.990     -999.990     -999.990     -999.990     -999.990
     -999.990     -999.990     -999.990     -999.990     -999.990     -999.990
     -999.990     -999.990     -999.990     -999.990     -999.990     -999.990
     -999.990     -999.990     -999.990     -999.990     -999.990      15.9600
      16.2400      16.4000      16.5300      16.7000      17.0200      17.1900
      17.3200      17.5600      17.5500      17.5900      17.6500      17.9000
      18.1600      18.1900      18.1200      17.9800      17.4800      17.5300
      17.3200      17.6700      17.4000      15.9200      17.3200      16.1500
      16.0100      16.8500      17.5700      16.9500      15.7300      15.3300
      15.8100      15.0700      14.8600      13.2100      13.7900      13.4100
      13.4600      13.9400      13.7000      14.4600      17.4000      19.1600
      19.4800      19.5600      19.3200      18.6900      18.8400      19.0100
      19.7200      20.0100      20.1200      20.1400      19.9500      19.8800
      18.8000      16.2400      14.8300      13.1000      14.6900      16.3500
      18.6800      19.7900      20.6500      20.6200      20.4600      20.1900
      19.8700      19.5700      19.5100      19.6500      19.5300      19.4400
      19.5400      19.8900      20.4200      20.6200      20.8500      21.2400
      21.6700      21.0100      20.6900      20.6600      20.6100      20.7200
      21.0500      21.2300      21.4600      21.5400
     -999.990     -999.990     -999.990     -999.990     -999.990     -999.990
     -999.990     -999.990     -999.990     -999.990     -999.990     -999.990
     -999.990     -999.990     -999.990     -999.990     -999.990     -999.990
     -999.990     -999.990     -999.990     -999.990     -999.990     -999.990
     -999.990     -999.990     -999.990     -999.990     -999.990     -999.990
     -999.990     -999.990     -999.990     -999.990     -999.990     -999.990
     -999.990     -999.990     -999.990     -999.990     -999.990     -999.990
     -999.990      16.6100     -999.990      17.3300      17.5500      17.6200
      17.5500      17.7900      17.8700      18.0100      18.0200      18.1600
      18.2200      18.1400      17.8600      17.6600      17.0300      17.9600
      18.5000      17.9600      16.3600      15.3600      16.4800      17.0200
      16.3600      16.2400      15.3000      13.3400      9.47000      8.48000
      10.4200      11.9300      12.4600      8.76000      10.2800      10.4200
      11.4400      12.1800      14.6700      16.3000      17.9000      18.8700
      19.6000      19.1800      19.5500      19.7700      19.9500      20.0600
      20.3400      20.4200      20.4500      20.4200      19.6800      18.5300
      18.7600      17.8500      17.3800      15.0200      13.2800      14.2100
      17.7300      19.5100      20.2000      20.2500      20.3300      20.3300
      20.4300      20.0500      20.1100      20.0300      19.6600      19.3600
      19.3300      19.5500      20.1700      20.7200      21.1600      21.4300
      21.6000      21.2100      20.5200      20.7500      21.0800      21.6700
      21.9300      22.1500      22.3200      22.3000
     -999.990     -999.990     -999.990     -999.990     -999.990     -999.990
     -999.990     -999.990     -999.990     -999.990     -999.990     -999.990
     -999.990     -999.990     -999.990     -999.990     -999.990     -999.990
     -999.990     -999.990     -999.990     -999.990     -999.990     -999.990
     -999.990     -999.990     -999.990     -999.990     -999.990     -999.990
     -999.990     -999.990     -999.990     -999.990     -999.990     -999.990
     -999.990     -999.990     -999.990     -999.990     -999.990     -999.990
     -999.990     -999.990     -999.990      17.1300      17.8600      17.7900
      17.4800      17.6100      17.6200      18.0600      18.1400      17.9800
      18.0400      17.9100      18.1500      18.1700      17.6200      18.4600
      18.8300      17.0800      14.1300      15.7400      14.1400      13.2800
      9.83000      8.38000      8.17000      8.58000      4.54000      5.62000
      9.86000      7.94000      6.52000      9.51000      10.3200      12.3900
      16.1800      15.8900      17.2500      18.9700      19.0600      19.5700
      19.7200      19.8900      19.8600      19.9900      20.2700      20.3500
      20.7400      20.7200      20.7800      20.5000      19.1300      16.2800
      16.0700      18.6000      18.8700      17.1800      14.1700      14.1000
      15.4100      19.1300      19.5600      19.8800      20.6600      20.7300
      20.7000      20.9100      20.8700      20.7600      20.1200      19.3700
      18.8400      19.2500      20.2100      21.0500      21.5700      21.7300
      21.8400      21.6900      21.7000      21.7600      21.3900      21.6000
      22.5200      22.5200      22.3700      22.3300
     -999.990     -999.990     -999.990     -999.990     -999.990     -999.990
     -999.990     -999.990     -999.990     -999.990     -999.990     -999.990
     -999.990     -999.990     -999.990     -999.990     -999.990     -999.990
     -999.990     -999.990     -999.990     -999.990     -999.990     -999.990
     -999.990     -999.990     -999.990     -999.990     -999.990     -999.990
     -999.990     -999.990     -999.990     -999.990     -999.990     -999.990
     -999.990     -999.990     -999.990     -999.990     -999.990     -999.990
     -999.990     -999.990     -999.990     -999.990      17.5700      18.3600
      18.2000      17.9800      17.7600      17.8800      17.6500      17.1500
      16.9900      17.0100      17.4300      17.5400      17.7700      18.4400
      18.6700      15.9000      16.9500      14.4600      8.30000      6.83000
      9.76000      12.0700      10.4500      6.98000      7.08000      6.58000
      12.8600      8.89000      10.8000      16.3000      16.2400      10.8600
      16.4100      17.2900      17.1100      18.7800      20.1600      19.8100
      19.7500      19.9900      20.0300      20.1600      20.4200      20.6500
      21.1400      21.0500      20.9300      20.1400      18.9700      17.3500
      15.0300      18.7800      19.0600      18.2300      16.5000      15.7500
      16.2700      18.3100      19.9800      20.4500      20.9000      20.8200
      21.0100      21.0800      21.4000      21.6100     -999.990      21.4400
      18.6400      19.2000      20.3100      21.2900      21.8600      22.1500
      21.4400      21.4600     -999.990     -999.990     -999.990      21.7200
      23.0100      22.7900      22.6600      22.5400
     -999.990     -999.990     -999.990     -999.990     -999.990     -999.990
     -999.990     -999.990     -999.990     -999.990     -999.990     -999.990
     -999.990     -999.990     -999.990     -999.990     -999.990     -999.990
     -999.990     -999.990     -999.990     -999.990     -999.990     -999.990
     -999.990     -999.990     -999.990     -999.990     -999.990     -999.990
     -999.990     -999.990     -999.990     -999.990     -999.990     -999.990
     -999.990     -999.990     -999.990      15.6700     -999.990     -999.990
     -999.990     -999.990     -999.990     -999.990     -999.990      18.1300
      18.5300      18.5000      18.4500      17.9500      17.7300      16.8400
      15.7300      14.4200      17.2400      15.9500      17.7800      18.5800
      19.2700      17.8400      15.5400      10.0600      8.54000      10.9600
      18.0200      20.1300      20.0700      18.3400      15.8100      15.3600
      15.9700      18.5500      20.1600      21.7600      22.5200      20.0500
      16.2300      16.8400      17.6800      19.7900      20.4400      19.9200
      19.7800      19.9400      20.3700      20.4300      20.8900      21.1200
      21.5300      21.6400      21.4100      20.9700      18.5500      17.5300
      17.7500      14.9400      17.9100      16.2000      17.0500      17.4700
      16.2600      16.8600      20.8600      21.2300      21.2000      21.0100
      21.1800      21.4000      21.7400     -999.990     -999.990     -999.990
     -999.990      21.3700      20.5200      21.2800      21.8400      22.3300
     -999.990     -999.990     -999.990     -999.990     -999.990      22.8200
      22.9700      22.8100      22.7900      22.5700
     -999.990     -999.990     -999.990     -999.990     -999.990     -999.990
     -999.990     -999.990     -999.990     -999.990     -999.990     -999.990
     -999.990     -999.990     -999.990     -999.990     -999.990      16.9700
      16.9600     -999.990     -999.990     -999.990     -999.990     -999.990
     -999.990     -999.990     -999.990     -999.990     -999.990     -999.990
     -999.990     -999.990     -999.990     -999.990     -999.990     -999.990
     -999.990     -999.990     -999.990     -999.990     -999.990     -999.990
     -999.990     -999.990     -999.990     -999.990     -999.990      18.5200
      18.7500      18.8800      18.7600      18.6100      18.3100      17.8400
      16.3900      14.3900      15.9200      16.0800      16.5700      18.8200
      19.1300      18.3100      12.5400      10.3500      12.9600      20.9200
      21.4400      21.5700      21.8600      21.8700      22.1200      21.9600
      21.6200      21.6300      22.0500      22.1700     -999.990      21.2900
      19.9200      17.0400      17.4100      19.7400      19.8500      20.3600
      19.9900      20.1800      20.8100      20.9500      21.2600      21.2600
      21.8300      21.9800      21.7000      19.9300      17.5700      13.4300
      17.3200      15.2000      16.9300      16.5400      15.3800      16.4200
      18.6800      19.9500      21.5400      21.9400      21.4400      21.1400
      21.2400      21.1800     -999.990     -999.990     -999.990     -999.990
      21.5100      21.0800      20.7500      21.3400      21.5600      21.9100
      22.5200      22.5000      21.9800      22.1300      22.3300      22.4000
      22.7100      22.7400      22.6800      22.5900
     -999.990     -999.990     -999.990     -999.990     -999.990     -999.990
     -999.990     -999.990     -999.990     -999.990     -999.990     -999.990
     -999.990     -999.990     -999.990     -999.990     -999.990      17.1300
      17.1400     -999.990     -999.990     -999.990     -999.990     -999.990
     -999.990     -999.990     -999.990     -999.990     -999.990     -999.990
     -999.990     -999.990     -999.990     -999.990     -999.990     -999.990
     -999.990     -999.990     -999.990     -999.990     -999.990     -999.990
     -999.990     -999.990     -999.990     -999.990     -999.990      18.8500
      18.9100      19.0700      19.1700      19.1200      18.9300      18.4600
      17.2900      16.4700      15.1000      14.6600      16.0200      19.6000
      16.7700      14.4100      12.5600      11.4100      16.2000      21.7500
      20.8600      20.1400      17.1500      19.0600      20.7500      22.2000
      22.6000      22.5500      22.3700      22.4600     -999.990      21.6900
      21.1800      20.1700      16.3300      16.2700      18.1200      17.9600
      19.0500      19.5200      20.7200      20.4200      21.7700      22.0200
      22.1800      21.9700      21.6600      20.0800      19.1400      20.4700
      21.0000      20.6800      21.0600      21.1200      21.0900      21.4200
      21.6200      21.8200      21.8800      21.7800      21.2300      21.2300
      21.5800      21.5500     -999.990     -999.990     -999.990     -999.990
     -999.990     -999.990      21.3500      21.0100      19.7300      21.2600
      20.4300      21.7200     -999.990     -999.990      21.6600      21.8300
      21.4400      21.5600      22.1300      22.0400
     -999.990     -999.990     -999.990     -999.990     -999.990     -999.990
     -999.990     -999.990     -999.990     -999.990     -999.990     -999.990
     -999.990     -999.990     -999.990     -999.990     -999.990     -999.990
     -999.990     -999.990     -999.990     -999.990     -999.990     -999.990
     -999.990     -999.990     -999.990     -999.990     -999.990     -999.990
     -999.990     -999.990     -999.990     -999.990     -999.990     -999.990
     -999.990     -999.990     -999.990     -999.990     -999.990     -999.990
     -999.990     -999.990     -999.990     -999.990     -999.990      18.7800
      19.1600      19.5200      19.5200      19.5100      19.5900      19.2500
      18.3300      17.4600      17.3100      15.3900      20.0900      21.1700
      18.1800      17.4600      14.8400      12.9800      14.9800      16.9900
      19.6900      20.4100      19.9900      19.5200      15.8700      16.8500
      18.8100      21.0900      21.8800      22.6200     -999.990     -999.990
     -999.990      22.0300      20.2900      17.9900      16.4000      15.8000
      16.8700      16.5200      18.1900      17.9200      18.7100      19.1600
      20.3800      20.9700      21.4800      18.7300      19.9500      21.8800
      21.8100      22.0200      22.2200      22.3100      22.2200      22.1500
      22.1100      22.0400      21.8600      21.6400      21.3400      21.5200
     -999.990     -999.990     -999.990     -999.990     -999.990     -999.990
     -999.990     -999.990     -999.990      18.3600      18.6400     -999.990
     -999.990     -999.990     -999.990     -999.990     -999.990     -999.990
      20.5300      21.7400      20.0000      18.4900
     -999.990     -999.990     -999.990     -999.990     -999.990     -999.990
     -999.990     -999.990     -999.990     -999.990     -999.990     -999.990
     -999.990     -999.990     -999.990     -999.990     -999.990     -999.990
     -999.990     -999.990     -999.990     -999.990     -999.990     -999.990
     -999.990     -999.990     -999.990     -999.990     -999.990     -999.990
     -999.990     -999.990     -999.990      16.9600      16.6100      17.2100
      17.5800      17.1400      17.8300      18.2300     -999.990     -999.990
      18.4300     -999.990     -999.990     -999.990     -999.990      18.9400
      19.5600      19.9600      19.8700      19.8500      19.6700      19.9000
      19.7700      18.3300      19.2500      20.6000      21.9700      22.0900
      21.2100      19.6800      18.3400      18.4100      19.7500      20.5800
      21.6000     -999.990     -999.990      22.3400      21.3500      20.9600
      20.7500      17.6800      18.0800      20.6900      21.7600      22.5800
     -999.990     -999.990      22.2800      22.9500      20.6600      18.2700
      16.7900      15.3000      16.5100      17.4000      18.7300      17.7500
      18.9500      19.9600      21.0100      19.0100      19.6600      20.9800
      21.9400      22.3300      22.5300      22.5300      22.4100      22.1400
      21.7700      21.2900      21.2100      21.0500      21.0400      21.5700
     -999.990     -999.990     -999.990     -999.990     -999.990     -999.990
     -999.990     -999.990     -999.990     -999.990     -999.990     -999.990
     -999.990     -999.990     -999.990     -999.990     -999.990     -999.990
     -999.990     -999.990      20.3800      19.5400
     -999.990     -999.990     -999.990     -999.990     -999.990     -999.990
     -999.990     -999.990     -999.990     -999.990     -999.990     -999.990
     -999.990     -999.990     -999.990     -999.990     -999.990     -999.990
     -999.990     -999.990     -999.990     -999.990     -999.990     -999.990
     -999.990     -999.990     -999.990     -999.990     -999.990     -999.990
     -999.990      17.5100      17.3000      17.0000      15.3500      15.6500
      15.7200      15.3400      15.8300      15.7400      15.0300      16.5100
      16.7800      17.0100      17.2200      17.7900      17.3200      17.5300
      18.5700      18.7900      19.6600      19.6700      19.7500      19.9100
      19.4400      20.3700      21.7700      21.2900      21.5600      21.5300
      21.1600      21.3200      21.3500      21.5100     -999.990     -999.990
     -999.990     -999.990     -999.990      22.4200      22.9700      21.1700
      21.6400      20.5500      20.2000      19.4000      19.9300      22.2800
     -999.990     -999.990     -999.990     -999.990      23.3800      23.2400
      21.1300      20.6200      17.7100      15.5000      15.8400      18.0800
      17.8100      17.5300      18.6300      20.4300      18.7700      17.9200
      19.3700      20.8100      21.6700      21.7000      21.6800      21.7200
      21.0500      21.0300      20.9300      21.0700      21.3400      21.6400
     -999.990     -999.990     -999.990     -999.990     -999.990     -999.990
     -999.990     -999.990     -999.990     -999.990     -999.990     -999.990
     -999.990     -999.990     -999.990     -999.990     -999.990     -999.990
     -999.990     -999.990     -999.990      22.1600
     -999.990     -999.990     -999.990     -999.990     -999.990     -999.990
     -999.990     -999.990     -999.990     -999.990     -999.990     -999.990
     -999.990     -999.990     -999.990     -999.990     -999.990     -999.990
     -999.990     -999.990     -999.990     -999.990     -999.990     -999.990
     -999.990     -999.990     -999.990     -999.990     -999.990     -999.990
     -999.990      18.1600      17.6900      17.0500      16.5900      16.7200
      15.9100      15.0000      16.3200      16.4500      15.6300      16.3700
      15.9400      16.3100      16.9400      16.6000      18.1800      17.6100
      15.5900      13.8300      12.4300      14.3400      15.3600      14.8800
      17.6100      20.9500      21.7100     -999.990     -999.990     -999.990
     -999.990     -999.990     -999.990     -999.990     -999.990     -999.990
     -999.990      21.1400      20.8100      22.9600      22.9700      23.3200
      22.4800      21.6600      22.0400      20.7100      16.6100      20.5200
      22.9800     -999.990     -999.990     -999.990     -999.990      23.4800
      22.8300      23.3500      20.6500      17.1800      16.2800      14.9800
      15.9100      19.5200      19.2000      19.6100      18.1800      18.2600
      18.8600      18.5600      18.5300      18.2000      18.4200      19.7000
      19.6200      21.0100      21.2400      21.5300     -999.990     -999.990
     -999.990     -999.990     -999.990     -999.990     -999.990     -999.990
     -999.990     -999.990     -999.990     -999.990     -999.990     -999.990
     -999.990     -999.990     -999.990     -999.990     -999.990     -999.990
     -999.990     -999.990     -999.990     -999.990
     -999.990     -999.990     -999.990     -999.990     -999.990     -999.990
     -999.990     -999.990     -999.990     -999.990     -999.990     -999.990
     -999.990     -999.990     -999.990     -999.990     -999.990     -999.990
     -999.990     -999.990     -999.990     -999.990     -999.990     -999.990
     -999.990     -999.990     -999.990     -999.990     -999.990     -999.990
     -999.990     -999.990      18.3700      17.5700      17.8700      16.4700
      15.2400      17.2000      19.5000      19.2500      18.2700      18.8000
      17.8500      16.5500      16.3700      18.1300      21.2800      20.9200
      19.4200      18.6200      19.8500      17.7000      16.4700      15.7600
      15.3200      20.4100      21.5900     -999.990     -999.990     -999.990
     -999.990     -999.990     -999.990     -999.990     -999.990     -999.990
     -999.990      19.0900      17.3700      22.9900      22.9700      23.3300
      23.4600      23.3200      22.7400      22.1300      17.6200      18.2900
      21.3500      23.1500      23.6900     -999.990     -999.990     -999.990
     -999.990     -999.990      23.1400      20.8700      22.9100      15.8100
      17.4700      17.2300      18.9700      19.7100      18.0200      18.3400
      16.9500      16.5600      20.3000      21.8500      21.5300      21.9800
      21.9400      21.9300      21.5100      21.7600     -999.990     -999.990
     -999.990     -999.990     -999.990     -999.990     -999.990     -999.990
     -999.990     -999.990      22.3200      21.8400      21.5200      22.0600
      22.3400     -999.990     -999.990     -999.990     -999.990     -999.990
     -999.990     -999.990     -999.990     -999.990
     -999.990     -999.990     -999.990     -999.990     -999.990     -999.990
     -999.990     -999.990     -999.990     -999.990     -999.990     -999.990
     -999.990     -999.990     -999.990     -999.990     -999.990     -999.990
     -999.990     -999.990     -999.990     -999.990     -999.990     -999.990
     -999.990     -999.990     -999.990     -999.990     -999.990     -999.990
     -999.990     -999.990      18.4200      16.6800      16.8800      18.5800
      19.2300      19.9700      19.5200      19.1300      18.9800      18.8400
      18.7500      18.8100      18.6900      18.4600      19.1800      21.8000
      21.9700      22.5700      22.7200      21.9700      20.1500      19.5400
      19.9700      21.3800      22.0100     -999.990     -999.990     -999.990
     -999.990     -999.990     -999.990     -999.990     -999.990     -999.990
     -999.990      20.4800      20.0200     -999.990     -999.990     -999.990
     -999.990     -999.990      23.1300      22.9500      22.4900      22.5200
      19.6100      21.6100      23.3400      22.9400      23.2200     -999.990
     -999.990     -999.990     -999.990     -999.990      23.4700      22.6000
      18.4900      16.3600      17.6300      20.9500      21.4300      18.8500
      17.2800      18.2100      16.8000      17.1400      20.2900      21.5400
      22.2700      22.5900      22.4400      20.8600      22.1800     -999.990
     -999.990     -999.990     -999.990     -999.990     -999.990     -999.990
      22.1000      18.9000      16.8700      17.4200      17.7300      17.7700
      20.4000      21.8400      22.5200     -999.990     -999.990     -999.990
     -999.990     -999.990     -999.990     -999.990
     -999.990     -999.990     -999.990     -999.990     -999.990     -999.990
     -999.990     -999.990     -999.990     -999.990     -999.990     -999.990
     -999.990     -999.990     -999.990     -999.990     -999.990     -999.990
     -999.990     -999.990     -999.990     -999.990     -999.990     -999.990
     -999.990     -999.990     -999.990     -999.990     -999.990     -999.990
     -999.990     -999.990      19.0400      18.3000      17.8600      18.7000
      20.0500      20.0200      19.4500      19.4900      19.7200      19.8800
      18.7100      17.8100      19.2200      18.6000      18.4900      19.2300
      20.8000      22.5100      22.7200      22.1200      21.4400      21.3800
      22.3200     -999.990     -999.990     -999.990     -999.990     -999.990
     -999.990     -999.990     -999.990     -999.990     -999.990     -999.990
      22.2000      22.1300      22.4100      23.1600     -999.990     -999.990
     -999.990     -999.990     -999.990      24.1100      22.8200      23.0900
      22.0800      21.9000      21.4700      23.4300      23.3900      23.8200
      24.0700     -999.990     -999.990     -999.990      23.9400      22.5100
      18.4100      17.9800      19.1100      19.5200      19.4800      21.8700
      21.7000      20.5300      20.2500      20.3100      20.8900      20.5400
      22.3600      22.4000      22.0900      21.6600      21.7200      21.7100
      21.4900      21.8100      22.1000      22.1300      21.6000      21.0200
      17.9800      17.2300      17.3800      17.4200      17.7000      17.7400
      19.1800      19.1400      20.3000      21.2700      22.6200      22.8500
     -999.990     -999.990      23.1500      24.7600
     -999.990     -999.990     -999.990     -999.990     -999.990     -999.990
     -999.990     -999.990     -999.990     -999.990     -999.990     -999.990
     -999.990     -999.990     -999.990     -999.990     -999.990     -999.990
     -999.990     -999.990     -999.990     -999.990     -999.990     -999.990
     -999.990     -999.990     -999.990     -999.990     -999.990     -999.990
     -999.990     -999.990      19.6600      19.3100      19.4000      19.9300
      19.9300      20.2200      19.5700      18.9000      18.7100      18.6400
      19.4700      21.3300      20.2500      18.6500      17.4800      17.9000
      18.0400      19.2500      21.7900      23.0600     -999.990     -999.990
     -999.990     -999.990     -999.990     -999.990     -999.990     -999.990
     -999.990     -999.990     -999.990     -999.990     -999.990     -999.990
      22.3500      21.8500      20.4100      23.3400     -999.990     -999.990
     -999.990     -999.990     -999.990      24.1400      24.0400     -999.990
      23.4800      21.5700      20.2700      19.7200      21.6900      22.3800
      22.8000      23.8500      24.3000     -999.990      24.1400      23.5700
      18.5900      18.0800      17.8500      19.2700      22.1700      23.7700
      22.8700      22.7500      22.0700      23.2400      23.7600      23.0000
      22.9100      22.5900      22.0500      22.6900     -999.990      21.5500
      21.6000      21.1700      21.0600      19.0600      18.7100      17.1700
      17.4000      16.6200      16.9800      18.2900      18.6400      19.1600
      18.3100      18.9700      18.3100      17.7900      16.7700      16.3500
      16.4100      17.5900      17.8300      18.0100
     -999.990     -999.990     -999.990     -999.990     -999.990     -999.990
     -999.990     -999.990     -999.990     -999.990     -999.990     -999.990
     -999.990     -999.990     -999.990     -999.990     -999.990     -999.990
     -999.990     -999.990     -999.990     -999.990     -999.990     -999.990
     -999.990     -999.990     -999.990     -999.990     -999.990     -999.990
     -999.990     -999.990      20.2800      20.2800      19.1200      20.2900
      20.9000      21.1100      19.1000      19.0900      19.8700      22.9800
      23.4700      22.5600      21.1500      20.0300      17.6600      18.2800
      17.5000      19.6400      22.7900     -999.990     -999.990     -999.990
     -999.990     -999.990     -999.990      23.2300      23.1000     -999.990
     -999.990     -999.990     -999.990     -999.990     -999.990     -999.990
      22.2700      21.6800      20.4100      23.3400     -999.990     -999.990
     -999.990     -999.990     -999.990     -999.990     -999.990     -999.990
     -999.990      24.3100      21.6000      18.8400      21.0100      24.0900
      24.3100      24.4000      23.8800      24.2100      23.9500      22.2200
      18.4800      18.0000      18.8400      19.5400      19.3600      24.1000
      23.2900      23.3100      23.8000     -999.990     -999.990      22.8600
      23.6600      22.3400      22.4500      22.2200      22.0300      21.8600
      19.4600      20.1600      19.8300      18.8500      18.1000      18.4200
      18.7500      18.1400      18.0400      20.0100      19.6200      18.7500
      18.0000      18.5300      18.2500      17.7000      16.4600      16.2300
      17.7600      17.3800      19.0200      18.4200
     -999.990     -999.990     -999.990     -999.990     -999.990     -999.990
     -999.990     -999.990     -999.990     -999.990     -999.990     -999.990
     -999.990     -999.990     -999.990     -999.990     -999.990     -999.990
     -999.990     -999.990     -999.990     -999.990     -999.990     -999.990
     -999.990     -999.990     -999.990     -999.990     -999.990     -999.990
     -999.990      20.8800      20.2300      20.3700      20.9100      22.1600
      23.0800      23.6100      23.5700      23.5200      22.8000      23.3100
      23.1400      23.1300      22.1700      21.5100      20.5600      20.3300
      21.3800      22.8800     -999.990     -999.990     -999.990     -999.990
      23.5300      21.9500      22.7900      23.5900      23.3200     -999.990
     -999.990     -999.990     -999.990     -999.990     -999.990     -999.990
      23.3100      22.3800      21.7700      22.8400     -999.990     -999.990
     -999.990     -999.990     -999.990     -999.990     -999.990     -999.990
     -999.990     -999.990      23.6300      23.4100      22.7200      23.3000
     -999.990      24.5500      24.1700     -999.990     -999.990      23.8200
      22.8600      21.0800      19.4400      22.5800      23.0100      23.0100
      24.5700      24.2900     -999.990     -999.990      24.2900     -999.990
      22.8400      22.8900      22.3200      22.4300      21.1400      20.1700
      18.6100      17.7400      18.9800      19.7900      19.6100      20.3700
      20.5500      19.9800      20.2100      20.5500      20.1800      18.9100
      18.1400      17.8400      17.3900      17.5100      16.8700      17.8100
      19.5600      19.0100      18.3100      17.8700
     -999.990     -999.990     -999.990     -999.990     -999.990     -999.990
     -999.990     -999.990     -999.990     -999.990     -999.990     -999.990
     -999.990     -999.990     -999.990     -999.990     -999.990     -999.990
     -999.990     -999.990     -999.990     -999.990     -999.990     -999.990
     -999.990     -999.990     -999.990     -999.990     -999.990     -999.990
     -999.990      20.3500      21.0100      21.6500      22.2300      22.2300
      23.6300      23.9700      24.0000      23.9200      23.4600      22.7200
      23.1100      23.5500      23.0100      22.5300      22.0700      21.4600
      22.4500      23.4700     -999.990     -999.990      24.0800      24.1400
     -999.990      24.0000      23.9500     -999.990     -999.990     -999.990
     -999.990     -999.990     -999.990     -999.990     -999.990     -999.990
      23.3200      22.2500      22.9400      23.7400     -999.990     -999.990
     -999.990     -999.990     -999.990     -999.990     -999.990     -999.990
     -999.990     -999.990     -999.990      23.5300      21.2300      21.9800
      24.2200     -999.990     -999.990     -999.990     -999.990      24.5300
      23.6200      23.7100      22.3000      22.0500      23.9900      23.2300
      24.0000      24.8100     -999.990     -999.990     -999.990      24.3100
      23.7500      24.6800      23.8300      23.2700      21.4700      20.3700
      18.8400      18.5600      18.9800      19.2600      20.4500      20.9800
      20.7500      19.9300      20.3900      19.9400      19.7900      19.2000
      18.0600      17.1200      18.3600      17.3300      16.3100      18.6700
      21.8400      19.3100      19.3100      18.8800
     -999.990     -999.990     -999.990     -999.990     -999.990     -999.990
     -999.990     -999.990     -999.990     -999.990     -999.990     -999.990
     -999.990     -999.990     -999.990     -999.990     -999.990     -999.990
     -999.990     -999.990     -999.990     -999.990     -999.990     -999.990
     -999.990     -999.990     -999.990     -999.990     -999.990     -999.990
     -999.990      21.1000      21.6400      21.8300      22.2800      23.2100
      23.9900      24.3800      24.2400      24.2500      23.8300      23.4500
      23.3500      23.3000      22.6900      21.6900      22.2200      21.5700
      21.9700      22.3900      23.8700     -999.990      24.4600     -999.990
     -999.990     -999.990     -999.990     -999.990     -999.990     -999.990
     -999.990     -999.990     -999.990     -999.990     -999.990     -999.990
      23.9400      23.6000      24.0600     -999.990     -999.990     -999.990
     -999.990     -999.990     -999.990     -999.990      24.7300     -999.990
      24.0200      24.0100      24.4600      23.5200      23.3500      23.8700
      24.3000     -999.990     -999.990     -999.990     -999.990     -999.990
     -999.990      24.2700      23.7300      20.9800      21.9700      23.2500
      23.3600      23.4600      24.6600      24.8500     -999.990      24.0400
      24.3300      24.6800      24.8700      24.3800      22.6200      21.3800
      20.6100      20.1100      19.4600      19.7100      20.0000      20.1900
      20.2300      20.1000      20.8400      20.4200      20.3700      19.3900
      19.0900      18.4500      17.0400      17.1500      17.4000      19.1200
      23.4000      23.0400      25.0500      24.3500
     -999.990     -999.990     -999.990     -999.990     -999.990     -999.990
     -999.990     -999.990     -999.990     -999.990     -999.990     -999.990
     -999.990     -999.990     -999.990     -999.990     -999.990     -999.990
     -999.990     -999.990     -999.990     -999.990     -999.990     -999.990
     -999.990     -999.990     -999.990     -999.990     -999.990     -999.990
     -999.990      21.3900      21.7500      22.1600      22.7100      23.3700
      22.9500      23.2700      24.1000      23.8400      24.0400      24.1900
      24.5100      24.2300      22.5500      21.7300      23.2500      23.1000
      23.6900      23.7100     -999.990     -999.990     -999.990     -999.990
     -999.990     -999.990     -999.990     -999.990     -999.990     -999.990
     -999.990     -999.990     -999.990     -999.990     -999.990     -999.990
     -999.990     -999.990     -999.990     -999.990     -999.990     -999.990
     -999.990     -999.990      24.7500      24.3000      23.9400      24.6700
      24.3200      23.2400      24.3800      23.5700      24.2600      24.6000
     -999.990     -999.990     -999.990     -999.990     -999.990     -999.990
      24.3100      23.8500      25.0700      23.4200      22.7800      23.7800
      23.9200      24.6800      24.7700      23.2700     -999.990      25.2300
      24.9300      24.6700      24.8500      24.8800      23.3200      22.9700
      22.7300      21.6200      20.7000      20.3400      20.0800      19.3900
      19.6200      20.5400      20.7600      20.9700      19.7300      19.4900
      19.3700      18.4500      16.3400      16.7500      17.5700      19.2000
      22.9400      24.7500      24.8800      27.6100
     -999.990     -999.990     -999.990     -999.990     -999.990     -999.990
     -999.990     -999.990     -999.990     -999.990     -999.990     -999.990
     -999.990     -999.990     -999.990     -999.990     -999.990     -999.990
     -999.990     -999.990     -999.990     -999.990     -999.990     -999.990
     -999.990     -999.990     -999.990     -999.990     -999.990     -999.990
     -999.990     -999.990      21.5300      21.9200      22.7700      23.0600
      23.5100      24.0000      24.9300      25.0100      24.9900      25.0500
      24.6300      23.9500      22.3400      21.5500      22.7600      23.1500
      22.9300     -999.990     -999.990     -999.990     -999.990     -999.990
     -999.990     -999.990     -999.990     -999.990     -999.990     -999.990
     -999.990     -999.990     -999.990     -999.990     -999.990     -999.990
     -999.990      24.9500     -999.990     -999.990     -999.990     -999.990
     -999.990     -999.990      25.1000      23.7800      22.9200      22.8400
      22.0700      21.9100      23.4500      23.7400      24.1700     -999.990
     -999.990     -999.990     -999.990     -999.990     -999.990     -999.990
     -999.990      24.4200      24.3200      22.4800      19.4200      21.8800
      25.5600      25.0600      25.2900      24.7800      25.3500     -999.990
      25.0100      25.1800      23.9800      23.8800      23.9500      22.6700
      21.7200      21.2500      23.0600      20.6100      19.0900      20.0200
      19.8000      20.8600      20.4300      20.5100      20.6600      18.9900
      17.7000      21.8800      20.7600      20.5600      20.7500      24.1100
      27.4300      28.5700      28.2300      27.2100
     -999.990     -999.990     -999.990     -999.990     -999.990     -999.990
     -999.990     -999.990     -999.990     -999.990     -999.990     -999.990
     -999.990     -999.990     -999.990     -999.990     -999.990     -999.990
     -999.990     -999.990     -999.990     -999.990     -999.990     -999.990
     -999.990     -999.990     -999.990     -999.990     -999.990     -999.990
     -999.990      21.4900      21.0800      21.3400      22.0500      23.5400
      24.3200      24.8300      25.0500      24.3200      23.8800      23.2000
      23.2900      20.8100      20.7000      22.3900      23.6800     -999.990
     -999.990     -999.990     -999.990     -999.990     -999.990     -999.990
     -999.990     -999.990     -999.990     -999.990     -999.990     -999.990
     -999.990     -999.990      24.1800      23.9700      25.2000      25.7300
     -999.990      24.2900      25.0600      25.2100      24.7800      25.1800
      23.4400     -999.990     -999.990     -999.990      24.8200      23.9600
      23.7800      23.6700      24.4000     -999.990     -999.990     -999.990
     -999.990     -999.990     -999.990     -999.990     -999.990     -999.990
     -999.990     -999.990     -999.990      23.0000      22.0100      21.9000
      24.8100     -999.990      25.5700      25.6600      25.1600      25.1000
     -999.990      26.1600      25.8300      25.1400      24.4700      23.2200
      21.1600      20.3900      21.8700      23.5600      20.6600      19.0100
      19.6800      20.3000      21.0900      19.4200      16.2100      21.9500
      26.5400      27.2500      26.1000      24.9900      25.7800      27.1500
      28.4600      28.9600      28.7900      28.4100
     -999.990     -999.990     -999.990     -999.990     -999.990     -999.990
     -999.990     -999.990     -999.990     -999.990     -999.990     -999.990
     -999.990     -999.990     -999.990     -999.990     -999.990     -999.990
     -999.990     -999.990     -999.990     -999.990     -999.990     -999.990
     -999.990     -999.990     -999.990     -999.990     -999.990     -999.990
     -999.990      21.4200      21.8700      22.4600      23.1000     -999.990
     -999.990      24.0100      23.7600      22.4900      23.2200      23.1600
      23.0200      22.7300      23.0800      23.7000      24.3000      24.7200
     -999.990     -999.990     -999.990     -999.990      26.1300      26.0800
      25.7400      24.5700      23.2200      22.9500      22.1700      22.4900
      22.6500      22.6700      22.1800      22.3700      22.4200      22.7600
      24.1300      24.7600      25.1300      25.2800      25.2900      25.0800
      25.1500      25.1900      24.3600     -999.990     -999.990     -999.990
      25.0500      24.2700      24.5800     -999.990     -999.990     -999.990
     -999.990     -999.990     -999.990     -999.990     -999.990     -999.990
     -999.990     -999.990     -999.990      24.4400      23.6600      24.3100
      24.9200     -999.990      25.4000      25.6300      25.7200      25.9300
      26.0500     -999.990      26.2300      26.0600      26.4600      25.7400
      23.1200      19.8500      21.2300      26.4300      26.3000      23.9100
      19.1800      19.3300      22.1200      19.4500      23.7100      25.5600
      25.9800      25.5600      25.4700      26.8900      27.0700      27.9600
      28.6400      28.9700      29.0100      29.0300
     -999.990     -999.990     -999.990     -999.990     -999.990     -999.990
     -999.990     -999.990     -999.990     -999.990     -999.990     -999.990
     -999.990     -999.990     -999.990     -999.990     -999.990     -999.990
     -999.990     -999.990     -999.990     -999.990     -999.990     -999.990
     -999.990     -999.990     -999.990     -999.990     -999.990     -999.990
     -999.990     -999.990     -999.990     -999.990     -999.990     -999.990
     -999.990      24.2000      22.8600      23.0300     -999.990     -999.990
     -999.990     -999.990     -999.990     -999.990     -999.990     -999.990
     -999.990     -999.990      25.7400      25.7800      26.3200      26.1500
      25.6300      23.9500      22.8100      22.4700      22.3900      22.4500
      22.8200      22.5900      23.2600      22.9400      22.4900      22.4900
      23.8600      25.2100      25.4100      25.5300      26.1200      25.1700
     -999.990     -999.990     -999.990     -999.990     -999.990     -999.990
      25.3500     -999.990     -999.990     -999.990     -999.990     -999.990
     -999.990     -999.990     -999.990     -999.990     -999.990     -999.990
     -999.990     -999.990     -999.990     -999.990      24.3400      23.9900
      24.9900     -999.990     -999.990     -999.990      25.7800      25.9500
     -999.990     -999.990     -999.990      25.9400      26.4700     -999.990
      24.5000      23.9600      25.1800     -999.990     -999.990     -999.990
      25.2300      21.8000      24.3300      25.9900      25.9600     -999.990
     -999.990      24.8900      26.1000      26.9200      27.4400      28.1900
      28.7400      29.2200      29.3300      29.1100
     -999.990     -999.990     -999.990     -999.990     -999.990     -999.990
     -999.990     -999.990     -999.990     -999.990     -999.990     -999.990
     -999.990     -999.990     -999.990     -999.990     -999.990     -999.990
     -999.990     -999.990     -999.990     -999.990     -999.990     -999.990
     -999.990     -999.990     -999.990     -999.990     -999.990     -999.990
     -999.990     -999.990     -999.990     -999.990     -999.990     -999.990
     -999.990     -999.990      22.2700      23.9800     -999.990     -999.990
     -999.990     -999.990     -999.990     -999.990     -999.990      25.1200
      23.7800      24.5200      25.3700      26.1500      25.6500      24.6700
      24.3500      24.2900      23.5200      23.8800      24.4000      24.9300
      24.4200      23.6300      23.1300      23.4900      23.0300      23.1700
      23.5000      24.2800      24.4100      24.6300      27.0300      26.9400
      26.2700     -999.990     -999.990      25.7500     -999.990     -999.990
      24.9100      25.0500     -999.990     -999.990     -999.990     -999.990
     -999.990     -999.990     -999.990     -999.990     -999.990     -999.990
     -999.990     -999.990     -999.990     -999.990     -999.990     -999.990
      25.4100      25.3800      25.6200     -999.990     -999.990     -999.990
     -999.990     -999.990      26.0200      26.7400     -999.990     -999.990
     -999.990     -999.990     -999.990     -999.990     -999.990     -999.990
     -999.990     -999.990     -999.990     -999.990      27.0200     -999.990
     -999.990      25.4900      25.3100      26.4200      27.7300      28.1500
      28.8000      29.4200      29.6300      30.0000
     -999.990     -999.990     -999.990     -999.990     -999.990     -999.990
     -999.990     -999.990     -999.990     -999.990     -999.990     -999.990
     -999.990     -999.990     -999.990     -999.990     -999.990     -999.990
     -999.990     -999.990     -999.990     -999.990     -999.990     -999.990
     -999.990     -999.990     -999.990     -999.990     -999.990     -999.990
     -999.990     -999.990     -999.990     -999.990     -999.990     -999.990
     -999.990      23.9100      21.2600      21.3900      22.4300      22.9300
      22.8900      23.5300      24.3300      25.2800      24.3700      23.7600
      23.4500      23.9700      24.5400      25.1100      24.4500      24.4100
      25.0400      25.0000      24.5500      24.2500      25.3000      26.9200
      27.9100      25.3600      23.4800      22.9200      23.3000      23.4500
      24.1500      24.6700      25.3900      24.9800      26.4100      25.9900
      26.5800     -999.990     -999.990      25.9600     -999.990     -999.990
     -999.990     -999.990     -999.990     -999.990     -999.990     -999.990
     -999.990     -999.990     -999.990     -999.990     -999.990     -999.990
     -999.990     -999.990     -999.990     -999.990     -999.990     -999.990
     -999.990      24.7600      24.3600      23.8400      23.9800      24.1900
      25.4000      26.5400      26.5500     -999.990     -999.990     -999.990
     -999.990     -999.990     -999.990     -999.990     -999.990     -999.990
      27.1400      26.3000      27.6900      26.9100      27.1100     -999.990
     -999.990      27.8700      25.0600      27.0400      27.1400      27.3600
      28.1200      28.7000      28.5700      29.9500
