source_db,db_id,url,publication_refs,province,findspot_modern,findspot_ancient,type,text,date_from,date_to,date_basis_if_stated,person,rank,include,notes
EDH,HD003587,https://edh.ub.uni-heidelberg.de/edh/inschrift/HD003587,"AE 1987, 0414. ; G. Mennella - M.P. Pavese, Epigraphica 49, 1987, 254-257, Nr. 12; fig. 14. - AE 1987. ; CIL 05, 07443. (B) ;",Liguria (Regio IX),Valenza,Valentia - Forum Fulvi,epitaph / stele,M(arco) Vibio Q(uinti) f(ilio) Pom(?)(ptina) / veter(ano) leg(ionis) IX / Hispaniensis / Herenniae M(arci) f(iliae) Salin[ae] / uxsori(!) / Sal(vio) Vibio M(arci) f(ilio) Po[m?(ptina?)] / Clementi,1,100,EDH dating field (1 AD - 100 AD),M. Vibius Q. f. Pom.,veteranus leg. IX Hispaniensis,yes,"Concordance EDCS EDCS-05400693. = EDH HD003587 (AE 1987, 414). Augustan form ""Hispaniensis""."
EDH,HD003697,https://edh.ub.uni-heidelberg.de/edh/inschrift/HD003697,"AE 1988, 0583. ; G. Forni, Epigraphica 50, 1988, 105-107, Nr. 1; fig. 1. - AE. ; H.-G. Pflaum, Les fastes de la province de Narbonnaise (Paris 1978) 275. - AE. ; G. Forni, Il reclutamento delle legioni da Augusto a Diocleziano (Milano-Roma 1953) 164. (C) - AE. ; A. Calderini, Aquileia Romana (Milano 1930) 195, Nr. 4; 216, Nr. 2; 270. - AE. ;",Venetia et Histria (Regio X),Aquileia,Aquileia,epitaph / block,Betutia Sex(ti) l(iberta) Fusca / v(iva) f(ecit) sibi et / Sex(to) Betutio Sex(ti) f(ilio) Vol(tinia) / Vianna(!) patrono sig(nifero) leg(ionis) VIIII vet(erano) et / Sex(to) Betutio Sex(ti) l(iberto) Secundo conlib(erto) / et M(arco) Salvio Primo amico,31,70,EDH dating field (31 AD - 70 AD); EDH commentary: (C): Zeit: Augustus-Caligula.,"Sex. Betutius Sex. f. Vol. Vianna(?), Vienna","signifer leg. VIIII, veteranus",yes,"Concordance EDCS EDCS-01401119. = EDH HD003697 (AE 1988, 583). No legion cognomen."
EDH,HD003700,https://edh.ub.uni-heidelberg.de/edh/inschrift/HD003700,"AE 1988, 0584. (C) ; G. Forni, Epigraphica 50, 1988, 107-109, Nr. 2; fig. 2. - AE 1988. ; A. Calderini, Aquileia Romana (Milano 1930) 569. - AE 1988. ;",Venetia et Histria (Regio X),Aquileia,Aquileia,epitaph / stele,L(ucius) Viennius / L(uci) Ani(ensis) Verus / Foro Iuli / m[il(es) leg(ionis) VIIII? ------,31,70,EDH dating field (31 AD - 70 AD); EDH commentary: (C): AE 1988: 2. Hälfte 1. Jh.,"L. Viennius L. [f.] Ani. Verus, Forum Iulii",miles leg. VIIII(?),yes,"AE 1988, 584 (Aquileia); not retrieved from EDCS by the text searches."
EDH,HD004335,https://edh.ub.uni-heidelberg.de/edh/inschrift/HD004335,"AE 1979, 0397. ; C. Godineau, Gallia 37, 1979, 561. - AE 1979. ;",Narbonensis,Puget-sur-Argens,,epitaph / tabula,C(aio) Novellio / Q(uinti) f(ilio) Ani(ensi) / veterano / leg(ionis) VIIII,1,50,EDH dating field (1 AD - 50 AD),C. Novellius Q. f. Ani.,veteranus leg. VIIII,yes,"Concordance EDCS EDCS-11700356. = EDH HD004335 (AE 1979, 397)."
EDH,HD007055,https://edh.ub.uni-heidelberg.de/edh/inschrift/HD007055,"AE 1975, 0558b u. c. ; R.P. Wright - M.W.C. Hassall, Britannia 3, 1972, 361, Nr. 55. - AE 1975. ; RIB 2462, 8; Zeichnung. ;",Britannia,York,Eburacum,identification inscription / tile,[Leg(io) IX] Hisp(ana),71,122,EDH dating field (71 AD - 122 AD),-,tile stamp LEG IX HISP,yes,"Concordance EDCS EDCS-09400491. = EDH HD007055 (AE 1975, 558a, York)."
EDH,HD009867,https://edh.ub.uni-heidelberg.de/edh/inschrift/HD009867,"AE 1975, 0446. ;",Venetia et Histria (Regio X),Cremona,Cremona,,T(itus) Aponius P(ubli) f(ilius) / Ani(ensis) signifer / leg(ionis) IX Hispanien(sis) / vetera(nus) dona(tus) torq(uibus) / armillis phaleris / L(ucius) Aponius P(ubli) f(ilius) / fratri fecit,,,EDH dating field,T. Aponius P. f. Ani.,"signifer leg. IX Hispaniensis, veteranus; donatus torquibus armillis phaleris",yes,"Concordance EDCS EDCS-09400433. = EDH HD009867 (AE 1975, 446). Augustan form ""Hispaniensis""."
EDH,HD011186,https://edh.ub.uni-heidelberg.de/edh/inschrift/HD011186,"AE 1973, 0361. ; G. Kremer, in: E. Walde - B. Kainrath (Hrsg.), Die Selbstdarstellung der römischen Gesellschaft in den Provinzen im Spiegel der Steindenkmäler. ; IX. Internationales Kolloquium über Probleme des provinzialrömischen Kunstschaffens, Innsbruck 2005 (Innsbruck 2007) 143-158; Abb. 2. 7 u. 8; Abb. 3-6. 9-12 (Zeichnungen). ; CIL 13, 04030. ;",Belgica,Mersch,,epitaph,------] / flam[en] Augu[sti] / flamen Leni M[art]is quinq[uennalis] / praef(ectus) cohort(is) [II His]panor(um) eq[uitatae] / tribunus militu[m le]g(ionis) VIIII Hi[spanae] / praefect(us) e[quitum alae Augustae] / Vocon[tiorum ------,,,EDH dating field,"anonymous flamen Augusti, flamen Leni Martis",praef. coh. II Hispanorum eq.; tribunus militum leg. VIIII Hispanae; praef. eq. alae Aug. Vocontiorum,yes,"Concordance EDCS EDCS-10601003. = EDH HD011186 (CIL XIII 4030, Mersch)."
EDH,HD013966,https://edh.ub.uni-heidelberg.de/edh/inschrift/HD013966,"AE 1967, 0020. (B) ; A. Ferrua, Epigraphica 28, 1966, 29. 31, Nr. 22; fig. 4 a (Zeichnung). (B) - AE 1967. ; CIL 06, 41280; Zeichnung. ;",Roma,Roma,Roma,honorific inscription? / tabula,------] / [---] leg(ionis) IX [Hispaniae ---?] / [---] proc(uratori) pr[ov(inciae) ---] / [---? et provinciae no]vae(?) Arab[iae ---],106,161,EDH dating field (106 AD - 161 AD); EDH commentary: Inschriftengattung: statt Ehreninsc auch Grabinsc möglich. Datierung: zwischen 106 (Einrichtung der Provinz Arabia) u. 161 (Zerstörung der legio IX Hispana). (B): AE 1967: Z. 1: LEG T; Z. 3: [Liby]ae Ara[---]; Ferrua: Z. 3: [Li]byae.,anonymous eques,[trib. mil.?] leg. IX Hispanae; procurator prov. [...] et provinciae novae Arabiae,yes,"Concordance EDCS EDCS-01000406. = EDH HD013966 (CIL VI 41280 = AE 1967, 20). EDH dates 106-161, commentary: ""zwischen 106 (Einrichtung der Provinz Arabia) u. 161 (Zerstoerung der legio IX Hispana)""."
EDH,HD014357,https://edh.ub.uni-heidelberg.de/edh/inschrift/HD014357,"AE 1968, 0323. ; AE 2005, 1061. ; P.-M. Duval, REA 70, 1968, 430, Nr. 43, 14. - AE 1968. ; U. Schillinger-Häfele, BRGK 58, 1977, 528-529, Nr. 144. ; C. Keller, Archäologische Forschungen in Aachen. Katalog der Fundstellen in der Innenstadt und in Burtscheid (Mainz 2004) 80, Nr. 648/019; Abb. 52. - AE 2005. ;",Germania inferior,Aachen,Aquae Granni,votive inscription / altar,L(ucius) Latinius L(uci) f(ilius) Publilia / Macer Ver(ona) p(rimi)p(ilus) leg(ionis) VIIII Hisp(anae) / praef(ectus) castr(orum) pro se et suis / Apollini / v(otum) s(olvit) // l(ibens) m(erito),101,200,EDH dating field (101 AD - 200 AD),"L. Latinius L. f. Pub. Macer, Verona",primus pilus leg. VIIII Hispanae; praefectus castrorum,yes,"Concordance EDCS EDCS-10700516. = EDH HD014357 (AE 1968, 323, Aachen; altar to Apollo)."
EDH,HD020249,https://edh.ub.uni-heidelberg.de/edh/inschrift/HD020249,"EphEp 9, p. 557 n. 1111. ; AE 1909, 0241. ; F. Haverfield, Lincolnshire Notes and Queries 10, 1909, 193; Foto. - AE 1903. ; RIB 0257; Zeichnung. ;",Britannia,Lincoln,Lindum,epitaph / tabula,C(aius) Valerius C(ai) f(ilius) / Maec(ia) mil(es) leg(ionis) / IX sign(ifer) |(centuriae) Hospitis / ann(orum) XXXV stip(endiorum) XIIII / t(estamento) p(oni) i(ussit) / h(ic) [s(itus) e(st)],51,71,EDH dating field (51 AD - 71 AD),C. Valerius C. f. Maec.,"miles leg. IX, signifer, centuria Hospitis (aged 35, stip. 14)",yes,"Concordance EDCS EDCS-07800506. = EDH HD020249 (RIB 257, Lincoln)."
EDH,HD020257,https://edh.ub.uni-heidelberg.de/edh/inschrift/HD020257,"AE 1977, 0541. ; J.E. Bogaers - J.K. Haalebos, Studien zu den Militärgrenzen Roms 2, Internationaler Limeskongress 1974 (Xanten 1977) 107-109; Abb. 6 (Zeichnung). - AE 1977. ;",Germania inferior,Nijmegen,Ulpia Noviomagus Batavorum,owner/artist inscription / tile,Leg(ionis) VIIII Hisp(anae),71,130,EDH dating field (71 AD - 130 AD),-,tile stamp LEG VIIII HISP,yes,"Concordance EDCS EDCS-09301104. = EDH HD020257 (AE 1977, 541, Nijmegen). EDCS holds a single entry for the Nijmegen stamp series."
EDH,HD021172,https://edh.ub.uni-heidelberg.de/edh/inschrift/HD021172,"AE 1951, 0129. ; R.P. Wright, JRS 40, 1950, 116, Nr. 8. - AE 1951. ; RIB 0254; Zeichnung. ; J. Huskinson, Roman sculpture from Eastern England, CSIR Great Britain 1, 8 (Oxford 1994) 25, Nr. 51; Pl. 20, 51. ;",Britannia,Lincoln,Lindum,epitaph / stele,Q(uinti) Corneli / Q(uinti) f(ilii) Cla(udia) eq(uitis) / le(gionis) VIIII [|(centuria)] Cassi / Martia&lt;l=E&gt;is an(norum) / XL stip(endiorum) XIX / h(ic) s(itus) e(st),51,71,EDH dating field (51 AD - 71 AD),Q. Cornelius Q. f. Cla.,"eques leg. VIIII, centuria Cassi Martialis (aged 40, stip. 19)",yes,"Concordance EDCS EDCS-07800503. = EDH HD021172 (RIB 254, Lincoln)."
EDH,HD021539,https://edh.ub.uni-heidelberg.de/edh/inschrift/HD021539,"AE 1914, 0262. ; AE 1922, p. 10 s. n. 79. ;",Galatia,"Yalvaç, bei",Antiochia Pisidiae,,C(aio) Carist[a]/nio C(ai) f(ilio) Ser(gia) Fr[on]/toni trib(uno) mil(itum) pr[aef(ecto)] / eq(uitum) alae Bosp(oranorum) adl[e]/cto in senatu inter tribunic(ios) promoto in/ter praetorios leg(ato) pro / pr(aetore) Ponti et Bithyn(iae) leg(ato) Imp(eratoris) / divi Vespasian(i) Aug(usti) leg(ionis) / IX Hispanae in Britann(ia) / leg(ato) pro pr(aetore) Imp(eratoris) divi Titi / Caes(aris) Aug(usti) et Imp(eratoris) Domitiani / Caes(aris) Aug(usti) provinc(iae) Pam/phyliae et Lyciae patro/no col(oniae) // T(itus) Caristanius Cal/purnianus Rufus / ob merita eius h(onoris) c(ausa),,,EDH dating field,C. Caristanius C. f. Serg. Fronto (cos. suff. 90),legatus Imp. divi Vespasiani leg. IX Hispanae in Britannia (c. 76-79),yes,"Concordance EDCS EDCS-16201163. = EDH HD021539 (ILS 9485 = AE 1914, 262, Antioch in Pisidia)."
EDH,HD021832,https://edh.ub.uni-heidelberg.de/edh/inschrift/HD021832,"AE 1950, 0124. ; G. Webster, JRS 39, 1949, 59-60; fig. 3 (Zeichnung). - AE 1950. ; RIB 2462, 9(i). (B) ;",Britannia,Lincoln?,Lindum?,owner/artist inscription / tile,Leg(io) IX Hisp(ana),71,122,EDH dating field (71 AD - 122 AD),-,tile stamp LEG IX HISP,yes,"Concordance EDCS EDCS-15000024. = EDH HD021832 (AE 1950, 124, Lincoln?; = RIB II 2462.9(i) per EDH comment)."
EDH,HD025791,https://edh.ub.uni-heidelberg.de/edh/inschrift/HD025791,"AE 1930, 0109. ;",Asia,Yali-Baiyat,Savatra,,Lucio Servaeo [Sa]/bino |(centurioni) leg(ionis) VIII(I) His/panae |(centurioni) leg(ionis) III Au[g(ustae)] / |(centurioni) leg(ionis) VI victricis / statuam ex testam[ento],,,EDH dating field,L. Servaeus Sabinus,"centurio leg. VIIII Hispanae, III Augustae, VI Victricis",yes,"Concordance EDCS EDCS-16100418. = EDH HD025791 (AE 1930, 109, Savatra)."
EDH,HD026035,https://edh.ub.uni-heidelberg.de/edh/inschrift/HD026035,"C. Praschniker, JŒAI (Beibl.) 21/22, 1922, 215-216, Nr. 4; Abb. 127. – AE 1923. ; AE 1923, 0040. ; L. Rey, Albania 4, 1932, 105, Nr. 8. ; P.C. Sestieri, Studime e Tekste 2, 1, 1943, 82, Nr. 45. ; S. Anamali - H. Ceka - É. Deniaux, Corpus des inscriptions latines d’Albanie (Rome 2009) 56, Nr. 58; Zeichnung. ; U. Ehmig - R. Haensch, Die lateinischen Inschriften aus Albanien (LIA) (Bonn 2012) 115-117, Nr. 41; Zeichnung. ;",Macedonia,Durrës,Dyrrachium,honorific inscription / tabula,Q(uinto) Paesidio C(ai) f(ilio) / Aem(ilia) Macedoni / prim(o) pil(o) leg(ionis) IX Hisp(anae) / praef(ecto) castror(um) leg(ionis) IV / Scythic(ae) trib(uno) milit(um) leg(ionis) / eiusdem auguri / flamini Neronis Claudii Caesaris Aug(usti) / Germanici,54,66,EDH dating field (54 AD - 66 AD),Q. Paesidius C. f. Aem. Macedo,primus pilus leg. IX Hispanae; praef. castrorum leg. IIII Scythicae; trib. mil. leg. eiusdem; augur; flamen Neronis,yes,"Concordance EDCS EDCS-16201101. = EDH HD026035 (Dyrrachium), Neronian."
EDH,HD026601,https://edh.ub.uni-heidelberg.de/edh/inschrift/HD026601,"AE 1919, 0001. (B) ; L.R. Dean, AJA 23, 1919, 163-166, Nr. 5; fig. 1 (Zeichnung). (B) - AE 1919. ; A.B. West, Corinth. Results of excavations conducted by The American School of Classical Studies at Athens 8, 2. Latin inscriptions 1896-1926 (Cambridge [Mass.] 1931) 31-35, Nr. 54; Foto. ; PIR (2. Aufl.) A 993. ;",Achaia,"Peirene, bei","Colonia Laus Iulia Corinthus, aus",honorific inscription / statue base,[L(ucio) A]quillio C(ai) f(ilio) Pom(ptina) / [Fl]oro Turciano Gallo / [Xvir(o)] stlitib(us) iud(icandis) trib(uno) milit(um) leg(ionis) VIIII Mac(edonicae) / [proq]uaest(ori) Cypro(!) ex auctoritate Aug(usti) / [tr(ibuno) pl(ebis)] pr(aetori) proco(n)s(uli) provinciae Ach[ai(ae)] / [---]ti Ti(berius) Claudi(us) Anaxilas et / [--- II]vir(i) quinq(uennalis) sua pecunia,52,53,EDH dating field (52 AD - 53 AD),L. Aquillius C. f. Pom. Florus Turcianus Gallus,tribunus militum leg. VIIII Macedonicae,flag,"Concordance EDCS EDCS-08200279. = EDH HD026601 (Corinth). ""IX Macedonica"" = Augustan-period cognomen of a ninth legion, usually identified with the later IX Hispana (Ritterling; Keppie); flagged."
EDH,HD027393,https://edh.ub.uni-heidelberg.de/edh/inschrift/HD027393,"AE 1913, 0215. ;",Latium et Campania (Regio I),Agnano,,,D(is) M(anibus) / L(ucio) Decrio L(uci) f(ilio) Ser(gia) / Longino / praef(ecto) fabrum / |(centurioni) leg(ionis) II Aug(ustae) et VII / gemin(ae) bis et XXII / Deiotar(i)an(ae) p(rimo) p(ilo) legion(is) / eiusdem praef(ecto) castr(orum) / leg(ionis) VIIII Hispa(nae) / L(ucius) Decrius L(uci) f(ilius) Ser(gia) / Iulianus qui et / Numisianus / princeps leg(ionis) XI Cl(audiae) p(iae) f(idelis) patri opt(imo) / testamento fieri iussit,,,EDH dating field,L. Decrius L. f. Serg. Longinus,"praef. fabrum; centurio leg. II Aug., VII Gem. (bis), XXII Deiot.; primus pilus leg. eiusdem; praefectus castrorum leg. VIIII Hispanae",yes,"Concordance EDCS EDCS-16300271. = EDH HD027393 (AE 1913, 215, Agnano). Career pairs the two ""lost"" legions XXII Deiotariana and IX Hispana."
EDH,HD027675,https://edh.ub.uni-heidelberg.de/edh/inschrift/HD027675,"AE 1949, 0103. ; R.P. Wright, JRS 38, 1948, 103-104, Nr. 21. - AE 1949. ; AE 1951, p. 9 s. n. 9. ; RIB 2501, 7; Zeichnung. ;",Britannia,London,Londinium,owner/artist inscription? / instrumentum domesticum,[---] ima(ginifer) leg(ionis) IX,71,100,EDH dating field (71 AD - 100 AD),anonymous,imaginifer leg. IX (graffito),yes,"Concordance EDCS EDCS-15100031. = EDH HD027675 (AE 1949, 103, London). Same object as EDCS-51700627 (RIB II 2501.7)."
EDH,HD030763,https://edh.ub.uni-heidelberg.de/edh/inschrift/HD030763,"B.E. Thomasson, Fasti Africani. Senatorische und ritterliche Amtsträger in den römischen Provinzen Nordafrikas von Augustus bis Diokletian (Stockholm 1996) 53, Nr. 63. ; CIL 14, 03612. ; ILS 1025. ; InscrIt 04, 1 (2. Aufl.) 0129. ;",Latium et Campania (Regio I),Tivoli,Tibur,honorific inscription,L(ucio) Roscio M(arci) f(ilio) Qui(rina) / Aeliano Maecio / Celeri / co(n)s(uli) proco(n)s(uli) provinc(iae) / Africae pr(aetori) tr(ibuno) pl(ebis) quaest(ori) / Aug(usti) X vir(o) stlitib(us) iudic(andis) / trib(uno) mil(itum) leg(ionis) IX Hispan(ae) / vexillarior(um) eiusdem / in expeditione Germanica / donato ab Imp(eratore) Aug(usto) / militarib(us) donis corona / vallari et murali vexillis / argenteis II hastis puris II / salio / C(aius) Vecilius C(ai) f(ilio) Pal(atina) Probus / amico optimo / l(ocus) d(atus) s(enatus) c(onsulto),,,EDH dating field,L. Roscius M. f. Qui. Aelianus Maecius Celer (cos. suff. 100),"tribunus militum leg. IX Hispanae, vexillariorum eiusdem in expeditione Germanica (AD 83); donatus dona militaria",yes,"Concordance EDCS EDCS-05801602. = EDH HD030763 (CIL XIV 3612 = ILS 1025, Tibur)."
EDH,HD031258,https://edh.ub.uni-heidelberg.de/edh/inschrift/HD031258,"B.E. Thomasson, Fasti Africani. Senatorische und ritterliche Amtsträger in den römischen Provinzen Nordafrikas von Augustus bis Diokletian (Stockholm 1996) 149, Nr. 29a. ; CIL 08, 02747. ; ILS 1070. ; PIR (2. Aufl.) A 68. ; PIR (2. Aufl.) B 99. ;",Numidia,Tazoult-Lambèse,Lambaesis,,L(ucio) Novio Crispino / Martiali Saturnino / co(n)s(uli) desig(nato) leg(ato) Aug(usti) pr(o) pr(aetore) / provinciae Africae proco(n)s(uli) Galliae / Narbonensis leg(ato) Aug(usti) leg(ionis) I Italicae / leg(ato) Aug(usti) iuridico Astyriae et Gallaeciae / praetori trib(uno) pleb(is) quaestori pro praet(ore) / provinciae Macedoniae trib(uno) mil(itum) / leg(ionis) VIIII Hisp(anae) IIIIviro viarum / curandarum seviro eq(uitum) Romanorum / veterani [[leg(ionis) III]] Aug(ustae) / qui militare coeperunt Glabrione / et Torquato item Asiatico II et Aquilino co(n)s(ulibus),149,149,EDH dating field,L. Novius Crispinus Martialis Saturninus (cos. 150),tribunus militum leg. VIIII Hispanae (early in career),yes,"Concordance EDCS EDCS-20800611. = EDH HD031258 (CIL VIII 2747 = ILS 1070, Lambaesis)."
EDH,HD031261,https://edh.ub.uni-heidelberg.de/edh/inschrift/HD031261,"B.E. Thomasson, Fasti Africani. Senatorische und ritterliche Amtsträger in den römischen Provinzen Nordafrikas von Augustus bis Diokletian (Stockholm 1996) 149, Nr. 29b. ; CIL 08, 18273. ;",Numidia,Tazoult-Lambèse,Lambaesis,honorific inscription,[L(ucio) Novio C]rispi[no] / [Martial]i Saturn[ino] / [co(n)s(uli) de]sig(nato) leg(ato) Aug(usti) p[r(o) pr(aetore)] / [provinci]ae Africae proco(n)s(ularis) [Galliae] / [Narb]onensis leg(ato) Aug(usti) leg(ionis) / It[alic(ae) leg(ato)] / [Aug(usti) i]uridico Astyriae et [C]a[llaeciae] / [praeto]ri trib(uno) pleb(is) quaestori [pr(o) pr(aetore)] / [provinc]iae Macedoniae [trib(uno) militum] / [leg(ionis) V]IIII Hisp(anae) IIIIv[iro viarum cu]/[rand]arum seviro [eq(uitum) Romanorum] / [---]ilius Balbus tr[ib(unus) mil(itum)] / [---] Ulpius Postum[us ---] / [---] Cascellius C(ai) f(ilius) [---] / [---] Ulpius [---]vi[---] / [---] Pompeius Pro[---] / [---] Cassius [---],149,149,EDH dating field,L. Novius Crispinus Martialis Saturninus (cos. 150),tribunus militum leg. VIIII Hispanae,yes,"Concordance EDCS EDCS-24800728. = EDH HD031261 (CIL VIII 18273, Lambaesis), second copy."
EDH,HD031653,https://edh.ub.uni-heidelberg.de/edh/inschrift/HD031653,"AE 1903, 0368. ; IGLS 06, 2796. ; AE 1912, p. 75 s. n. 264. ; AE 1907, p. 37 s. n. 134. ; AE 1904, p. 22 s. n. 95. ;",Syria,Baalbek,Heliopolis,,C(aio) Velio Sal/vi f(ilio) Rufo p(rimo) p(ilo) leg(ionis) XII / fulm(inatae) / praef(ecto) vexillari/orum leg(ionum) VIIII I adiut(ricis) II adiut(ricis) / II Aug(ustae) VIII Aug(ustae) VIIII Hisp(aniae) XIIII ge/m(inae) XX vic(tricis) XXI rapac(is) trib(uno) co/h(ortis) XIII urb(anae) duci exercitus Africi et / Mauretanici ad nationes quae / sunt in Mauretania comprimendas do/nis donato ab Imp(eratore) Vespasiano et Imp(eratore) / Tito bello Iudaico corona vallar(i) / torquibus fa[le]ris armillis item / donis donato corona murali / hastis duabus vexillis duobus et bel/lo Marcomannorum Quadorum / Sarmatarum adversus quos expedi/tionem fecit per regnum Decebali / regis Dacorum corona murali has/tis duabus vexillis duobus proc(uratori) Imp(eratoris) Cae/saris Aug(usti) Germanici provinciae Panno/niae et Dalmatiae item proc(uratori) provinciae / Raetiae ius gladi hic missus in Parthiam Epipha/nem et Callinicum regis Antiochi filios ad / Imp(eratorem) Vespasianum cum ampla manu tribu/tariorum reduxit M(arcus) Alfius M(arci) f(ilius) Fabia O/lympiacus aquilife(r) vet(eranus) leg(ionis) XV Apollinar(is),,,EDH dating field,C. Velius Salvi f. Rufus,"primus pilus leg. XII Fulm.; praefectus vexillariorum legionum VIIII (I Adi., II Adi., II Aug., VIII Aug., VIIII Hisp., XIIII Gem., XX Vic., XXI Rapax)",yes,"Concordance EDCS EDCS-16300627. = EDH HD031653 (ILS 9200 = IGLS VI 2796, Heliopolis). Vexillation of IX Hispana in a Domitianic war (83 or 89)."
EDH,HD042822,https://edh.ub.uni-heidelberg.de/edh/inschrift/HD042822,"ILBulg 432. ; CIL 03, 12411. ; ILS 2666b. ; AE 1892, 0106. ; H. Škorpil - K. Škorpil, AEM 15, 1892, 209, Nr. 80; Zeichnung. - AE 1892. ;",Moesia inferior,Pavlikeni,"Nicopolis ad Istrum, bei",epitaph / stele,D(is) M(anibus) / L(ucius) Val(erius) L(uci) f(ilius) Proclus / mil(es) leg(ionis) V M(acedonicae) b(ene)f(iciarius) lega(ti) / opt(io) ad spe(m) ordin(is) / |(centurio) leg(ionis) eiusd(em) d(onatus) tor(quibus) ar(millis) / pha(le)r(is) bel(lo) Dac(ico) |(centurio) leg(ionis) I / Ital(icae) |(centurio) leg(ionis) XI Cl(audiae) |(centurio) leg(ionis) / XX V(aleriae) v(ictricis) |(centurio) leg(ionis) VIIII Hisp(anae) / mis(sus) h(onesta) mis(sione) vix(it) an(nos) LXXV / h(ic) s(itus) e(st),121,150,EDH dating field (121 AD - 150 AD),L. Valerius L. f. Proclus (died aged 75),"centurio leg. V Mac. (donatus bello Dacico), I Ital., XI Cl., XX V.V., VIIII Hisp.; missus honesta missione",yes,"Concordance EDCS EDCS-29100179. = EDH HD042822 (CIL III 12411 = ILS 2666b = ILBulg 432, Nedan/Nicopolis ad Istrum). Last post in IX Hispana after the Dacian wars."
EDH,HD049599,https://edh.ub.uni-heidelberg.de/edh/inschrift/HD049599,"AE 1997, 1023. ;",Narbonensis,Vidauban,,epitaph / tabula,T(ito) Cri[spio mi]l(iti) leg(ionis) IX / T(itus) Cr[ispius ---] / [-] Cesa[---]aus / AV[--]M[---] Secun[du]s / C[---]erius Iustus / O[---] s(ua) p(ecunia) f(aciendum) c(uraverunt),,,EDH dating field,T. Crispius,miles leg. IX,yes,"Concordance EDCS EDCS-08600717. = EDH HD049599 (AE 1997, 1023)."
EDH,HD050314,https://edh.ub.uni-heidelberg.de/edh/inschrift/HD050314,"AE 2009, 0925-0928. ; AE 1996, 1107. ; W.J.H. Willems u. a., Ulpia Noviomagus. Roman Nijmegen. The Batavian capital at the imperial frontier, JRA (Suppl.) 73 (Portsmouth (Rhode Island) 2009) 152; fig. 54 (Zeichnungen). - AE 2009, 0925-0928. ; P.J. Sijpesteijn, ZPE 111, 1996, 282-282; Foto. - AE 1996. ;",Germania inferior,Nijmegen,Ulpia Noviomagus Batavorum,owner/artist inscription / instrumentum militare,Leg(io) Hisp(ana) / IX,121,130,EDH dating field (121 AD - 130 AD),-,silvered bronze phalera pendant inscribed LEG HISP IX,yes,"Concordance EDCS EDCS-03000651. = EDH HD050314 (AE 1996, 1107; ZPE 111, 281; Nijmegen/Ewijk). EDCS/EDH date 121-130."
EDH,HD050845,https://edh.ub.uni-heidelberg.de/edh/inschrift/HD050845,"AE 1995, 1010. ; M.C. Bishop, ArchAel 23, 1995, 311-132; Foto. - AE 1995. ; M.W.C. Hassall - R.S.O. Tomlin, Britannia 26, 1995, 389, (e), Anm. 59 u. 60. - AE 1995. ;",Britannia,Corbridge?,Corstopitum?,owner/artist inscription / tile,[Le]g(io) VIII[I ---],105,122,EDH dating field (105 AD - 122 AD),-,stamp/graffito LEG VIIII,yes,"Concordance EDCS EDCS-03300636. = EDH HD050845 (AE 1995, 1010, Corbridge)."
EDH,HD050953,https://edh.ub.uni-heidelberg.de/edh/inschrift/HD050953,"AE 1995, 1204. (B) ; V. Kolšek, AArchSlov 46, 1995, 282. 288, Nr. 6; sl. 6. (B) - AE 1995. ; PME V 052. ; PIR V 185. ;",Noricum,Celje,Celeia,honorific inscription / tabula,[------] / [---? p]raef(ecto) eq(uitum) al(ae) Br[itannicae] / mil(l)iariae prae[fecto auxil(iis)] / [H]ispaniensib(us) in T[ingitaniam] / [M]auretanic(am) mis[sis praef(ecto)] / [eq(uitum)] al(ae) II Pannonior(um) [trib(uno) mil(itum) leg(ionis)] / [XX]X U(lpiae) praef(ecto) coh(ortis) II G[allorum] / Macedonicae / [-? M]arcius Felix prae[f(ecuts)?] / [si]ngularium praes[idi] / optime de se mer[ito],147,150,EDH dating field (147 AD - 150 AD),T. Varius Clemens,praefectus auxiliis Hispaniensibus,no,"Concordance EDCS EDCS-03300728. = EDH HD050953 (Celeia); auxilia, not the legion."
EDH,HD056334,https://edh.ub.uni-heidelberg.de/edh/inschrift/HD056334,"CIL 03, 00551. ; ILS 0928. ; IG 02 (2. Aufl.) 04126. ; M.C.J. Miller, Inscriptiones Atticae. Supplementum inscriptionum Atticarum 6 (Chicago 1992) 13-15, Nr. 4. ; PIR (2. Aufl.) A 993. ;",Achaia,Athínai,Athenae,honorific inscription / tabula?,L(ucio) Aquillio C(ai) f(ilio) Pom(ptina) Floro / Turciano Gallo / Xvir(o) stl(itibus) iud(icandis) tribuno mil(itum) leg(ionis) VIIII / Macedonic(ae) quaestor(i) Imp(eratoris) Caesar(is) Aug(usti) / proquaest(ore) provinc(iae) Cypri tr(ibuno) pl(ebi) pr(aetori) proco(n)s(uli) Achaiae // ἡ βουλὴ ἡ ἐξ Ἀρείου πά/γου καὶ ἡ βουλὴ ἡ τῶν χʹ κα[ὶ] / ὁ δῆμος Λ(ούκιον) Ἀκύλλιον Φλῶ/ρον Τουρκιανὸν Γάλλον ἀν/θύπατον εὐνοίας ἕνεκεν / τῆς πρὸς τὴν πόλιν / ἐπὶ ἱερίας Ἱπποσσθενίδος τῆς Νικοκλέ/[ους Πε]ιραιέως θυγατρός,,,EDH dating field,L. Aquillius C. f. Pom. Florus Turcianus Gallus,tribunus militum leg. VIIII Macedonicae,flag,"Concordance EDCS EDCS-27000426. = EDH HD056334 (Athens, CIL III 551 = ILS 928). Same man/cognomen issue as EDCS-08200279."
EDH,HD069558,https://edh.ub.uni-heidelberg.de/edh/inschrift/HD069558,"CIL 07, 00183. (B) ; ILS 2255. (B) ; RIB 0255; Zeichnung. ; J. Huskinson, Roman sculpture from Eastern England, CSIR Great Britain 1, 8 (Oxford 1994) 24-25, Nr. 49; Pl. 20, 49. ;",Britannia,Lincoln,Lindum,epitaph / stele,G(aio) Saufeio / G(ai) f(ilio) Fab(ia) Her(aclea) / militi legio(nis) / VIIII / annor(um) XXXX / stip(endiorum) XXII / h(ic) s(itus) e(st),51,71,EDH dating field (51 AD - 71 AD),"C. Saufeius C. f. Fab., Heraclea","miles leg. VIIII (aged 40, stip. 22)",yes,"Concordance EDCS EDCS-07800504. = EDH HD069558 (RIB 255 = ILS 2255, Lincoln); livius.org ""tombstone of Gaius Saufeius""."
EDH,HD069559,https://edh.ub.uni-heidelberg.de/edh/inschrift/HD069559,"CIL 07, 00184. ; RIB 0256; Zeichnung. ; J. Huskinson, Roman sculpture from Eastern England, CSIR Great Britain 1, 8 (Oxford 1994) 25, Nr. 50; Pl. 20, 50. ;",Britannia,Lincoln,Lindum,epitaph / stele,L(uci) Semproni Fla/vini mil(i)t(i)s leg(ionis) VIIII / |(centuria) Babudi Severi / aer(um) VII an(n)or(um) XXX / (H)ispani Galeria / Clunia,51,71,EDH dating field (51 AD - 71 AD),"L. Sempronius Flavinus, Hispanus, Gal., Clunia","miles leg. VIIII, centuria Babudi Severi (aerum VII, aged 30)",yes,"Concordance EDCS EDCS-07800505. = EDH HD069559 (RIB 256, Lincoln)."
EDH,HD069562,https://edh.ub.uni-heidelberg.de/edh/inschrift/HD069562,"CIL 07, 00188. ; CIL 07, 00196. ; RIB 0260. ; J. Huskinson, Roman sculpture from Eastern England, CSIR Great Britain 1, 8 (Oxford 1994) 26, Nr. 52; Pl. 20, 52. ;",Britannia,Lincoln,Lindum,epitaph / tabula?,[--]rcu[-] / [---]s M(arci) [f(ilius)] / Camilla Pisa/uro mil(es) / leg(ionis) V[IIII ---],51,71,EDH dating field (51 AD - 71 AD),"[...]rcu[...]s M. f. Cam., Pisaurum",miles leg. VIIII,yes,"Concordance EDCS EDCS-07800509. = EDH HD069562 (RIB 260, Lincoln)."
EDH,HD069924,https://edh.ub.uni-heidelberg.de/edh/inschrift/HD069924,"EphEp 7, p. 300 n. 928. (B) ; RIB 0659; Zeichnung. ;",Britannia,York,Eburacum,votive inscription / altar,D[eo sancto] / Silva[no s(acrum)] / L(ucius) Celerin[i]us / Vitalis corni(cularius) / leg(ionis) VIIII His(panae) / v(otum) s(olvit) l(ibens) l(aetus) m(erito) / et donum hoc donum / adpertiniat cautum attiggam,71,122,EDH dating field (71 AD - 122 AD),L. Celerinius Vitalis,cornicularius leg. VIIII Hispanae,yes,"Concordance EDCS EDCS-07800942. = EDH HD069924 (RIB 659, York; altar to Silvanus)."
EDH,HD069928,https://edh.ub.uni-heidelberg.de/edh/inschrift/HD069928,"CIL 07, 00241. (B) ; RIB 0665; Foto u. Zeichnung. ;",Britannia,York,Eburacum,building/dedicatory inscription / tabula,[I]mp(erator) Caesar / [divi N]ervae fil(ius) Ne[rva] / [Trai]anus Aug(ustus) Ger[m(anicus) Dac]/[icus po]ntifex maximu[s tribun]/[iciae po]testatis XII imp(erator) V[I co(n)s(ul) V p(ater) p(atriae)] / [portam] per leg(ionem) VIIII Hi[sp(anam) fecit],107,108,EDH dating field (107 AD - 108 AD),"Imp. Caesar Nerva Traianus Aug. (trib. pot. XII, cos. V)",building inscription: porta per leg. VIIII Hisp. facta,yes,"Concordance EDCS EDCS-07800948. = EDH HD069928 (RIB 665 = CIL VII 241, York fortress gate, AD 107/108). Latest securely dated attestation in Britain."
EDH,HD069936,https://edh.ub.uni-heidelberg.de/edh/inschrift/HD069936,"CIL 07, 00243. ; RIB 0673; Foto u. Zeichnung. ; S.R. Tufi, Yorkshire, CSIR Great Britain 1, 3 (Oxford 1983) 29-30, Nr. 44; Pl. 14, 44. ;",Britannia,York,Eburacum,epitaph / stele,L(ucius) Duccius / L(uci) Volt(inia) Rufi/nus Vien(na) / signif(er) leg(ionis) VIIII / an(norum) XXIIX / h(ic) s(itus) e(st),71,122,EDH dating field (71 AD - 122 AD),"L. Duccius L. f. Vol. Rufinus, Vienna",signifer leg. VIIII (aged 28),yes,"Concordance EDCS EDCS-07800964. = EDH HD069936 (RIB 673, York)."
EDH,HD069942,https://edh.ub.uni-heidelberg.de/edh/inschrift/HD069942,"CIL 07, 00244. ; RIB 0680; Zeichnung. ; S.R. Tufi, Yorkshire, CSIR Great Britain 1, 3 (Oxford 1983) 43-44, Nr. 66; Pl. 20, 66. ;",Britannia,York,Eburacum,epitaph / tabula,[G(aio) ---]o G(ai) fil(io) / [Cl(audia) ---] [N]ovaria / [--- leg(ionis) I]X Hisp(anae) here/[des et lib(erti)] patrono / [bene mer]enti fecerunt,71,122,EDH dating field (71 AD - 122 AD),"C. [...]us C. f. Cla. [...], Novaria",[miles?] leg. IX Hispanae,yes,"Concordance EDCS EDCS-07800971. = EDH HD069942 (RIB 680, York)."
EDH,HD073328,https://edh.ub.uni-heidelberg.de/edh/inschrift/HD073328,RIB 3042; Foto u. Zeichnung. ;,Britannia,Hayling Island,,votive inscription? / altar?,------] / [--- Na]evian[us(?) ---] / [--- l]eg(ionis) VIII[I(?) ---] / [------,43,100,EDH dating field (43 AD - 100 AD),[Na]evianus,[miles?] leg. VIIII,yes,"Concordance EDCS EDCS-44500013. = EDH HD073328 (RIB 3042, Hayling Island; votive fragment)."
EDCS,EDCS-01000406,https://edcs.hist.uzh.ch/monument/EDCS-01000406,CIL 06 41280; AIIRoma 08 00022; AE 1967 00020,Roma,Roma,,milites; ordo equester; tituli honorarii; viri / material: lapis,] leg(ionis) IX [Hispanae 3] / [3] proc(uratori) pr[ov(inciae) 3] / [3 et provinciae no]vae(?) Arab[iae,106,161,EDCS dating field (no criteria stated),anonymous eques,[trib. mil.?] leg. IX Hispanae; procurator prov. [...] et provinciae novae Arabiae,yes,"= EDH HD013966 (CIL VI 41280 = AE 1967, 20). EDH dates 106-161, commentary: ""zwischen 106 (Einrichtung der Provinz Arabia) u. 161 (Zerstoerung der legio IX Hispana)""."
EDCS,EDCS-01401118,https://edcs.hist.uzh.ch/monument/EDCS-01401118,Pais 00180; InscrAqu 02 02761; AE 2019 +00505,Venetia et Histria / Regio X,Aquileia,,milites; tituli sepulcrales; viri / material: lapis,C(aio) Aninio / [3] Lem(onia) Bono[n(ia)] / [mi]l(iti) leg(ionis) VIIII / [stip(endiorum)] XXII / [3 d]e [s]uo,10,43,EDCS dating field (no criteria stated),"C. Aninius, Lemonia, Bononia",miles leg. VIIII (stip. XXII),yes,Aquileia group; no cognomen of legion given. Not in EDH.
EDCS,EDCS-01401119,https://edcs.hist.uzh.ch/monument/EDCS-01401119,InscrAqu 02 02762; Epigraphica 1988 00001; AE 1988 00583; AE 2009 +00856,Venetia et Histria / Regio X,Aquileia,,liberti/libertae; milites; mulieres; praenomen et nomen; tituli sepulcrales; tria nomina; viri / material: lapis,Betutia Sex(ti) l(iberta) Fusca / v(iva) f(ecit) sibi et / Sex(to) Betutio Sex(ti) f(ilio) Vol(tinia) / Vi<e=A>nna patrono sig(nifero) / leg(ionis) VIIII vet(erano) et / Sex(to) Betutio Sex(ti) l(iberto) Secundo conlib(erto) / et M(arco) Salvio Primo amico,31,70,EDCS dating field (no criteria stated),"Sex. Betutius Sex. f. Vol. Vianna(?), Vienna","signifer leg. VIIII, veteranus",yes,"= EDH HD003697 (AE 1988, 583). No legion cognomen."
EDCS,EDCS-01600184,https://edcs.hist.uzh.ch/monument/EDCS-01600184,CIL 05 00906; InscrAqu 02 02763; AE 2019 +00031,Venetia et Histria / Regio X,Aquileia,,milites; ordo decurionum; tituli sepulcrales; tria nomina; viri / material: lapis,T(itus) Cassius T(iti) f(ilius) Firmus / |(centurio) leg(ionis) VIIII Hisp(anae) IIIIvir i(ure) d(icundo),1,50,EDCS dating field (no criteria stated),T. Cassius T. f. Firmus,centurio leg. VIIII Hisp(anae); IIIIvir i.d.,yes,Aquileia. Not in EDH.
EDCS,EDCS-01600189,https://edcs.hist.uzh.ch/monument/EDCS-01600189,CIL 05 00911; InscrAqu 02 02764; AE 2013 +00541; AE 2019 +00505,Venetia et Histria / Regio X,Aquileia,,milites; praenomen et nomen; tituli sepulcrales; viri / material: lapis,C(aius) Fabius / C(ai) f(ilius) / Publil(ia) / Verona / miles leg(ionis) / VIIII Hisp(anae) / h(ic) s(itus) e(st),10,43,EDCS dating field (no criteria stated),C. Fabius C. f. Pub. Verona,miles leg. VIIII Hispanae,yes,CIL V 911; cited by livius.org as evidence for the legion in the Aquileia/Pannonia area under Augustus. Not in EDH.
EDCS,EDCS-01600224,https://edcs.hist.uzh.ch/monument/EDCS-01600224,CIL 05 00947; InscrAqu 02 02765,Venetia et Histria / Regio X,Aquileia,,milites; praenomen et nomen; tituli sepulcrales; viri / material: lapis,Q(uintus) Vettidius Q(uinti) f(ilius) / Cla(udia) Beria / mil(es) leg(ionis) VIIII / stip(endiorum) VIII / M(arcus) Petronius / et M(arcus) Attius / heredes posuer(unt),1,50,EDCS dating field (no criteria stated),Q. Vettidius Q. f. Cla. Beria,miles leg. VIIII (stip. VIII),yes,Aquileia; no legion cognomen. Not in EDH.
EDCS,EDCS-03000651,https://edcs.hist.uzh.ch/monument/EDCS-03000651,ZPE 111 281; UlpiaNov p 152; AE 1996 01107; AE 2000 +01011,Germania inferior,Nijmegen / Noviomagus Batavorum,,milites; tituli possessionis / material: aes,Leg(io) Hisp(ana) / IX,121,130,EDCS dating field (no criteria stated),-,silvered bronze phalera pendant inscribed LEG HISP IX,yes,"= EDH HD050314 (AE 1996, 1107; ZPE 111, 281; Nijmegen/Ewijk). EDCS/EDH date 121-130."
EDCS,EDCS-03300636,https://edcs.hist.uzh.ch/monument/EDCS-03300636,AE 1995 01010,Britannia,Corbridge / Coria / Corstopitum,,sigilla impressa; tituli fabricationis / material: opus figlinae,[Le]g(io) VIII[I,,,EDCS: undated,-,stamp/graffito LEG VIIII,yes,"= EDH HD050845 (AE 1995, 1010, Corbridge)."
EDCS,EDCS-03300728,https://edcs.hist.uzh.ch/monument/EDCS-03300728,CERom 19/20 00876; AE 1995 01204; AE 2014 +00009; RICeleia 00216,Noricum,Celje / Celeia,,milites; ordo equester; tituli honorarii; tria nomina; viri / material: lapis,p]raef(ecto) eq(uitum) al(ae) Br[itannicae] / miliariae prae[fecto auxil(iis)] / [H]ispaniensib(us) in T[ingitaniam] / [M]auretanic(am) mis[sis praef(ecto)] / [eq(uitum)] al(ae) II Pannonior(um) [trib(uno) mil(itum) leg(ionis)] / [XX]X U(lpiae) praef(ecto) coh(ortis) II G[allorum] / Macedonicae / [M]arcius Felix prae[positus] / [si]ngularium praes[idi] / optime de se merito,147,150,EDCS dating field (no criteria stated),T. Varius Clemens,praefectus auxiliis Hispaniensibus,no,"= EDH HD050953 (Celeia); auxilia, not the legion."
EDCS,EDCS-04200484,https://edcs.hist.uzh.ch/monument/EDCS-04200484,"CIL 05 00397; InscrIt 10 02, 00242; D 02240",Venetia et Histria / Regio X,Vizinada / Visinade / Parentium,,milites; mulieres; praenomen et nomen; tria nomina; viri / material: lapis,L(ucius) Vinusius / L(uci) f(ilius) veter(anus) / leg(ionis) VIIII / Triumph(alis) / Septumiae / P(ubli) f(iliae) Sabinae / uxori / Vinusiae Tert/ullae f(iliae) anno(rum) X,1,50,EDCS dating field (no criteria stated),L. Vinusius L. f.,veteranus leg. VIIII Triumphalis,flag,"ILS 2240. Cognomen ""Triumphalis"": earlier (triumviral) title of a ninth legion; identity with the later IX Hispana is the usual assumption (Ritterling; Keppie) but not certain."
EDCS,EDCS-04201559,https://edcs.hist.uzh.ch/monument/EDCS-04201559,CIL 05 02507,Venetia et Histria / Regio X,Este / Ateste,, / material: lapis,L(ucius) Mestrius / C(ai) f(ilius) Rom(ilia) / leg(ionis) IX,1,50,EDCS dating field (no criteria stated),L. Mestrius C. f. Rom.,(miles/veteranus) leg. IX,flag,Ateste veteran colony (Augustan); legion IX without cognomen.
EDCS,EDCS-04203381,https://edcs.hist.uzh.ch/monument/EDCS-04203381,"CIL 05 04329 (p 1079); InscrIt 10 05, 00116; D 00940",Venetia et Histria / Regio X,Brescia / Brixia,,milites; ordo senatorius; sacerdotes pagani; tituli honorarii; tria nomina; viri / material: lapis,P(ublio) Cornelio Len[tulo] / Scipioni co(n)s(uli) praef(ecto) / aerari(i) legato Ti(beri) / Caesaris Aug(usti) leg(ionis) / VIIII Hispan(ae) pontif(ici) / fetiali d(ecreto) d(ecurionum),24,30,EDCS dating field (no criteria stated),P. Cornelius Lentulus Scipio (cos. suff. AD 24),legatus Ti. Caesaris Aug. leg. VIIII Hispanae,yes,"ILS 940. Commander of the legion in Africa against Tacfarinas, AD 22-24 (Tac. Ann. 3.74). Not in EDH."
EDCS,EDCS-04400181,https://edcs.hist.uzh.ch/monument/EDCS-04400181,"InscrIt 10 02, 00252; CIL 05 08197; Pais 00037",Venetia et Histria / Regio X,Porec / Parenzo / Parentium,,tituli sepulcrales / material: lapis,M(arco) Mor[ano 1 f(ilio)] / Voltiom[no patri] / Apiaria[e 1 f(iliae)] / Tertiae m[atri] / M(arco) Morano [M(arci) f(ilio)] / Rufo fratri opti(oni) / leg(ionis) VIIII / [1] Morano M(arci) f(ilio) / fratri militi / leg(ionis) XI / L(ucius) Moranu[s M(arci) f(ilius) 3] / v(ivus) [f(ecit)],,,EDCS: undated,"M. Moranus M. f. Rufus (brother of Moranus, miles leg. XI)",optio leg. VIIII,yes,"InscrIt X 2, 252; the Porec/Parentium ""tombstone of Moranus"" cited by livius.org. Not in EDH."
EDCS,EDCS-05100371,https://edcs.hist.uzh.ch/monument/EDCS-05100371,"CIL 05 05218; Hiberia p 316,07; AE 2007 +00647",Transpadana / Regio XI,Lasnigo,,mulieres; tituli sepulcrales; viri / material: lapis,V(ivus) f(ecit) / veter(anus) leg(ionis) VIIII / C(aius) Alebo Castici / f(ilius) sibi et Pompei/ae Dorchadi con/iugi suae,-50,-1,EDCS dating field (no criteria stated),C. Alebo Castici f.,veteranus leg. VIIII,flag,EDCS dates 50-1 BC: could be the Caesarian/triumviral Ninth rather than the imperial IX Hispana.
EDCS,EDCS-05100973,https://edcs.hist.uzh.ch/monument/EDCS-05100973,CIL 05 05818; AE 1995 00652; AE 2012 +00014; Sartori-2020 00036,Transpadana / Regio XI,Milano / Mediolanum,,liberti/libertae; milites; mulieres; nomen singulare; praenomen et nomen; tituli sepulcrales; viri / material: lapis,V(ivus) v(iva) || [3 A]lbucius Vindilli f(ilius) / [vet]eranus miles / [le]g(ionis) VIIII t(estamento) f(ieri) i(ussit) sibi et / [A]mphioni l(ibertae) uxori / [,26,50,EDCS dating field (no criteria stated),Albucius Vindilli f.,veteranus miles leg. VIIII,yes,CIL V 5818; no legion cognomen. Not in EDH.
EDCS,EDCS-05400409,https://edcs.hist.uzh.ch/monument/EDCS-05400409,CIL 05 07159,Liguria / Regio IX,Monteu da Po / Industria,,liberti/libertae; milites; nomen singulare; ordo equester; tituli honorarii; tria nomina; viri / material: lapis,M(arco) Cocceio M(arci) f(ilio) / Pol(lia) Severo / prim(o) pilo leg(ionis) VIIII / Hispanae / praefecto leg(ionis) X Geminae / Cinnamus l(ibertus),101,200,EDCS dating field (no criteria stated),M. Cocceius M. f. Pol. Severus,primus pilus leg. VIIII Hispanae; praefectus leg. X Geminae,yes,CIL V 7159. Praefectus (castrorum) of X Gemina implies a date c. AD 70-120 (X Gemina at Nijmegen until c. 104). Not in EDH.
EDCS,EDCS-05400693,https://edcs.hist.uzh.ch/monument/EDCS-05400693,"CIL 05 07443; SupIt 17 FF, 00004; EMonferrato 00012; Hiberia p 328; AE 1987 00414; AE 1999 +00651",Liguria / Regio IX,Valenza / Forum Fulvii,,milites; mulieres; praenomen et nomen; tituli sepulcrales; tria nomina / material: lapis,M(arco) Vibio Q(uinti) f(ilio) Pom(ptina) / veter(ano) leg(ionis) IX / Hispanienis / Herenniae M(arci) f(iliae) Salin[ae] / ux{s}ori / Sal(vio) Vibio M(arci) f(ilio) Po[m(ptina)] / Clementi,1,50,EDCS dating field (no criteria stated),M. Vibius Q. f. Pom.,veteranus leg. IX Hispaniensis,yes,"= EDH HD003587 (AE 1987, 414). Augustan form ""Hispaniensis""."
EDCS,EDCS-05400745,https://edcs.hist.uzh.ch/monument/EDCS-05400745,CIL 05 07495; D 02337,Liguria / Regio IX,Chieri / Carreum Potentia,,milites; praenomen et nomen; tituli sepulcrales; viri / material: lapis,L(ucius) Coelius Q(uinti) f(ilius) / miles leg(ionis) VIIII / signifer ob / virtutes phalaris / torquibus / armillis don[atus,-50,-1,EDCS dating field (no criteria stated),L. Coelius Q. f.,"miles leg. VIIII, signifer; donatus phaleris torquibus armillis",flag,ILS 2337. EDCS dates 50-1 BC: possibly the Caesarian/triumviral Ninth.
EDCS,EDCS-05801602,https://edcs.hist.uzh.ch/monument/EDCS-05801602,"CIL 14 03612; CIL 09 *00608,1; EE 09 p 470; Macerata p 213; D 01025; InscrIt 04 01, 00129; BritRom 03 00019; Epigraphica 2018 394; AE 2018 +00151",Samnium / Regio IV,Tivoli / Tibur,,Augusti/Augustae; milites; ordo senatorius; sacerdotes pagani; tituli honorarii; viri / material: lapis,L(ucio) Roscio M(arci) f(ilio) Qui(rina) / Aeliano Maecio / Celeri / co(n)s(uli) proco(n)s(uli) provinc(iae) / Africae pr(aetori) tr(ibuno) pl(ebis) quaest(ori) / Aug(usti) Xvir(o) stlitib(us) iudic(andis) / trib(uno) mil(itum) leg(ionis) IX Hispan(ae) / vexillarior(um) eiusdem / in expeditione Germanica / donato ab Imp(eratore) Aug(usto) / militarib(us) donis corona / vallari et murali vexillis / argenteis II hastis puris II / salio / C(aius) Vecilius C(ai) f(ilius) Pal(atina) Probus / amico optimo / l(ocus) d(atus) s(enatus) c(onsulto),117,118,EDCS dating field (no criteria stated),L. Roscius M. f. Qui. Aelianus Maecius Celer (cos. suff. 100),"tribunus militum leg. IX Hispanae, vexillariorum eiusdem in expeditione Germanica (AD 83); donatus dona militaria",yes,"= EDH HD030763 (CIL XIV 3612 = ILS 1025, Tibur)."
EDCS,EDCS-07800503,https://edcs.hist.uzh.ch/monument/EDCS-07800503,RIB 01 00254; AE 1951 00129; BritRom 02 00013,Britannia,Lincoln / Lindum,,tituli sepulcrales / material: lapis,Q(uinti) Corneli / Q(uinti) f(ilii) Cla(udia) eq(uitis) / le(gionis) VIIII [|(centuria)] Cassi / Martialis an(norum) / XL stip(endiorum) XIX / h(ic) s(itus) e(st),51,70,EDCS dating field (no criteria stated),Q. Cornelius Q. f. Cla.,"eques leg. VIIII, centuria Cassi Martialis (aged 40, stip. 19)",yes,"= EDH HD021172 (RIB 254, Lincoln)."
EDCS,EDCS-07800504,https://edcs.hist.uzh.ch/monument/EDCS-07800504,CIL 07 00183; RIB 01 00255; D 02255; BritRom 02 00004,Britannia,Lincoln / Lindum,,milites; praenomen et nomen; tituli sepulcrales; viri / material: lapis,C(aio) Saufeio / C(ai) f(ilio) Fab(ia) Her(aclea) / militi legio(nis) / VIIII / annor(um) XXXX / stip(endiorum) XXII / h(ic) s(itus) e(st),51,70,EDCS dating field (no criteria stated),"C. Saufeius C. f. Fab., Heraclea","miles leg. VIIII (aged 40, stip. 22)",yes,"= EDH HD069558 (RIB 255 = ILS 2255, Lincoln); livius.org ""tombstone of Gaius Saufeius""."
EDCS,EDCS-07800505,https://edcs.hist.uzh.ch/monument/EDCS-07800505,CIL 07 00184; RIB 01 00256; Aera 00014,Britannia,Lincoln / Lindum,, / material: lapis,L(uci) Semproni Fla/vini mil(i)t(i)s leg(ionis) VIIII / |(centuria) Babudi Severi / aer(orum) VII an(n)or(um) XXX / (H)ispani Galeria / Clunia,51,70,EDCS dating field (no criteria stated),"L. Sempronius Flavinus, Hispanus, Gal., Clunia","miles leg. VIIII, centuria Babudi Severi (aerum VII, aged 30)",yes,"= EDH HD069559 (RIB 256, Lincoln)."
EDCS,EDCS-07800506,https://edcs.hist.uzh.ch/monument/EDCS-07800506,RIB 01 00257; AE 1909 00241,Britannia,Lincoln / Lindum,,tituli sepulcrales / material: lapis,C(aius) Valerius C(ai) f(ilius) / Maec(ia) mil(es) leg(ionis) / IX sign(ifer) |(centuriae) Hospitis / ann(orum) XXXV stip(endiorum) XIIII / t(estamento) p(oni) i(ussit) / h(ic) [s(itus) e(st)],51,70,EDCS dating field (no criteria stated),C. Valerius C. f. Maec.,"miles leg. IX, signifer, centuria Hospitis (aged 35, stip. 14)",yes,"= EDH HD020249 (RIB 257, Lincoln)."
EDCS,EDCS-07800509,https://edcs.hist.uzh.ch/monument/EDCS-07800509,CIL 07 00188; CIL 07 00196; RIB 01 00260,Britannia,Lincoln / Lindum,, / material: lapis,[3]rcu[1] / [3]s M(arci) [f(ilius)] / Camilia Pisa/uro mil(es) / leg(ionis) V[IIII,51,70,EDCS dating field (no criteria stated),"[...]rcu[...]s M. f. Cam., Pisaurum",miles leg. VIIII,yes,"= EDH HD069562 (RIB 260, Lincoln)."
EDCS,EDCS-07800942,https://edcs.hist.uzh.ch/monument/EDCS-07800942,RIB 01 00659; ZPE 204 24; AE 2017 +00896; CLE 02473bis,Britannia,York / Eboracum,,carmina; milites; tituli sacri; tria nomina; viri / material: lapis,D[eo Sancto] / Silva[no s(acrum)] / L(ucius) Celerin[i]us / Vitalis corni(cularius) / leg(ionis) VIIII His(panae) / v(otum) s(olvit) l(ibens) l(aetus) m(erito) || et donum hoc donum / adpertiniat(!) cautum attiggam(!),101,120,EDCS dating field (no criteria stated),L. Celerinius Vitalis,cornicularius leg. VIIII Hispanae,yes,"= EDH HD069924 (RIB 659, York; altar to Silvanus)."
EDCS,EDCS-07800948,https://edcs.hist.uzh.ch/monument/EDCS-07800948,CIL 07 00241; RIB 01 00665; BritRom 04 00016; Kaschuba-1994 00025,Britannia,York / Eboracum,,Augusti/Augustae; milites; tituli operum; tituli sacri; viri / material: lapis,[I]mp(erator) Caesar / [divi N]ervae fil(ius) Ne[rva] / [Trai]anus Aug(ustus) Ger[m(anicus) Dac]/[icus po]ntifex maximu[s tribun]/[iciae po]testatis XII imp(erator) V[I co(n)s(ul) V p(ater) p(atriae)] / [portam] per leg(ionem) VIIII Hi[sp(anam) fecit],107,108,EDCS dating field (no criteria stated),"Imp. Caesar Nerva Traianus Aug. (trib. pot. XII, cos. V)",building inscription: porta per leg. VIIII Hisp. facta,yes,"= EDH HD069928 (RIB 665 = CIL VII 241, York fortress gate, AD 107/108). Latest securely dated attestation in Britain."
EDCS,EDCS-07800964,https://edcs.hist.uzh.ch/monument/EDCS-07800964,CIL 07 00243; RIB 01 00673; BritRom 03 00004,Britannia,York / Eboracum,,milites; tituli sepulcrales; tria nomina; viri / material: lapis,L(ucius) Duccius / L(uci) (!) Volt(inia) Rufi/nus Vien(na) / signif(er) leg(ionis) VIIII / an(norum) XXIIX / h(ic) s(itus) e(st),71,122,EDCS dating field (no criteria stated),"L. Duccius L. f. Vol. Rufinus, Vienna",signifer leg. VIIII (aged 28),yes,"= EDH HD069936 (RIB 673, York)."
EDCS,EDCS-07800971,https://edcs.hist.uzh.ch/monument/EDCS-07800971,CIL 07 00244; RIB 01 00680,Britannia,York / Eboracum,,liberti/libertae / material: lapis,[3]o C(ai) fil(io) / [3 N]ovaria / [3 leg(ionis) I]X Hisp(anae) here/[des et lib(erti)] patrono / [bene mer]enti fecerunt,71,122,EDCS dating field (no criteria stated),"C. [...]us C. f. Cla. [...], Novaria",[miles?] leg. IX Hispanae,yes,"= EDH HD069942 (RIB 680, York)."
EDCS,EDCS-08100002,https://edcs.hist.uzh.ch/monument/EDCS-08100002,"SupIt 17 FF, 00002; Habitus 00063; Piemonte 00070; AE 1998 00522; AE 1999 +00651",Liguria / Regio IX,Bassignana / Forum Fulvii,,milites; praenomen et nomen; tituli sepulcrales; viri / material: lapis,Sex(to) Aemilio / Sex(ti) f(ilio) Pom(ptina) / leg(ionis) VIIII,1,50,EDCS dating field (no criteria stated),Sex. Aemilius Sex. f. Pom.,(miles/veteranus) leg. VIIII,yes,"AE 1998, 522; no legion cognomen. Not in EDH."
EDCS,EDCS-08200279,https://edcs.hist.uzh.ch/monument/EDCS-08200279,"Corinth 08 02, 00054; Hiberia p 330; AE 1919 00001",Achaia,Corinth / Korinthos / Corinthus,,Augusti/Augustae; milites; ordo decurionum; ordo senatorius; tituli honorarii; tria nomina; viri,[L(ucio) A]quillio C(ai) f(ilio) Pom(ptina) / [Fl]oro Turciano Gallo / [Xviro] stlitib(us) iud(icandis) trib(uno) mil(itum) leg(ionis) VIIII Mac(edonicae) / [qu(aestori)] [proq]uaest(ori) Cypro(!) ex auctoritate Aug(usti) / [trib(uno) pl(ebis)] pr(aetori) proco(n)s(uli) provinciae Ach(aiae) / [3]TI Ti(beri) Claudi Anaxilas et / [Dinippus II]vir(i?) quinq(uennales) sua pecunia,52,53,EDCS dating field (no criteria stated),L. Aquillius C. f. Pom. Florus Turcianus Gallus,tribunus militum leg. VIIII Macedonicae,flag,"= EDH HD026601 (Corinth). ""IX Macedonica"" = Augustan-period cognomen of a ninth legion, usually identified with the later IX Hispana (Ritterling; Keppie); flagged."
EDCS,EDCS-08400837,https://edcs.hist.uzh.ch/monument/EDCS-08400837,CIL 12 00260; ILN 01 00115,Gallia Narbonensis,Callian / Forum Iulii,, / material: lapis,C(aio) Kafatio G(ai) f(ilio) / Ani(ensi) Capitoni / veterano leg(ionis) / VIIII parent[i?,,,EDCS: undated,C. Kafatius C. f. Ani. Capito,veteranus leg. VIIII,yes,CIL XII 260 = ILN Frejus 115; Forum Iulii veteran. Not in EDH.
EDCS,EDCS-08400838,https://edcs.hist.uzh.ch/monument/EDCS-08400838,CIL 12 00261; ILN 01 00019,Gallia Narbonensis,Frejus / Forum Iulii,, / material: lapis,[1 I]ulio C(ai) f(ilio) primo pil(o) / [leg(ionis) VI]III Hispan(ae) d() pro / [3] IIvir(o) [col]on(iae?) Priamum(?),,,EDCS: undated,[.] Iulius C. f.,primus pilus leg. VIIII Hispanae; IIvir coloniae,yes,CIL XII 261 = ILN Frejus 19. Not in EDH.
EDCS,EDCS-08600717,https://edcs.hist.uzh.ch/monument/EDCS-08600717,"ZPE 119 222; CAG 83 02, p 861; AE 1997 01023",Gallia Narbonensis,Vidauban / Forum Iulii,, / material: lapis,T(ito) Cri[spio mi]l(iti) leg(ionis) IX / T(itus) Cr[ispius 3] / [3] Cesa[3]aus / AV[3]M[3] Secun[du]s / C[3]erius Iustus / O[3] s(ua) p(ecunia) f(aciendum) c(uraverunt),,,EDCS: undated,T. Crispius,miles leg. IX,yes,"= EDH HD049599 (AE 1997, 1023)."
EDCS,EDCS-09201053,https://edcs.hist.uzh.ch/monument/EDCS-09201053,"CIL 12 02601; ILN 05 03, 00865; Genava 00032",Gallia Narbonensis,Geneve / Genava,, / material: lapis,[3] Blandio C(ai) [f(ilio)] / Vol(tinia) Latino |(centurioni) le[g(ionis)] / I Ital(icae) |(centurioni) leg(ionis) II Aug(ustae) |(centurioni) le[g(ionis)] / VIIII Hispan(ae) |(centurioni) leg(ionis) XX[3] / [d]onis dona[to] / [,,,EDCS: undated,[.] Blandius C. f. Vol. Latinus,"centurio leg. I Italicae, II Augustae, VIIII Hispanae, XX [V.V.]; donis donatus",yes,CIL XII 2601 (Geneva). Post-66 (leg. I Italica). Not in EDH.
EDCS,EDCS-09301104,https://edcs.hist.uzh.ch/monument/EDCS-09301104,AE 1977 00541,Germania inferior,Nijmegen / Noviomagus Batavorum,,milites; sigilla impressa; tituli fabricationis / material: opus figlinae,Leg(ionis) VIIII Hisp(anae),,,EDCS: undated,-,tile stamp LEG VIIII HISP,yes,"= EDH HD020257 (AE 1977, 541, Nijmegen). EDCS holds a single entry for the Nijmegen stamp series."
EDCS,EDCS-09400433,https://edcs.hist.uzh.ch/monument/EDCS-09400433,Hiberia p 327; AE 1975 00446,Venetia et Histria / Regio X,Cremona,,milites; praenomen et nomen; tituli sepulcrales; viri,T(itus) Aponius P(ubli) f(ilius) / Ani(ensi) signifer / leg(ionis) IX Hispanien(sis) / vetera(nus) dona(tus) torq(uibus) / armillis phaleris / L(ucius) Aponius P(ubli) f(ilius) / fratri fecit,1,13,EDCS dating field (no criteria stated),T. Aponius P. f. Ani.,"signifer leg. IX Hispaniensis, veteranus; donatus torquibus armillis phaleris",yes,"= EDH HD009867 (AE 1975, 446). Augustan form ""Hispaniensis""."
EDCS,EDCS-09400491,https://edcs.hist.uzh.ch/monument/EDCS-09400491,AE 1975 00558a,Britannia,York / Eboracum,,sigilla impressa; tituli fabricationis / material: opus figlinae,Le[g(io) IX Hisp(ana)],71,122,EDCS dating field (no criteria stated),-,tile stamp LEG IX HISP,yes,"= EDH HD007055 (AE 1975, 558a, York)."
EDCS,EDCS-09400492,https://edcs.hist.uzh.ch/monument/EDCS-09400492,AE 1975 00558b,Britannia,York / Eboracum,,sigilla impressa; tituli fabricationis / material: opus figlinae,[Leg(io) IX] Hisp(ana),,,EDCS: undated,-,tile stamp LEG IX HISP,yes,"AE 1975, 558b (York); EDH HD007055 covers 558b-c."
EDCS,EDCS-09400493,https://edcs.hist.uzh.ch/monument/EDCS-09400493,AE 1975 00558c,Britannia,York / Eboracum,,sigilla impressa; tituli fabricationis / material: opus figlinae,[Leg(io) IX H]isp(ana),,,EDCS: undated,-,tile stamp LEG IX HISP,yes,"AE 1975, 558c (York)."
EDCS,EDCS-10601003,https://edcs.hist.uzh.ch/monument/EDCS-10601003,CIL 13 04030; IAL 00109; Wilhelm 00499; AE 1973 00361; AE 2007 +00122,Belgica,Mersch / Treveri,,sacerdotes pagani / material: lapis,] / flam[en] Augu[sti] / flamen Leni M[art]is quinq[uennalis] / praef(ectus) cohort(is) [II His]panor(um) eq[uitatae] / tribunus militu[m le]g(ionis) VIIII Hi[spanae] / praefect(us) e[quitum alae Augustae] / Vocon[tiorum,,,EDCS: undated,"anonymous flamen Augusti, flamen Leni Martis",praef. coh. II Hispanorum eq.; tribunus militum leg. VIIII Hispanae; praef. eq. alae Aug. Vocontiorum,yes,"= EDH HD011186 (CIL XIII 4030, Mersch)."
EDCS,EDCS-10700516,https://edcs.hist.uzh.ch/monument/EDCS-10700516,Schillinger 00144; AE 1968 00323; AE 2005 +01060,Germania inferior,Aachen / Aquae Granni,,milites; ordo equester; tituli sacri; tria nomina; viri / material: lapis,L(ucius) Latinius L(uci) f(ilius) Publilia / Macer Ver(ona) p(rimus) p(ilus) leg(ionis) VIIII Hisp(anae) / praef(ectus) castr(orum) pro se et suis / Apollini / v(otum) s(olvit) l(ibens) m(erito),101,200,EDCS dating field (no criteria stated),"L. Latinius L. f. Pub. Macer, Verona",primus pilus leg. VIIII Hispanae; praefectus castrorum,yes,"= EDH HD014357 (AE 1968, 323, Aachen; altar to Apollo)."
EDCS,EDCS-11500706,https://edcs.hist.uzh.ch/monument/EDCS-11500706,CIL 10 01769,Latium et Campania / Regio I,Napoli / Neapolis,,milites; mulieres; tituli sepulcrales; tria nomina; viri / material: lapis,D(is) M(anibus) || Aelius Asc/lepiades nati(one) / [C]il(ix) mil(es) leg(ionis) IX / vix(it) ann(os) XXXXII / mil(itavit) ann(os) VIII / Aelia Seleria / b(ene) m(erentibus) f(ecit),141,160,EDCS dating field (no criteria stated),"Aelius Asclepiades, natione Cilix","miles leg. IX (vixit 42, militavit 8)",flag,"CIL X 1769 (Naples). Legion IX without cognomen, Cilician recruit, Hadrianic/Antonine name: cited (Keppie 1989) as possible evidence for IX Hispana in the East; attribution uncertain. Not in EDH."
EDCS,EDCS-11700356,https://edcs.hist.uzh.ch/monument/EDCS-11700356,"ILN 01 00125; AE 1979 00397; CAG 83 02, p 583",Gallia Narbonensis,Puget-sur-Argens / Forum Iulii,,milites; praenomen et nomen; tituli sepulcrales; viri / material: lapis,C(aio) Novellio / Q(uinti) f(ilio) Ani(ensi) / veterano / leg(ionis) VIIII,1,50,EDCS dating field (no criteria stated),C. Novellius Q. f. Ani.,veteranus leg. VIIII,yes,"= EDH HD004335 (AE 1979, 397)."
EDCS,EDCS-11800710,https://edcs.hist.uzh.ch/monument/EDCS-11800710,RIB 03 03047; AE 1965 00213,Britannia,Godmanstone,,tituli sacri / material: lapis,I(ovi) O(ptimo) [M(aximo)] / Tit[3] / Pine[s |(centurio)] / l[eg(ionis?) 3] / V[IIII] / v(otum) s(olvit) [l(ibens) m(erito)],51,150,EDCS dating field (no criteria stated),Tit[...] Pines,centurio leg. VIIII,yes,"RIB 3047 = AE 1965, 213 (Godmanstone, Dorset; altar to IOM). Not in EDH."
EDCS,EDCS-12201569,https://edcs.hist.uzh.ch/monument/EDCS-12201569,CIL 06 20888,Roma,Roma,,mulieres; tituli sepulcrales; tria nomina / material: lapis,I]uniae L(uci) f(iliae) Hispaniens(i) / sibi et / [3 V]ergiliae filiae suae,,,EDCS: undated,Iunia L. f. Hispaniensis,-,no,Personal cognomen Hispaniensis; not the legion.
EDCS,EDCS-13001586,https://edcs.hist.uzh.ch/monument/EDCS-13001586,CIL 08 05355; CIL 08 17493; ILAlg 01 00282,Africa proconsularis,Guelma / Calama,,Augusti/Augustae; milites; ordo senatorius; tituli honorarii; tituli sacri; viri / material: lapis,L(ucio) Stei[3] / [3] Hor(atia) [3] / [3 trib(uno) mil(itum) l]eg(ionis) VIIII Hispan[ae 3] / [3 a]<d=T> census [accipiendos] / [pro]vinciae [3] / [3 di]vi [T]raiani [3] / [3 pro]co(n)s(uli) [3] / [3]M[3] / [3 pa]trono,,,EDCS: undated,L. Stei[us?] [...] Hor.,[tribunus militum l]eg. VIIII Hispan[ae]; ad census accipiendos provinciae [...]; [... di]vi Traiani; proconsul,yes,"CIL VIII 5355 = ILAlg I 282 (Calama). ""divi Traiani"" -> Hadrianic or later; undated in EDCS. Not in EDH."
EDCS,EDCS-14805723,https://edcs.hist.uzh.ch/monument/EDCS-14805723,"CIL 09 04685 (p 685, 2389)",Samnium / Regio IV,Rieti / Reate,,liberti/libertae; mulieres; tituli sacri; tria nomina; viri / material: lapis,C(aio) Octavio P(ubli) f(ilio) Pastori / Publ(ilia) Vero[n]a / sig(nifero) leg(ionis) VIIII / deductus Reate ab(!) divo Aug(usto) [Vesp(asiano)] / Octaviae C(ai) l(ibertae) Secu[ndae] / coniugi / C(aio) Octavio C(ai) f(ilio) Qui(rina) Pastor[i] / Octaviae C(ai) l(ibertae) Urs[3] / [3]s sui[sque] / C(aio) Octavio Trog[3] / omni honore [,79,100,EDCS dating field (no criteria stated),"C. Octavius P. f. Pub. Pastor, Verona",signifer leg. VIIII; deductus Reate ab divo Aug. Vespasiano,yes,CIL IX 4685. Veteran colonist settled at Reate by Vespasian (so discharged c. 70-79). Not in EDH.
EDCS,EDCS-14805727,https://edcs.hist.uzh.ch/monument/EDCS-14805727,"CIL 09 04689 (p 685, 2390); Reggiani-1981 00041",Samnium / Regio IV,Rieti / Reate,,Augusti/Augustae; liberti/libertae; milites; tituli sacri; tituli sepulcrales; tria nomina; viri / material: lapis,L(ucio) Valerio / Valenti / veterano leg(ionis) / VIIII deducto Reate / a divo Augusto / Vespasiano / Valeriae Cale / L(ucius) Valerius Fortunatu(s) / patronis bene / merentibus fecit,79,100,EDCS dating field (no criteria stated),L. Valerius Valens,veteranus leg. VIIII; deductus Reate a divo Aug. Vespasiano,yes,CIL IX 4689. Not in EDH.
EDCS,EDCS-15000024,https://edcs.hist.uzh.ch/monument/EDCS-15000024,AE 1950 00124,Britannia,Lincoln / Lindum,,,Leg(io) IX Hisp(ana),71,122,EDCS dating field (no criteria stated),-,tile stamp LEG IX HISP,yes,"= EDH HD021832 (AE 1950, 124, Lincoln?; = RIB II 2462.9(i) per EDH comment)."
EDCS,EDCS-15100031,https://edcs.hist.uzh.ch/monument/EDCS-15100031,AE 1949 00103; AE 1951 +00009,Britannia,London / Londinium,,milites; tituli possessionis; viri / material: opus figlinae,[3] ima(ginifer) leg(ionis) IX,71,100,EDCS dating field (no criteria stated),anonymous,imaginifer leg. IX (graffito),yes,"= EDH HD027675 (AE 1949, 103, London). Same object as EDCS-51700627 (RIB II 2501.7)."
EDCS,EDCS-16100418,https://edcs.hist.uzh.ch/monument/EDCS-16100418,AE 1930 00109,Galatia,Yaglibayat / Savatra,,milites; tituli operum; tituli sepulcrales; tria nomina; viri,Lucio Servaeo [Sa]/bino |(centurioni) leg(ionis) VIII(I) His/panae |(centurioni) leg(ionis) III Au[g](ustae) / |(centurioni) leg(ionis) VI Victricis / statuam ex testam[ento],101,150,EDCS dating field (no criteria stated),L. Servaeus Sabinus,"centurio leg. VIIII Hispanae, III Augustae, VI Victricis",yes,"= EDH HD025791 (AE 1930, 109, Savatra)."
EDCS,EDCS-16201101,https://edcs.hist.uzh.ch/monument/EDCS-16201101,ILAlb 00045; CIA 00058; LIA 00041; AE 1923 00040,Macedonia,Durres / Dyrrachium,,Augusti/Augustae; milites; ordo equester; sacerdotes pagani; tria nomina; viri / material: lapis,Q(uinto) Paesidio C(ai) f(ilio) / Aem(ilia) Macedoni / prim(o) pil(o) leg(ionis) IX Hisp(anae) / praef(ecto) castror(um) leg(ionis) IV / Scythic(ae) trib(uno) milit(um) leg(ionis) / eiusdem auguri / flamini Neronis / Claudii Caesaris Aug(usti) / Germanici,54,66,EDCS dating field (no criteria stated),Q. Paesidius C. f. Aem. Macedo,primus pilus leg. IX Hispanae; praef. castrorum leg. IIII Scythicae; trib. mil. leg. eiusdem; augur; flamen Neronis,yes,"= EDH HD026035 (Dyrrachium), Neronian."
EDCS,EDCS-16201163,https://edcs.hist.uzh.ch/monument/EDCS-16201163,D 09485; AE 1914 00262; AE 1922 +00079; BritRom 03 00017,Galatia,Yalvac / Antiochia Pisidiae,,Augusti/Augustae; milites; ordo equester; ordo senatorius; tituli honorarii; tituli sacri; tria nomina; viri,C(aio) Carist[a]/nio C(ai) f(ilio) Ser(gia) Fr[on]/toni trib(uno) mil(itum) pr[aef(ecto)] / eq(uitum) alae Bosp(oranorum) adl[e]/cto in senatu(m) inter / tribunic(ios) promoto in/ter praetorios leg(ato) pro / pr(aetore) Ponti et Bithyn(iae) leg(ato) Imp(eratoris) / divi Vespasian(i) Aug(usti) leg(ionis) / IX Hispanae in Britann(ia) / leg(ato) pro pr(aetore) Imp(eratoris) divi Titi / Caes(aris) Aug(usti) et Imp(eratoris) Domitian(i) / Caes(aris) Aug(usti) provinc(iae) Pam/phyliae et Lyciae patro/no col(oniae) || T(itus) Caristanius Cal/purnianus Rufus / ob merita eius h(onoris) c(ausa),,,EDCS: undated,C. Caristanius C. f. Serg. Fronto (cos. suff. 90),legatus Imp. divi Vespasiani leg. IX Hispanae in Britannia (c. 76-79),yes,"= EDH HD021539 (ILS 9485 = AE 1914, 262, Antioch in Pisidia)."
EDCS,EDCS-16300271,https://edcs.hist.uzh.ch/monument/EDCS-16300271,NSA 1913 22; AE 1913 00215,Latium et Campania / Regio I,Agnano,,tituli sepulcrales,D(is) M(anibus) / L(ucio) Decrio L(uci) f(ilio) Ser(gia) / Longino / praef(ecto) fabrum / |(centurioni) leg(ionis) II Aug(ustae) et VII / Gemin(ae) bis et XXII / Deiotar(i)an(ae) p(rimo) p(ilo) legion(is) / eiusdem praef(ecto) castr(orum) / leg(ionis) VIIII Hispa(nae) / L(ucius) Decrius L(uci) f(ilius) Ser(gia) / Iulianus qui et / Numisianus / princeps leg(ionis) XI Cl(audiae) P(iae) F(idelis) patr(i) opt(imo) / testamento fieri iussit,101,140,EDCS dating field (no criteria stated),L. Decrius L. f. Serg. Longinus,"praef. fabrum; centurio leg. II Aug., VII Gem. (bis), XXII Deiot.; primus pilus leg. eiusdem; praefectus castrorum leg. VIIII Hispanae",yes,"= EDH HD027393 (AE 1913, 215, Agnano). Career pairs the two ""lost"" legions XXII Deiotariana and IX Hispana."
EDCS,EDCS-16300627,https://edcs.hist.uzh.ch/monument/EDCS-16300627,IGLS 06 02796; D 09200; Freis 00050; IDRE 02 00406; ZPE 64 265; AE 1903 00368; AE 1904 +00095; AE 1907 +00134; AE 1912 +00264; AE 2011 +00051; AE 2015 +01742,Syria,Baalbek / Balabakk / Heliopolis,,milites; ordo equester; tituli honorarii; tria nomina; viri,C(aio) Velio Sal/vi f(ilio) Rufo p(rimo) p(ilo) leg(ionis) XII / Fulm(inatae) / praef(ecto) vexillari/orum leg(ionum) VIIII I Adiut(ricis) II Adiut(ricis) / II Aug(ustae) VIII Aug(ustae) VIIII Hisp(anae) XIIII Ge/m(inae) XX Vic(tricis) XXI Rapac(is) trib(uno) co/h(ortis) XIII urb(anae) duci exercitus Africi et / Mauretanici ad nationes quae / sunt in Mauretania comprimendas do/nis donato ab Imp(eratore) Vespasiano et Imp(eratore) / Tito bello Iudaico corona vallar(i) / torquibus <ph=F>a[le]ris armillis item / donis donato corona murali / hastis duabus vexillis duobus et bel/lo Marcomannorum Quadorum / Sarmatarum adversus quos expedi/tionem fecit per regnum Decebali / regis Dacorum corona murali has/tis duabus vexillis duobus proc(uratori) Imp(eratoris) Cae/saris Aug(usti) Germanici provinciae Panno/niae et Dalmatiae item proc(uratori) provinciae / Raetiae ius gladi(i) hic missus in Parthiam Epipha/nem et Callinicum regis Antiochi filios ad / Imp(eratorem) Vespasianum cum ampla manu tribu/tariorum reduxit M(arcus) Alfius M(arci) f(ilius) Fabia O/lympiacus aquilife[r] vet(eranus) leg(ionis) XV Apollinar(is),96,117,EDCS dating field (no criteria stated),C. Velius Salvi f. Rufus,"primus pilus leg. XII Fulm.; praefectus vexillariorum legionum VIIII (I Adi., II Adi., II Aug., VIII Aug., VIIII Hisp., XIIII Gem., XX Vic., XXI Rapax)",yes,"= EDH HD031653 (ILS 9200 = IGLS VI 2796, Heliopolis). Vexillation of IX Hispana in a Domitianic war (83 or 89)."
EDCS,EDCS-17700479,https://edcs.hist.uzh.ch/monument/EDCS-17700479,CIL 08 00986 (p 1283),Africa proconsularis,Haruri,,tituli sepulcrales; viri / material: lapis,]/issimus vixit / annis LXXXVI m(ensibus) / VI d(iebus) VIIII <h=I>(ic) s(itus) e(st),,,EDCS: undated,-,-,no,"""diebus VIIII h(ic) s(itus)"" - false hit."
EDCS,EDCS-17800486,https://edcs.hist.uzh.ch/monument/EDCS-17800486,"CIL 06 01333 (p 3141, 3805, 4682, 4774); CIL 06 31633; D 01077; IDRE 01 00008; AE 2016 +00028",Roma,Roma,,milites; ordo senatorius; sacerdotes pagani; tituli honorarii; tria nomina; viri / material: lapis,L(ucio) Aemilio L(uci) f(ilio) Cam(ilia) Karo co(n)[s(uli)] / leg(ato) Aug(usti) pr(o) pr(aetore) provinciae Cappadociae / leg(ato) Aug(usti) pr(o) pr(aetore) censitori provinciae Lugdunensis / leg(ato) Aug(usti) pr(o) pr(aetore) provinciae Arabiae / curatori viae Flaminiae leg(ato) leg(ionis) XXX U(lpiae) V(ictricis) / praet(ori) trib(uno) pleb(is) quaest(ori) Aug(usti) / trib(uno) militum leg(ionis) VIII Aug(ustae) / trib(uno) militum leg(ionis) VIIII Hispanae / Xviro stlitib(us) iudic(andis) / sodali Flaviali XVviro s(acris) f(aciundis) / C(aius) Iulius Erucianus Crispus praef(ectus) / alae primae Ulpiae Dacorum / amico optimo,172,177,EDCS dating field (no criteria stated),L. Aemilius L. f. Cam. Karus (cos. suff. c. 144),"tribunus militum leg. VIII Aug.; tribunus militum leg. VIIII Hispanae; later leg. leg. XXX U.V., governor of Arabia (142/3), Cappadocia",yes,"CIL VI 1333 = ILS 1077 (Rome). Tribunate of IX Hispana c. 120s; key to the ""legion survived Hadrian"" argument (livius.org, Wikipedia). Not in EDH."
EDCS,EDCS-19000504,https://edcs.hist.uzh.ch/monument/EDCS-19000504,"CIL 06 03492a (p 3396, 3846); CIL 06 32901a; D 02288; IDRE 01 00024; AE 1994 00037; AE 1995 00044; AE 2019 +00015",Roma,Roma,,milites / material: lapis,Nomina leg(ionum) || II Aug(usta) / VI Victr(ix) / XX Victr(ix) / VIII Aug(usta) / XXII Prim(igenia) / I Min(ervia) / XXX Ulp(ia) / I Adiut(rix) / X Gem(ina) / XIIII Gem(ina) / I Parth(ica) || II Adiut(rix) / IIII Flav(ia) / VII Claud(ia) / I Italic(a) / V Maced(onica) / XI Claud(ia) / XIII Gem(ina) / XII Fulm(inata) / XV Apol(linaris) / III Gall(ica) / II Parth(ica) || IIII Scyth(ica) / XVI Flav(ia) / VI Ferrat(a) / X Frete(nsis) / III Cyren(aica) / II Traian(a) / III Aug(usta) / VII Gem(ina) / II Italic(a) / III Italic(a) / III Parth(ica),200,200,EDCS dating field (no criteria stated),-,"""Nomina legionum"": list of the 33 legions (Severan, after 197)",yes,"CIL VI 3492a = ILS 2288 (Rome, column); IX Hispana ABSENT from the list. Not in EDH."
EDCS,EDCS-19700276,https://edcs.hist.uzh.ch/monument/EDCS-19700276,"CIL 06 03584 (p 3847); D 02656; IDRE 01 00003; DHA 2024 130,3",Roma,Roma,,milites; ordo equester; tituli operum; tituli sepulcrales; tria nomina; viri / material: lapis,Ti(berio) Claudio Ti(beri) f(ilio) [G]al(eria) Vitali ex equ[i]te R(omano) / ordinem accepit in leg(ione) V [Mac(edonica)] successione / promotus [ex] leg(ione) V Ma[c(edonica)] in leg(ione) [I I]tal(icam) donis d(onato) / torquib(us) armill(is) phaler(is) corona va[l(ari)] bello / Dacico succesione promot(us) ex leg(ione) I Ital(ica) in leg(ionem) / I Miner(viam) [it]er(um) donis d(onato) torquib(us) armil[l(is)] phaler(is) / corona val[l(ari)] bello Dacico successione pro/mot(us) ex leg(ione) I Miner(via) in leg(ionem) XX Vict(ricem) item prom(otus) / in leg(ionem) ead(em) item successione promotus ex leg(ione) XX / Vict(rice) in leg(ionem) IX [Hi]sp(anicam) succ(essione) promot(us) ex leg(ione) IX [Hi]sp(anica) / in leg(ionem) VII Cl(audiam) P(iam) F(idelem) item successit in leg(ione) ead(em) / milit(avit) |(centurio) in II pr(inceps) post(erior) annis XI vixit annis XLI,121,122,EDCS dating field (no criteria stated),Ti. Claudius Ti. f. Gal. Vitalis,"centurio: leg. V Mac., I Ital., I Minervia (bellum Dacicum), XX Vict., IX Hisp., VII Cl. P.F.; princeps posterior coh. II (died aged 41)",yes,CIL VI 3584 = ILS 2656 (Rome). Transfer XX V.V. -> IX Hisp. -> VII Claudia after the Dacian wars. Not in EDH.
EDCS,EDCS-19700321,https://edcs.hist.uzh.ch/monument/EDCS-19700321,CIL 06 03639,Roma,Roma,,milites; tituli sepulcrales; tria nomina; viri / material: lapis,M(arcus) Valerius / M(arci) f(ilius) Ani(ensi) / Saturnin<us=I> / Foro Iuli(i) / mil(es) leg(ionis) VIIII / Hispanae / |(centuria) Antoni / Kari / milit(avit) an(nos) XVII / vix(it) an(nos) XXXIIX / t(estamento) p(oni) i(ussit),31,70,EDCS dating field (no criteria stated),"M. Valerius M. f. Ani. Saturninus, Forum Iulii","miles leg. VIIII Hispanae, centuria Antoni Kari (militavit XVII)",yes,CIL VI 3639 (Rome). Not in EDH.
EDCS,EDCS-19800432,https://edcs.hist.uzh.ch/monument/EDCS-19800432,"CIL 06 03675 (p 3007, 3758, 4138); CIL 06 30856; CIL 06 39833; D 03783; AE 2020 +00023",Roma,Roma,,Augusti/Augustae; milites; ordo senatorius; tituli sacri; tria nomina; viri / material: lapis,Pro salute / Ti(beri) Caesar[is Au]g[u]st(i) / pontific[is maxi]mi / princi[p]is [Opti]mi et / ius[tissimi] / [ex] v[oto suscep]to / C(aius) Fulviu[s 3]us / proco(n)s(ul) [3 pr(aetor) pra]ef(ectus) / frum(enti) dan[d(i)] ex s(enatus) [c(onsulto) le]g(atus) / pro pr(aetore) II[3 ae]d(ilis) pl[ebis 3] q(uaestor) / pro pr(aetore) tr(ibunus) mil(itum) l(egionis) IX Hisp(anae) / Concordiae / auri p(ondo) V arg(enti) p(ondo) XXIII,31,31,EDCS dating field (no criteria stated),C. Fulvius [...]us (RE Fulvius 11),tribunus militum leg. IX Hisp(anae); later proconsul etc.,yes,"CIL VI 3675 = ILS 3783, votive to Concordia for Tiberius; EDCS dates AD 31. Not in EDH."
EDCS,EDCS-20600417,https://edcs.hist.uzh.ch/monument/EDCS-20600417,CIL 10 06006; D 01066; ILMN 01 00585,Latium et Campania / Regio I,Minturno / Minturnae,,tituli sacri / material: lapis,L(ucio) Burbuleio L(uci) f(ilio) Quir(ina) / Optato Ligariano / co(n)s(uli) sodal(i) Aug(ustali) leg(ato) Imperat(oris) / Antonini Aug(usti) Pii pro pr(aetore) prov(inciae) / Syriae in quo honor(e) decessit leg(ato) / eiusdem et divi Hadriani pro pr(aetore) prov(inciae) / Cappad(ociae) cur(atori) oper(um) locor(um)q(ue) publ(icorum) praef(ecto) / aerar(ii) Saturn(i) proco(n)s(uli) Sicil(iae) logiste / Syriae legat(o) leg(ionis) XVI Fl(aviae) Firm(ae) cur(atori) rei p(ublicae) / Narbon(ensium) item Anconitanor(um) item / Tarricin(ensium) curat(ori) viar(um) Clodiae Cassiae / Ciminae pr(aetori) aed(ili) pl(ebis) q(uaestori) Ponti et Bithyn(iae) / trib(uno) laticl(avio) leg(ionis) IX Hispan(ae) IIIvir(o) <c=K>apit(ali) / patr(ono) col(oniae) / Rasinia Pietas nutr(ix) filiar(um) eius / s(ua) p(ecunia) p(osuit) l(ocus) d(atus) d(ecreto) d(ecurionum),141,150,EDCS dating field (no criteria stated),L. Burbuleius L. f. Qui. Optatus Ligarianus (cos. suff. c. 135),tribunus laticlavius leg. IX Hispanae,yes,CIL X 6006 = ILS 1066 (Minturnae). Not in EDH.
EDCS,EDCS-20800051,https://edcs.hist.uzh.ch/monument/EDCS-20800051,CIL 10 06098; Hiberia p 332; AE 1995 00276,Latium et Campania / Regio I,Formia / Formiae,,milites; tituli sepulcrales; tria nomina; viri / material: lapis,[C(aius) Fu]rius C(ai) f(ilius) Aem(ilia) Gallu[s 3] / [prae]f(ectus) levis armaturae pr[3] / Hispanie(n)sis / [C(aius) F]urius C(ai) f(ilius) M(arci) n(epos) Aem(ilia) [,1,50,EDCS dating field (no criteria stated),C. Furius C. f. Aem. Gallus,praefectus levis armaturae [...] Hispaniensis,no,"Auxiliary command, not leg. IX."
EDCS,EDCS-20800611,https://edcs.hist.uzh.ch/monument/EDCS-20800611,CIL 08 02747 (p 1739); D 01070 (p 174),Numidia,Lambaesis,,milites; ordo equester; ordo senatorius; tituli honorarii; tria nomina; viri / material: lapis,L(ucio) Novio Crispino / Martiali Saturnino / co(n)s(uli) desig(nato) leg(ato) Aug(usti) pr(o) pr(aetore) / provinciae Africae proco(n)s(uli) Galliae / Narbonensis leg(ato) Aug(usti) leg(ionis) I Italicae / leg(ato) Aug(usti) iuridico Asturiae et <C=G>allaeciae / praetori trib(uno) pleb(is) quaestori pro praet(ore) / provinciae Macedoniae trib(uno) mil(itum) / leg(ionis) VIIII Hisp(anicae) IIIIviro viarum / curandarum seviro eq(uitum) Romanorum / veterani leg(ionis) III Aug(ustae) / qui militare coeperunt Glabrione / et Torquato item Asiatico II et Aquilino co(n)s(ulibus),149,150,EDCS dating field (no criteria stated),L. Novius Crispinus Martialis Saturninus (cos. 150),tribunus militum leg. VIIII Hispanae (early in career),yes,"= EDH HD031258 (CIL VIII 2747 = ILS 1070, Lambaesis)."
EDCS,EDCS-21200156,https://edcs.hist.uzh.ch/monument/EDCS-21200156,"CIL 03 00087 (p 968); CIL 03 14148,10; IJordanie 04 00051; IGLS 21 04, 00051",Arabia,Petra,,milites; ordo senatorius; tituli honorarii; tria nomina; viri / material: lapis,T(ito) Aninio L(uci) f(ilio) Pap(iria) Sextio Florentino IIIviro aur(o) arg(ento) flando trib(uno) milit(um) leg(ionis) I Minerviae quaest(ori) prov(inciae) Achaiae trib(uno) pleb(is) leg(ato) leg(ionis) VIIII Hisp(anae) proco(n)sul(i) / pr[ov(inciae)] Narb(onensis) leg(ato) Aug(usti) pr(o) pr(aetore) prov(inciae) Arab(iae) patri piis[sim]o ex testamento ipsius,,,EDCS: undated,T. Aninius L. f. Pap. Sextius Florentinus,legatus leg. VIIII Hispanae; proconsul Narbonensis; leg. Aug. pr. pr. prov. Arabiae (127),yes,"CIL III 87 = IGLS XXI/4, 51 (Petra tomb). Legionary command c. 120-125; undated in EDCS. Not in EDH."
EDCS,EDCS-22000190,https://edcs.hist.uzh.ch/monument/EDCS-22000190,CIL 11 01838,Etruria / Regio VII,Arezzo / Arretium / Adretium,, / material: lapis,[3]io Q(uinti) f(ilio) Pom(ptina) / [3 trib(uno) mili]t(um?) leg(ionis) VIIII / [3] q(uaestori) pro pr(aetore) tr(ibuno) pleb(is) / [3 ae]r(e) conlat(o) a plebe,25,37,EDCS dating field (no criteria stated),[...]ius Q. f. Pom.,tribunus militum leg. VIIII; quaestor pro praetore; tribunus plebis,yes,"CIL XI 1838 (Arretium), Tiberian per EDCS. No legion cognomen. Not in EDH."
EDCS,EDCS-22300276,https://edcs.hist.uzh.ch/monument/EDCS-22300276,CIL 11 03112; EAOR 02 00059; Engfer_2017 2017 00359,Etruria / Regio VII,Civita Castellana / Falerii,,milites; tituli honorarii; tituli operum; tria nomina; viri / material: lapis,[3] C(ai) f(ilio) Volt(inia) [3] p(rimo) p(ilo) leg(ionis) VIIII Hisp(anae) / [3] Hor(atia) Priscu[s patr]oni munic[ipii / [3 conferen]tibus Fal[iscis a]mp(h)itheatr[um] / [3] pe<c=Q>(unia) sua fec[erunt],-30,30,EDCS dating field (no criteria stated),[.] C. f. Vol. [...] (with [.] Horatius Priscus),primus pilus leg. VIIII Hispanae,yes,"CIL XI 3112 (Falerii), amphitheatre builder. Not in EDH."
EDCS,EDCS-22400382,https://edcs.hist.uzh.ch/monument/EDCS-22400382,"ERPLeon 00401; Auctarium N, 00070; HEp 1999 00405",Hispania citerior,Cremenes,,,M(onumentum) / [3] Quirina Qui[ntillus(?)] / [3 l]eg(ionis) IX His(panae) a[n(norum) 3] / [3 P]isonis(?) f(ilius) p(osuit) [3],,,EDCS: undated,"[.] Quirina Qui[ntillus?], [P]isonis f.",[miles?] leg. IX His(panae),flag,"ERPLeon 401 = HEp 1999, 405 (Cremenes, Leon); heavily restored, reading uncertain. Not in EDH."
EDCS,EDCS-22900976,https://edcs.hist.uzh.ch/monument/EDCS-22900976,CIL 11 05037,Umbria / Regio VI,Bevagna / Mevania,,milites; tituli sepulcrales; viri / material: lapis,Ge]m(inae) Pia[e 3] / [3 le]g(ionis) VIIII [3] / [3 do]n(ato) h[ast(a),1,100,EDCS dating field (no criteria stated),anonymous,[...] leg. VIIII [...]; donatus hasta (fragmentary career),flag,CIL XI 5037 (Mevania); fragment also names a leg. [...] Gemina Pia [Fidelis]. Not in EDH.
EDCS,EDCS-22901114,https://edcs.hist.uzh.ch/monument/EDCS-22901114,CIL 11 05173; Proculus p 160; AE 2010 +00631,Umbria / Regio VI,Bettona / Vettona,,milites; ordo senatorius; tituli honorarii; viri / material: lapis,] / [Procu]lo(?) tr(ibuno) mili[tum] / [leg(ionum)] IX et XXI [q(uaestori) provinc(iae)] / [3]ae aed(ili) pl(ebis) <C=G>er(iali) [praet(ori) leg(ato)] / [pr(o) pr(aetore) provinc(iae)] Ponti<i=F> et [Bithyniae(?) item] / [Galliae N]arbonensi{I}s per tri(ennium) [proco(n)s(uli)] / [in provin]cia Hi{i}sp[ania ulteriore] / [,-27,14,EDCS dating field (no criteria stated),[...] Proculus,tribunus militum legionum IX et XXI,yes,"CIL XI 5173 (Vettona), Augustan senatorial career; legion IX without cognomen. Not in EDH."
EDCS,EDCS-23000342,https://edcs.hist.uzh.ch/monument/EDCS-23000342,CIL 11 05670; AE 1994 +00588; AE 2006 +00243; AE 2008 +00499,Umbria / Regio VI,Attiggio / Attidium,,milites; ordo senatorius; sacerdotes pagani; tituli honorarii; tria nomina; viri / material: lapis,[Q(uinto) C]amur[io 1 f(ilio) Lem(onia)] / Numisio iu[niori] / IIIvir(o) a(ere) a(rgento) a(uro) f(lando) f(eriundo) tr(ibuno) [mil(itum)] / leg(ionis) VIIII Hi[spanae] / sodali Titiali [Flaviali] / qua[e]st(ori) urb(ano) ae[d(ili) cur(uli)] / pr(aetori) [le]g(ato) Aug(usti) leg(ionis) [3] / et [leg(ionis)] VI Victr(icis) [3] / et [iu]nior pa[tri,151,161,EDCS dating field (no criteria stated),Q. Camurius [.] f. Lem. Numisius Iunior (cos. 161),tribunus militum leg. VIIII Hispanae; later leg. Aug. leg. [...] and leg. VI Victricis,yes,"CIL XI 5670 (Attidium). Tribunate placed in the 130s by some (Birley), used for a post-Hadrianic survival of the legion; EDCS dates the stone 151-161. Not in EDH."
EDCS,EDCS-24800728,https://edcs.hist.uzh.ch/monument/EDCS-24800728,CIL 08 18273,Numidia,Lambaesis,,milites; ordo equester; ordo senatorius; tituli honorarii; tria nomina; viri / material: lapis,[L(ucio) Novio C]rispi[no] / [Martial]i Saturn[ino] / [co(n)s(uli) de]sig(nato) leg(ato) Aug(usti) p[r(o) pr(aetore)] / [provinci]ae Africae proco(n)s(uli) [Galliae] / [Narb]onensis leg(ato) Aug(usti) leg(ionis) I It[alic(ae) leg(ato)] / [Aug(usti) i]uridico Ast<u=Y>riae et [C]a[llaeciae] / [praeto]ri trib(uno) pleb(is) quaestori [pr(o) pr(aetore)] / [provinc]iae Macedoniae [trib(uno) militum] / [leg(ionis) V]IIII Hisp(anae) IIIIv[iro viarum cu]/[rand]arum seviro [eq(uitum) Romanorum] / [L(ucius?) Aem]ilius Balbus tr[ib(unus) mil(itum)] / Ulpius Postum[us C(aius?)] / Cascellius C(ai) f(ilius) [Optatus(?)] / Ulpius [3]I[3] / [M(arcus?)] Pompeius Pro[culus(?) 3] / [3] Cassius [,149,150,EDCS dating field (no criteria stated),L. Novius Crispinus Martialis Saturninus (cos. 150),tribunus militum leg. VIIII Hispanae,yes,"= EDH HD031261 (CIL VIII 18273, Lambaesis), second copy."
EDCS,EDCS-27000426,https://edcs.hist.uzh.ch/monument/EDCS-27000426,CIL 03 00551 (p 985); D 00928; InscrAtt 00004; Hiberia p 330,Achaia,Athens / Athinai / Athenae,,milites; ordo senatorius; tituli honorarii; tria nomina; viri / material: lapis,L(ucio) Aquillio C(ai) f(ilio) Pom(ptina) Floro / Turciano Gallo / Xvir(o) stl(itibus) iud(icandis) tribuno mil(itum) leg(ionis) VIIII / Macedonic(ae) quaestor(i) Imp(eratoris) Caesar(is) Aug(usti) / proquaest(ore) provinc(iae) Cypri tr(ibuno) pl(ebis) pr(aetori) proco(n)s(uli) Achaiae || ἡ βουλὴ ἡ ἐξ Ἀρείου πά/γου καὶ ἡ βουλὴ ἡ τῶν χʹ κα[ὶ] / ὁ δῆμος Λ(ούκιον) Ἀκύλλιον Φλῶ/ρον Τουρκιανὸν Γάλλον ἀν/θύπατον εὐνοίας ἕνεκεν / τῆς πρὸς τὴν πόλιν / ἐπὶ ἱερίας Ἱπποσσθενίδος τῆς Νικοκλέ/[ους Πε]ιραιέως θυγατρός,52,53,EDCS dating field (no criteria stated),L. Aquillius C. f. Pom. Florus Turcianus Gallus,tribunus militum leg. VIIII Macedonicae,flag,"= EDH HD056334 (Athens, CIL III 551 = ILS 928). Same man/cognomen issue as EDCS-08200279."
EDCS,EDCS-29100179,https://edcs.hist.uzh.ch/monument/EDCS-29100179,CIL 03 12411; ILBulg 00432; D 02666b; IDRE 02 00328; CBI 00648; AE 1892 00106; Tomas-2016 p 168,Moesia inferior,Nedan,,milites; tituli sepulcrales; tria nomina; viri / material: lapis,D(is) M(anibus) / L(ucius) Val(erius) L(uci) f(ilius) Proclus / mil(es) leg(ionis) V M(acedonicae) b(ene)f(iciarius) lega(ti) / opt(io) ad spe(m) ordin(is) / |(centurio) leg(ionis) eiusd(em) d(onatus) tor(quibus) ar(millis) / pha(le)r(is) bel(lo) Dac(ico) |(centurio) leg(ionis) I / Ital(icae) |(centurio) leg(ionis) XI Cl(audiae) |(centurio) leg(ionis) XX V(aleriae) V(ictricis) |(centurio) leg(ionis) VIIII Hisp(anae) / mis(sus) h(onesta) mis(sione) vix(it) an(nos) LXXV / h(ic) s(itus) e(st),121,150,EDCS dating field (no criteria stated),L. Valerius L. f. Proclus (died aged 75),"centurio leg. V Mac. (donatus bello Dacico), I Ital., XI Cl., XX V.V., VIIII Hisp.; missus honesta missione",yes,"= EDH HD042822 (CIL III 12411 = ILS 2666b = ILBulg 432, Nedan/Nicopolis ad Istrum). Last post in IX Hispana after the Dacian wars."
EDCS,EDCS-31200128,https://edcs.hist.uzh.ch/monument/EDCS-31200128,"EE 08 01, 00530; D 02321; RECapua 00224; Hiberia p 331",Latium et Campania / Regio I,Calvi Vecchia / Cales,,Augusti/Augustae; milites; tituli sepulcrales; tria nomina; viri,M(arci) Aemili M(arci) f(ilii) Pob(lilia) / Soteriae equitis domo / Oscensis torquibus armill(is) / phaleris ab Imperatore / donatus(!) militis missici / veterani leg(ionis) VIIII Hispanie(n)s(is) / hic ossa sita sunt,1,40,EDCS dating field (no criteria stated),"M. Aemilius M. f. Pob. Soteria(?), eques, domo Osca",veteranus leg. VIIII Hispaniensis; donatus torquibus armillis phaleris ab Imperatore,yes,ILS 2321 (Cales). Not in EDH.
EDCS,EDCS-31800129,https://edcs.hist.uzh.ch/monument/EDCS-31800129,IK 67 00174,Galatia,Yalvac / Antiochia Pisidiae,,Augusti/Augustae; milites; ordo senatorius; tituli honorarii; tituli sacri; viri / material: lapis,leg(ato) Imp(eratoris) divi] / [Vespasian(i) Aug(usti) leg(ionis)] / IX His[panae(?) in Bri]/tanni[a leg(ato) pr(o) pr(aetore) Imp(eratoris)] / divi T[iti Caes(aris) Aug(usti) et] / Imp(eratoris) [Domitiani Caes(aris) Aug(usti)] / provi[nc(iae) Pamphyliae] / [et Ly]ci[ae,,,EDCS: undated,C. Caristanius Fronto,legatus [Imp. divi Vespasiani] leg. IX His[panae in Bri]tanni[a],yes,"IK 67, 174 (Antioch in Pisidia), second copy of the Caristanius cursus. Not in EDH."
EDCS,EDCS-34900247,https://edcs.hist.uzh.ch/monument/EDCS-34900247,"EAstorga 00148; IRPLeon 00238; ERPLeon 00346; Auctarium N, 00034; AE 1984 00556",Hispania citerior,Corporales,,,i o m / o sa[l]u[te m au]reli anonini et l aure/li veri augustor ob najle auae / vixiiiafio leg viiii saub cura ei/geni patraj lig eiusd hurml/ti augustoror p lic et lucri/fi paene dec colieg ite faemu / aecian be poc agustor et aulii / aviani sign leg eiusd iiii id i[u]/[ni]a lallianao et / [,,,EDCS: undated,(garbled),"(garbled: ""leg viiii"")",no,"AE 1984, 556 (Corporales, Leon): dedication pro salute M. Aureli Antonini et L. Veri (161-169) in a corrupt transcription; ""leg viiii"" is almost certainly a misreading (leg. VII G.?); excluded."
EDCS,EDCS-37900019,https://edcs.hist.uzh.ch/monument/EDCS-37900019,EE 09 00612,Latium et Campania / Regio I,Lanuvio / Lanuvium,,,Xvi]r stlit(ibus) i[ud(icandis) 3] / [3 trib(unus) leg(ionis)] VIIII His[panae 3] / [3 legio]nis eiusd[em 3] / [3]IALIC[,1,200,EDCS dating field (no criteria stated),anonymous senator,Xvir stlit. iud.; tribunus [mil.] leg. VIIII Hispanae; [...] legionis eiusdem,yes,EE IX 612 (Lanuvium). Not in EDH.
EDCS,EDCS-44500013,https://edcs.hist.uzh.ch/monument/EDCS-44500013,RIB 03 03042,Britannia,Hayling Island,,tituli sacri / material: lapis,Na]evian[us(?) 3] / [3 l]eg(ionis) VIII[I(?),43,100,EDCS dating field (no criteria stated),[Na]evianus,[miles?] leg. VIIII,yes,"= EDH HD073328 (RIB 3042, Hayling Island; votive fragment)."
EDCS,EDCS-44800120,https://edcs.hist.uzh.ch/monument/EDCS-44800120,IRPPalencia 00101; Aera 00013; ECantabra 00023; CIRPBurgos 00046,Hispania citerior,Castrecias,,milites; tituli sepulcrales; viri / material: lapis,[3]lio Elaes[i] / [f(ilio) 3] militi an(norum) XXV / [legi]oni(s) nonae / [Hispa]nae aeroru(m) / [3]a mater f(aciendum) c(uravit),1,200,EDCS dating field (no criteria stated),[...]lius Elaesi f. (aged 25),miles leg. nonae Hispanae (aerorum [...]),yes,"IRPPalencia 101 = CIRPBurgos 46 (Castrecias/Rebolledo de la Torre, Burgos); same stone as EDCS-74300002."
EDCS,EDCS-49600354,https://edcs.hist.uzh.ch/monument/EDCS-49600354,"RIB 02 04, 02462,14",Britannia,Malton / Derventio,,sigilla impressa; tituli fabricationis / material: opus figlinae,[Leg(io) I]X His[p(ana)],,,EDCS: undated,-,tile stamp [Legio I]X His[pana],yes,"Stamped tile (RIB 02 04, 02462,14); undated in EDCS. Not in EDH (EDH holds only AE-published stamps)."
EDCS,EDCS-49600355,https://edcs.hist.uzh.ch/monument/EDCS-49600355,"RIB 02 04, 02462,15",Britannia,Malton / Derventio,,sigilla impressa; tituli fabricationis / material: opus figlinae,Le[g(io) IX Hisp(ana)],,,EDCS: undated,-,tile stamp Le[gio IX Hispana],yes,"Stamped tile (RIB 02 04, 02462,15); undated in EDCS. Not in EDH (EDH holds only AE-published stamps)."
EDCS,EDCS-49600356,https://edcs.hist.uzh.ch/monument/EDCS-49600356,"RIB 02 04, 02462,12,03",Britannia,Hilly Wood,,sigilla impressa; tituli fabricationis / material: opus figlinae,Leg(io) IX Hisp(ana),,,EDCS: undated,-,tile stamp Legio IX Hispana,yes,"Stamped tile (RIB 02 04, 02462,12,03); undated in EDCS. Not in EDH (EDH holds only AE-published stamps)."
EDCS,EDCS-49600357,https://edcs.hist.uzh.ch/monument/EDCS-49600357,"RIB 02 04, 02462,09a,1",Britannia,Winteringham,,sigilla impressa; tituli fabricationis / material: opus figlinae,Leg(io) IX Hisp(ana),,,EDCS: undated,-,tile stamp Legio IX Hispana,yes,"Stamped tile (RIB 02 04, 02462,09a,1); undated in EDCS. Not in EDH (EDH holds only AE-published stamps)."
EDCS,EDCS-49600359,https://edcs.hist.uzh.ch/monument/EDCS-49600359,"EE 09 01270; RIB 02 04, 02462,04,3",Britannia,Stanwix / Uxellodunum,,sigilla impressa; tituli fabricationis / material: opus figlinae,Leg(io) VIIII H(ispana),,,EDCS: undated,-,tile stamp Legio VIIII Hispana,yes,Stamped tile (EE 09 01270); undated in EDCS. Not in EDH (EDH holds only AE-published stamps).
EDCS,EDCS-49600361,https://edcs.hist.uzh.ch/monument/EDCS-49600361,"EE 09 01270; RIB 02 04, 02462,04,1",Britannia,Scalesceugh,,sigilla impressa; tituli fabricationis / material: opus figlinae,Leg(io) VIIII H(ispana),,,EDCS: undated,-,tile stamp Legio VIIII Hispana,yes,Stamped tile (EE 09 01270); undated in EDCS. Not in EDH (EDH holds only AE-published stamps).
EDCS,EDCS-49600362,https://edcs.hist.uzh.ch/monument/EDCS-49600362,"RIB 02 04, 02462,02",Britannia,Scalesceugh,,sigilla impressa; tituli fabricationis / material: opus figlinae,Leg(io) V[IIII 3],,,EDCS: undated,-,tile stamp Legio V[IIII 3],yes,"Stamped tile (RIB 02 04, 02462,02); undated in EDCS. Not in EDH (EDH holds only AE-published stamps)."
EDCS,EDCS-49600396,https://edcs.hist.uzh.ch/monument/EDCS-49600396,"RIB 02 04, 02462,12,04",Britannia,Templeborough,,sigilla impressa; tituli fabricationis / material: opus figlinae,Leg(io) IX Hisp(ana),,,EDCS: undated,-,tile stamp Legio IX Hispana,yes,"Stamped tile (RIB 02 04, 02462,12,04); undated in EDCS. Not in EDH (EDH holds only AE-published stamps)."
EDCS,EDCS-49600782,https://edcs.hist.uzh.ch/monument/EDCS-49600782,"RIB 02 04, 02462,09b,1",Britannia,Castleford / Lagentium,,sigilla impressa; tituli fabricationis / material: opus figlinae,Leg(io) IX His(pana),,,EDCS: undated,-,tile stamp Legio IX Hispana,yes,"Stamped tile (RIB 02 04, 02462,09b,1); undated in EDCS. Not in EDH (EDH holds only AE-published stamps)."
EDCS,EDCS-49600783,https://edcs.hist.uzh.ch/monument/EDCS-49600783,"RIB 02 04, 02462,09,02",Britannia,Castleford / Lagentium,,sigilla impressa; tituli fabricationis / material: opus figlinae,Leg(io) IX Hisp(ana),,,EDCS: undated,-,tile stamp Legio IX Hispana,yes,"Stamped tile (RIB 02 04, 02462,09,02); undated in EDCS. Not in EDH (EDH holds only AE-published stamps)."
EDCS,EDCS-49600784,https://edcs.hist.uzh.ch/monument/EDCS-49600784,"RIB 02 04, 02462,09,03",Britannia,Castleford / Lagentium,,sigilla impressa; tituli fabricationis / material: opus figlinae,Leg(io) IX Hisp(ana),,,EDCS: undated,-,tile stamp Legio IX Hispana,yes,"Stamped tile (RIB 02 04, 02462,09,03); undated in EDCS. Not in EDH (EDH holds only AE-published stamps)."
EDCS,EDCS-49600785,https://edcs.hist.uzh.ch/monument/EDCS-49600785,"RIB 02 04, 02462,09,04",Britannia,Castleford / Lagentium,,sigilla impressa; tituli fabricationis / material: opus figlinae,Leg(io) IX Hisp(ana),,,EDCS: undated,-,tile stamp Legio IX Hispana,yes,"Stamped tile (RIB 02 04, 02462,09,04); undated in EDCS. Not in EDH (EDH holds only AE-published stamps)."
EDCS,EDCS-49600786,https://edcs.hist.uzh.ch/monument/EDCS-49600786,"RIB 02 04, 02462,09,05",Britannia,Castleford / Lagentium,,sigilla impressa; tituli fabricationis / material: opus figlinae,Leg(io) IX Hisp(ana),,,EDCS: undated,-,tile stamp Legio IX Hispana,yes,"Stamped tile (RIB 02 04, 02462,09,05); undated in EDCS. Not in EDH (EDH holds only AE-published stamps)."
EDCS,EDCS-49600787,https://edcs.hist.uzh.ch/monument/EDCS-49600787,"RIB 02 04, 02462,09,06",Britannia,Castleford / Lagentium,,sigilla impressa; tituli fabricationis / material: opus figlinae,Leg(io) IX Hisp(ana),,,EDCS: undated,-,tile stamp Legio IX Hispana,yes,"Stamped tile (RIB 02 04, 02462,09,06); undated in EDCS. Not in EDH (EDH holds only AE-published stamps)."
EDCS,EDCS-49600788,https://edcs.hist.uzh.ch/monument/EDCS-49600788,"RIB 02 04, 02462,09,07",Britannia,Castleford / Lagentium,,sigilla impressa; tituli fabricationis / material: opus figlinae,Leg(io) IX Hisp(ana),,,EDCS: undated,-,tile stamp Legio IX Hispana,yes,"Stamped tile (RIB 02 04, 02462,09,07); undated in EDCS. Not in EDH (EDH holds only AE-published stamps)."
EDCS,EDCS-49600812,https://edcs.hist.uzh.ch/monument/EDCS-49600812,"RIB 02 04, 02462,01",Britannia,Leicester / Ratae Coritanorum,,sigilla impressa; tituli fabricationis / material: opus figlinae,L(egio) VIII[I His(pana)],,,EDCS: undated,-,tile stamp Legio VIII[I Hispana],yes,"Stamped tile (RIB 02 04, 02462,01); undated in EDCS. Not in EDH (EDH holds only AE-published stamps)."
EDCS,EDCS-49601844,https://edcs.hist.uzh.ch/monument/EDCS-49601844,"RIB 02 04, 02462,12,01",Britannia,Aldborough / Isurium,,sigilla impressa; tituli fabricationis / material: opus figlinae,Leg(io) IX Hisp(ana),,,EDCS: undated,-,tile stamp Legio IX Hispana,yes,"Stamped tile (RIB 02 04, 02462,12,01); undated in EDCS. Not in EDH (EDH holds only AE-published stamps)."
EDCS,EDCS-49601845,https://edcs.hist.uzh.ch/monument/EDCS-49601845,"RIB 02 04, 02462,12,02",Britannia,Aldborough / Isurium,,sigilla impressa; tituli fabricationis / material: opus figlinae,Leg(io) IX Hisp(ana),,,EDCS: undated,-,tile stamp Legio IX Hispana,yes,"Stamped tile (RIB 02 04, 02462,12,02); undated in EDCS. Not in EDH (EDH holds only AE-published stamps)."
EDCS,EDCS-49601846,https://edcs.hist.uzh.ch/monument/EDCS-49601846,"RIB 02 04, 02462,07,1",Britannia,Aldborough / Isurium,,sigilla impressa; tituli fabricationis / material: opus figlinae,Leg(io) IX Hisp(ana),,,EDCS: undated,-,tile stamp Legio IX Hispana,yes,"Stamped tile (RIB 02 04, 02462,07,1); undated in EDCS. Not in EDH (EDH holds only AE-published stamps)."
EDCS,EDCS-49601850,https://edcs.hist.uzh.ch/monument/EDCS-49601850,"RIB 02 04, 02462,17*",Britannia,York / Eboracum,,sigilla impressa; tituli fabricationis / material: opus figlinae,Leg(io) IX Vic(trix),,,EDCS: undated,-,"tile stamp ""LEG IX VIC(trix)""",no,RIB II 2462.17* (asterisk = falsum/misread); excluded.
EDCS,EDCS-49601851,https://edcs.hist.uzh.ch/monument/EDCS-49601851,"RIB 02 04, 02462,13",Britannia,York / Eboracum,,sigilla impressa; tituli fabricationis / material: opus figlinae,[Leg(io) IX] Hisp(ana),,,EDCS: undated,-,tile stamp [Legio IX] Hispana,yes,"Stamped tile (RIB 02 04, 02462,13); undated in EDCS. Not in EDH (EDH holds only AE-published stamps)."
EDCS,EDCS-49601852,https://edcs.hist.uzh.ch/monument/EDCS-49601852,"RIB 02 04, 02462,12,05",Britannia,York / Eboracum,,sigilla impressa; tituli fabricationis / material: opus figlinae,Leg(io) IX Hisp(ana),,,EDCS: undated,-,tile stamp Legio IX Hispana,yes,"Stamped tile (RIB 02 04, 02462,12,05); undated in EDCS. Not in EDH (EDH holds only AE-published stamps)."
EDCS,EDCS-49601853,https://edcs.hist.uzh.ch/monument/EDCS-49601853,"RIB 02 04, 02462,12,06",Britannia,York / Eboracum,,sigilla impressa; tituli fabricationis / material: opus figlinae,Leg(io) IX Hisp(ana),,,EDCS: undated,-,tile stamp Legio IX Hispana,yes,"Stamped tile (RIB 02 04, 02462,12,06); undated in EDCS. Not in EDH (EDH holds only AE-published stamps)."
EDCS,EDCS-49601854,https://edcs.hist.uzh.ch/monument/EDCS-49601854,"RIB 02 04, 02462,12,07",Britannia,York / Eboracum,,sigilla impressa; tituli fabricationis / material: opus figlinae,Leg(io) IX Hisp(ana),,,EDCS: undated,-,tile stamp Legio IX Hispana,yes,"Stamped tile (RIB 02 04, 02462,12,07); undated in EDCS. Not in EDH (EDH holds only AE-published stamps)."
EDCS,EDCS-49601855,https://edcs.hist.uzh.ch/monument/EDCS-49601855,"RIB 02 04, 02462,12,08",Britannia,York / Eboracum,,sigilla impressa; tituli fabricationis / material: opus figlinae,Leg(io) IX Hisp(ana),,,EDCS: undated,-,tile stamp Legio IX Hispana,yes,"Stamped tile (RIB 02 04, 02462,12,08); undated in EDCS. Not in EDH (EDH holds only AE-published stamps)."
EDCS,EDCS-49601856,https://edcs.hist.uzh.ch/monument/EDCS-49601856,"RIB 02 04, 02462,12,09",Britannia,York / Eboracum,,sigilla impressa; tituli fabricationis / material: opus figlinae,Leg(io) IX Hisp(ana),,,EDCS: undated,-,tile stamp Legio IX Hispana,yes,"Stamped tile (RIB 02 04, 02462,12,09); undated in EDCS. Not in EDH (EDH holds only AE-published stamps)."
EDCS,EDCS-49601857,https://edcs.hist.uzh.ch/monument/EDCS-49601857,"RIB 02 04, 02462,12,10",Britannia,York / Eboracum,,sigilla impressa; tituli fabricationis / material: opus figlinae,Leg(io) IX Hisp(ana),,,EDCS: undated,-,tile stamp Legio IX Hispana,yes,"Stamped tile (RIB 02 04, 02462,12,10); undated in EDCS. Not in EDH (EDH holds only AE-published stamps)."
EDCS,EDCS-49601858,https://edcs.hist.uzh.ch/monument/EDCS-49601858,"RIB 02 04, 02462,12,11",Britannia,York / Eboracum,,sigilla impressa; tituli fabricationis / material: opus figlinae,Leg(io) IX Hisp(ana),,,EDCS: undated,-,tile stamp Legio IX Hispana,yes,"Stamped tile (RIB 02 04, 02462,12,11); undated in EDCS. Not in EDH (EDH holds only AE-published stamps)."
EDCS,EDCS-49601859,https://edcs.hist.uzh.ch/monument/EDCS-49601859,"RIB 02 04, 02462,12,12",Britannia,York / Eboracum,,sigilla impressa; tituli fabricationis / material: opus figlinae,Leg(io) IX Hisp(ana),,,EDCS: undated,-,tile stamp Legio IX Hispana,yes,"Stamped tile (RIB 02 04, 02462,12,12); undated in EDCS. Not in EDH (EDH holds only AE-published stamps)."
EDCS,EDCS-49601860,https://edcs.hist.uzh.ch/monument/EDCS-49601860,"RIB 02 04, 02462,12,13",Britannia,York / Eboracum,,sigilla impressa; tituli fabricationis / material: opus figlinae,Leg(io) IX Hisp(ana),,,EDCS: undated,-,tile stamp Legio IX Hispana,yes,"Stamped tile (RIB 02 04, 02462,12,13); undated in EDCS. Not in EDH (EDH holds only AE-published stamps)."
EDCS,EDCS-49601861,https://edcs.hist.uzh.ch/monument/EDCS-49601861,"RIB 02 04, 02462,12,14; RIB 02 08, p 162",Britannia,York / Eboracum,,,Leg(io) IX Hisp(ana),,,EDCS: undated,-,tile stamp Legio IX Hispana,yes,"Stamped tile (RIB 02 04, 02462,12,14); undated in EDCS. Not in EDH (EDH holds only AE-published stamps)."
EDCS,EDCS-49601862,https://edcs.hist.uzh.ch/monument/EDCS-49601862,"RIB 02 04, 02462,12,15",Britannia,York / Eboracum,,sigilla impressa; tituli fabricationis / material: opus figlinae,Leg(io) IX Hisp(ana),,,EDCS: undated,-,tile stamp Legio IX Hispana,yes,"Stamped tile (RIB 02 04, 02462,12,15); undated in EDCS. Not in EDH (EDH holds only AE-published stamps)."
EDCS,EDCS-49601863,https://edcs.hist.uzh.ch/monument/EDCS-49601863,"RIB 02 04, 02462,12,16",Britannia,York / Eboracum,,sigilla impressa; tituli fabricationis / material: opus figlinae,Leg(io) IX Hisp(ana),,,EDCS: undated,-,tile stamp Legio IX Hispana,yes,"Stamped tile (RIB 02 04, 02462,12,16); undated in EDCS. Not in EDH (EDH holds only AE-published stamps)."
EDCS,EDCS-49601864,https://edcs.hist.uzh.ch/monument/EDCS-49601864,"RIB 02 04, 02462,12,17",Britannia,York / Eboracum,,sigilla impressa; tituli fabricationis / material: opus figlinae,Leg(io) IX Hisp(ana),,,EDCS: undated,-,tile stamp Legio IX Hispana,yes,"Stamped tile (RIB 02 04, 02462,12,17); undated in EDCS. Not in EDH (EDH holds only AE-published stamps)."
EDCS,EDCS-49601865,https://edcs.hist.uzh.ch/monument/EDCS-49601865,"RIB 02 04, 02462,12,18",Britannia,York / Eboracum,,sigilla impressa; tituli fabricationis / material: opus figlinae,Leg(io) IX Hisp(ana),,,EDCS: undated,-,tile stamp Legio IX Hispana,yes,"Stamped tile (RIB 02 04, 02462,12,18); undated in EDCS. Not in EDH (EDH holds only AE-published stamps)."
EDCS,EDCS-49601866,https://edcs.hist.uzh.ch/monument/EDCS-49601866,"RIB 02 04, 02462,12,19",Britannia,York / Eboracum,,sigilla impressa; tituli fabricationis / material: opus figlinae,Leg(io) IX Hisp(ana),,,EDCS: undated,-,tile stamp Legio IX Hispana,yes,"Stamped tile (RIB 02 04, 02462,12,19); undated in EDCS. Not in EDH (EDH holds only AE-published stamps)."
EDCS,EDCS-49601867,https://edcs.hist.uzh.ch/monument/EDCS-49601867,"RIB 02 04, 02462,12,20",Britannia,York / Eboracum,,sigilla impressa; tituli fabricationis / material: opus figlinae,Leg(io) IX Hisp(ana),,,EDCS: undated,-,tile stamp Legio IX Hispana,yes,"Stamped tile (RIB 02 04, 02462,12,20); undated in EDCS. Not in EDH (EDH holds only AE-published stamps)."
EDCS,EDCS-49601868,https://edcs.hist.uzh.ch/monument/EDCS-49601868,"RIB 02 04, 02462,12,21",Britannia,York / Eboracum,,sigilla impressa; tituli fabricationis / material: opus figlinae,Leg(io) IX Hisp(ana),,,EDCS: undated,-,tile stamp Legio IX Hispana,yes,"Stamped tile (RIB 02 04, 02462,12,21); undated in EDCS. Not in EDH (EDH holds only AE-published stamps)."
EDCS,EDCS-49601869,https://edcs.hist.uzh.ch/monument/EDCS-49601869,"RIB 02 04, 02462,12,22",Britannia,York / Eboracum,,sigilla impressa; tituli fabricationis / material: opus figlinae,Leg(io) IX Hisp(ana),,,EDCS: undated,-,tile stamp Legio IX Hispana,yes,"Stamped tile (RIB 02 04, 02462,12,22); undated in EDCS. Not in EDH (EDH holds only AE-published stamps)."
EDCS,EDCS-49601870,https://edcs.hist.uzh.ch/monument/EDCS-49601870,"RIB 02 04, 02462,12,23",Britannia,York / Eboracum,,sigilla impressa; tituli fabricationis / material: opus figlinae,Leg(io) IX Hisp(ana),,,EDCS: undated,-,tile stamp Legio IX Hispana,yes,"Stamped tile (RIB 02 04, 02462,12,23); undated in EDCS. Not in EDH (EDH holds only AE-published stamps)."
EDCS,EDCS-49601871,https://edcs.hist.uzh.ch/monument/EDCS-49601871,"RIB 02 04, 02462,12,24",Britannia,York / Eboracum,,sigilla impressa; tituli fabricationis / material: opus figlinae,Leg(io) IX Hisp(ana),,,EDCS: undated,-,tile stamp Legio IX Hispana,yes,"Stamped tile (RIB 02 04, 02462,12,24); undated in EDCS. Not in EDH (EDH holds only AE-published stamps)."
EDCS,EDCS-49601872,https://edcs.hist.uzh.ch/monument/EDCS-49601872,"RIB 02 04, 02462,12,25",Britannia,York / Eboracum,,sigilla impressa; tituli fabricationis / material: opus figlinae,Leg(io) IX Hisp(ana),,,EDCS: undated,-,tile stamp Legio IX Hispana,yes,"Stamped tile (RIB 02 04, 02462,12,25); undated in EDCS. Not in EDH (EDH holds only AE-published stamps)."
EDCS,EDCS-49601873,https://edcs.hist.uzh.ch/monument/EDCS-49601873,"RIB 02 04, 02462,12,26",Britannia,York / Eboracum,,sigilla impressa; tituli fabricationis / material: opus figlinae,Leg(io) IX Hisp(ana),,,EDCS: undated,-,tile stamp Legio IX Hispana,yes,"Stamped tile (RIB 02 04, 02462,12,26); undated in EDCS. Not in EDH (EDH holds only AE-published stamps)."
EDCS,EDCS-49601874,https://edcs.hist.uzh.ch/monument/EDCS-49601874,"RIB 02 04, 02462,12,27",Britannia,York / Eboracum,,sigilla impressa; tituli fabricationis / material: opus figlinae,Leg(io) IX Hisp(ana),,,EDCS: undated,-,tile stamp Legio IX Hispana,yes,"Stamped tile (RIB 02 04, 02462,12,27); undated in EDCS. Not in EDH (EDH holds only AE-published stamps)."
EDCS,EDCS-49601875,https://edcs.hist.uzh.ch/monument/EDCS-49601875,"RIB 02 04, 02462,12,28",Britannia,York / Eboracum,,sigilla impressa; tituli fabricationis / material: opus figlinae,Leg(io) IX Hisp(ana),,,EDCS: undated,-,tile stamp Legio IX Hispana,yes,"Stamped tile (RIB 02 04, 02462,12,28); undated in EDCS. Not in EDH (EDH holds only AE-published stamps)."
EDCS,EDCS-49601876,https://edcs.hist.uzh.ch/monument/EDCS-49601876,"RIB 02 04, 02462,12,29",Britannia,York / Eboracum,,sigilla impressa; tituli fabricationis / material: opus figlinae,Leg(io) IX Hisp(ana),,,EDCS: undated,-,tile stamp Legio IX Hispana,yes,"Stamped tile (RIB 02 04, 02462,12,29); undated in EDCS. Not in EDH (EDH holds only AE-published stamps)."
EDCS,EDCS-49601877,https://edcs.hist.uzh.ch/monument/EDCS-49601877,"RIB 02 04, 02462,12,30",Britannia,York / Eboracum,,sigilla impressa; tituli fabricationis / material: opus figlinae,Leg(io) IX Hisp(ana),,,EDCS: undated,-,tile stamp Legio IX Hispana,yes,"Stamped tile (RIB 02 04, 02462,12,30); undated in EDCS. Not in EDH (EDH holds only AE-published stamps)."
EDCS,EDCS-49601878,https://edcs.hist.uzh.ch/monument/EDCS-49601878,"RIB 02 04, 02462,12,31",Britannia,York / Eboracum,,sigilla impressa; tituli fabricationis / material: opus figlinae,Leg(io) IX Hisp(ana),,,EDCS: undated,-,tile stamp Legio IX Hispana,yes,"Stamped tile (RIB 02 04, 02462,12,31); undated in EDCS. Not in EDH (EDH holds only AE-published stamps)."
EDCS,EDCS-49601879,https://edcs.hist.uzh.ch/monument/EDCS-49601879,"RIB 02 04, 02462,12,32",Britannia,York / Eboracum,,sigilla impressa; tituli fabricationis / material: opus figlinae,Leg(io) IX Hisp(ana),,,EDCS: undated,-,tile stamp Legio IX Hispana,yes,"Stamped tile (RIB 02 04, 02462,12,32); undated in EDCS. Not in EDH (EDH holds only AE-published stamps)."
EDCS,EDCS-49601880,https://edcs.hist.uzh.ch/monument/EDCS-49601880,"RIB 02 04, 02462,12,33",Britannia,York / Eboracum,,sigilla impressa; tituli fabricationis / material: opus figlinae,Leg(io) IX Hisp(ana),,,EDCS: undated,-,tile stamp Legio IX Hispana,yes,"Stamped tile (RIB 02 04, 02462,12,33); undated in EDCS. Not in EDH (EDH holds only AE-published stamps)."
EDCS,EDCS-49601881,https://edcs.hist.uzh.ch/monument/EDCS-49601881,"RIB 02 04, 02462,12,34",Britannia,York / Eboracum,,sigilla impressa; tituli fabricationis / material: opus figlinae,Leg(io) IX Hisp(ana),,,EDCS: undated,-,tile stamp Legio IX Hispana,yes,"Stamped tile (RIB 02 04, 02462,12,34); undated in EDCS. Not in EDH (EDH holds only AE-published stamps)."
EDCS,EDCS-49601882,https://edcs.hist.uzh.ch/monument/EDCS-49601882,"RIB 02 04, 02462,11,1",Britannia,York / Eboracum,,sigilla impressa; tituli fabricationis / material: opus figlinae,Leg(io) IX Hisp(ana),,,EDCS: undated,-,tile stamp Legio IX Hispana,yes,"Stamped tile (RIB 02 04, 02462,11,1); undated in EDCS. Not in EDH (EDH holds only AE-published stamps)."
EDCS,EDCS-49601883,https://edcs.hist.uzh.ch/monument/EDCS-49601883,"RIB 02 04, 02462,11,2",Britannia,York / Eboracum,,sigilla impressa; tituli fabricationis / material: opus figlinae,Leg(io) IX Hisp(ana),,,EDCS: undated,-,tile stamp Legio IX Hispana,yes,"Stamped tile (RIB 02 04, 02462,11,2); undated in EDCS. Not in EDH (EDH holds only AE-published stamps)."
EDCS,EDCS-49601884,https://edcs.hist.uzh.ch/monument/EDCS-49601884,"RIB 02 04, 02462,11,3",Britannia,York / Eboracum,,sigilla impressa; tituli fabricationis / material: opus figlinae,Leg(io) IX Hisp(ana),,,EDCS: undated,-,tile stamp Legio IX Hispana,yes,"Stamped tile (RIB 02 04, 02462,11,3); undated in EDCS. Not in EDH (EDH holds only AE-published stamps)."
EDCS,EDCS-49601885,https://edcs.hist.uzh.ch/monument/EDCS-49601885,"RIB 02 04, 02462,11,4",Britannia,York / Eboracum,,sigilla impressa; tituli fabricationis / material: opus figlinae,Leg(io) IX Hisp(ana),,,EDCS: undated,-,tile stamp Legio IX Hispana,yes,"Stamped tile (RIB 02 04, 02462,11,4); undated in EDCS. Not in EDH (EDH holds only AE-published stamps)."
EDCS,EDCS-49601886,https://edcs.hist.uzh.ch/monument/EDCS-49601886,"RIB 02 04, 02462,10",Britannia,York / Eboracum,,sigilla impressa; tituli fabricationis / material: opus figlinae,[Leg(io) IX H]isp(ana),,,EDCS: undated,-,tile stamp [Legio IX H]ispana,yes,"Stamped tile (RIB 02 04, 02462,10); undated in EDCS. Not in EDH (EDH holds only AE-published stamps)."
EDCS,EDCS-49601887,https://edcs.hist.uzh.ch/monument/EDCS-49601887,"RIB 02 04, 02462,09c,1",Britannia,York / Eboracum,,sigilla impressa; tituli fabricationis / material: opus figlinae,Leg(io) IX Hisp(ana),,,EDCS: undated,-,tile stamp Legio IX Hispana,yes,"Stamped tile (RIB 02 04, 02462,09c,1); undated in EDCS. Not in EDH (EDH holds only AE-published stamps)."
EDCS,EDCS-49601888,https://edcs.hist.uzh.ch/monument/EDCS-49601888,"RIB 02 04, 02462,09c,2",Britannia,York / Eboracum,,sigilla impressa; tituli fabricationis / material: opus figlinae,Leg(io) IX Hisp(ana),,,EDCS: undated,-,tile stamp Legio IX Hispana,yes,"Stamped tile (RIB 02 04, 02462,09c,2); undated in EDCS. Not in EDH (EDH holds only AE-published stamps)."
EDCS,EDCS-49601889,https://edcs.hist.uzh.ch/monument/EDCS-49601889,"RIB 02 04, 02462,09c,3",Britannia,York / Eboracum,,sigilla impressa; tituli fabricationis / material: opus figlinae,Leg(io) IX Hisp(ana),,,EDCS: undated,-,tile stamp Legio IX Hispana,yes,"Stamped tile (RIB 02 04, 02462,09c,3); undated in EDCS. Not in EDH (EDH holds only AE-published stamps)."
EDCS,EDCS-49601890,https://edcs.hist.uzh.ch/monument/EDCS-49601890,"RIB 02 04, 02462,09c,4",Britannia,York / Eboracum,,sigilla impressa; tituli fabricationis / material: opus figlinae,Leg(io) IX Hisp(ana),,,EDCS: undated,-,tile stamp Legio IX Hispana,yes,"Stamped tile (RIB 02 04, 02462,09c,4); undated in EDCS. Not in EDH (EDH holds only AE-published stamps)."
EDCS,EDCS-49601891,https://edcs.hist.uzh.ch/monument/EDCS-49601891,"RIB 02 04, 02462,09b,2",Britannia,York / Eboracum,,sigilla impressa; tituli fabricationis / material: opus figlinae,Leg(io) IX His(pana),,,EDCS: undated,-,tile stamp Legio IX Hispana,yes,"Stamped tile (RIB 02 04, 02462,09b,2); undated in EDCS. Not in EDH (EDH holds only AE-published stamps)."
EDCS,EDCS-49601892,https://edcs.hist.uzh.ch/monument/EDCS-49601892,"RIB 02 04, 02462,09b,3",Britannia,York / Eboracum,,sigilla impressa; tituli fabricationis / material: opus figlinae,Leg(io) IX His(pana),,,EDCS: undated,-,tile stamp Legio IX Hispana,yes,"Stamped tile (RIB 02 04, 02462,09b,3); undated in EDCS. Not in EDH (EDH holds only AE-published stamps)."
EDCS,EDCS-49601893,https://edcs.hist.uzh.ch/monument/EDCS-49601893,"RIB 02 04, 02462,09a,2",Britannia,York / Eboracum,,sigilla impressa; tituli fabricationis / material: opus figlinae,Leg(io) IX Hisp(ana),,,EDCS: undated,-,tile stamp Legio IX Hispana,yes,"Stamped tile (RIB 02 04, 02462,09a,2); undated in EDCS. Not in EDH (EDH holds only AE-published stamps)."
EDCS,EDCS-49601894,https://edcs.hist.uzh.ch/monument/EDCS-49601894,"RIB 02 04, 02462,09a,3",Britannia,York / Eboracum,,sigilla impressa; tituli fabricationis / material: opus figlinae,Leg(io) IX Hisp(ana),,,EDCS: undated,-,tile stamp Legio IX Hispana,yes,"Stamped tile (RIB 02 04, 02462,09a,3); undated in EDCS. Not in EDH (EDH holds only AE-published stamps)."
EDCS,EDCS-49601895,https://edcs.hist.uzh.ch/monument/EDCS-49601895,"RIB 02 04, 02462,09a,4",Britannia,York / Eboracum,,sigilla impressa; tituli fabricationis / material: opus figlinae,Leg(io) IX Hisp(ana),,,EDCS: undated,-,tile stamp Legio IX Hispana,yes,"Stamped tile (RIB 02 04, 02462,09a,4); undated in EDCS. Not in EDH (EDH holds only AE-published stamps)."
EDCS,EDCS-49601896,https://edcs.hist.uzh.ch/monument/EDCS-49601896,"RIB 02 04, 02462,09,08",Britannia,York / Eboracum,,sigilla impressa; tituli fabricationis / material: opus figlinae,Leg(io) IX Hisp(ana),,,EDCS: undated,-,tile stamp Legio IX Hispana,yes,"Stamped tile (RIB 02 04, 02462,09,08); undated in EDCS. Not in EDH (EDH holds only AE-published stamps)."
EDCS,EDCS-49601897,https://edcs.hist.uzh.ch/monument/EDCS-49601897,"RIB 02 04, 02462,09,09",Britannia,York / Eboracum,,sigilla impressa; tituli fabricationis / material: opus figlinae,Leg(io) IX Hisp(ana),,,EDCS: undated,-,tile stamp Legio IX Hispana,yes,"Stamped tile (RIB 02 04, 02462,09,09); undated in EDCS. Not in EDH (EDH holds only AE-published stamps)."
EDCS,EDCS-49601898,https://edcs.hist.uzh.ch/monument/EDCS-49601898,"RIB 02 04, 02462,09,10",Britannia,York / Eboracum,,sigilla impressa; tituli fabricationis / material: opus figlinae,Leg(io) IX Hisp(ana),,,EDCS: undated,-,tile stamp Legio IX Hispana,yes,"Stamped tile (RIB 02 04, 02462,09,10); undated in EDCS. Not in EDH (EDH holds only AE-published stamps)."
EDCS,EDCS-49601899,https://edcs.hist.uzh.ch/monument/EDCS-49601899,"RIB 02 04, 02462,09,11",Britannia,York / Eboracum,,sigilla impressa; tituli fabricationis / material: opus figlinae,Leg(io) IX Hisp(ana),,,EDCS: undated,-,tile stamp Legio IX Hispana,yes,"Stamped tile (RIB 02 04, 02462,09,11); undated in EDCS. Not in EDH (EDH holds only AE-published stamps)."
EDCS,EDCS-49601900,https://edcs.hist.uzh.ch/monument/EDCS-49601900,"RIB 02 04, 02462,09,12",Britannia,York / Eboracum,,sigilla impressa; tituli fabricationis / material: opus figlinae,Leg(io) IX Hisp(ana),,,EDCS: undated,-,tile stamp Legio IX Hispana,yes,"Stamped tile (RIB 02 04, 02462,09,12); undated in EDCS. Not in EDH (EDH holds only AE-published stamps)."
EDCS,EDCS-49601901,https://edcs.hist.uzh.ch/monument/EDCS-49601901,"RIB 02 04, 02462,09,13",Britannia,York / Eboracum,,sigilla impressa; tituli fabricationis / material: opus figlinae,Leg(io) IX Hisp(ana),,,EDCS: undated,-,tile stamp Legio IX Hispana,yes,"Stamped tile (RIB 02 04, 02462,09,13); undated in EDCS. Not in EDH (EDH holds only AE-published stamps)."
EDCS,EDCS-49601902,https://edcs.hist.uzh.ch/monument/EDCS-49601902,"RIB 02 04, 02462,09,14",Britannia,York / Eboracum,,sigilla impressa; tituli fabricationis / material: opus figlinae,Leg(io) IX Hisp(ana),,,EDCS: undated,-,tile stamp Legio IX Hispana,yes,"Stamped tile (RIB 02 04, 02462,09,14); undated in EDCS. Not in EDH (EDH holds only AE-published stamps)."
EDCS,EDCS-49601903,https://edcs.hist.uzh.ch/monument/EDCS-49601903,"RIB 02 04, 02462,09,15",Britannia,York / Eboracum,,sigilla impressa; tituli fabricationis / material: opus figlinae,Leg(io) IX Hisp(ana),,,EDCS: undated,-,tile stamp Legio IX Hispana,yes,"Stamped tile (RIB 02 04, 02462,09,15); undated in EDCS. Not in EDH (EDH holds only AE-published stamps)."
EDCS,EDCS-49601904,https://edcs.hist.uzh.ch/monument/EDCS-49601904,"RIB 02 04, 02462,09,16",Britannia,York / Eboracum,,sigilla impressa; tituli fabricationis / material: opus figlinae,Leg(io) IX Hisp(ana),,,EDCS: undated,-,tile stamp Legio IX Hispana,yes,"Stamped tile (RIB 02 04, 02462,09,16); undated in EDCS. Not in EDH (EDH holds only AE-published stamps)."
EDCS,EDCS-49601905,https://edcs.hist.uzh.ch/monument/EDCS-49601905,"RIB 02 04, 02462,09,17",Britannia,York / Eboracum,,sigilla impressa; tituli fabricationis / material: opus figlinae,Leg(io) IX Hisp(ana),,,EDCS: undated,-,tile stamp Legio IX Hispana,yes,"Stamped tile (RIB 02 04, 02462,09,17); undated in EDCS. Not in EDH (EDH holds only AE-published stamps)."
EDCS,EDCS-49601906,https://edcs.hist.uzh.ch/monument/EDCS-49601906,"RIB 02 04, 02462,09,18",Britannia,York / Eboracum,,sigilla impressa; tituli fabricationis / material: opus figlinae,Leg(io) IX Hisp(ana),,,EDCS: undated,-,tile stamp Legio IX Hispana,yes,"Stamped tile (RIB 02 04, 02462,09,18); undated in EDCS. Not in EDH (EDH holds only AE-published stamps)."
EDCS,EDCS-49601907,https://edcs.hist.uzh.ch/monument/EDCS-49601907,"RIB 02 04, 02462,09,19",Britannia,York / Eboracum,,sigilla impressa; tituli fabricationis / material: opus figlinae,Leg(io) IX Hisp(ana),,,EDCS: undated,-,tile stamp Legio IX Hispana,yes,"Stamped tile (RIB 02 04, 02462,09,19); undated in EDCS. Not in EDH (EDH holds only AE-published stamps)."
EDCS,EDCS-49601908,https://edcs.hist.uzh.ch/monument/EDCS-49601908,"RIB 02 04, 02462,09,20",Britannia,York / Eboracum,,sigilla impressa; tituli fabricationis / material: opus figlinae,Leg(io) IX Hisp(ana),,,EDCS: undated,-,tile stamp Legio IX Hispana,yes,"Stamped tile (RIB 02 04, 02462,09,20); undated in EDCS. Not in EDH (EDH holds only AE-published stamps)."
EDCS,EDCS-49601909,https://edcs.hist.uzh.ch/monument/EDCS-49601909,"RIB 02 04, 02462,09,21",Britannia,York / Eboracum,,sigilla impressa; tituli fabricationis / material: opus figlinae,Leg(io) IX Hisp(ana),,,EDCS: undated,-,tile stamp Legio IX Hispana,yes,"Stamped tile (RIB 02 04, 02462,09,21); undated in EDCS. Not in EDH (EDH holds only AE-published stamps)."
EDCS,EDCS-49601910,https://edcs.hist.uzh.ch/monument/EDCS-49601910,"RIB 02 04, 02462,09,22",Britannia,York / Eboracum,,sigilla impressa; tituli fabricationis / material: opus figlinae,Leg(io) IX Hisp(ana),,,EDCS: undated,-,tile stamp Legio IX Hispana,yes,"Stamped tile (RIB 02 04, 02462,09,22); undated in EDCS. Not in EDH (EDH holds only AE-published stamps)."
EDCS,EDCS-49601911,https://edcs.hist.uzh.ch/monument/EDCS-49601911,"RIB 02 04, 02462,09,23",Britannia,York / Eboracum,,sigilla impressa; tituli fabricationis / material: opus figlinae,Leg(io) IX Hisp(ana),,,EDCS: undated,-,tile stamp Legio IX Hispana,yes,"Stamped tile (RIB 02 04, 02462,09,23); undated in EDCS. Not in EDH (EDH holds only AE-published stamps)."
EDCS,EDCS-49601912,https://edcs.hist.uzh.ch/monument/EDCS-49601912,"RIB 02 04, 02462,09,24",Britannia,York / Eboracum,,sigilla impressa; tituli fabricationis / material: opus figlinae,Leg(io) IX Hisp(ana),,,EDCS: undated,-,tile stamp Legio IX Hispana,yes,"Stamped tile (RIB 02 04, 02462,09,24); undated in EDCS. Not in EDH (EDH holds only AE-published stamps)."
EDCS,EDCS-49601913,https://edcs.hist.uzh.ch/monument/EDCS-49601913,"RIB 02 04, 02462,09,25",Britannia,York / Eboracum,,sigilla impressa; tituli fabricationis / material: opus figlinae,Leg(io) IX Hisp(ana),,,EDCS: undated,-,tile stamp Legio IX Hispana,yes,"Stamped tile (RIB 02 04, 02462,09,25); undated in EDCS. Not in EDH (EDH holds only AE-published stamps)."
EDCS,EDCS-49601914,https://edcs.hist.uzh.ch/monument/EDCS-49601914,"RIB 02 04, 02462,09,26",Britannia,York / Eboracum,,sigilla impressa; tituli fabricationis / material: opus figlinae,Leg(io) IX Hisp(ana),,,EDCS: undated,-,tile stamp Legio IX Hispana,yes,"Stamped tile (RIB 02 04, 02462,09,26); undated in EDCS. Not in EDH (EDH holds only AE-published stamps)."
EDCS,EDCS-49601915,https://edcs.hist.uzh.ch/monument/EDCS-49601915,"RIB 02 04, 02462,09,27",Britannia,York / Eboracum,,sigilla impressa; tituli fabricationis / material: opus figlinae,Leg(io) IX Hisp(ana),,,EDCS: undated,-,tile stamp Legio IX Hispana,yes,"Stamped tile (RIB 02 04, 02462,09,27); undated in EDCS. Not in EDH (EDH holds only AE-published stamps)."
EDCS,EDCS-49601916,https://edcs.hist.uzh.ch/monument/EDCS-49601916,"RIB 02 04, 02462,09,28",Britannia,York / Eboracum,,sigilla impressa; tituli fabricationis / material: opus figlinae,Leg(io) IX Hisp(ana),,,EDCS: undated,-,tile stamp Legio IX Hispana,yes,"Stamped tile (RIB 02 04, 02462,09,28); undated in EDCS. Not in EDH (EDH holds only AE-published stamps)."
EDCS,EDCS-49601917,https://edcs.hist.uzh.ch/monument/EDCS-49601917,"RIB 02 04, 02462,09,29",Britannia,York / Eboracum,,sigilla impressa; tituli fabricationis / material: opus figlinae,Leg(io) IX Hisp(ana),,,EDCS: undated,-,tile stamp Legio IX Hispana,yes,"Stamped tile (RIB 02 04, 02462,09,29); undated in EDCS. Not in EDH (EDH holds only AE-published stamps)."
EDCS,EDCS-49601918,https://edcs.hist.uzh.ch/monument/EDCS-49601918,"RIB 02 04, 02462,09,30",Britannia,York / Eboracum,,sigilla impressa; tituli fabricationis / material: opus figlinae,Leg(io) IX Hisp(ana),,,EDCS: undated,-,tile stamp Legio IX Hispana,yes,"Stamped tile (RIB 02 04, 02462,09,30); undated in EDCS. Not in EDH (EDH holds only AE-published stamps)."
EDCS,EDCS-49601919,https://edcs.hist.uzh.ch/monument/EDCS-49601919,"RIB 02 04, 02462,09,31",Britannia,York / Eboracum,,sigilla impressa; tituli fabricationis / material: opus figlinae,Leg(io) IX Hisp(ana),,,EDCS: undated,-,tile stamp Legio IX Hispana,yes,"Stamped tile (RIB 02 04, 02462,09,31); undated in EDCS. Not in EDH (EDH holds only AE-published stamps)."
EDCS,EDCS-49601920,https://edcs.hist.uzh.ch/monument/EDCS-49601920,"RIB 02 04, 02462,09,32",Britannia,York / Eboracum,,sigilla impressa; tituli fabricationis / material: opus figlinae,Leg(io) IX Hisp(ana),,,EDCS: undated,-,tile stamp Legio IX Hispana,yes,"Stamped tile (RIB 02 04, 02462,09,32); undated in EDCS. Not in EDH (EDH holds only AE-published stamps)."
EDCS,EDCS-49601921,https://edcs.hist.uzh.ch/monument/EDCS-49601921,"RIB 02 04, 02462,09,33",Britannia,York / Eboracum,,sigilla impressa; tituli fabricationis / material: opus figlinae,Leg(io) IX Hisp(ana),,,EDCS: undated,-,tile stamp Legio IX Hispana,yes,"Stamped tile (RIB 02 04, 02462,09,33); undated in EDCS. Not in EDH (EDH holds only AE-published stamps)."
EDCS,EDCS-49601922,https://edcs.hist.uzh.ch/monument/EDCS-49601922,"RIB 02 04, 02462,09,34",Britannia,York / Eboracum,,sigilla impressa; tituli fabricationis / material: opus figlinae,Leg(io) IX Hisp(ana),,,EDCS: undated,-,tile stamp Legio IX Hispana,yes,"Stamped tile (RIB 02 04, 02462,09,34); undated in EDCS. Not in EDH (EDH holds only AE-published stamps)."
EDCS,EDCS-49601923,https://edcs.hist.uzh.ch/monument/EDCS-49601923,"RIB 02 04, 02462,09,35",Britannia,York / Eboracum,,sigilla impressa; tituli fabricationis / material: opus figlinae,Leg(io) IX Hisp(ana),,,EDCS: undated,-,tile stamp Legio IX Hispana,yes,"Stamped tile (RIB 02 04, 02462,09,35); undated in EDCS. Not in EDH (EDH holds only AE-published stamps)."
EDCS,EDCS-49601924,https://edcs.hist.uzh.ch/monument/EDCS-49601924,"RIB 02 04, 02462,09,36",Britannia,York / Eboracum,,sigilla impressa; tituli fabricationis / material: opus figlinae,Leg(io) IX Hisp(ana),,,EDCS: undated,-,tile stamp Legio IX Hispana,yes,"Stamped tile (RIB 02 04, 02462,09,36); undated in EDCS. Not in EDH (EDH holds only AE-published stamps)."
EDCS,EDCS-49601925,https://edcs.hist.uzh.ch/monument/EDCS-49601925,"RIB 02 04, 02462,09,01",Britannia,York / Eboracum,,sigilla impressa; tituli fabricationis / material: opus figlinae,[Leg(io)] IX [Hisp(ana)],,,EDCS: undated,-,tile stamp [Legio] IX [Hispana],yes,"Stamped tile (RIB 02 04, 02462,09,01); undated in EDCS. Not in EDH (EDH holds only AE-published stamps)."
EDCS,EDCS-49601926,https://edcs.hist.uzh.ch/monument/EDCS-49601926,"RIB 02 04, 02462,08,1",Britannia,York / Eboracum,,sigilla impressa; tituli fabricationis / material: opus figlinae,[Leg(io) IX] Hisp(ana),,,EDCS: undated,-,tile stamp [Legio IX] Hispana,yes,"Stamped tile (RIB 02 04, 02462,08,1); undated in EDCS. Not in EDH (EDH holds only AE-published stamps)."
EDCS,EDCS-49601927,https://edcs.hist.uzh.ch/monument/EDCS-49601927,"RIB 02 04, 02462,08,2",Britannia,York / Eboracum,,sigilla impressa; tituli fabricationis / material: opus figlinae,[Leg(io) IX] Hisp(ana),,,EDCS: undated,-,tile stamp [Legio IX] Hispana,yes,"Stamped tile (RIB 02 04, 02462,08,2); undated in EDCS. Not in EDH (EDH holds only AE-published stamps)."
EDCS,EDCS-49601928,https://edcs.hist.uzh.ch/monument/EDCS-49601928,"RIB 02 04, 02462,07,2",Britannia,York / Eboracum,,sigilla impressa; tituli fabricationis / material: opus figlinae,Leg(io) IX Hisp(ana),,,EDCS: undated,-,tile stamp Legio IX Hispana,yes,"Stamped tile (RIB 02 04, 02462,07,2); undated in EDCS. Not in EDH (EDH holds only AE-published stamps)."
EDCS,EDCS-49601929,https://edcs.hist.uzh.ch/monument/EDCS-49601929,"RIB 02 04, 02462,07,3",Britannia,York / Eboracum,,sigilla impressa; tituli fabricationis / material: opus figlinae,Leg(io) IX Hisp(ana),,,EDCS: undated,-,tile stamp Legio IX Hispana,yes,"Stamped tile (RIB 02 04, 02462,07,3); undated in EDCS. Not in EDH (EDH holds only AE-published stamps)."
EDCS,EDCS-49601930,https://edcs.hist.uzh.ch/monument/EDCS-49601930,"RIB 02 04, 02462,07,4",Britannia,York / Eboracum,,sigilla impressa; tituli fabricationis / material: opus figlinae,Leg(io) IX Hisp(ana),,,EDCS: undated,-,tile stamp Legio IX Hispana,yes,"Stamped tile (RIB 02 04, 02462,07,4); undated in EDCS. Not in EDH (EDH holds only AE-published stamps)."
EDCS,EDCS-49601931,https://edcs.hist.uzh.ch/monument/EDCS-49601931,"RIB 02 04, 02462,07,5",Britannia,York / Eboracum,,sigilla impressa; tituli fabricationis / material: opus figlinae,Leg(io) IX Hisp(ana),,,EDCS: undated,-,tile stamp Legio IX Hispana,yes,"Stamped tile (RIB 02 04, 02462,07,5); undated in EDCS. Not in EDH (EDH holds only AE-published stamps)."
EDCS,EDCS-49601932,https://edcs.hist.uzh.ch/monument/EDCS-49601932,"RIB 02 04, 02462,07,6",Britannia,York / Eboracum,,sigilla impressa; tituli fabricationis / material: opus figlinae,Leg(io) IX Hisp(ana),,,EDCS: undated,-,tile stamp Legio IX Hispana,yes,"Stamped tile (RIB 02 04, 02462,07,6); undated in EDCS. Not in EDH (EDH holds only AE-published stamps)."
EDCS,EDCS-49601933,https://edcs.hist.uzh.ch/monument/EDCS-49601933,"RIB 02 04, 02462,07,7",Britannia,York / Eboracum,,sigilla impressa; tituli fabricationis / material: opus figlinae,Leg(io) IX Hisp(ana),,,EDCS: undated,-,tile stamp Legio IX Hispana,yes,"Stamped tile (RIB 02 04, 02462,07,7); undated in EDCS. Not in EDH (EDH holds only AE-published stamps)."
EDCS,EDCS-49601934,https://edcs.hist.uzh.ch/monument/EDCS-49601934,"RIB 02 04, 02462,07,8",Britannia,York / Eboracum,,sigilla impressa; tituli fabricationis / material: opus figlinae,Leg(io) IX Hisp(ana),,,EDCS: undated,-,tile stamp Legio IX Hispana,yes,"Stamped tile (RIB 02 04, 02462,07,8); undated in EDCS. Not in EDH (EDH holds only AE-published stamps)."
EDCS,EDCS-49601935,https://edcs.hist.uzh.ch/monument/EDCS-49601935,"RIB 02 04, 02462,07,9",Britannia,York / Eboracum,,sigilla impressa; tituli fabricationis / material: opus figlinae,Leg(io) IX Hisp(ana),,,EDCS: undated,-,tile stamp Legio IX Hispana,yes,"Stamped tile (RIB 02 04, 02462,07,9); undated in EDCS. Not in EDH (EDH holds only AE-published stamps)."
EDCS,EDCS-49601936,https://edcs.hist.uzh.ch/monument/EDCS-49601936,"RIB 02 04, 02462,06,1",Britannia,York / Eboracum,,milites; sigilla impressa; tituli fabricationis / material: opus figlinae,Leg(io) IX Hisp(ana),,,EDCS: undated,-,tile stamp Legio IX Hispana,yes,"Stamped tile (RIB 02 04, 02462,06,1); undated in EDCS. Not in EDH (EDH holds only AE-published stamps)."
EDCS,EDCS-49601937,https://edcs.hist.uzh.ch/monument/EDCS-49601937,"RIB 02 04, 02462,06,2",Britannia,York / Eboracum,,sigilla impressa; tituli fabricationis / material: opus figlinae,Leg(io) IX Hisp(ana),,,EDCS: undated,-,tile stamp Legio IX Hispana,yes,"Stamped tile (RIB 02 04, 02462,06,2); undated in EDCS. Not in EDH (EDH holds only AE-published stamps)."
EDCS,EDCS-49601938,https://edcs.hist.uzh.ch/monument/EDCS-49601938,"RIB 02 04, 02462,06,3",Britannia,York / Eboracum,,sigilla impressa; tituli fabricationis / material: opus figlinae,Leg(io) IX Hisp(ana),,,EDCS: undated,-,tile stamp Legio IX Hispana,yes,"Stamped tile (RIB 02 04, 02462,06,3); undated in EDCS. Not in EDH (EDH holds only AE-published stamps)."
EDCS,EDCS-49601939,https://edcs.hist.uzh.ch/monument/EDCS-49601939,"RIB 02 04, 02462,05,1",Britannia,York / Eboracum,,sigilla impressa; tituli fabricationis / material: opus figlinae,Leg(io) IX His(pana),,,EDCS: undated,-,tile stamp Legio IX Hispana,yes,"Stamped tile (RIB 02 04, 02462,05,1); undated in EDCS. Not in EDH (EDH holds only AE-published stamps)."
EDCS,EDCS-49601940,https://edcs.hist.uzh.ch/monument/EDCS-49601940,"RIB 02 04, 02462,05,2",Britannia,York / Eboracum,,sigilla impressa; tituli fabricationis / material: opus figlinae,Leg(io) IX His(pana),,,EDCS: undated,-,tile stamp Legio IX Hispana,yes,"Stamped tile (RIB 02 04, 02462,05,2); undated in EDCS. Not in EDH (EDH holds only AE-published stamps)."
EDCS,EDCS-49601941,https://edcs.hist.uzh.ch/monument/EDCS-49601941,"RIB 02 04, 02462,05,3",Britannia,York / Eboracum,,sigilla impressa; tituli fabricationis / material: opus figlinae,Leg(io) IX His(pana),,,EDCS: undated,-,tile stamp Legio IX Hispana,yes,"Stamped tile (RIB 02 04, 02462,05,3); undated in EDCS. Not in EDH (EDH holds only AE-published stamps)."
EDCS,EDCS-49601942,https://edcs.hist.uzh.ch/monument/EDCS-49601942,"RIB 02 04, 02462,05,4",Britannia,York / Eboracum,,sigilla impressa; tituli fabricationis / material: opus figlinae,Leg(io) IX His(pana),,,EDCS: undated,-,tile stamp Legio IX Hispana,yes,"Stamped tile (RIB 02 04, 02462,05,4); undated in EDCS. Not in EDH (EDH holds only AE-published stamps)."
EDCS,EDCS-49602455,https://edcs.hist.uzh.ch/monument/EDCS-49602455,"RIB 02 04, 02462,16,1",Britannia,Carlisle / Luguvalium,,sigilla impressa; tituli fabricationis / material: opus figlinae,Leg(io) VI[III 3],,,EDCS: undated,-,tile stamp Legio VI[III 3],yes,"Stamped tile (RIB 02 04, 02462,16,1); undated in EDCS. Not in EDH (EDH holds only AE-published stamps)."
EDCS,EDCS-49602456,https://edcs.hist.uzh.ch/monument/EDCS-49602456,"RIB 02 04, 02462,16,2",Britannia,Carlisle / Luguvalium,,sigilla impressa; tituli fabricationis / material: opus figlinae,Leg(io) VI[III 3],,,EDCS: undated,-,tile stamp Legio VI[III 3],yes,"Stamped tile (RIB 02 04, 02462,16,2); undated in EDCS. Not in EDH (EDH holds only AE-published stamps)."
EDCS,EDCS-49602457,https://edcs.hist.uzh.ch/monument/EDCS-49602457,"RIB 02 04, 02462,04,2",Britannia,Carlisle / Luguvalium,,sigilla impressa; tituli fabricationis / material: opus figlinae,Leg(io) VIIII H(ispana),,,EDCS: undated,-,tile stamp Legio VIIII Hispana,yes,"Stamped tile (RIB 02 04, 02462,04,2); undated in EDCS. Not in EDH (EDH holds only AE-published stamps)."
EDCS,EDCS-49602458,https://edcs.hist.uzh.ch/monument/EDCS-49602458,"EE 09 01269; RIB 02 04, 02462,03",Britannia,Carlisle / Luguvalium,,sigilla impressa; tituli fabricationis / material: opus figlinae,Leg(io) VI[III 3],,,EDCS: undated,-,tile stamp Legio VI[III 3],yes,Stamped tile (EE 09 01269); undated in EDCS. Not in EDH (EDH holds only AE-published stamps).
EDCS,EDCS-51700627,https://edcs.hist.uzh.ch/monument/EDCS-51700627,"RIB 02 07, 02501,007",Britannia,London / Londinium,,,[3] ima(giniferi) leg(ionis) IX [3],,,EDCS: undated,anonymous,imaginifer leg. IX (graffito),yes,"RIB II 2501.7 (London); duplicate entry of EDCS-15100031 / AE 1949, 103."
EDCS,EDCS-62100005,https://edcs.hist.uzh.ch/monument/EDCS-62100005,CIL 07 01224e,Britannia,North Thoresby,,sigilla impressa; tituli fabricationis / material: opus figlinae,Leg(io) IX Hisp(ana),,,EDCS: undated,-,tile stamp Legio IX Hispana,yes,Stamped tile (CIL 07 01224e); undated in EDCS. Not in EDH (EDH holds only AE-published stamps).
EDCS,EDCS-62100894,https://edcs.hist.uzh.ch/monument/EDCS-62100894,CIL 07 01224a,Britannia,York / Eboracum,,sigilla impressa; tituli fabricationis / material: opus figlinae,Leg(io) IX Hisp(ana),,,EDCS: undated,-,tile stamp Legio IX Hispana,yes,Stamped tile (CIL 07 01224a); undated in EDCS. Not in EDH (EDH holds only AE-published stamps).
EDCS,EDCS-62100898,https://edcs.hist.uzh.ch/monument/EDCS-62100898,CIL 07 01224b,Britannia,Cockridge,,sigilla impressa; tituli fabricationis / material: opus figlinae,Leg(io) IX Hisp(ana),,,EDCS: undated,-,tile stamp Legio IX Hispana,yes,Stamped tile (CIL 07 01224b); undated in EDCS. Not in EDH (EDH holds only AE-published stamps).
EDCS,EDCS-62100899,https://edcs.hist.uzh.ch/monument/EDCS-62100899,CIL 07 01224c,Britannia,Lanthorp,,sigilla impressa; tituli fabricationis / material: opus figlinae,Leg(io) IX Hisp(ana),,,EDCS: undated,-,tile stamp Legio IX Hispana,yes,Stamped tile (CIL 07 01224c); undated in EDCS. Not in EDH (EDH holds only AE-published stamps).
EDCS,EDCS-62100913,https://edcs.hist.uzh.ch/monument/EDCS-62100913,CIL 07 01224d,Britannia,Aldborough / Isurium,,sigilla impressa; tituli fabricationis / material: opus figlinae,Leg(io) IX Hisp(ana),,,EDCS: undated,-,tile stamp Legio IX Hispana,yes,Stamped tile (CIL 07 01224d); undated in EDCS. Not in EDH (EDH holds only AE-published stamps).
EDCS,EDCS-68000006,https://edcs.hist.uzh.ch/monument/EDCS-68000006,EDCS 01067 {Manfred Clauss}; Hirsch 317 591,Provincia incerta,?,,milites; tituli possessionis / material: argentum,IX HISP XI,,,EDCS: undated,-,object inscribed IX HISP XI,flag,"Unprovenanced (Hirsch auction 317, 591); EDCS ""Provincia incerta""."
EDCS,EDCS-70500019,https://edcs.hist.uzh.ch/monument/EDCS-70500019,EDCS 00956 {Manfred Clauss}; TimelineAuctions 052016 00497,Provincia incerta,?,,milites; tituli possessionis / material: argentum,IX / Hisp(ana) / IX,,,EDCS: undated,-,object inscribed IX / HISP / IX,flag,"Unprovenanced (TimeLine Auctions 2016); EDCS ""Provincia incerta""."
EDCS,EDCS-74300002,https://edcs.hist.uzh.ch/monument/EDCS-74300002,HAnt 1996 91,Hispania citerior,Rebolledo de la Torre,,milites; mulieres; tituli sepulcrales; tria nomina; viri / material: lapis,[3]lio Elaes[o] / [3]i f(ilio) militi an(norum) XXV / [legi]oni(s) nonae / [Hispa]nae aeroru(m) / [3 A]ia mater f(aciendum) c(uravit),65,150,EDCS dating field (no criteria stated),[...]lius Elaesus,miles leg. nonae Hispanae,yes,"HAnt 1996, 91; duplicate entry of EDCS-44800120."
EDCS,EDCS-76900071,https://edcs.hist.uzh.ch/monument/EDCS-76900071,"CIL 06 03492b (p 3396, 3846); CIL 06 32901b; D 02288; IDRE 01 00024; AE 1994 00037; AE 1995 00044; AE 2019 +00015",Roma,Roma,,milites / material: lapis,Nomina leg(ionum) || II Aug(usta) / VI Victr(ix) / XX Victr(ix) / VIII Aug(usta) / XXII Prim(igenia) / I Min(ervia) / XXX Ulp(ia) / I Adiut(rix) / X Gem(ina) / XIIII Gem(ina) / I Parth(ica) || II Adiut(rix) / IIII Flav(ia) / VII Claud(ia) / I Italic(a) / V Maced(onica) / XI Claud(ia) / XIII Gem(ina) / XII Fulm(inata) / XV Apol(linaris) / III Gall(ica) / II Parth(ica) || IIII Scyth(ica) / XVI Flav(ia) / VI Ferrat(a) / X Frete(nsis) / III Cyren(aica) / II Traian(a) / III Aug(usta) / VII Gem(ina) / II Italic(a) / III Italic(a) / III Parth(ica),200,200,EDCS dating field (no criteria stated),-,"""Nomina legionum"": list of the 33 legions (Severan, after 197)",yes,"CIL VI 3492b = ILS 2288 (Rome, second column, identical list); IX Hispana ABSENT. Not in EDH."
EDCS,EDCS-78400190,https://edcs.hist.uzh.ch/monument/EDCS-78400190,CIL 05 *00422; Sartori-2020 00473,Venetia et Histria / Regio X,Verona,,milites; praenomen et nomen; tituli sepulcrales; viri / material: lapis,C(aius) Fabius / C(ai) f(ilius) Publi(lia) / Verona / miles leg(ionis) / VIIII Hisp(anae) / h(ic) s(itus) <e=B>(st),,,EDCS: undated,C. Fabius C. f. Pub. Verona,miles leg. VIIII Hisp(anae),flag,"CIL V *422 (Verona, ""falsae vel alienae""): duplicate record of the Aquileia stone CIL V 911 = EDCS-01600189; counted once."
EDCS,EDCS-84100016,https://edcs.hist.uzh.ch/monument/EDCS-84100016,AEA 2020/21 00031; AE 2020 00932,Noricum,Linz / Lentia,,milites; tituli fabricationis; viri / material: opus figlinae,Im(m)un(is) Vo() / leg(ionis) IX,,,EDCS: undated,Vo[...] (immunis),immunis leg. IX (graffito on object),flag,"AE 2020, 932 = AEA 2020/21, 31 (Lentia/Linz, Noricum). Recently published graffito naming an immunis of leg. IX without cognomen; undated in EDCS; attribution to IX Hispana plausible (no other imperial ninth legion) but unverified. Not in EDH."
