,jefferson_1,jefferson_2,jefferson_3,jefferson_4,randolph_1,randolph_2,randolph_3,randolph_4,jackson_1,jackson_2,jackson_3,jackson_4,jqadams_1,jqadams_2,jqadams_3,jqadams_4,ejames_1,ejames_2,ejames_3,ejames_4,flint_1,flint_2,flint_3,flint_4,hall_1,hall_2,hall_3,hall_4,paulding_1,paulding_2,paulding_3,paulding_4,pike_1,pike_2,pike_3,pike_4,biddle_1,biddle_2,biddle_3,biddle_4,gregg_1,gregg_2,gregg_3,gregg_4,pattie_1,pattie_2,pattie_3,pattie_4,tjames_1,tjames_2,tjames_3,tjames_4,irving_1,irving_2,irving_3,irving_4,bagby_1,bagby_2,bagby_3,bagby_4,cooke_1,cooke_2,cooke_3,cooke_4,cooke_lee_1,cooke_lee_2,cooke_lee_3,cooke_lee_4,davis_1,davis_2,davis_3,davis_4,page_1,page_2,page_3,page_4,cable_1,cable_2,cable_3,cable_4,eggleston_1,eggleston_2,eggleston_3,eggleston_4,twain_1,twain_2,twain_3,twain_4,twain_letters_1,twain_letters_2,twain_letters_3,twain_letters_4,lee_1,lee_2,lee_3,lee_4,cabell_1,cabell_2,cabell_3,cabell_4,christian_1,christian_2,christian_3,christian_4,pollock_1,pollock_2,pollock_3,pollock_4,shsp_1,shsp_2,shsp_3,shsp_4,poe_goldbug_1,poe_goldbug_2,poe_letters_1,beale_letters,beale_letter1,beale_b2,narrative,morriss,narrative_A,narrative_B,beale_letters_2000,narrative_2000
jefferson_1,0.0000,0.7126,0.8856,1.0093,0.9470,0.9109,0.9719,0.8576,0.9387,1.0712,0.8230,0.7962,0.7784,0.9214,0.9195,0.8819,1.0312,0.9076,1.0879,1.1623,0.7550,0.8855,0.9038,0.8993,0.8324,0.8465,0.8301,0.9376,0.8546,0.8535,0.8067,0.7295,0.9996,0.8784,0.9540,0.8947,1.0880,0.9978,0.9753,0.9432,0.7846,0.8629,0.9132,1.0035,0.8424,1.1900,0.9259,0.8660,0.8312,0.9020,0.8802,0.9154,0.8138,0.9713,0.9087,0.9530,0.7333,1.0415,0.7955,1.0310,0.7548,0.7367,0.9396,1.1670,0.7177,0.8634,0.8908,0.8440,0.7516,0.8191,0.8475,0.7841,1.0657,1.0828,1.0798,1.0708,0.8503,1.0493,1.0298,1.0387,0.8860,0.9320,0.9311,0.8830,0.9042,0.9823,0.8452,0.8933,0.9432,0.8735,1.0435,0.9407,1.0448,0.8023,0.8933,0.8858,0.7520,0.9163,0.8570,0.7976,0.8418,0.9116,0.9510,0.9572,0.8159,0.8601,0.7112,1.0357,0.8600,0.8466,0.8601,0.8437,1.1041,0.7771,0.9682,0.9233,0.9532,1.3368,0.7480,1.0237,0.8481,0.8572,0.9894,0.8483
jefferson_2,0.7126,0.0000,0.8256,1.0149,0.9637,1.0596,1.0699,0.9110,0.8989,1.0292,0.8122,0.9222,0.9012,0.9224,0.9089,0.9767,1.0346,0.8877,1.1695,1.2728,0.8350,0.9515,0.9769,0.9388,0.8417,0.8253,0.8094,1.0586,0.8479,0.8389,0.9196,0.8928,0.9736,0.8801,0.8992,0.9378,1.1077,1.1296,1.0012,0.9988,0.8733,0.8161,0.9006,1.0332,0.8561,1.1840,0.9644,0.9328,0.9295,0.9703,0.9614,0.9761,0.8788,0.9520,0.8459,0.8947,0.8985,1.1870,0.8325,1.0742,0.9113,0.7235,0.9925,1.2213,0.7775,0.9381,0.9606,0.9341,0.9077,0.9158,0.9082,0.7520,1.1253,1.0516,1.1587,1.1712,0.9675,1.0777,1.1167,1.1214,0.9897,0.9902,1.0859,0.8516,0.9316,1.0415,0.8694,0.9295,1.0066,0.9230,1.1067,1.0178,0.9308,0.7262,0.8891,0.9695,0.8867,1.0096,0.9832,0.8581,0.9109,0.9688,1.0095,1.0186,0.7846,0.8966,0.7914,1.1031,0.9476,0.9954,0.9141,0.8485,1.1289,0.8701,1.0522,0.8120,0.8332,1.3582,0.7577,1.1195,0.8212,0.8741,0.8418,0.8166
jefferson_3,0.8856,0.8256,0.0000,1.0934,1.1333,1.2367,1.1563,1.1080,0.9928,1.2293,1.0250,1.0297,1.0546,0.9732,0.9766,1.1643,1.0063,0.9450,1.2378,1.2331,0.9235,0.9455,1.0573,1.0850,0.8533,0.9370,0.8977,1.1217,1.1479,1.0533,1.1456,1.0029,1.0320,0.8796,0.9698,0.9510,1.0960,1.0582,0.9764,1.0420,1.1087,0.8349,0.9224,1.0552,0.9377,1.1090,1.0295,1.0734,0.9711,0.9034,0.9050,1.1839,0.9524,0.9997,0.9821,0.9656,1.1074,1.2273,1.0336,1.1979,1.0128,0.9052,1.0809,1.3021,0.9363,1.1026,0.9739,1.0562,0.8690,0.9561,0.9821,0.7781,1.1363,1.2387,1.2671,1.1955,1.1285,1.2997,1.2373,1.3001,1.1571,0.9956,1.3106,1.0576,1.1412,1.3429,1.1232,0.9978,1.0881,1.1355,1.3802,1.1775,1.1933,0.9092,1.0264,1.0756,1.0762,1.1554,1.0806,1.0427,1.0599,1.1027,1.0838,1.1573,0.9732,1.0186,0.9629,1.1664,0.9797,1.0245,1.0649,0.8832,1.3314,1.0584,1.1835,0.9488,0.9710,1.4157,1.0150,1.1994,1.1714,1.0768,0.9914,1.1746
jefferson_4,1.0093,1.0149,1.0934,0.0000,1.1898,1.2961,1.3670,1.1291,1.1444,1.3065,1.2444,1.2762,1.1228,1.1690,1.1818,1.2282,1.2400,1.2840,1.2782,1.4855,1.1946,1.3029,1.1304,1.2715,1.0758,1.1735,1.2130,0.9142,0.9889,0.9668,1.1684,0.9959,1.3530,1.1495,1.1849,1.1244,1.3640,1.4222,1.1970,1.2361,1.0021,1.1438,0.9916,1.1258,1.1881,1.4662,1.3051,1.2568,1.2629,1.2800,1.2969,1.3877,1.2407,1.3978,1.2531,1.3041,1.0166,1.4164,1.1834,1.3164,1.1822,1.0994,1.3261,1.4452,1.1453,1.2479,1.2623,1.4171,0.9281,1.1781,1.1436,1.0547,1.3505,1.3433,1.4016,1.3849,1.1626,1.4268,1.3162,1.3547,1.0571,1.2110,1.4116,1.1963,1.2079,1.2497,1.0950,0.9648,1.1984,1.2657,1.4201,1.2187,1.3800,1.2353,1.1507,1.3752,1.3156,1.4085,1.2980,1.2712,1.1201,1.2737,1.2941,1.2705,1.0283,1.1644,1.0846,1.2357,1.2513,1.2933,1.2195,1.2141,1.4137,1.0770,1.3409,1.0597,1.0905,1.6280,1.0854,1.4659,1.2075,1.0954,1.1358,1.2044
randolph_1,0.9470,0.9637,1.1333,1.1898,0.0000,0.7584,0.8862,0.8884,0.9443,0.8536,0.8665,1.1080,1.0381,1.0790,1.1689,1.1118,1.1998,1.2688,1.3763,1.4464,1.1320,1.2410,1.1540,1.2054,1.1332,1.0928,1.1656,1.0932,1.0922,1.0259,1.0731,1.0439,1.2204,1.0604,1.0126,1.1256,1.4153,1.2789,1.1266,1.2616,1.0152,1.1471,1.0773,1.1476,1.1709,1.5353,1.3261,1.1172,1.2130,1.2957,1.1993,1.1249,1.1973,1.2818,1.2308,1.2837,1.0731,1.3383,1.1127,1.1275,1.1486,1.0830,1.3254,1.5244,1.0073,1.2023,1.2479,1.1595,1.1297,1.1696,1.2785,1.0200,1.4814,1.3736,1.3647,1.5146,1.1828,1.1416,1.2370,1.1149,1.1779,1.3058,1.3013,1.1837,1.2440,1.2315,1.1385,1.0869,0.9817,1.0591,1.2626,0.9355,0.9476,0.9762,0.7483,1.3014,1.1633,1.2949,1.2373,1.2762,1.2054,1.2623,1.2646,1.2640,1.0517,1.0760,1.0924,1.3203,1.2261,1.2204,1.1108,0.9975,1.0997,1.1024,0.9925,1.0369,1.0995,1.6118,0.9408,1.2608,1.0771,0.9753,1.1623,1.0814
randolph_2,0.9109,1.0596,1.2367,1.2961,0.7584,0.0000,0.7136,0.8953,0.8317,0.8655,0.8577,1.0078,1.0764,1.1172,1.1472,0.9709,1.1494,1.2749,1.2518,1.3391,1.0651,1.1919,1.1812,1.1051,1.1466,1.0640,1.2411,1.0363,1.0665,1.1059,1.0082,0.9671,1.2262,1.0025,1.0317,1.0592,1.3731,1.2757,1.1523,1.2090,0.9822,1.2317,1.1202,1.1328,1.1791,1.4164,1.2607,0.9933,1.1624,1.2169,1.1362,1.0439,1.1465,1.2395,1.2204,1.2162,0.9927,1.1674,1.0973,1.1217,1.1607,1.0358,1.2337,1.4062,0.8942,1.1898,1.1813,1.1264,1.0825,1.0863,1.2475,0.9665,1.4332,1.3922,1.2885,1.3345,1.0705,1.0944,1.1247,1.0782,1.1904,1.3123,1.1638,1.1829,1.1644,1.2416,1.0810,1.1101,0.9360,1.0408,1.2146,0.9941,0.8837,1.0039,0.7814,1.2175,1.1330,1.3225,1.2224,1.2052,1.1953,1.1477,1.2212,1.2058,0.9438,1.0737,1.0186,1.2021,1.1876,1.1296,1.0493,1.0129,1.0027,1.0649,0.9793,1.1455,1.2271,1.5226,0.9919,1.2910,1.0962,1.0534,1.2796,1.0979
randolph_3,0.9719,1.0699,1.1563,1.3670,0.8862,0.7136,0.0000,0.8177,0.8977,0.9433,0.8194,1.0385,1.1729,1.1980,1.2181,1.0935,1.1465,1.1593,1.3337,1.3312,1.1574,1.0211,1.2473,1.0066,1.0766,1.0052,1.2719,1.1729,1.1017,1.1193,1.0002,0.9966,1.1405,1.0559,1.1502,1.1048,1.3079,1.2335,1.0855,1.2118,1.0848,1.2002,1.1576,1.1704,1.1443,1.3626,1.3456,1.0677,1.0947,1.0888,1.1435,1.0405,1.2026,1.1454,1.1050,1.1372,1.0517,1.1798,1.0300,1.1696,1.2046,1.1355,1.2846,1.4237,0.9662,1.2222,1.1453,1.1626,1.1936,1.1080,1.2100,1.0696,1.3568,1.3685,1.2687,1.2354,1.1806,1.1225,1.0659,1.0636,1.2707,1.3324,1.2513,1.2713,1.1532,1.2392,1.0819,1.0187,0.9575,0.9390,1.1587,1.1085,0.9312,1.0516,0.9312,1.2398,1.1921,1.3103,1.1730,1.1683,1.0921,1.1257,1.1632,1.1723,0.9128,1.0837,0.8678,1.1855,1.1014,1.0117,1.0015,0.9421,1.0696,0.9937,1.0472,1.1308,1.2062,1.5665,1.1104,1.2930,1.2183,1.1202,1.2651,1.2202
randolph_4,0.8576,0.9110,1.1080,1.1291,0.8884,0.8953,0.8177,0.0000,1.0016,0.9251,0.8099,0.8755,0.9300,1.0339,1.1449,0.9609,1.1178,1.0749,1.3139,1.3634,0.9946,0.9552,1.0886,0.9730,1.0162,0.8718,1.1378,1.0119,0.8517,0.8457,0.8159,0.8653,1.0151,0.9202,1.0918,1.0749,1.3509,1.1079,1.0424,1.1200,0.7990,1.0165,1.0194,1.1470,1.0761,1.2698,1.2751,0.9965,1.0818,1.1279,1.0651,0.9487,1.0380,1.0658,1.0154,1.0327,0.7987,1.1793,0.8429,0.9877,1.0957,0.9458,1.2207,1.4151,0.9342,1.0914,1.0738,1.0719,1.0676,1.0767,1.1298,1.0385,1.1219,1.1341,1.1863,1.2133,0.9649,0.9561,0.9510,1.0344,1.0517,1.1504,1.0423,1.1290,0.9708,0.9725,0.8860,0.9872,0.7617,0.8211,1.0135,0.9274,0.9402,0.9846,0.9144,1.0818,1.0381,1.0732,1.0853,1.0765,1.1116,1.0366,1.0874,1.1427,0.9628,1.0235,0.8022,1.2414,0.9982,0.9722,1.0189,0.8493,0.8748,0.8053,1.0202,0.9405,0.9756,1.5439,0.9334,1.0821,1.0475,0.9916,1.0220,1.0510
jackson_1,0.9387,0.8989,0.9928,1.1444,0.9443,0.8317,0.8977,1.0016,0.0000,0.7833,0.6700,1.0162,1.0565,0.9940,1.0439,1.0010,1.1373,1.2043,1.2448,1.2960,1.0905,1.1455,1.1195,1.0585,1.0578,1.0849,1.1043,1.0098,1.0107,0.9808,1.0882,0.8799,1.2070,0.9850,0.8901,0.9982,1.2191,1.1798,1.1603,1.1696,0.9795,1.1439,1.0936,1.0060,1.1122,1.4124,1.1159,1.0857,1.0473,1.1377,1.0778,1.0666,1.1301,1.1989,1.0917,1.1548,0.9911,1.2735,1.0847,1.1775,1.0952,0.9209,1.1524,1.2765,0.8644,1.0751,1.0491,1.0053,1.0196,0.9250,1.1558,0.7696,1.3057,1.2929,1.2622,1.3301,1.1413,1.2246,1.1999,1.1194,1.1999,1.1640,1.2420,1.2177,1.1988,1.2943,1.0824,1.0027,1.0096,1.1200,1.1903,1.0714,1.0196,0.8242,0.8922,1.2165,1.1272,1.2246,1.0883,1.1785,1.0630,1.1664,1.1152,1.1794,0.9658,1.0036,0.9473,1.0912,1.1663,1.1568,0.9301,1.0228,1.1891,1.1374,1.0861,0.8986,1.0051,1.4327,0.9156,1.1536,1.0568,0.9378,1.0552,1.0510
jackson_2,1.0712,1.0292,1.2293,1.3065,0.8536,0.8655,0.9433,0.9251,0.7833,0.0000,0.7775,1.1245,1.1785,1.1386,1.1352,1.1323,1.2391,1.3879,1.5198,1.4805,1.1251,1.2592,1.2818,1.1629,1.2413,1.1644,1.3007,1.2456,1.1121,1.1903,1.2201,1.0618,1.3087,1.1141,1.0813,1.2420,1.5084,1.3554,1.2389,1.3411,1.1314,1.3018,1.2405,1.3394,1.1538,1.5213,1.3569,1.1743,1.2400,1.3552,1.2772,1.0369,1.2686,1.3069,1.2297,1.3386,1.0760,1.3656,1.2506,0.9512,1.2639,1.0859,1.3980,1.5402,1.1137,1.2173,1.2950,1.2214,1.3055,1.1197,1.3404,1.0477,1.4931,1.2840,1.2378,1.4580,1.2029,1.2198,1.2109,1.0258,1.3193,1.3254,1.2657,1.3063,1.2408,1.1737,1.1266,1.0738,0.9494,1.0165,1.2119,0.8448,0.9056,0.9567,0.8630,1.3024,1.2995,1.3836,1.3742,1.3688,1.2785,1.2915,1.3175,1.2849,1.0912,1.2012,1.1133,1.4100,1.2668,1.2735,1.1180,1.0245,1.0463,1.0536,1.1259,1.0193,1.0986,1.6430,1.0605,1.2726,1.1536,1.1236,1.1432,1.1493
jackson_3,0.8230,0.8122,1.0250,1.2444,0.8665,0.8577,0.8194,0.8099,0.6700,0.7775,0.0000,0.9328,0.9929,0.9577,1.0229,0.8845,1.0917,1.0200,1.2342,1.2970,0.9485,0.8849,0.9853,0.9959,0.9587,0.9600,1.0081,1.0519,0.9234,0.9892,0.9842,0.8626,1.1321,0.9016,0.9473,0.9777,1.2534,1.2341,1.0964,1.1994,0.9445,1.0473,1.0030,1.0958,0.9797,1.2792,1.1245,0.9855,0.9677,1.0626,1.0704,1.0049,1.0090,1.0240,0.9582,1.0217,0.9189,1.2278,0.8213,1.1168,0.9992,0.8948,1.1317,1.3249,0.8187,0.9992,0.9714,0.8926,0.9835,0.8085,1.0770,0.8777,1.1977,1.1965,1.1592,1.2582,1.0218,1.1112,1.0631,1.0447,1.0908,1.1122,1.0629,1.0805,1.0498,1.1361,1.0368,0.8466,0.9337,0.9503,1.0852,1.0012,0.8882,0.8827,0.7749,1.0351,0.9858,1.0108,1.0124,0.9328,0.9564,1.0574,1.0410,1.0956,0.9135,0.8798,0.8321,1.1014,0.9816,1.0348,0.8531,0.8844,1.0355,0.8534,1.0637,0.8674,0.9356,1.4865,0.8049,1.0297,0.9240,0.8489,0.9771,0.9183
jackson_4,0.7962,0.9222,1.0297,1.2762,1.1080,1.0078,1.0385,0.8755,1.0162,1.1245,0.9328,0.0000,0.8374,0.9215,0.8949,0.8021,1.0628,0.9411,1.2131,1.1879,0.9416,0.9511,1.0575,0.8827,0.8257,0.7512,0.8113,1.0252,0.9081,0.8790,0.7759,0.8691,0.8869,0.8093,0.9578,0.9979,1.1449,0.9104,0.9878,0.9418,0.9312,0.9104,1.0094,1.1186,0.8447,0.9750,0.9971,0.8599,0.8777,0.9250,0.8447,0.8754,0.7319,0.8329,0.8205,0.8765,0.9242,1.1287,0.8901,1.1340,0.7970,0.7679,0.8768,1.2022,0.7946,0.7382,0.8280,0.8791,0.8969,0.8172,0.8999,0.8813,1.1004,1.1278,1.0737,1.1324,0.8275,1.0486,0.9707,1.0465,1.0522,1.0102,0.8402,0.9200,0.9144,1.0560,0.9589,0.9905,1.0598,1.0593,1.0873,1.1347,1.1386,0.8394,1.0642,0.9546,0.8851,1.0115,1.0928,0.9231,0.9916,0.8768,0.8477,0.9992,0.9243,0.9556,0.8240,1.1416,0.8571,0.8689,0.8235,0.7730,1.0357,0.8612,1.0958,0.9874,0.9884,1.4738,0.8566,1.0040,0.9223,0.9876,0.9924,0.9226
jqadams_1,0.7784,0.9012,1.0546,1.1228,1.0381,1.0764,1.1729,0.9300,1.0565,1.1785,0.9929,0.8374,0.0000,0.7349,0.9351,0.8920,1.0633,1.0004,1.1821,1.3313,1.0405,1.0771,1.0363,0.9063,0.9180,0.8500,0.9952,1.0131,0.8895,0.9877,0.9193,0.9759,1.0286,0.8240,0.9929,1.0083,1.2722,1.0575,1.0105,1.0173,0.8110,0.9307,0.9896,1.1634,1.0325,1.2366,1.0811,1.0104,1.0348,1.0270,1.0068,1.0270,0.8838,1.0957,0.9562,1.0404,1.0315,1.3172,0.8882,1.1631,0.8588,0.7892,1.0360,1.2622,0.9335,0.9131,0.9545,1.0661,0.9282,0.9642,1.0175,0.8739,1.1491,1.1039,1.1600,1.1529,0.8813,1.1124,1.0896,1.1379,0.9457,1.0971,0.9838,0.9964,1.0467,1.1050,0.9549,0.9408,1.1192,1.1466,1.1916,1.0935,1.1598,0.9815,1.0588,1.0098,0.9177,1.0484,1.0480,0.9894,1.0263,0.9252,0.8859,1.0052,0.9706,0.9712,0.9462,1.2912,1.0228,0.9827,0.9979,0.9721,1.0861,0.9973,1.1853,1.1163,1.1129,1.5107,0.9011,1.1949,0.8819,1.0961,1.1390,0.8793
jqadams_2,0.9214,0.9224,0.9732,1.1690,1.0790,1.1172,1.1980,1.0339,0.9940,1.1386,0.9577,0.9215,0.7349,0.0000,0.7819,0.8421,1.1310,1.0844,1.2807,1.4191,1.0945,1.0342,1.1099,1.0231,1.0330,1.0314,1.0476,1.0370,1.0602,1.1135,1.0295,1.0968,1.1609,0.9300,0.9726,1.0795,1.3115,1.0550,1.1055,1.1174,0.9629,0.9663,1.0528,1.2396,1.0032,1.2413,1.0042,0.9254,1.1435,1.1274,1.1019,1.1315,1.0392,1.1443,1.0657,1.0863,1.0968,1.2415,1.0493,1.1082,1.0314,0.8855,0.9911,1.3283,0.8828,0.9875,0.9789,0.9259,0.9106,0.9494,1.0427,0.8126,1.1463,1.2010,1.1261,1.2112,0.9895,1.0646,1.0880,1.1455,0.9898,1.0617,0.9530,0.9820,1.0870,1.1837,1.1737,1.0988,1.0970,1.1494,1.0968,1.1576,1.1782,0.9263,1.1485,0.9678,0.9569,1.0305,1.1522,1.0001,1.2022,1.0710,1.0397,1.1628,1.0619,1.0909,0.9312,1.2870,1.0356,1.0941,0.9310,0.9487,1.0836,1.0456,1.2090,1.1127,1.1622,1.5864,0.8417,1.0891,0.9596,0.9185,1.1793,0.9577
jqadams_3,0.9195,0.9089,0.9766,1.1818,1.1689,1.1472,1.2181,1.1449,1.0439,1.1352,1.0229,0.8949,0.9351,0.7819,0.0000,0.8130,1.2218,1.0447,1.3217,1.3069,1.1233,1.0288,1.1969,1.0672,0.9842,0.9183,0.9921,1.0582,1.0869,1.0607,1.0745,1.0614,1.1005,0.9212,0.9393,1.1358,1.2769,1.1345,1.1688,1.2167,1.0372,0.9242,1.0703,1.2066,0.8780,1.2089,0.9951,0.9036,1.1445,1.1533,1.1154,1.1124,0.8997,0.9466,0.9631,1.0353,1.1086,1.1873,1.0504,1.0883,0.9531,0.9319,1.0681,1.2496,0.8985,0.9337,1.0096,0.9487,0.9827,0.9260,1.0079,0.8278,1.1790,1.1278,1.1301,1.2263,1.0716,1.1235,1.1313,1.1346,1.1312,1.1092,1.1542,1.0558,1.0746,1.1979,1.0668,1.1817,1.0526,1.1713,1.1573,1.1079,1.2399,1.0041,1.1609,1.0236,1.0480,1.1219,1.1512,1.0652,1.1327,1.0760,1.0503,1.1142,1.0955,1.1748,0.9733,1.2454,1.0721,0.9956,0.9442,1.0314,1.1487,0.9066,1.1120,1.1345,1.1459,1.4733,0.9053,1.1766,0.9544,1.0023,1.1425,0.9524
jqadams_4,0.8819,0.9767,1.1643,1.2282,1.1118,0.9709,1.0935,0.9609,1.0010,1.1323,0.8845,0.8021,0.8920,0.8421,0.8130,0.0000,1.1628,1.1111,1.2563,1.4111,1.0345,0.9675,1.2518,0.9667,0.9313,1.0075,1.0293,1.1409,1.0729,1.1663,0.9267,1.0686,1.0869,0.9173,0.9956,1.0683,1.2612,1.1307,1.1168,1.2506,1.0431,1.0514,1.0803,1.2512,1.0627,1.2152,1.1364,0.8945,1.0781,1.1130,1.0845,0.9847,1.0249,1.0478,0.9682,1.0372,1.0979,1.1838,1.0568,1.1148,0.9666,0.8568,0.9895,1.2805,0.9601,0.8844,0.8959,0.9829,1.0030,0.8520,1.0765,0.9548,1.1421,1.2192,1.1608,1.2656,1.0334,1.0490,1.0219,0.9979,1.1449,1.0865,1.1229,1.1053,1.0416,1.1305,1.1468,1.1071,0.9766,1.1204,1.0917,1.0189,1.2005,1.0005,1.1218,0.9666,1.0435,1.1402,1.1973,1.0506,1.1606,0.9481,0.9792,1.0641,0.9950,1.0031,0.9179,1.2004,0.9663,0.9874,0.9474,0.9910,1.0343,0.8877,1.1632,1.1944,1.2171,1.5344,0.8995,1.1010,0.9596,0.9614,1.2308,0.9566
ejames_1,1.0312,1.0346,1.0063,1.2400,1.1998,1.1494,1.1465,1.1178,1.1373,1.2391,1.0917,1.0628,1.0633,1.1310,1.2218,1.1628,0.0000,0.8502,0.8654,1.0532,0.9366,0.9136,0.8752,0.9687,0.7817,0.8878,0.9966,1.0686,1.0638,1.0323,1.2276,0.8717,1.0707,0.9060,1.3154,0.8584,0.9159,1.0424,0.7270,0.8508,0.9451,0.9129,0.8131,1.0664,1.0122,1.0559,1.2889,1.3238,0.8095,0.8777,0.9437,1.1880,0.9633,0.9495,0.9419,0.9278,1.0341,1.2582,1.0678,1.3332,0.9812,0.9731,1.0291,1.1731,1.0426,1.0617,0.9641,1.2115,0.9879,1.1470,0.9575,1.0304,1.1528,1.3026,1.2942,1.2192,0.9927,1.2511,1.2451,1.3534,1.0826,1.1743,1.1764,1.1302,1.0678,1.3121,1.0497,1.0282,1.2889,1.2304,1.3266,1.3312,1.3112,1.1291,1.2290,1.0614,0.9578,1.1838,1.0455,1.0224,1.0077,0.9307,0.9530,0.9599,0.8965,0.7128,0.9626,0.9251,1.0639,1.0460,1.0930,0.9875,1.2785,1.0754,1.4545,1.1714,1.1863,1.2881,1.1448,1.2721,1.2164,1.1947,1.1975,1.2179
ejames_2,0.9076,0.8877,0.9450,1.2840,1.2688,1.2749,1.1593,1.0749,1.2043,1.3879,1.0200,0.9411,1.0004,1.0844,1.0447,1.1111,0.8502,0.0000,1.0007,1.0632,0.9346,0.7947,0.8896,0.8705,0.8886,0.7959,0.9059,1.1412,1.1067,0.9280,1.0873,0.8920,0.9119,0.8326,1.2828,0.8366,0.8838,0.9027,0.7671,0.8128,0.9654,0.6817,0.8793,1.0892,0.7766,0.8018,0.9399,1.0574,0.8096,0.7747,0.9176,1.0863,0.7925,0.7615,0.7516,0.6718,1.0251,1.2253,0.9064,1.3113,0.8662,0.8484,0.9226,1.1752,0.9499,0.8933,0.8229,1.1306,0.9534,1.0376,0.8665,1.0516,1.0355,1.2015,1.1945,1.0687,0.9614,1.2307,1.2196,1.3166,0.9913,1.0689,1.1272,0.9263,0.9537,1.2381,1.0229,0.9539,1.3186,1.1550,1.3084,1.4205,1.3031,1.0300,1.2557,0.9930,0.9276,1.1357,0.9788,0.8929,0.9809,0.8768,0.8820,0.9104,0.9006,0.8958,0.9279,1.0789,0.8201,0.8955,1.0445,0.8925,1.2484,0.9802,1.3607,1.0145,0.9742,1.3552,1.0938,1.2630,1.1643,1.1519,0.9943,1.1655
ejames_3,1.0879,1.1695,1.2378,1.2782,1.3763,1.2518,1.3337,1.3139,1.2448,1.5198,1.2342,1.2131,1.1821,1.2807,1.3217,1.2563,0.8654,1.0007,0.0000,1.0298,1.1022,1.0593,0.8260,1.1555,0.9639,1.1128,1.1730,1.1367,1.1100,1.1103,1.3985,1.0009,1.2431,1.1015,1.4791,0.8696,0.8514,1.3124,1.0123,1.0135,0.9448,1.0928,0.7926,1.0722,1.2477,1.2742,1.2977,1.3936,0.9906,1.0726,1.1598,1.4410,1.0432,1.1833,1.1095,1.0428,1.1019,1.3574,1.1882,1.4846,1.0637,1.0416,1.1300,1.0601,1.0679,1.0860,1.0243,1.2246,1.1161,1.2230,0.9458,1.1261,1.3455,1.5929,1.5379,1.4619,1.1741,1.3692,1.4418,1.5226,1.1585,1.4113,1.3715,1.2602,1.2307,1.4708,1.1967,1.1005,1.4582,1.3651,1.4948,1.4971,1.5006,1.2740,1.3498,1.1177,1.0461,1.2558,1.0863,1.1590,1.0986,1.0778,1.1204,1.1376,1.0223,0.7847,1.1178,1.0400,1.2942,1.2216,1.2493,1.2402,1.4251,1.1773,1.5176,1.2743,1.2966,1.2203,1.2412,1.4588,1.3008,1.2769,1.3354,1.2945
ejames_4,1.1623,1.2728,1.2331,1.4855,1.4464,1.3391,1.3312,1.3634,1.2960,1.4805,1.2970,1.1879,1.3313,1.4191,1.3069,1.4111,1.0532,1.0632,1.0298,0.0000,1.3541,1.3327,1.1654,1.3101,1.1040,1.1792,1.1393,1.2918,1.3517,1.1941,1.3773,1.1254,1.1320,1.1469,1.3133,0.8583,0.6473,1.2776,1.1910,1.2250,1.2417,1.2232,1.1487,1.2368,1.3059,1.3047,1.4315,1.3585,1.0194,1.1022,1.2557,1.4375,0.9716,1.0792,1.2040,1.1123,1.1991,1.1049,1.2533,1.4861,1.0350,1.1142,1.1459,0.6339,1.1929,1.1123,1.1324,1.2630,1.1986,1.2228,0.9533,1.1162,1.3697,1.5184,1.4604,1.4077,1.2896,1.2822,1.3437,1.4355,1.2645,1.4359,1.3840,1.2947,1.2298,1.5479,1.2606,1.4296,1.4856,1.5088,1.5596,1.5578,1.5689,1.2284,1.4983,1.1874,1.0119,1.3355,1.1474,1.1587,1.0994,1.1132,1.2241,1.1511,1.1512,1.0286,1.1608,0.7581,1.2631,1.1886,1.2606,1.2513,1.5401,1.2789,1.4404,1.4052,1.4160,0.9926,1.4126,1.5140,1.4671,1.4005,1.4228,1.4655
flint_1,0.7550,0.8350,0.9235,1.1946,1.1320,1.0651,1.1574,0.9946,1.0905,1.1251,0.9485,0.9416,1.0405,1.0945,1.1233,1.0345,0.9366,0.9346,1.1022,1.3541,0.0000,0.7985,0.8463,0.8588,0.9059,0.8955,0.8761,1.0216,0.9194,0.9355,1.0461,0.7399,1.0630,0.9646,1.0603,0.9996,1.1937,1.1055,0.9933,0.9255,0.9476,0.8325,0.9653,1.0502,0.8912,1.0477,0.9815,1.0685,0.7768,0.8765,0.8411,0.9925,0.9726,1.0395,0.8920,0.8606,0.9728,1.2163,0.9494,1.2395,0.8841,0.8995,1.0704,1.3788,0.9088,1.1040,1.0263,1.0297,0.9325,1.0478,0.9631,0.9888,1.0422,1.2228,1.2633,1.2495,1.0275,1.2955,1.2666,1.3111,1.0219,0.9907,1.1442,0.8579,1.0396,1.1760,1.0338,0.9606,1.0839,1.0193,1.1899,1.1448,1.1108,0.9629,1.0322,1.0642,0.9879,1.0484,1.0300,0.9478,1.0578,1.0047,0.9959,1.0540,0.9448,0.8741,0.9125,1.2039,0.9775,1.0238,1.0975,0.9703,1.2274,0.9676,1.2303,0.9316,0.9666,1.4181,0.9119,1.1470,0.9290,1.0713,0.9968,0.9300
flint_2,0.8855,0.9515,0.9455,1.3029,1.2410,1.1919,1.0211,0.9552,1.1455,1.2592,0.8849,0.9511,1.0771,1.0342,1.0288,0.9675,0.9136,0.7947,1.0593,1.3327,0.7985,0.0000,0.9069,0.7438,0.8247,0.8668,0.9309,1.1245,0.9559,1.0698,0.9730,0.8938,0.9894,0.8824,1.1531,1.0421,1.1814,1.0474,0.9471,0.9610,1.0324,0.8382,0.9955,1.1471,0.8581,0.9739,0.9139,0.9954,0.8657,0.8860,0.9850,0.9905,0.9679,0.9330,0.8437,0.8097,1.0622,1.1011,0.8660,1.2096,0.9487,0.9864,0.9726,1.3898,0.8707,0.9779,0.8283,0.9700,1.0026,0.9851,0.9959,1.0007,1.0085,1.1831,1.1664,1.0768,0.9816,1.1656,1.1481,1.2436,1.0826,1.0255,1.0836,1.0064,0.8552,1.1184,1.0423,0.9305,1.0838,1.0455,1.0799,1.1868,1.1456,1.0132,1.1832,0.9740,0.9467,0.9814,0.9053,0.8792,0.9379,0.9075,0.9490,1.0344,0.9492,0.9074,0.8407,1.1125,0.9304,0.8462,1.0656,0.8727,1.1132,0.7947,1.2478,0.9654,0.9653,1.4619,0.9226,1.1529,1.0736,0.9362,0.9794,1.0694
flint_3,0.9038,0.9769,1.0573,1.1304,1.1540,1.1812,1.2473,1.0886,1.1195,1.2818,0.9853,1.0575,1.0363,1.1099,1.1969,1.2518,0.8752,0.8896,0.8260,1.1654,0.8463,0.9069,0.0000,0.9712,0.7987,0.8881,0.9561,1.0199,0.9327,0.8072,1.0921,0.7641,1.2022,1.0049,1.3278,0.8930,1.0085,1.2458,0.8779,0.8956,0.9295,0.8534,0.7505,1.0758,1.0242,1.1946,1.1178,1.2200,0.8641,0.9572,1.0371,1.2082,0.9335,1.1040,1.0578,1.0741,0.9350,1.2829,0.9985,1.3987,0.9748,0.9204,1.1302,1.2404,0.8568,1.0900,1.0511,1.1535,0.9828,1.1371,0.9227,1.0266,1.2319,1.3055,1.3203,1.3285,1.0533,1.3298,1.3284,1.3655,1.1425,1.1981,1.2198,1.1329,1.1194,1.3219,1.0632,0.8517,1.3398,1.1945,1.3402,1.3065,1.2778,1.0407,1.1321,1.1300,0.9493,1.0994,0.9064,1.0012,0.8990,1.1154,1.0481,1.1080,0.8753,0.8400,0.8941,1.1040,1.0895,1.1486,1.1795,1.0686,1.2987,1.0241,1.3209,1.1031,1.1369,1.3456,1.0610,1.3304,1.1994,1.1024,1.1413,1.1897
flint_4,0.8993,0.9388,1.0850,1.2715,1.2054,1.1051,1.0066,0.9730,1.0585,1.1629,0.9959,0.8827,0.9063,1.0231,1.0672,0.9667,0.9687,0.8705,1.1555,1.3101,0.8588,0.7438,0.9712,0.0000,0.9601,0.9192,0.9718,1.2264,0.9473,1.0571,0.9583,0.8726,0.9754,0.9151,1.1736,1.0449,1.1634,1.1383,0.9272,0.9914,0.9697,0.9195,1.0187,1.2023,1.0119,1.1185,1.0083,0.9803,0.8949,0.9306,0.9350,0.8740,0.9292,0.9850,0.8394,0.8954,0.9804,1.1372,0.9529,1.2065,0.8770,0.8929,1.0372,1.2145,0.8388,0.8998,0.8686,1.0365,1.0623,1.0324,0.9250,1.0146,1.1489,1.2339,1.1839,1.2119,1.0887,1.2310,1.2590,1.2112,1.1155,1.0996,1.1146,1.0417,0.8507,1.1451,1.0561,1.0003,1.1608,1.0370,1.0857,1.1907,1.1450,1.0350,1.1924,1.0251,1.0566,1.1381,0.9587,0.9951,0.9366,0.9013,0.8021,0.8679,0.9544,0.9555,0.8864,1.1541,0.9750,0.8739,1.0865,0.8493,1.1171,0.8693,1.1200,0.9879,1.0208,1.4346,0.9641,1.2015,1.0672,1.0599,1.0267,1.0581
hall_1,0.8324,0.8417,0.8533,1.0758,1.1332,1.1466,1.0766,1.0162,1.0578,1.2413,0.9587,0.8257,0.9180,1.0330,0.9842,0.9313,0.7817,0.8886,0.9639,1.1040,0.9059,0.8247,0.7987,0.9601,0.0000,0.6745,0.7831,0.8912,0.8630,0.8957,0.9151,0.8429,1.1095,0.8640,1.0380,0.8253,0.9798,1.1239,0.7885,0.9030,0.8941,0.7935,0.7920,0.9669,0.8894,1.0817,1.1327,1.0666,0.8266,0.9508,0.9707,1.0517,0.8037,0.8671,0.8288,0.8642,0.9018,1.1885,0.9683,1.1798,0.7691,0.7291,0.8666,1.1864,0.7837,0.8887,0.7714,1.0056,0.8369,0.9418,0.7803,0.9015,1.0274,1.1162,1.2186,1.1443,0.8307,1.1629,1.0006,1.1310,1.0235,1.0122,1.1526,1.0643,1.0027,1.1777,0.8639,0.8206,1.1383,1.1109,1.1469,1.2423,1.2538,0.9588,1.0730,0.9842,0.8861,1.0524,0.9759,0.8694,0.8499,0.8798,0.9153,0.8755,0.8127,0.7215,0.7451,0.9420,0.9770,0.9315,1.0351,0.9117,1.1584,0.8678,1.1461,1.0773,1.0844,1.3212,0.9280,1.2821,1.0354,1.0060,1.0800,1.0328
hall_2,0.8465,0.8253,0.9370,1.1735,1.0928,1.0640,1.0052,0.8718,1.0849,1.1644,0.9600,0.7512,0.8500,1.0314,0.9183,1.0075,0.8878,0.7959,1.1128,1.1792,0.8955,0.8668,0.8881,0.9192,0.6745,0.0000,0.8667,0.9111,0.8500,0.9007,0.8283,0.8052,0.9650,0.7865,1.0746,0.8562,1.0636,0.9806,0.7483,0.7949,0.9264,0.8228,0.8527,1.0124,0.8973,1.0832,1.0453,0.9396,0.8514,0.8739,0.8330,0.9629,0.7513,0.8820,0.7719,0.8275,0.8697,1.1930,0.8527,1.1525,0.8526,0.8069,1.0169,1.2756,0.9110,0.9856,0.9007,1.0975,0.9058,1.0148,0.8764,0.9591,0.9881,1.1429,1.1845,1.0850,0.8277,1.0706,1.0435,1.1824,0.9923,1.0035,1.0549,0.9068,0.9489,1.0761,0.8859,0.8304,1.1163,1.0870,1.1891,1.1875,1.1998,0.9819,1.1138,1.0592,0.9814,1.1141,1.0883,0.9426,0.9780,0.8703,0.9437,0.9603,0.8283,0.8570,0.8370,1.1461,0.9684,0.8804,1.0010,0.8233,1.0667,0.8101,1.1721,1.0091,1.0239,1.4263,0.9185,1.1559,0.9816,1.0656,1.0508,0.9796
hall_3,0.8301,0.8094,0.8977,1.2130,1.1656,1.2411,1.2719,1.1378,1.1043,1.3007,1.0081,0.8113,0.9952,1.0476,0.9921,1.0293,0.9966,0.9059,1.1730,1.1393,0.8761,0.9309,0.9561,0.9718,0.7831,0.8667,0.0000,1.0200,0.9032,0.8367,0.9160,0.8774,0.9394,0.8674,1.0146,0.9399,0.9743,0.9638,1.0176,0.9412,1.0021,0.7153,1.0545,1.0731,0.7470,0.9547,0.9037,1.0871,0.6765,0.7919,0.7741,1.0503,0.7851,0.8303,0.7938,0.7749,0.9623,1.1711,0.9129,1.2325,0.6467,0.7112,0.6473,1.2167,0.8914,0.8888,0.8814,0.9783,0.8932,0.9736,0.8935,0.9301,0.9709,1.0383,1.1672,1.1016,0.8981,1.1784,1.1153,1.2982,0.9338,0.8623,1.0657,0.7866,0.9131,1.1655,1.0080,1.1024,1.2161,1.0583,1.1983,1.2246,1.2759,0.8674,1.1148,0.9709,0.8370,0.9907,0.9493,0.8397,0.8379,0.8667,0.8799,0.9071,0.9732,0.9612,0.9479,1.1004,0.7822,0.9265,1.0785,0.8081,1.3389,0.8900,1.2229,0.9385,0.9346,1.4695,0.8805,1.0636,0.9611,1.0142,0.9227,0.9596
hall_4,0.9376,1.0586,1.1217,0.9142,1.0932,1.0363,1.1729,1.0119,1.0098,1.2456,1.0519,1.0252,1.0131,1.0370,1.0582,1.1409,1.0686,1.1412,1.1367,1.2918,1.0216,1.1245,1.0199,1.2264,0.8912,0.9111,1.0200,0.0000,0.9612,0.9476,1.1579,0.8880,1.3934,1.0903,1.2129,1.0633,1.2849,1.2437,1.1082,1.1822,0.8189,1.0863,1.0237,0.9792,1.1562,1.3823,1.2810,1.0913,1.1304,1.3006,1.2616,1.3631,1.0785,1.2631,1.2124,1.2060,0.7609,1.3078,1.0244,1.3017,1.0513,1.0060,1.1915,1.3765,0.9542,1.1756,1.1251,1.1225,0.8642,1.1000,1.1475,1.0599,1.3229,1.4091,1.4710,1.4073,0.9907,1.2609,1.2162,1.3539,0.9948,1.2105,1.1862,1.0556,1.2514,1.4291,1.0416,0.9608,1.2062,1.2249,1.3762,1.2397,1.2467,1.1998,1.0169,1.2273,1.1144,1.1905,1.2264,1.1452,1.1446,1.2655,1.2751,1.2847,0.9368,1.0099,0.9404,1.2222,1.2114,1.2123,1.0437,1.1468,1.3487,1.0879,1.1668,1.1056,1.1308,1.5490,0.9112,1.2781,0.9733,0.9754,1.1718,0.9736
paulding_1,0.8546,0.8479,1.1479,0.9889,1.0922,1.0665,1.1017,0.8517,1.0107,1.1121,0.9234,0.9081,0.8895,1.0602,1.0869,1.0729,1.0638,1.1067,1.1100,1.3517,0.9194,0.9559,0.9327,0.9473,0.8630,0.8500,0.9032,0.9612,0.0000,0.7271,0.8265,0.7765,1.1333,0.9638,1.0996,0.9993,1.2094,1.2065,1.0464,0.9905,0.7948,1.0177,0.9674,1.0726,0.9397,1.2139,1.0935,1.0655,0.9954,1.0366,1.0381,1.0849,0.9474,1.0669,0.9385,1.0384,0.6855,1.1761,0.8717,1.0684,0.8700,0.8581,1.0226,1.3377,0.8467,1.0530,1.0508,1.0575,0.9760,1.1258,1.1064,1.0216,1.1315,1.1072,1.1276,1.1327,0.8254,1.0755,0.9409,1.1000,0.9315,1.1007,1.0074,0.9607,0.9592,1.0127,0.8480,0.8824,1.0779,0.9871,1.0531,1.1088,1.1177,0.9581,1.0059,1.0603,0.9228,0.9957,0.9483,0.9548,0.8752,1.0203,1.0268,1.0916,0.8702,0.8985,0.8411,1.1544,1.0573,1.0158,1.0093,1.0246,1.1333,0.9288,1.1208,0.9768,0.9939,1.4981,0.8639,1.1683,0.8815,1.0461,1.0424,0.8768
paulding_2,0.8535,0.8389,1.0533,0.9668,1.0259,1.1059,1.1193,0.8457,0.9808,1.1903,0.9892,0.8790,0.9877,1.1135,1.0607,1.1663,1.0323,0.9280,1.1103,1.1941,0.9355,1.0698,0.8072,1.0571,0.8957,0.9007,0.8367,0.9476,0.7271,0.0000,0.8891,0.7073,1.0787,0.8831,1.0638,0.8802,1.0483,1.1061,1.0453,1.0411,0.7571,0.8432,0.8940,0.9580,0.9181,1.1913,1.0908,1.1103,0.8524,1.0142,0.9941,1.0737,0.8241,0.9297,0.8721,0.9236,0.7956,1.1575,0.8371,1.2012,0.9262,0.7235,0.9532,1.1547,0.8681,0.8964,0.9312,0.9739,0.9473,1.0083,1.0078,0.9698,1.0698,1.0065,1.1294,1.1213,0.9101,1.1741,1.0345,1.2600,0.9833,1.0898,1.0285,0.9810,1.0356,1.0608,0.7852,0.9351,1.1281,0.9988,1.1800,1.1812,1.1914,0.8928,1.0574,1.0201,0.9749,1.0884,0.9140,0.9317,0.8964,0.9968,0.9976,1.0407,0.8867,0.9499,0.8469,1.0865,1.0515,0.9837,1.0290,0.9388,1.2149,1.0228,1.1952,1.0143,1.0217,1.4198,0.9810,1.2154,1.0755,1.1045,1.0516,1.0724
paulding_3,0.8067,0.9196,1.1456,1.1684,1.0731,1.0082,1.0002,0.8159,1.0882,1.2201,0.9842,0.7759,0.9193,1.0295,1.0745,0.9267,1.2276,1.0873,1.3985,1.3773,1.0461,0.9730,1.0921,0.9583,0.9151,0.8283,0.9160,1.1579,0.8265,0.8891,0.0000,0.9346,1.1110,1.0164,1.0752,1.1717,1.2748,1.0828,1.1147,1.1121,0.9698,0.9930,1.2050,1.2296,1.0291,1.1822,1.0355,0.9232,1.0911,1.0986,0.9805,0.8998,0.9235,1.0758,1.0057,1.0255,0.8752,1.1217,0.9794,1.1443,0.9219,0.8178,0.9923,1.3913,0.8731,1.0112,0.9507,1.0142,0.9957,1.0637,1.0943,1.0108,1.1144,1.1155,1.1225,1.1172,0.9635,0.9789,0.9250,1.0743,1.0950,1.0297,1.0332,1.0716,0.9570,0.9181,1.0014,1.0543,1.0519,0.9123,1.0021,1.1168,1.1183,1.0149,1.1374,1.0468,0.9321,1.0376,1.0270,1.0136,0.9031,1.0077,1.0581,1.1723,1.0027,1.1017,0.8796,1.2438,0.9493,0.9787,1.1028,0.9847,1.0879,0.8748,0.9723,1.0752,1.0424,1.6060,0.8334,1.0867,0.9201,0.9591,1.0629,0.9220
paulding_4,0.7295,0.8928,1.0029,0.9959,1.0439,0.9671,0.9966,0.8653,0.8799,1.0618,0.8626,0.8691,0.9759,1.0968,1.0614,1.0686,0.8717,0.8920,1.0009,1.1254,0.7399,0.8938,0.7641,0.8726,0.8429,0.8052,0.8774,0.8880,0.7765,0.7073,0.9346,0.0000,1.0954,0.9049,1.1114,0.8487,1.0795,1.1235,0.9307,0.8399,0.7726,0.8906,0.8130,0.8484,0.8472,1.0705,1.0356,1.1365,0.8399,0.9147,0.9381,1.0655,0.9676,1.0609,0.9919,0.9254,0.8277,1.2148,0.8364,1.2288,0.8838,0.8393,1.0417,1.2369,0.8239,1.0734,0.9357,0.9958,0.8868,0.9534,0.9336,0.9115,1.1310,1.1569,1.0916,1.1268,0.9285,1.2491,1.0990,1.2123,0.9140,1.0254,1.0497,0.9206,1.0422,1.1738,0.8961,0.7927,1.1350,1.0465,1.2309,1.2171,1.1382,0.9599,1.0247,1.0854,0.9319,1.0459,0.9183,0.9594,0.8320,1.0150,1.0431,0.9805,0.8491,0.7767,0.8591,1.0778,0.9501,1.0001,0.9572,0.9292,1.1353,0.8606,1.1249,0.9090,0.9541,1.4244,0.8558,1.1755,0.9305,0.9935,0.9940,0.9274
pike_1,0.9996,0.9736,1.0320,1.3530,1.2204,1.2262,1.1405,1.0151,1.2070,1.3087,1.1321,0.8869,1.0286,1.1609,1.1005,1.0869,1.0707,0.9119,1.2431,1.1320,1.0630,0.9894,1.2022,0.9754,1.1095,0.9650,0.9394,1.3934,1.1333,1.0787,1.1110,1.0954,0.0000,0.7654,1.0899,0.9423,1.0505,0.8812,0.8801,0.8741,1.2052,0.8444,1.0968,1.2736,0.9911,0.9542,1.1966,1.1271,0.8578,0.8364,0.7766,0.9779,0.9412,0.8092,0.8036,0.7787,1.1441,1.0877,0.9730,1.2129,0.8852,0.9133,1.0185,1.2319,1.0840,0.9239,1.0177,1.1747,1.1719,1.1401,1.0416,1.0319,1.0214,1.0184,1.0982,1.0764,0.9934,1.1546,1.1528,1.2959,1.1758,1.0616,1.1725,1.0816,0.9031,1.1173,1.0215,1.1982,1.1082,1.0648,1.1902,1.2430,1.2970,0.9504,1.2142,1.0835,1.0731,1.2136,1.1125,1.0145,1.1221,0.9013,0.9548,1.0415,1.1215,1.1183,1.0540,1.1574,0.9391,0.8930,1.1055,0.7800,1.2216,1.0105,1.3690,1.1870,1.1805,1.4442,1.2088,1.3370,1.2970,1.3006,1.1968,1.2976
pike_2,0.8784,0.8801,0.8796,1.1495,1.0604,1.0025,1.0559,0.9202,0.9850,1.1141,0.9016,0.8093,0.8240,0.9300,0.9212,0.9173,0.9060,0.8326,1.1015,1.1469,0.9646,0.8824,1.0049,0.9151,0.8640,0.7865,0.8674,1.0903,0.9638,0.8831,1.0164,0.9049,0.7654,0.0000,1.0003,0.8822,1.0771,0.9356,0.8290,0.8740,0.9419,0.7708,0.9359,1.0625,0.8626,1.0491,1.0399,1.0282,0.8549,0.8250,0.8035,1.0247,0.8235,0.8355,0.7384,0.8036,1.0256,1.0488,0.9039,1.0744,0.8541,0.8260,0.9236,1.2036,0.8864,0.8453,0.8828,1.0656,0.9848,0.9974,1.0342,0.9010,1.0906,1.0403,1.0446,1.0375,0.7696,0.9942,1.0262,1.0404,1.1006,1.0680,1.1268,0.9533,0.8991,1.0805,0.9068,0.9600,1.0460,1.0559,1.1336,1.1431,1.0877,0.9035,1.1065,1.0129,0.9665,1.0798,1.0171,0.9791,1.0317,0.8853,0.9118,0.9544,0.9363,0.9231,0.9057,1.1048,0.9696,0.9251,0.9106,0.7666,1.0646,0.9193,1.1981,0.9679,0.9765,1.3851,0.9248,1.2122,1.0443,1.0008,0.9830,1.0466
pike_3,0.9540,0.8992,0.9698,1.1849,1.0126,1.0317,1.1502,1.0918,0.8901,1.0813,0.9473,0.9578,0.9929,0.9726,0.9393,0.9956,1.3154,1.2828,1.4791,1.3133,1.0603,1.1531,1.3278,1.1736,1.0380,1.0746,1.0146,1.2129,1.0996,1.0638,1.0752,1.1114,1.0899,1.0003,0.0000,0.9322,1.2738,1.2440,1.2567,1.2845,1.2053,1.0914,1.2601,1.1068,0.9852,1.2483,1.0644,0.9149,1.0696,1.1463,1.0377,0.9109,1.0238,1.2048,1.0832,1.1372,1.1813,1.2004,1.1533,1.1120,0.9474,0.9193,1.0648,1.3696,0.9488,1.0169,1.0259,0.9092,1.0077,1.0226,1.1667,0.8169,1.1192,1.1225,1.1314,1.1928,1.1033,1.1509,1.0962,1.0564,1.1855,1.0242,1.2203,1.0547,1.1619,1.1969,1.0672,1.1473,0.9671,1.1295,1.1748,1.0473,1.0991,0.8551,1.0449,1.0843,1.2054,1.2775,1.2429,1.1710,1.2088,1.1096,1.1786,1.1622,1.1321,1.1296,1.0712,1.2090,1.1103,1.1162,1.0761,0.9743,1.1490,1.1084,1.0699,1.0310,1.0940,1.4846,0.9369,1.2258,1.0830,0.9904,1.1284,1.0865
pike_4,0.8947,0.9378,0.9510,1.1244,1.1256,1.0592,1.1048,1.0749,0.9982,1.2420,0.9777,0.9979,1.0083,1.0795,1.1358,1.0683,0.8584,0.8366,0.8696,0.8583,0.9996,1.0421,0.8930,1.0449,0.8253,0.8562,0.9399,1.0633,0.9993,0.8802,1.1717,0.8487,0.9423,0.8822,0.9322,0.0000,0.7524,1.0559,0.8662,0.8993,0.9560,0.9109,0.8471,0.9222,0.9907,1.0808,1.2291,1.1229,0.7733,0.8754,0.9504,1.1335,0.8337,1.0019,0.8975,0.9512,0.9357,1.0518,0.9970,1.2031,0.8320,0.7693,0.8847,0.9791,0.9360,0.9621,0.8608,1.0364,0.9067,0.9944,0.8760,0.8647,1.0676,1.1717,1.1924,1.1537,0.9977,1.1803,1.1453,1.2009,1.0663,1.1075,1.1791,1.0523,1.0797,1.2468,0.9909,0.9525,1.1399,1.1236,1.3130,1.2250,1.2089,0.8509,1.0600,0.9870,0.9047,1.1271,0.9879,0.9244,0.9363,0.8834,0.9672,0.9203,0.9327,0.7248,0.9039,0.8273,0.9712,0.9255,1.0641,0.9541,1.2435,1.0559,1.2764,1.1028,1.1505,1.1929,1.0325,1.3249,1.1824,1.0633,1.1819,1.1821
biddle_1,1.0880,1.1077,1.0960,1.3640,1.4153,1.3731,1.3079,1.3509,1.2191,1.5084,1.2534,1.1449,1.2722,1.3115,1.2769,1.2612,0.9159,0.8838,0.8514,0.6473,1.1937,1.1814,1.0085,1.1634,0.9798,1.0636,0.9743,1.2849,1.2094,1.0483,1.2748,1.0795,1.0505,1.0771,1.2738,0.7524,0.0000,1.1481,1.0184,1.1035,1.1716,1.0154,1.0099,1.1360,1.1074,1.1399,1.2891,1.3481,0.8670,0.9019,1.1474,1.3310,0.9082,0.9589,0.9971,0.9408,1.1578,1.2114,1.1683,1.4829,0.8997,0.9749,0.9957,0.7021,1.0714,0.9672,0.9531,1.1779,1.0751,1.1491,0.8539,1.0668,1.0855,1.3633,1.4187,1.2846,1.1993,1.3002,1.3795,1.4465,1.1783,1.2755,1.3616,1.2712,1.1792,1.4478,1.1907,1.1886,1.4891,1.4516,1.4972,1.5213,1.5315,1.1240,1.4558,1.0752,1.0200,1.2496,0.9868,1.0411,1.0530,0.9575,1.0153,0.9897,1.0748,0.8577,1.0602,0.7818,1.0958,1.1507,1.2241,1.1565,1.6127,1.2114,1.5135,1.2925,1.2931,1.1224,1.3034,1.4231,1.3756,1.3322,1.3003,1.3742
biddle_2,0.9978,1.1296,1.0582,1.4222,1.2789,1.2757,1.2335,1.1079,1.1798,1.3554,1.2341,0.9104,1.0575,1.0550,1.1345,1.1307,1.0424,0.9027,1.3124,1.2776,1.1055,1.0474,1.2458,1.1383,1.1239,0.9806,0.9638,1.2437,1.2065,1.1061,1.0828,1.1235,0.8812,0.9356,1.2440,1.0559,1.1481,0.0000,0.9293,0.8576,1.1067,0.8266,1.2229,1.1643,0.8413,0.9743,1.1463,1.1731,0.9352,0.9172,0.8442,1.1561,0.8857,0.9571,0.8795,0.8804,1.0794,1.1792,1.0339,1.2661,0.8912,0.8624,0.9136,1.3222,1.1489,1.0340,0.9935,1.1529,1.1256,1.1704,1.1451,1.0720,1.0724,1.1115,1.2064,1.0858,1.0164,1.2344,1.1889,1.3674,1.1420,1.1288,1.0648,1.1031,1.1479,1.3101,1.1374,1.1733,1.2000,1.1739,1.2621,1.3266,1.3170,1.0085,1.2730,1.0137,0.8793,1.1861,1.0950,1.0476,1.2751,1.0417,1.0430,1.1459,1.1288,1.0830,1.0974,1.2471,0.9727,0.9560,1.0872,0.9133,1.3548,1.2334,1.4228,1.2053,1.1786,1.5551,1.1754,1.1784,1.2357,1.3024,1.1909,1.2386
biddle_3,0.9753,1.0012,0.9764,1.1970,1.1266,1.1523,1.0855,1.0424,1.1603,1.2389,1.0964,0.9878,1.0105,1.1055,1.1688,1.1168,0.7270,0.7671,1.0123,1.1910,0.9933,0.9471,0.8779,0.9272,0.7885,0.7483,1.0176,1.1082,1.0464,1.0453,1.1147,0.9307,0.8801,0.8290,1.2567,0.8662,1.0184,0.9293,0.0000,0.6413,0.9676,0.8940,0.8418,1.1254,1.0044,1.0024,1.1861,1.2418,0.9017,0.8827,0.8597,1.0681,0.9168,0.8096,0.8508,0.8374,1.0914,1.2187,1.0724,1.1833,0.9221,0.8997,1.1206,1.2919,1.0494,0.9894,0.8772,1.2631,1.0156,1.1311,0.9701,1.0478,1.1566,1.2477,1.2455,1.1624,0.9755,1.2369,1.1317,1.2608,1.1602,1.0965,1.1313,1.0930,1.0223,1.2089,1.0004,0.9300,1.2133,1.1441,1.2550,1.2994,1.3135,1.0727,1.1875,1.1357,1.0218,1.1553,1.1002,1.0578,1.0445,0.8915,0.9517,0.9296,0.8806,0.8970,0.9212,1.1189,0.9678,0.8950,1.0560,0.7970,1.0786,0.9622,1.3894,1.1599,1.1842,1.3600,1.1761,1.3380,1.2358,1.2723,1.2028,1.2337
biddle_4,0.9432,0.9988,1.0420,1.2361,1.2616,1.2090,1.2118,1.1200,1.1696,1.3411,1.1994,0.9418,1.0173,1.1174,1.2167,1.2506,0.8508,0.8128,1.0135,1.2250,0.9255,0.9610,0.8956,0.9914,0.9030,0.7949,0.9412,1.1822,0.9905,1.0411,1.1121,0.8399,0.8741,0.8740,1.2845,0.8993,1.1035,0.8576,0.6413,0.0000,0.9155,0.8731,0.9244,1.1111,0.9750,0.9115,1.0767,1.2631,0.8697,0.7606,0.7958,1.0437,0.9461,0.8979,0.9295,0.8836,1.0197,1.2871,1.0433,1.3463,0.9687,0.9131,1.0232,1.3758,1.1081,1.1218,1.0356,1.2209,1.0312,1.2190,0.9877,1.0608,1.1029,1.2107,1.2536,1.1681,0.9908,1.2941,1.2981,1.3647,1.0363,1.0698,1.0659,1.0726,1.0345,1.2266,1.0360,0.9990,1.2783,1.1564,1.2720,1.3541,1.3295,1.0393,1.2458,1.1070,0.9471,1.1561,1.0696,1.0357,1.0682,0.9209,0.9658,1.0026,0.9946,0.9301,0.9486,1.2347,0.9654,0.9147,1.1169,0.9161,1.2322,1.0708,1.4048,1.1157,1.0867,1.4200,1.1222,1.3187,1.1359,1.2953,1.1067,1.1370
gregg_1,0.7846,0.8733,1.1087,1.0021,1.0152,0.9822,1.0848,0.7990,0.9795,1.1314,0.9445,0.9312,0.8110,0.9629,1.0372,1.0431,0.9451,0.9654,0.9448,1.2417,0.9476,1.0324,0.9295,0.9697,0.8941,0.9264,1.0021,0.8189,0.7948,0.7571,0.9698,0.7726,1.2052,0.9419,1.2053,0.9560,1.1716,1.1067,0.9676,0.9155,0.0000,0.8713,0.7720,0.7838,1.0684,1.2185,1.1975,1.0836,0.9492,1.0778,1.0642,1.1158,0.9520,1.0975,0.9512,1.0175,0.8172,1.2620,0.7971,1.2329,0.9099,0.8359,1.0557,1.2271,0.8747,0.9925,0.9641,1.0470,0.9445,0.9605,1.0172,1.0015,1.1828,1.1390,1.2391,1.1845,0.9757,1.1373,1.1300,1.2280,0.8679,1.1035,0.8969,1.0131,1.1316,1.1748,0.8712,0.8584,1.1527,1.1053,1.1903,1.1961,1.1338,1.0144,1.0176,1.0709,0.8778,1.0011,0.9553,0.9635,0.9485,1.0648,1.0857,1.1015,0.9381,0.7936,0.8388,1.1509,1.1125,1.0013,0.9782,0.9306,1.0966,0.9278,1.0576,1.0082,1.0148,1.4587,0.8868,1.1867,0.9243,0.9967,1.0340,0.9209
gregg_2,0.8629,0.8161,0.8349,1.1438,1.1471,1.2317,1.2002,1.0165,1.1439,1.3018,1.0473,0.9104,0.9307,0.9663,0.9242,1.0514,0.9129,0.6817,1.0928,1.2232,0.8325,0.8382,0.8534,0.9195,0.7935,0.8228,0.7153,1.0863,1.0177,0.8432,0.9930,0.8906,0.8444,0.7708,1.0914,0.9109,1.0154,0.8266,0.8940,0.8731,0.8713,0.0000,0.8386,1.0174,0.7379,0.8830,1.0012,1.0973,0.7337,0.7815,0.8115,1.0985,0.7866,0.8858,0.7417,0.7480,1.0100,1.2468,0.8683,1.2499,0.7757,0.7654,0.8561,1.2823,0.8995,0.8833,0.8971,1.0103,0.8938,0.9748,0.9270,0.9479,0.8940,0.9691,1.1194,1.0165,0.8975,1.2164,1.1545,1.3045,0.8952,0.7776,1.0514,0.8218,0.9742,1.1870,1.0412,0.9696,1.1639,1.1115,1.2581,1.3494,1.2260,0.9367,1.2126,0.9484,0.8943,1.0476,0.9402,0.8870,1.0695,0.9566,0.8666,1.0512,0.9533,0.8784,0.9707,1.1576,0.8781,0.9200,1.0530,0.8562,1.2244,0.9149,1.2508,0.9937,0.9615,1.4628,0.9799,1.2125,1.0720,1.0853,0.9698,1.0733
gregg_3,0.9132,0.9006,0.9224,0.9916,1.0773,1.1202,1.1576,1.0194,1.0936,1.2405,1.0030,1.0094,0.9896,1.0528,1.0703,1.0803,0.8131,0.8793,0.7926,1.1487,0.9653,0.9955,0.7505,1.0187,0.7920,0.8527,1.0545,1.0237,0.9674,0.8940,1.2050,0.8130,1.0968,0.9359,1.2601,0.8471,1.0099,1.2229,0.8418,0.9244,0.7720,0.8386,0.0000,0.8892,1.0315,1.2031,1.1976,1.1787,0.8994,0.9470,1.0360,1.2267,0.9533,1.0052,0.8841,0.9018,0.9287,1.3553,0.9673,1.2842,0.9530,0.8697,1.1812,1.1664,0.9497,0.9654,1.0002,1.1946,0.8983,1.0076,0.8850,0.9595,1.1513,1.2652,1.2979,1.2989,1.0474,1.2098,1.2646,1.3413,1.0088,1.1394,1.1590,1.0886,1.1359,1.2617,1.0165,0.8766,1.2382,1.2474,1.3726,1.3320,1.3388,1.0624,1.2034,1.1079,1.0056,1.1773,1.0438,0.9709,0.9425,0.9792,1.0162,1.0159,0.8576,0.7323,0.9131,1.1109,1.0882,1.1228,1.0070,0.9869,1.1374,0.9781,1.2920,1.0521,1.0868,1.2637,1.0444,1.2945,1.1243,1.1161,1.1141,1.1201
gregg_4,1.0035,1.0332,1.0552,1.1258,1.1476,1.1328,1.1704,1.1470,1.0060,1.3394,1.0958,1.1186,1.1634,1.2396,1.2066,1.2512,1.0664,1.0892,1.0722,1.2368,1.0502,1.1471,1.0758,1.2023,0.9669,1.0124,1.0731,0.9792,1.0726,0.9580,1.2296,0.8484,1.2736,1.0625,1.1068,0.9222,1.1360,1.1643,1.1254,1.1111,0.7838,1.0174,0.8892,0.0000,1.0742,1.3303,1.2500,1.1567,1.0189,1.0963,1.0795,1.3613,1.1123,1.1694,1.0395,1.1514,0.9982,1.3111,1.0292,1.4014,1.0035,0.9627,1.1589,1.3234,1.0040,1.1744,1.0917,1.1677,0.9729,1.0937,1.1345,1.0388,1.1901,1.3314,1.3684,1.3201,1.1401,1.3065,1.2701,1.4014,1.0680,1.1658,1.2785,1.1920,1.3232,1.3735,1.0265,0.9852,1.2850,1.2874,1.3962,1.3747,1.3714,1.1863,1.1325,1.1919,1.0692,1.2272,1.0643,1.1066,1.1289,1.1644,1.1677,1.1614,0.9288,0.8829,1.0368,1.1526,1.1771,1.1896,1.1447,1.0676,1.4054,1.1542,1.2497,1.0904,1.1121,1.4284,1.0292,1.3345,1.0734,1.1147,1.1587,1.0727
pattie_1,0.8424,0.8561,0.9377,1.1881,1.1709,1.1791,1.1443,1.0761,1.1122,1.1538,0.9797,0.8447,1.0325,1.0032,0.8780,1.0627,1.0122,0.7766,1.2477,1.3059,0.8912,0.8581,1.0242,1.0119,0.8894,0.8973,0.7470,1.1562,0.9397,0.9181,1.0291,0.8472,0.9911,0.8626,0.9852,0.9907,1.1074,0.8413,1.0044,0.9750,1.0684,0.7379,1.0315,1.0742,0.0000,0.7914,0.8060,0.9726,0.8307,0.7751,0.8666,1.0134,0.7676,0.8703,0.7788,0.8279,1.0584,1.2256,0.9275,1.1089,0.7450,0.8070,0.8474,1.3532,0.8912,0.9059,0.9110,0.9596,0.9071,0.9467,0.9985,0.8761,0.9854,1.0057,1.0369,1.0167,0.8202,1.1404,1.0254,1.2128,0.9420,0.8987,1.0652,0.9334,1.0112,1.0853,1.0040,0.9863,1.1734,1.0611,1.1738,1.1831,1.1998,0.8393,1.1421,0.9727,0.9882,1.1249,1.0460,0.9525,1.0697,0.9823,0.9760,1.0298,0.9695,1.0282,0.8838,1.1951,0.8501,0.9889,0.9855,0.9074,1.1444,0.8812,1.2614,0.9432,0.9004,1.5630,0.8970,1.1395,1.0362,0.9397,0.9141,1.0368
pattie_2,1.1900,1.1840,1.1090,1.4662,1.5353,1.4164,1.3626,1.2698,1.4124,1.5213,1.2792,0.9750,1.2366,1.2413,1.2089,1.2152,1.0559,0.8018,1.2742,1.3047,1.0477,0.9739,1.1946,1.1185,1.0817,1.0832,0.9547,1.3823,1.2139,1.1913,1.1822,1.0705,0.9542,1.0491,1.2483,1.0808,1.1399,0.9743,1.0024,0.9115,1.2185,0.8830,1.2031,1.3303,0.7914,0.0000,0.9862,1.3070,1.0093,0.8789,0.9603,1.1554,1.0303,0.9279,0.9340,0.8720,1.2938,1.2351,1.2146,1.4286,0.9180,1.0367,0.9879,1.4562,1.1017,1.0380,0.9590,1.2357,1.1621,1.1765,1.1298,1.1835,1.0567,1.2439,1.3066,1.1341,1.0612,1.3971,1.2768,1.4715,1.0939,1.0339,1.2036,1.0552,1.1453,1.3310,1.2774,1.2521,1.3521,1.2686,1.3720,1.5001,1.4274,1.1416,1.4407,1.1490,1.1791,1.3684,1.2422,1.1532,1.2497,1.0429,1.0946,1.1707,1.1882,1.1939,1.1569,1.3126,0.9758,1.0584,1.2689,1.0336,1.3629,1.1552,1.4704,1.2641,1.2004,1.6551,1.2869,1.4261,1.3314,1.3294,1.1933,1.3332
pattie_3,0.9259,0.9644,1.0295,1.3051,1.3261,1.2607,1.3456,1.2751,1.1159,1.3569,1.1245,0.9971,1.0811,1.0042,0.9951,1.1364,1.2889,0.9399,1.2977,1.4315,0.9815,0.9139,1.1178,1.0083,1.1327,1.0453,0.9037,1.2810,1.0935,1.0908,1.0355,1.0356,1.1966,1.0399,1.0644,1.2291,1.2891,1.1463,1.1861,1.0767,1.1975,1.0012,1.1976,1.2500,0.8060,0.9862,0.0000,1.0398,1.0354,1.0259,0.9910,1.0912,0.9213,1.0484,1.0104,1.0021,1.1690,1.2099,1.1156,1.2622,0.9468,0.9754,1.0201,1.4235,0.9493,1.0592,0.9862,1.0358,0.9816,1.0415,1.0243,0.9350,1.1066,1.3121,1.2882,1.1906,1.1173,1.2131,1.2496,1.3214,1.1667,1.1347,1.1820,1.0063,1.0229,1.2320,1.1315,1.1866,1.2747,1.2192,1.2374,1.2613,1.3122,1.0364,1.2693,1.0661,1.1550,1.1936,1.0794,1.1053,1.1376,1.0349,1.1019,1.1389,1.0698,1.2055,0.9881,1.2893,1.0692,1.0182,1.1305,1.0406,1.3189,1.0889,1.2992,1.0325,1.0260,1.5911,1.0094,1.2348,1.0761,1.1333,1.0234,1.0702
pattie_4,0.8660,0.9328,1.0734,1.2568,1.1172,0.9933,1.0677,0.9965,1.0857,1.1743,0.9855,0.8599,1.0104,0.9254,0.9036,0.8945,1.3238,1.0574,1.3936,1.3585,1.0685,0.9954,1.2200,0.9803,1.0666,0.9396,1.0871,1.0913,1.0655,1.1103,0.9232,1.1365,1.1271,1.0282,0.9149,1.1229,1.3481,1.1731,1.2418,1.2631,1.0836,1.0973,1.1787,1.1567,0.9726,1.3070,1.0398,0.0000,1.1262,1.1442,1.1394,1.0072,0.9850,1.1482,1.0813,1.1119,1.0651,1.0844,1.0107,1.1349,1.0238,0.9379,1.0184,1.3909,0.9449,0.9698,1.0442,0.9555,0.9991,1.0459,1.1006,0.9302,1.1683,1.1898,1.2010,1.1695,1.0144,1.0252,1.0461,1.0641,1.1515,1.1485,1.0149,1.0334,1.0468,1.0655,1.0735,1.0848,1.0425,1.0367,1.0854,1.0403,1.1065,0.9712,1.0438,1.1086,1.0844,1.1757,1.2175,1.0112,1.1679,1.0695,1.1545,1.1545,1.0097,1.1845,0.8723,1.2687,1.0573,1.0371,0.9649,1.0625,1.1083,0.9574,0.9060,1.0690,1.0836,1.5470,0.8466,1.1839,0.9788,0.9248,1.1142,0.9797
tjames_1,0.8312,0.9295,0.9711,1.2629,1.2130,1.1624,1.0947,1.0818,1.0473,1.2400,0.9677,0.8777,1.0348,1.1435,1.1445,1.0781,0.8095,0.8096,0.9906,1.0194,0.7768,0.8657,0.8641,0.8949,0.8266,0.8514,0.6765,1.1304,0.9954,0.8524,1.0911,0.8399,0.8578,0.8549,1.0696,0.7733,0.8670,0.9352,0.9017,0.8697,0.9492,0.7337,0.8994,1.0189,0.8307,1.0093,1.0354,1.1262,0.0000,0.6502,0.7086,0.9918,0.7943,0.7437,0.7445,0.7225,0.9794,1.1446,0.9210,1.2660,0.6597,0.7274,0.7884,1.1366,0.8682,0.8276,0.8681,0.9976,0.9425,0.9616,0.8180,0.9459,0.9696,1.1635,1.1555,1.0558,0.9416,1.1936,1.2143,1.2580,0.9659,1.0091,1.1022,0.8846,0.9328,1.1673,0.8988,1.0476,1.2123,1.1495,1.1564,1.3157,1.3012,0.8926,1.1893,0.9871,0.8513,1.0511,0.8391,0.8320,0.9255,0.7748,0.8613,0.8933,0.9557,0.7543,0.8646,0.9864,0.8511,0.8685,1.0397,0.8276,1.3330,0.9742,1.3730,1.0251,1.0456,1.1591,1.0597,1.1968,1.1944,1.1193,1.0456,1.1855
tjames_2,0.9020,0.9703,0.9034,1.2800,1.2957,1.2169,1.0888,1.1279,1.1377,1.3552,1.0626,0.9250,1.0270,1.1274,1.1533,1.1130,0.8777,0.7747,1.0726,1.1022,0.8765,0.8860,0.9572,0.9306,0.9508,0.8739,0.7919,1.3006,1.0366,1.0142,1.0986,0.9147,0.8364,0.8250,1.1463,0.8754,0.9019,0.9172,0.8827,0.7606,1.0778,0.7815,0.9470,1.0963,0.7751,0.8789,1.0259,1.1442,0.6502,0.0000,0.7075,0.9772,0.8942,0.8111,0.8150,0.8081,1.0967,1.2328,0.9405,1.3100,0.8030,0.8850,0.8408,1.2136,0.9584,1.0094,0.9537,1.0742,0.9978,1.1079,0.9397,1.0022,0.9967,1.2393,1.2466,1.0446,0.9488,1.2013,1.1513,1.3425,1.0135,0.9814,1.1459,1.0097,0.9162,1.2211,1.0624,1.0666,1.2836,1.0868,1.2202,1.3176,1.2783,0.9638,1.2441,1.0272,0.9391,1.1561,0.9588,0.9455,0.9746,0.8941,0.8882,0.9853,1.0125,0.8922,0.9233,1.1564,0.8657,0.9293,1.0797,0.8319,1.3105,0.9212,1.4191,0.9839,0.9916,1.3444,1.1260,1.2152,1.1992,1.2197,0.9957,1.1968
tjames_3,0.8802,0.9614,0.9050,1.2969,1.1993,1.1362,1.1435,1.0651,1.0778,1.2772,1.0704,0.8447,1.0068,1.1019,1.1154,1.0845,0.9437,0.9176,1.1598,1.2557,0.8411,0.9850,1.0371,0.9350,0.9707,0.8330,0.7741,1.2616,1.0381,0.9941,0.9805,0.9381,0.7766,0.8035,1.0377,0.9504,1.1474,0.8442,0.8597,0.7958,1.0642,0.8115,1.0360,1.0795,0.8666,0.9603,0.9910,1.1394,0.7086,0.7075,0.0000,0.8215,0.9048,0.8515,0.8167,0.8234,1.0175,1.1687,1.0043,1.1687,0.8311,0.8047,0.8471,1.3989,0.9459,0.9373,0.9088,1.0780,1.0983,1.0261,1.0348,0.9610,0.9791,1.0829,1.1278,0.9856,0.8826,1.0792,1.0877,1.1956,1.1193,0.9737,1.1229,0.9631,0.8167,1.1149,0.9256,1.0917,1.0626,1.0120,1.0958,1.2143,1.2218,0.9012,1.1065,0.9910,0.9366,1.1481,1.0244,1.0808,1.0646,0.9028,0.8986,0.9701,1.0016,1.0007,0.9509,1.2209,0.9163,0.8741,1.0941,0.7697,1.2155,1.0068,1.2896,1.0019,1.0468,1.4365,1.0260,1.1951,1.1215,1.1422,1.0646,1.1176
tjames_4,0.9154,0.9761,1.1839,1.3877,1.1249,1.0439,1.0405,0.9487,1.0666,1.0369,1.0049,0.8754,1.0270,1.1315,1.1124,0.9847,1.1880,1.0863,1.4410,1.4375,0.9925,0.9905,1.2082,0.8740,1.0517,0.9629,1.0503,1.3631,1.0849,1.0737,0.8998,1.0655,0.9779,1.0247,0.9109,1.1335,1.3310,1.1561,1.0681,1.0437,1.1158,1.0985,1.2267,1.3613,1.0134,1.1554,1.0912,1.0072,0.9918,0.9772,0.8215,0.0000,1.0033,0.9554,0.9790,1.0336,1.1106,1.2657,1.1081,1.0124,0.9907,0.9035,1.0341,1.5384,1.0076,1.0947,1.0971,1.0736,1.1155,1.1845,1.1447,1.1261,1.1648,1.1215,1.0560,1.0830,0.9676,1.0061,1.0365,1.0095,1.1907,1.0086,1.0956,1.1000,0.9139,0.9206,1.0114,1.1552,0.9860,0.9452,0.9878,0.9536,1.0364,0.9206,1.0803,1.1381,1.1793,1.3412,1.2107,1.1935,1.1499,0.9819,1.1361,1.2034,1.0809,1.1839,0.9666,1.3741,1.0727,0.9951,1.1364,0.8391,0.9985,0.8902,1.0934,1.0432,1.0501,1.6187,1.0558,1.1476,1.1245,1.1577,1.0591,1.1204
irving_1,0.8138,0.8788,0.9524,1.2407,1.1973,1.1465,1.2026,1.0380,1.1301,1.2686,1.0090,0.7319,0.8838,1.0392,0.8997,1.0249,0.9633,0.7925,1.0432,0.9716,0.9726,0.9679,0.9335,0.9292,0.8037,0.7513,0.7851,1.0785,0.9474,0.8241,0.9235,0.9676,0.9412,0.8235,1.0238,0.8337,0.9082,0.8857,0.9168,0.9461,0.9520,0.7866,0.9533,1.1123,0.7676,1.0303,0.9213,0.9850,0.7943,0.8942,0.9048,1.0033,0.0000,0.6902,0.7345,0.7784,0.9480,1.0552,0.8998,1.1456,0.6890,0.6512,0.7653,0.9753,0.7889,0.8141,0.7744,0.9311,0.8921,0.9644,0.8856,0.8956,1.0191,1.0014,1.0663,1.0639,0.8605,1.0269,0.9335,1.1513,0.9828,1.0385,1.0220,0.9501,0.9450,1.1301,0.8780,1.0173,1.1962,1.0821,1.1127,1.2329,1.1462,0.8264,1.1862,0.8367,0.8369,1.0866,0.9109,0.8359,0.9536,0.8557,0.7810,0.9087,0.9228,0.9732,0.8426,0.9945,0.9201,0.8518,0.9747,0.8651,1.1716,1.0130,1.2663,1.0517,1.0615,1.2955,1.0038,1.1394,1.0837,1.1111,1.0710,1.0810
irving_2,0.9713,0.9520,0.9997,1.3978,1.2818,1.2395,1.1454,1.0658,1.1989,1.3069,1.0240,0.8329,1.0957,1.1443,0.9466,1.0478,0.9495,0.7615,1.1833,1.0792,1.0395,0.9330,1.1040,0.9850,0.8671,0.8820,0.8303,1.2631,1.0669,0.9297,1.0758,1.0609,0.8092,0.8355,1.2048,1.0019,0.9589,0.9571,0.8096,0.8979,1.0975,0.8858,1.0052,1.1694,0.8703,0.9279,1.0484,1.1482,0.7437,0.8111,0.8515,0.9554,0.6902,0.0000,0.6327,0.5796,1.0853,1.1491,0.9373,1.1446,0.7665,0.7692,0.8611,1.1675,0.9930,0.8190,0.8944,1.0963,0.9896,0.9567,0.8630,1.0174,0.9709,1.0562,1.0801,0.9917,0.8993,1.1080,1.0412,1.2278,1.0769,1.0353,1.1408,1.0122,0.9196,1.0945,0.9129,1.1661,1.1385,1.0701,1.0962,1.2562,1.3449,0.9303,1.2549,0.9954,0.9851,1.2208,1.0619,0.8924,1.0006,0.7719,0.7969,0.9010,0.9912,0.9842,0.9362,1.0602,0.8340,0.8422,0.9423,0.7954,1.2086,0.9593,1.4054,1.0785,1.0442,1.2878,1.1712,1.1608,1.1950,1.2427,1.0354,1.1870
irving_3,0.9087,0.8459,0.9821,1.2531,1.2308,1.2204,1.1050,1.0154,1.0917,1.2297,0.9582,0.8205,0.9562,1.0657,0.9631,0.9682,0.9419,0.7516,1.1095,1.2040,0.8920,0.8437,1.0578,0.8394,0.8288,0.7719,0.7938,1.2124,0.9385,0.8721,1.0057,0.9919,0.8036,0.7384,1.0832,0.8975,0.9971,0.8795,0.8508,0.9295,0.9512,0.7417,0.8841,1.0395,0.7788,0.9340,1.0104,1.0813,0.7445,0.8150,0.8167,0.9790,0.7345,0.6327,0.0000,0.6091,1.0049,1.0895,0.8502,1.1466,0.7460,0.7190,0.8360,1.1689,0.9502,0.8132,0.8083,1.0072,1.0174,0.9397,0.9440,0.9951,0.9374,1.0171,1.0573,1.0320,0.8505,1.0886,1.0119,1.1069,1.0087,0.9429,1.0878,0.9223,0.8527,1.0677,0.9174,0.9721,1.0381,1.0202,1.1143,1.2441,1.2168,0.9149,1.1807,0.8811,0.9110,1.0551,0.9609,0.8683,0.9579,0.7612,0.7501,0.8694,0.9669,0.8951,0.8915,1.0121,0.8722,0.8102,0.9659,0.7818,1.1301,0.8916,1.2716,1.0122,1.0028,1.4121,1.0324,1.1455,1.0721,1.1622,0.9898,1.0673
irving_4,0.9530,0.8947,0.9656,1.3041,1.2837,1.2162,1.1372,1.0327,1.1548,1.3386,1.0217,0.8765,1.0404,1.0863,1.0353,1.0372,0.9278,0.6718,1.0428,1.1123,0.8606,0.8097,1.0741,0.8954,0.8642,0.8275,0.7749,1.2060,1.0384,0.9236,1.0255,0.9254,0.7787,0.8036,1.1372,0.9512,0.9408,0.8804,0.8374,0.8836,1.0175,0.7480,0.9018,1.1514,0.8279,0.8720,1.0021,1.1119,0.7225,0.8081,0.8234,1.0336,0.7784,0.5796,0.6091,0.0000,1.0564,1.1576,0.8106,1.2230,0.7381,0.7961,0.8243,1.1505,0.9908,0.7803,0.8736,1.0711,0.9380,0.9866,0.8615,0.9881,0.7833,1.0669,1.0863,0.9877,0.9379,1.1391,1.0827,1.3249,0.9295,0.9847,1.1526,0.8587,0.8572,1.1274,0.9185,1.0106,1.1207,1.0764,1.1343,1.2743,1.3004,0.9422,1.2399,0.9338,0.9084,1.1004,0.9968,0.8295,0.9625,0.7087,0.7987,0.8354,0.9908,0.8626,0.8760,1.1248,0.7615,0.8077,1.0007,0.8387,1.2056,1.0118,1.4043,0.9740,0.9754,1.3412,1.0764,1.2281,1.1133,1.1606,0.9814,1.1076
bagby_1,0.7333,0.8985,1.1074,1.0166,1.0731,0.9927,1.0517,0.7987,0.9911,1.0760,0.9189,0.9242,1.0315,1.0968,1.1086,1.0979,1.0341,1.0251,1.1019,1.1991,0.9728,1.0622,0.9350,0.9804,0.9018,0.8697,0.9623,0.7609,0.6855,0.7956,0.8752,0.8277,1.1441,1.0256,1.1813,0.9357,1.1578,1.0794,1.0914,1.0197,0.8172,1.0100,0.9287,0.9982,1.0584,1.2938,1.1690,1.0651,0.9794,1.0967,1.0175,1.1106,0.9480,1.0853,1.0049,1.0564,0.0000,1.0866,0.9019,1.0682,0.9269,0.7771,0.9852,1.1666,0.8351,0.9847,1.0021,1.0010,1.0195,1.0613,1.0310,1.0120,1.1556,1.1627,1.2274,1.1821,0.8768,1.0462,1.0231,1.0573,0.9518,1.2076,0.9486,1.0442,1.0053,1.0891,0.8179,0.9222,1.0034,0.9272,1.0918,1.0703,1.0490,0.9991,0.9804,0.9074,0.8020,0.9538,0.9010,0.9304,0.8709,1.0451,1.0400,1.0772,0.8958,0.8644,0.7353,1.0761,0.9873,0.9874,0.9955,1.0184,1.1678,0.9383,1.0324,1.0569,1.0914,1.2980,0.8491,1.0844,0.8818,0.9870,1.1177,0.8823
bagby_2,1.0415,1.1870,1.2273,1.4164,1.3383,1.1674,1.1798,1.1793,1.2735,1.3656,1.2278,1.1287,1.3172,1.2415,1.1873,1.1838,1.2582,1.2253,1.3574,1.1049,1.2163,1.1011,1.2829,1.1372,1.1885,1.1930,1.1711,1.3078,1.1761,1.1575,1.1217,1.2148,1.0877,1.0488,1.2004,1.0518,1.2114,1.1792,1.2187,1.2871,1.2620,1.2468,1.3553,1.3111,1.2256,1.2351,1.2099,1.0844,1.1446,1.2328,1.1687,1.2657,1.0552,1.1491,1.0895,1.1576,1.0866,0.0000,1.1694,1.1313,1.0360,1.0471,1.0100,1.1557,1.0672,1.1798,1.0828,1.1752,1.3502,1.3205,1.2351,1.1433,1.2424,1.1598,1.2099,1.0958,1.0941,1.0077,1.0594,1.1107,1.2107,1.3726,1.2912,1.2902,0.9699,1.1183,1.0128,1.4133,1.0416,1.0238,0.9250,1.0857,1.2045,1.1578,1.3166,1.0125,1.0043,1.2440,1.0670,1.1148,1.1802,1.0834,1.1463,1.0915,1.1575,1.2109,0.9863,0.9788,1.2175,1.0202,1.2123,1.0772,1.1306,1.1717,1.2063,1.4404,1.4587,1.2680,1.2435,1.2920,1.2918,1.3011,1.4680,1.2915
bagby_3,0.7955,0.8325,1.0336,1.1834,1.1127,1.0973,1.0300,0.8429,1.0847,1.2506,0.8213,0.8901,0.8882,1.0493,1.0504,1.0568,1.0678,0.9064,1.1882,1.2533,0.9494,0.8660,0.9985,0.9529,0.9683,0.8527,0.9129,1.0244,0.8717,0.8371,0.9794,0.8364,0.9730,0.9039,1.1533,0.9970,1.1683,1.0339,1.0724,1.0433,0.7971,0.8683,0.9673,1.0292,0.9275,1.2146,1.1156,1.0107,0.9210,0.9405,1.0043,1.1081,0.8998,0.9373,0.8502,0.8106,0.9019,1.1694,0.0000,1.2075,0.9227,0.8618,0.9616,1.2598,0.9536,1.0079,1.0390,0.9234,0.9006,0.9459,1.0114,0.9579,0.9608,1.0011,1.0494,1.1192,0.8918,1.0899,1.0439,1.2174,0.8121,1.0005,0.9824,0.9162,0.8994,1.0891,0.9625,0.8927,1.0389,0.9877,1.0260,1.1146,1.1062,0.8617,1.0315,0.9464,0.8715,0.9650,0.9569,0.6987,0.9312,0.9439,0.9416,1.0625,1.0052,0.8601,0.8973,1.1664,0.8942,0.8606,0.9181,0.9014,1.1719,0.9028,1.1550,0.9874,0.9834,1.4879,0.8857,1.0638,0.9733,0.9872,1.0211,0.9710
bagby_4,1.0310,1.0742,1.1979,1.3164,1.1275,1.1217,1.1696,0.9877,1.1775,0.9512,1.1168,1.1340,1.1631,1.1082,1.0883,1.1148,1.3332,1.3113,1.4846,1.4861,1.2395,1.2096,1.3987,1.2065,1.1798,1.1525,1.2325,1.3017,1.0684,1.2012,1.1443,1.2288,1.2129,1.0744,1.1120,1.2031,1.4829,1.2661,1.1833,1.3463,1.2329,1.2499,1.2842,1.4014,1.1089,1.4286,1.2622,1.1349,1.2660,1.3100,1.1687,1.0124,1.1456,1.1446,1.1466,1.2230,1.0682,1.1313,1.2075,0.0000,1.1354,1.0209,1.2463,1.4917,1.1130,1.2245,1.2587,1.2038,1.2920,1.2464,1.2251,1.1002,1.4169,1.1390,1.0810,1.2276,0.9920,0.9588,0.9794,0.8735,1.1788,1.2076,1.2297,1.2362,1.0459,0.9057,0.9459,1.2712,0.8455,0.9262,0.9050,0.8772,1.1116,1.0419,1.1301,1.1380,1.2739,1.4318,1.3384,1.2722,1.3092,1.2381,1.2423,1.2727,1.1031,1.2752,1.0672,1.3020,1.1968,1.0791,1.1177,1.0362,0.8144,0.9949,1.1776,1.1922,1.2284,1.5492,1.1263,1.3647,1.2101,1.2064,1.2420,1.2068
cooke_1,0.7548,0.9113,1.0128,1.1822,1.1486,1.1607,1.2046,1.0957,1.0952,1.2639,0.9992,0.7970,0.8588,1.0314,0.9531,0.9666,0.9812,0.8662,1.0637,1.0350,0.8841,0.9487,0.9748,0.8770,0.7691,0.8526,0.6467,1.0513,0.8700,0.9262,0.9219,0.8838,0.8852,0.8541,0.9474,0.8320,0.8997,0.8912,0.9221,0.9687,0.9099,0.7757,0.9530,1.0035,0.7450,0.9180,0.9468,1.0238,0.6597,0.8030,0.8311,0.9907,0.6890,0.7665,0.7460,0.7381,0.9269,1.0360,0.9227,1.1354,0.0000,0.6258,0.6173,1.0532,0.7985,0.6814,0.7279,0.9916,0.8251,0.8645,0.7503,0.8774,0.8340,0.9770,1.0030,0.9671,0.8279,1.1279,1.0387,1.1949,0.8187,0.8247,1.0231,0.8129,0.8784,1.0131,0.9103,0.9737,1.1738,1.1027,1.0614,1.1705,1.2819,0.9068,1.1506,0.8788,0.8267,0.9863,0.8747,0.8574,0.8451,0.7235,0.7618,0.8047,0.8942,0.8135,0.8725,0.9939,0.7964,0.8376,0.9306,0.8278,1.2089,0.8866,1.2237,1.0011,0.9966,1.2933,0.9206,1.1102,0.9396,1.0353,1.0077,0.9292
cooke_2,0.7367,0.7235,0.9052,1.0994,1.0830,1.0358,1.1355,0.9458,0.9209,1.0859,0.8948,0.7679,0.7892,0.8855,0.9319,0.8568,0.9731,0.8484,1.0416,1.1142,0.8995,0.9864,0.9204,0.8929,0.7291,0.8069,0.7112,1.0060,0.8581,0.7235,0.8178,0.8393,0.9133,0.8260,0.9193,0.7693,0.9749,0.8624,0.8997,0.9131,0.8359,0.7654,0.8697,0.9627,0.8070,1.0367,0.9754,0.9379,0.7274,0.8850,0.8047,0.9035,0.6512,0.7692,0.7190,0.7961,0.7771,1.0471,0.8618,1.0209,0.6258,0.0000,0.6464,1.0887,0.7508,0.7288,0.7326,0.8634,0.8386,0.8467,0.8497,0.8112,0.8759,0.8373,0.9241,0.9673,0.7662,0.9427,0.9445,1.0312,0.9057,0.9346,0.9321,0.9267,0.9143,0.9576,0.7943,0.9496,0.9965,0.8931,0.9807,1.0703,1.1207,0.7054,0.9980,0.7381,0.7106,0.9390,0.8758,0.7884,0.8867,0.7838,0.7576,0.8575,0.7788,0.8557,0.7568,1.0496,0.8215,0.8459,0.8748,0.7599,1.0968,0.8715,1.0988,1.0198,1.0286,1.2521,0.7723,1.0295,0.8752,0.9229,1.0289,0.8711
cooke_3,0.9396,0.9925,1.0809,1.3261,1.3254,1.2337,1.2846,1.2207,1.1524,1.3980,1.1317,0.8768,1.0360,0.9911,1.0681,0.9895,1.0291,0.9226,1.1300,1.1459,1.0704,0.9726,1.1302,1.0372,0.8666,1.0169,0.6473,1.1915,1.0226,0.9532,0.9923,1.0417,1.0185,0.9236,1.0648,0.8847,0.9957,0.9136,1.1206,1.0232,1.0557,0.8561,1.1812,1.1589,0.8474,0.9879,1.0201,1.0184,0.7884,0.8408,0.8471,1.0341,0.7653,0.8611,0.8360,0.8243,0.9852,1.0100,0.9616,1.2463,0.6173,0.6464,0.0000,1.1465,0.9485,0.7857,0.7661,0.8773,0.9385,1.0356,1.0119,0.9724,0.8191,1.0354,1.0217,0.8652,0.7936,0.9922,0.9642,1.1547,0.9059,0.8835,0.9883,0.9006,0.8569,1.1173,0.9818,1.1258,1.1632,1.0773,1.0447,1.2183,1.2471,0.8686,1.1917,0.8358,0.8218,1.0453,1.0185,0.8573,0.9399,0.7754,0.8476,0.9186,1.0634,0.9775,0.8784,1.0818,0.8858,0.7947,0.9799,0.8857,1.3586,1.0506,1.2253,1.1817,1.1757,1.4175,0.9537,1.0810,1.0201,1.0513,1.1629,1.0076
cooke_4,1.1670,1.2213,1.3021,1.4452,1.5244,1.4062,1.4237,1.4151,1.2765,1.5402,1.3249,1.2022,1.2622,1.3283,1.2496,1.2805,1.1731,1.1752,1.0601,0.6339,1.3788,1.3898,1.2404,1.2145,1.1864,1.2756,1.2167,1.3765,1.3377,1.1547,1.3913,1.2369,1.2319,1.2036,1.3696,0.9791,0.7021,1.3222,1.2919,1.3758,1.2271,1.2823,1.1664,1.3234,1.3532,1.4562,1.4235,1.3909,1.1366,1.2136,1.3989,1.5384,0.9753,1.1675,1.1689,1.1505,1.1666,1.1557,1.2598,1.4917,1.0532,1.0887,1.1465,0.0000,1.0821,0.9572,1.0456,1.1201,1.1668,1.1916,0.9226,1.1188,1.3334,1.5302,1.4768,1.5176,1.3979,1.3895,1.4561,1.4328,1.3031,1.4787,1.3662,1.3533,1.3411,1.5719,1.3213,1.4262,1.5265,1.5522,1.5906,1.5093,1.5466,1.2228,1.5136,1.0510,1.0386,1.2807,1.0444,1.0446,1.0266,1.0561,1.0660,1.0804,1.1423,1.0215,1.1464,0.6812,1.2274,1.1799,1.1742,1.3262,1.5467,1.2694,1.4424,1.4949,1.4977,0.8978,1.3896,1.4876,1.4198,1.4317,1.5054,1.4171
cooke_lee_1,0.7177,0.7775,0.9363,1.1453,1.0073,0.8942,0.9662,0.9342,0.8644,1.1137,0.8187,0.7946,0.9335,0.8828,0.8985,0.9601,1.0426,0.9499,1.0679,1.1929,0.9088,0.8707,0.8568,0.8388,0.7837,0.9110,0.8914,0.9542,0.8467,0.8681,0.8731,0.8239,1.0840,0.8864,0.9488,0.9360,1.0714,1.1489,1.0494,1.1081,0.8747,0.8995,0.9497,1.0040,0.8912,1.1017,0.9493,0.9449,0.8682,0.9584,0.9459,1.0076,0.7889,0.9930,0.9502,0.9908,0.8351,1.0672,0.9536,1.1130,0.7985,0.7508,0.9485,1.0821,0.0000,0.8404,0.8304,0.7810,0.8339,0.8839,0.9070,0.8034,1.2007,1.1966,1.1606,1.1773,0.9321,0.9907,0.9918,1.0591,1.0384,1.1116,1.0227,0.9581,0.9840,1.1605,0.9555,0.9664,1.0794,0.9681,1.0297,1.1265,0.9846,0.7506,0.9089,0.8649,0.8267,1.0493,0.8555,0.9511,0.8434,0.9490,0.9827,0.9737,0.7788,0.9223,0.8013,1.0312,0.9700,1.0227,0.9066,0.9205,1.0371,0.8077,0.9970,0.8863,0.9534,1.3081,0.7266,1.1607,0.9104,0.8018,0.9870,0.9106
cooke_lee_2,0.8634,0.9381,1.1026,1.2479,1.2023,1.1898,1.2222,1.0914,1.0751,1.2173,0.9992,0.7382,0.9131,0.9875,0.9337,0.8844,1.0617,0.8933,1.0860,1.1123,1.1040,0.9779,1.0900,0.8998,0.8887,0.9856,0.8888,1.1756,1.0530,0.8964,1.0112,1.0734,0.9239,0.8453,1.0169,0.9621,0.9672,1.0340,0.9894,1.1218,0.9925,0.8833,0.9654,1.1744,0.9059,1.0380,1.0592,0.9698,0.8276,1.0094,0.9373,1.0947,0.8141,0.8190,0.8132,0.7803,0.9847,1.1798,1.0079,1.2245,0.6814,0.7288,0.7857,0.9572,0.8404,0.0000,0.5736,0.8856,0.9530,0.7972,0.8091,0.8715,0.9817,1.0759,1.0186,1.1243,0.9428,1.1378,1.1062,1.1026,1.0647,1.0487,0.9900,1.0086,0.9497,1.1161,1.0130,1.0463,1.1763,1.2476,1.1629,1.2191,1.3172,0.9217,1.1839,0.8293,0.8303,1.0289,0.9232,0.8479,0.9429,0.7668,0.7975,0.8325,0.9560,0.8898,0.8512,0.9773,0.8751,0.8949,0.7905,0.9116,1.2241,0.9497,1.2056,1.0815,1.0538,1.2620,0.9829,1.1974,1.0649,1.0446,1.0590,1.0586
cooke_lee_3,0.8908,0.9606,0.9739,1.2623,1.2479,1.1813,1.1453,1.0738,1.0491,1.2950,0.9714,0.8280,0.9545,0.9789,1.0096,0.8959,0.9641,0.8229,1.0243,1.1324,1.0263,0.8283,1.0511,0.8686,0.7714,0.9007,0.8814,1.1251,1.0508,0.9312,0.9507,0.9357,1.0177,0.8828,1.0259,0.8608,0.9531,0.9935,0.8772,1.0356,0.9641,0.8971,1.0002,1.0917,0.9110,0.9590,0.9862,1.0442,0.8681,0.9537,0.9088,1.0971,0.7744,0.8944,0.8083,0.8736,1.0021,1.0828,1.0390,1.2587,0.7279,0.7326,0.7661,1.0456,0.8304,0.5736,0.0000,0.8650,0.9380,0.8391,0.8367,0.8622,1.0116,1.1421,1.1299,1.0263,0.9411,1.1827,1.0574,1.1317,1.0965,0.9907,0.9963,0.9795,0.9968,1.2011,1.0414,0.9527,1.1624,1.1877,1.1979,1.2824,1.2595,0.9862,1.1852,0.8223,0.9112,0.9695,0.9071,0.8746,0.9482,0.8329,0.8377,0.8630,0.9842,0.9356,0.8736,0.9664,0.8761,0.8355,0.8721,0.8310,1.2122,0.9514,1.1559,1.1059,1.1043,1.4277,0.9635,1.2058,1.0513,1.0469,1.1129,1.0464
cooke_lee_4,0.8440,0.9341,1.0562,1.4171,1.1595,1.1264,1.1626,1.0719,1.0053,1.2214,0.8926,0.8791,1.0661,0.9259,0.9487,0.9829,1.2115,1.1306,1.2246,1.2630,1.0297,0.9700,1.1535,1.0365,1.0056,1.0975,0.9783,1.1225,1.0575,0.9739,1.0142,0.9958,1.1747,1.0656,0.9092,1.0364,1.1779,1.1529,1.2631,1.2209,1.0470,1.0103,1.1946,1.1677,0.9596,1.2357,1.0358,0.9555,0.9976,1.0742,1.0780,1.0736,0.9311,1.0963,1.0072,1.0711,1.0010,1.1752,0.9234,1.2038,0.9916,0.8634,0.8773,1.1201,0.7810,0.8856,0.8650,0.0000,1.0078,0.9307,1.0920,0.9289,1.1722,1.2622,1.1656,1.2431,1.0740,1.1274,1.0920,1.1434,1.0758,1.0848,0.8468,1.0020,1.1124,1.2700,1.1341,1.1147,1.0658,1.1057,1.1633,1.1311,1.1409,0.7934,1.0853,0.7350,0.8620,0.9981,0.9664,0.9175,1.0513,1.0464,1.0508,1.1409,1.1366,1.0096,0.8995,1.1371,1.0098,0.9637,0.8847,1.0071,1.2202,1.0426,1.0538,1.1414,1.1503,1.4635,0.8549,1.1217,0.8774,0.9718,1.1744,0.8788
davis_1,0.7516,0.9077,0.8690,0.9281,1.1297,1.0825,1.1936,1.0676,1.0196,1.3055,0.9835,0.8969,0.9282,0.9106,0.9827,1.0030,0.9879,0.9534,1.1161,1.1986,0.9325,1.0026,0.9828,1.0623,0.8369,0.9058,0.8932,0.8642,0.9760,0.9473,0.9957,0.8868,1.1719,0.9848,1.0077,0.9067,1.0751,1.1256,1.0156,1.0312,0.9445,0.8938,0.8983,0.9729,0.9071,1.1621,0.9816,0.9991,0.9425,0.9978,1.0983,1.1155,0.8921,0.9896,1.0174,0.9380,1.0195,1.3502,0.9006,1.2920,0.8251,0.8386,0.9385,1.1668,0.8339,0.9530,0.9380,1.0078,0.0000,0.8279,0.7693,0.8171,0.9911,1.1944,1.2742,1.1874,1.0105,1.2485,1.1530,1.3558,0.8875,0.9036,1.0947,0.9139,0.9977,1.1734,1.1006,0.9660,1.1261,1.2036,1.3370,1.1778,1.2645,0.9490,1.0583,1.0437,1.0176,1.0597,1.0821,0.8859,0.9724,0.8956,1.0317,0.9857,0.9033,0.8404,0.8829,1.0936,0.8983,0.9661,0.9730,0.9886,1.2959,0.9284,1.1991,0.8886,0.9258,1.4015,0.7576,1.1391,0.8915,0.8312,0.9589,0.8939
davis_2,0.8191,0.9158,0.9561,1.1781,1.1696,1.0863,1.1080,1.0767,0.9250,1.1197,0.8085,0.8172,0.9642,0.9494,0.9260,0.8520,1.1470,1.0376,1.2230,1.2228,1.0478,0.9851,1.1371,1.0324,0.9418,1.0148,0.9736,1.1000,1.1258,1.0083,1.0637,0.9534,1.1401,0.9974,1.0226,0.9944,1.1491,1.1704,1.1311,1.2190,0.9605,0.9748,1.0076,1.0937,0.9467,1.1765,1.0415,1.0459,0.9616,1.1079,1.0261,1.1845,0.9644,0.9567,0.9397,0.9866,1.0613,1.3205,0.9459,1.2464,0.8645,0.8467,1.0356,1.1916,0.8839,0.7972,0.8391,0.9307,0.8279,0.0000,0.8147,0.6725,1.0840,1.2732,1.2386,1.2508,1.0969,1.2598,1.1819,1.2406,1.0272,1.0118,1.0589,1.0432,1.0775,1.2347,1.0996,1.0038,0.9911,1.1834,1.2297,1.1603,1.2761,0.9295,1.0690,1.0045,0.9612,0.9746,1.0164,0.8994,0.9412,0.8712,0.9201,0.9056,0.9401,0.9281,0.8805,1.1055,0.9127,0.9247,0.8750,0.8983,1.2445,0.9328,1.1469,1.0273,1.0139,1.3294,0.8834,1.1625,1.0159,0.9148,1.0260,1.0121
davis_3,0.8475,0.9082,0.9821,1.1436,1.2785,1.2475,1.2100,1.1298,1.1558,1.3404,1.0770,0.8999,1.0175,1.0427,1.0079,1.0765,0.9575,0.8665,0.9458,0.9533,0.9631,0.9959,0.9227,0.9250,0.7803,0.8764,0.8935,1.1475,1.1064,1.0078,1.0943,0.9336,1.0416,1.0342,1.1667,0.8760,0.8539,1.1451,0.9701,0.9877,1.0172,0.9270,0.8850,1.1345,0.9985,1.1298,1.0243,1.1006,0.8180,0.9397,1.0348,1.1447,0.8856,0.8630,0.9440,0.8615,1.0310,1.2351,1.0114,1.2251,0.7503,0.8497,1.0119,0.9226,0.9070,0.8091,0.8367,1.0920,0.7693,0.8147,0.0000,0.8415,1.0537,1.2798,1.3273,1.2562,1.1132,1.3151,1.3381,1.3421,0.9904,1.0451,1.1389,1.0440,1.0636,1.2526,1.1214,1.1159,1.2344,1.2728,1.2796,1.3130,1.4326,1.0670,1.3033,1.0441,0.8858,1.0820,0.9022,0.8307,0.8700,0.7913,0.8465,0.8159,0.8344,0.7668,0.8582,0.9104,0.9735,0.9726,1.0317,0.9484,1.2980,0.9055,1.2798,1.0476,1.0273,1.1901,1.0374,1.2651,1.0748,1.0870,1.0390,1.0696
davis_4,0.7841,0.7520,0.7781,1.0547,1.0200,0.9665,1.0696,1.0385,0.7696,1.0477,0.8777,0.8813,0.8739,0.8126,0.8278,0.9548,1.0304,1.0516,1.1261,1.1162,0.9888,1.0007,1.0266,1.0146,0.9015,0.9591,0.9301,1.0599,1.0216,0.9698,1.0108,0.9115,1.0319,0.9010,0.8169,0.8647,1.0668,1.0720,1.0478,1.0608,1.0015,0.9479,0.9595,1.0388,0.8761,1.1835,0.9350,0.9302,0.9459,1.0022,0.9610,1.1261,0.8956,1.0174,0.9951,0.9881,1.0120,1.1433,0.9579,1.1002,0.8774,0.8112,0.9724,1.1188,0.8034,0.8715,0.8622,0.9289,0.8171,0.6725,0.8415,0.0000,1.1149,1.1553,1.1834,1.1740,0.9989,1.0947,1.0917,1.1037,1.0444,1.0213,1.1127,0.9994,1.0364,1.2025,1.0063,1.0081,0.9644,1.0945,1.1620,1.0759,1.1350,0.8172,0.9731,1.0334,0.9123,1.0522,0.9814,0.9492,0.9151,0.9322,0.9593,0.9392,0.8812,0.9366,0.8941,1.0193,1.0125,0.9228,0.8592,0.8484,1.1497,0.9739,1.0220,0.9645,0.9864,1.2386,0.9092,1.2091,1.0550,0.9272,1.0285,1.0558
page_1,1.0657,1.1253,1.1363,1.3505,1.4814,1.4332,1.3568,1.1219,1.3057,1.4931,1.1977,1.1004,1.1491,1.1463,1.1790,1.1421,1.1528,1.0355,1.3455,1.3697,1.0422,1.0085,1.2319,1.1489,1.0274,0.9881,0.9709,1.3229,1.1315,1.0698,1.1144,1.1310,1.0214,1.0906,1.1192,1.0676,1.0855,1.0724,1.1566,1.1029,1.1828,0.8940,1.1513,1.1901,0.9854,1.0567,1.1066,1.1683,0.9696,0.9967,0.9791,1.1648,1.0191,0.9709,0.9374,0.7833,1.1556,1.2424,0.9608,1.4169,0.8340,0.8759,0.8191,1.3334,1.2007,0.9817,1.0116,1.1722,0.9911,1.0840,1.0537,1.1149,0.0000,0.9634,1.0937,0.8894,0.9623,1.2161,1.1685,1.3571,0.9324,0.7997,1.1235,1.0782,0.9488,1.0596,1.0321,1.1795,1.1283,1.2037,1.1833,1.2417,1.3640,1.0300,1.3739,1.0277,1.1074,1.1080,1.1589,0.9245,1.1974,0.7861,0.8725,1.0273,1.1179,1.0743,0.9578,1.2303,0.8860,0.9373,1.1632,0.9961,1.4182,1.1250,1.4795,1.2755,1.2301,1.4896,1.1727,1.2486,1.2207,1.2579,1.2237,1.2126
page_2,1.0828,1.0516,1.2387,1.3433,1.3736,1.3922,1.3685,1.1341,1.2929,1.2840,1.1965,1.1278,1.1039,1.2010,1.1278,1.2192,1.3026,1.2015,1.5929,1.5184,1.2228,1.1831,1.3055,1.2339,1.1162,1.1429,1.0383,1.4091,1.1072,1.0065,1.1155,1.1569,1.0184,1.0403,1.1225,1.1717,1.3633,1.1115,1.2477,1.2107,1.1390,0.9691,1.2652,1.3314,1.0057,1.2439,1.3121,1.1898,1.1635,1.2393,1.0829,1.1215,1.0014,1.0562,1.0171,1.0669,1.1627,1.1598,1.0011,1.1390,0.9770,0.8373,1.0354,1.5302,1.1966,1.0759,1.1421,1.2622,1.1944,1.2732,1.2798,1.1553,0.9634,0.0000,0.6962,0.7887,0.8943,0.9663,0.9722,1.1716,1.0873,1.0639,1.2096,1.2082,0.9934,0.9300,0.9138,1.2213,1.1283,1.0601,0.9818,1.2074,1.2315,0.9489,1.2883,1.0810,1.0570,1.1535,1.1157,0.9966,1.2558,1.1018,1.0478,1.1016,1.2322,1.3302,1.0971,1.3474,1.0777,1.0430,1.1465,1.0582,1.1471,1.1676,1.4973,1.2794,1.2423,1.7089,1.1844,1.2850,1.2676,1.2859,1.2356,1.2630
page_3,1.0798,1.1587,1.2671,1.4016,1.3647,1.2885,1.2687,1.1863,1.2622,1.2378,1.1592,1.0737,1.1600,1.1261,1.1301,1.1608,1.2942,1.1945,1.5379,1.4604,1.2633,1.1664,1.3203,1.1839,1.2186,1.1845,1.1672,1.4710,1.1276,1.1294,1.1225,1.0916,1.0982,1.0446,1.1314,1.1924,1.4187,1.2064,1.2455,1.2536,1.2391,1.1194,1.2979,1.3684,1.0369,1.3066,1.2882,1.2010,1.1555,1.2466,1.1278,1.0560,1.0663,1.0801,1.0573,1.0863,1.2274,1.2099,1.0494,1.0810,1.0030,0.9241,1.0217,1.4768,1.1606,1.0186,1.1299,1.1656,1.2742,1.2386,1.3273,1.1834,1.0937,0.6962,0.0000,0.8577,0.8912,0.8912,0.9682,0.9731,1.1057,1.0706,1.1319,1.1453,0.9844,0.9029,1.0144,1.2125,1.1057,1.0826,0.8342,1.1417,1.1799,0.9447,1.2735,1.0086,1.1047,1.1892,1.0871,1.0050,1.3210,1.0633,1.0144,1.1550,1.2362,1.2935,1.1199,1.3639,1.0421,0.9950,1.0468,0.9853,1.0552,1.1165,1.3662,1.2414,1.2360,1.6907,1.1470,1.2409,1.2454,1.2383,1.2402,1.2412
page_4,1.0708,1.1712,1.1955,1.3849,1.5146,1.3345,1.2354,1.2133,1.3301,1.4580,1.2582,1.1324,1.1529,1.2112,1.2263,1.2656,1.2192,1.0687,1.4619,1.4077,1.2495,1.0768,1.3285,1.2119,1.1443,1.0850,1.1016,1.4073,1.1327,1.1213,1.1172,1.1268,1.0764,1.0375,1.1928,1.1537,1.2846,1.0858,1.1624,1.1681,1.1845,1.0165,1.2989,1.3201,1.0167,1.1341,1.1906,1.1695,1.0558,1.0446,0.9856,1.0830,1.0639,0.9917,1.0320,0.9877,1.1821,1.0958,1.1192,1.2276,0.9671,0.9673,0.8652,1.5176,1.1773,1.1243,1.0263,1.2431,1.1874,1.2508,1.2562,1.1740,0.8894,0.7887,0.8577,0.0000,0.8540,0.9685,1.0253,1.2225,1.0931,1.0313,1.1412,1.1015,0.9187,0.9860,0.9776,1.2151,1.1931,1.0974,1.0482,1.3142,1.2580,1.0414,1.2757,1.1114,1.0659,1.2638,1.1010,0.9852,1.2229,0.9611,1.0597,1.1214,1.1309,1.2359,1.0165,1.2968,1.0318,0.8631,1.0846,0.9776,1.2981,1.1914,1.4786,1.3588,1.3286,1.6792,1.2533,1.4015,1.3015,1.3328,1.3200,1.2934
cable_1,0.8503,0.9675,1.1285,1.1626,1.1828,1.0705,1.1806,0.9649,1.1413,1.2029,1.0218,0.8275,0.8813,0.9895,1.0716,1.0334,0.9927,0.9614,1.1741,1.2896,1.0275,0.9816,1.0533,1.0887,0.8307,0.8277,0.8981,0.9907,0.8254,0.9101,0.9635,0.9285,0.9934,0.7696,1.1033,0.9977,1.1993,1.0164,0.9755,0.9908,0.9757,0.8975,1.0474,1.1401,0.8202,1.0612,1.1173,1.0144,0.9416,0.9488,0.8826,0.9676,0.8605,0.8993,0.8505,0.9379,0.8768,1.0941,0.8918,0.9920,0.8279,0.7662,0.7936,1.3979,0.9321,0.9428,0.9411,1.0740,1.0105,1.0969,1.1132,0.9989,0.9623,0.8943,0.8912,0.8540,0.0000,0.7997,0.7441,0.9375,0.8971,0.9864,0.9009,0.9616,0.8748,0.9305,0.7923,1.0092,1.0581,1.0005,0.9048,1.1447,1.1486,0.9061,1.1192,0.9141,0.8931,1.0868,1.0484,0.9445,1.1095,0.9061,0.9612,1.0312,0.9664,1.0404,0.9090,1.1621,0.9702,0.9582,0.9776,0.8657,1.0017,0.8729,1.2655,1.0651,1.0598,1.4969,0.9183,1.1645,1.0289,1.0116,1.0775,1.0250
cable_2,1.0493,1.0777,1.2997,1.4268,1.1416,1.0944,1.1225,0.9561,1.2246,1.2198,1.1112,1.0486,1.1124,1.0646,1.1235,1.0490,1.2511,1.2307,1.3692,1.2822,1.2955,1.1656,1.3298,1.2310,1.1629,1.0706,1.1784,1.2609,1.0755,1.1741,0.9789,1.2491,1.1546,0.9942,1.1509,1.1803,1.3002,1.2344,1.2369,1.2941,1.1373,1.2164,1.2098,1.3065,1.1404,1.3971,1.2131,1.0252,1.1936,1.2013,1.0792,1.0061,1.0269,1.1080,1.0886,1.1391,1.0462,1.0077,1.0899,0.9588,1.1279,0.9427,0.9922,1.3895,0.9907,1.1378,1.1827,1.1274,1.2485,1.2598,1.3151,1.0947,1.2161,0.9663,0.8912,0.9685,0.7997,0.0000,0.7611,0.7238,1.0988,1.2957,1.0937,1.1594,1.0218,0.9842,0.9782,1.2817,1.0191,0.9882,0.8559,1.1045,1.1113,1.0184,1.1600,1.0152,0.9785,1.1012,1.1813,1.1297,1.2537,1.1016,1.1792,1.2299,1.1616,1.2930,1.0200,1.2516,1.1750,1.0455,1.0743,1.0213,0.9747,0.9950,1.2524,1.2181,1.2742,1.4582,1.0288,1.2464,1.1663,1.0749,1.3051,1.1639
cable_3,1.0298,1.1167,1.2373,1.3162,1.2370,1.1247,1.0659,0.9510,1.1999,1.2109,1.0631,0.9707,1.0896,1.0880,1.1313,1.0219,1.2451,1.2196,1.4418,1.3437,1.2666,1.1481,1.3284,1.2590,1.0006,1.0435,1.1153,1.2162,0.9409,1.0345,0.9250,1.0990,1.1528,1.0262,1.0962,1.1453,1.3795,1.1889,1.1317,1.2981,1.1300,1.1545,1.2646,1.2701,1.0254,1.2768,1.2496,1.0461,1.2143,1.1513,1.0877,1.0365,0.9335,1.0412,1.0119,1.0827,1.0231,1.0594,1.0439,0.9794,1.0387,0.9445,0.9642,1.4561,0.9918,1.1062,1.0574,1.0920,1.1530,1.1819,1.3381,1.0917,1.1685,0.9722,0.9682,1.0253,0.7441,0.7611,0.0000,0.8112,1.0607,1.1671,1.0266,1.1566,0.9616,0.9140,0.8895,1.1434,0.9759,0.9511,0.9977,1.1093,1.2065,1.0869,1.2110,1.0197,1.0572,1.2109,1.2274,1.1053,1.1704,1.0866,1.1357,1.1812,1.0901,1.2540,0.9909,1.2101,1.0300,0.9359,1.0203,0.9554,0.9806,0.9836,1.2829,1.1909,1.2102,1.5687,1.0783,1.2696,1.1533,1.1905,1.2522,1.1554
cable_4,1.0387,1.1214,1.3001,1.3547,1.1149,1.0782,1.0636,1.0344,1.1194,1.0258,1.0447,1.0465,1.1379,1.1455,1.1346,0.9979,1.3534,1.3166,1.5226,1.4355,1.3111,1.2436,1.3655,1.2112,1.1310,1.1824,1.2982,1.3539,1.1000,1.2600,1.0743,1.2123,1.2959,1.0404,1.0564,1.2009,1.4465,1.3674,1.2608,1.3647,1.2280,1.3045,1.3413,1.4014,1.2128,1.4715,1.3214,1.0641,1.2580,1.3425,1.1956,1.0095,1.1513,1.2278,1.1069,1.3249,1.0573,1.1107,1.2174,0.8735,1.1949,1.0312,1.1547,1.4328,1.0591,1.1026,1.1317,1.1434,1.3558,1.2406,1.3421,1.1037,1.3571,1.1716,0.9731,1.2225,0.9375,0.7238,0.8112,0.0000,1.2112,1.2774,1.1976,1.2660,1.1455,1.0190,0.9712,1.2186,0.9396,1.0666,0.9763,0.9419,1.0852,1.0251,1.1411,1.0704,1.1497,1.2910,1.3184,1.2906,1.2710,1.2305,1.2234,1.2390,1.2189,1.3046,1.0706,1.2810,1.1974,1.0778,1.0548,1.0830,0.9707,1.0515,1.0896,1.2567,1.3164,1.5879,1.0730,1.3131,1.2114,1.1017,1.3452,1.2091
eggleston_1,0.8860,0.9897,1.1571,1.0571,1.1779,1.1904,1.2707,1.0517,1.1999,1.3193,1.0908,1.0522,0.9457,0.9898,1.1312,1.1449,1.0826,0.9913,1.1585,1.2645,1.0219,1.0826,1.1425,1.1155,1.0235,0.9923,0.9338,0.9948,0.9315,0.9833,1.0950,0.9140,1.1758,1.1006,1.1855,1.0663,1.1783,1.1420,1.1602,1.0363,0.8679,0.8952,1.0088,1.0680,0.9420,1.0939,1.1667,1.1515,0.9659,1.0135,1.1193,1.1907,0.9828,1.0769,1.0087,0.9295,0.9518,1.2107,0.8121,1.1788,0.8187,0.9057,0.9059,1.3031,1.0384,1.0647,1.0965,1.0758,0.8875,1.0272,0.9904,1.0444,0.9324,1.0873,1.1057,1.0931,0.8971,1.0988,1.0607,1.2112,0.0000,0.8640,0.9354,0.8629,0.9363,1.0629,0.9599,1.1105,1.0678,1.1274,1.1040,1.1719,1.2457,0.9907,1.2732,1.0367,1.0066,1.1024,1.0858,0.9697,1.0965,0.9151,0.9224,1.0047,1.0222,0.9685,0.9786,1.2433,0.9229,0.9962,1.0261,1.0737,1.1355,1.0237,1.2839,1.1396,1.0892,1.5107,0.9478,1.1015,0.9801,1.0590,1.1142,0.9704
eggleston_2,0.9320,0.9902,0.9956,1.2110,1.3058,1.3123,1.3324,1.1504,1.1640,1.3254,1.1122,1.0102,1.0971,1.0617,1.1092,1.0865,1.1743,1.0689,1.4113,1.4359,0.9907,1.0255,1.1981,1.0996,1.0122,1.0035,0.8623,1.2105,1.1007,1.0898,1.0297,1.0254,1.0616,1.0680,1.0242,1.1075,1.2755,1.1288,1.0965,1.0698,1.1035,0.7776,1.1394,1.1658,0.8987,1.0339,1.1347,1.1485,1.0091,0.9814,0.9737,1.0086,1.0385,1.0353,0.9429,0.9847,1.2076,1.3726,1.0005,1.2076,0.8247,0.9346,0.8835,1.4787,1.1116,1.0487,0.9907,1.0848,0.9036,1.0118,1.0451,1.0213,0.7997,1.0639,1.0706,1.0313,0.9864,1.2957,1.1671,1.2774,0.8640,0.0000,1.0480,0.8187,0.9945,1.0678,1.1276,1.0909,1.0648,1.1451,1.1484,1.1599,1.3002,1.0332,1.2727,1.1356,1.1757,1.1980,1.2331,1.0845,1.2236,0.9543,0.9937,1.1292,1.0439,1.1571,1.0068,1.2779,0.8980,0.9337,1.0633,0.8796,1.2812,0.9536,1.2143,1.0533,1.0139,1.6405,1.0099,1.1862,1.0558,1.1226,1.0046,1.0541
eggleston_3,0.9311,1.0859,1.3106,1.4116,1.3013,1.1638,1.2513,1.0423,1.2420,1.2657,1.0629,0.8402,0.9838,0.9530,1.1542,1.1229,1.1764,1.1272,1.3715,1.3840,1.1442,1.0836,1.2198,1.1146,1.1526,1.0549,1.0657,1.1862,1.0074,1.0285,1.0332,1.0497,1.1725,1.1268,1.2203,1.1791,1.3616,1.0648,1.1313,1.0659,0.8969,1.0514,1.1590,1.2785,1.0652,1.2036,1.1820,1.0149,1.1022,1.1459,1.1229,1.0956,1.0220,1.1408,1.0878,1.1526,0.9486,1.2912,0.9824,1.2297,1.0231,0.9321,0.9883,1.3662,1.0227,0.9900,0.9963,0.8468,1.0947,1.0589,1.1389,1.1127,1.1235,1.2096,1.1319,1.1412,0.9009,1.0937,1.0266,1.1976,0.9354,1.0480,0.0000,0.9744,1.0921,1.1807,1.1469,1.1680,1.2535,1.0971,1.1945,1.2681,1.2338,1.0006,1.2739,0.8810,0.9229,1.0295,1.1138,0.9941,1.1814,0.9990,1.0944,1.1552,1.1007,1.1243,0.9188,1.2864,0.9729,1.0610,0.9673,0.9564,1.0939,1.0204,1.2395,1.2438,1.2259,1.5668,0.9490,1.0747,0.9097,1.1198,1.2367,0.9043
eggleston_4,0.8830,0.8516,1.0576,1.1963,1.1837,1.1829,1.2713,1.1290,1.2177,1.3063,1.0805,0.9200,0.9964,0.9820,1.0558,1.1053,1.1302,0.9263,1.2602,1.2947,0.8579,1.0064,1.1329,1.0417,1.0643,0.9068,0.7866,1.0556,0.9607,0.9810,1.0716,0.9206,1.0816,0.9533,1.0547,1.0523,1.2712,1.1031,1.0930,1.0726,1.0131,0.8218,1.0886,1.1920,0.9334,1.0552,1.0063,1.0334,0.8846,1.0097,0.9631,1.1000,0.9501,1.0122,0.9223,0.8587,1.0442,1.2902,0.9162,1.2362,0.8129,0.9267,0.9006,1.3533,0.9581,1.0086,0.9795,1.0020,0.9139,1.0432,1.0440,0.9994,1.0782,1.2082,1.1453,1.1015,0.9616,1.1594,1.1566,1.2660,0.8629,0.8187,0.9744,0.0000,1.0050,1.1499,1.0976,1.0394,1.1202,1.1016,1.2155,1.2630,1.2307,0.9460,1.2003,1.0578,0.9286,1.0565,1.0889,0.9531,1.1310,0.8638,1.0183,1.0480,1.0854,1.0542,1.0262,1.3084,0.8829,0.9497,1.0068,0.9265,1.2928,1.0266,1.2137,1.0263,1.0541,1.5672,0.8688,1.2320,0.9563,0.9667,1.0812,0.9546
twain_1,0.9042,0.9316,1.1412,1.2079,1.2440,1.1644,1.1532,0.9708,1.1988,1.2408,1.0498,0.9144,1.0467,1.0870,1.0746,1.0416,1.0678,0.9537,1.2307,1.2298,1.0396,0.8552,1.1194,0.8507,1.0027,0.9489,0.9131,1.2514,0.9592,1.0356,0.9570,1.0422,0.9031,0.8991,1.1619,1.0797,1.1792,1.1479,1.0223,1.0345,1.1316,0.9742,1.1359,1.3232,1.0112,1.1453,1.0229,1.0468,0.9328,0.9162,0.8167,0.9139,0.9450,0.9196,0.8527,0.8572,1.0053,0.9699,0.8994,1.0459,0.8784,0.9143,0.8569,1.3411,0.9840,0.9497,0.9968,1.1124,0.9977,1.0775,1.0636,1.0364,0.9488,0.9934,0.9844,0.9187,0.8748,1.0218,0.9616,1.1455,0.9363,0.9945,1.0921,1.0050,0.0000,0.7210,0.8043,1.1110,0.9313,0.8854,0.8784,1.0253,1.1164,1.0121,1.1494,0.9844,0.9512,1.1302,1.0468,0.9469,1.0184,0.7506,0.8855,0.8969,0.9917,1.0664,0.8388,1.1734,0.9500,0.7341,1.0723,0.8573,1.1633,0.8238,1.2747,1.0255,1.0024,1.4543,0.9821,1.1392,1.0767,1.0825,1.0035,1.0679
twain_2,0.9823,1.0415,1.3429,1.2497,1.2315,1.2416,1.2392,0.9725,1.2943,1.1737,1.1361,1.0560,1.1050,1.1837,1.1979,1.1305,1.3121,1.2381,1.4708,1.5479,1.1760,1.1184,1.3219,1.1451,1.1777,1.0761,1.1655,1.4291,1.0127,1.0608,0.9181,1.1738,1.1173,1.0805,1.1969,1.2468,1.4478,1.3101,1.2089,1.2266,1.1748,1.1870,1.2617,1.3735,1.0853,1.3310,1.2320,1.0655,1.1673,1.2211,1.1149,0.9206,1.1301,1.0945,1.0677,1.1274,1.0891,1.1183,1.0891,0.9057,1.0131,0.9576,1.1173,1.5719,1.1605,1.1161,1.2011,1.2700,1.1734,1.2347,1.2526,1.2025,1.0596,0.9300,0.9029,0.9860,0.9305,0.9842,0.9140,1.0190,1.0629,1.0678,1.1807,1.1499,0.7210,0.0000,0.9030,1.2379,0.7994,0.8948,0.8609,0.8140,1.2318,1.0867,1.2526,1.1684,1.1469,1.1957,1.1994,1.1127,1.2042,0.9255,1.0599,1.1342,1.1510,1.2395,0.9685,1.3632,1.0776,0.9773,1.1802,1.0445,1.0296,0.9267,1.2459,1.1669,1.1481,1.6288,1.0657,1.2504,1.1601,1.1265,1.1598,1.1566
twain_3,0.8452,0.8694,1.1232,1.0950,1.1385,1.0810,1.0819,0.8860,1.0824,1.1266,1.0368,0.9589,0.9549,1.1737,1.0668,1.1468,1.0497,1.0229,1.1967,1.2606,1.0338,1.0423,1.0632,1.0561,0.8639,0.8859,1.0080,1.0416,0.8480,0.7852,1.0014,0.8961,1.0215,0.9068,1.0672,0.9909,1.1907,1.1374,1.0004,1.0360,0.8712,1.0412,1.0165,1.0265,1.0040,1.2774,1.1315,1.0735,0.8988,1.0624,0.9256,1.0114,0.8780,0.9129,0.9174,0.9185,0.8179,1.0128,0.9625,0.9459,0.9103,0.7943,0.9818,1.3213,0.9555,1.0130,1.0414,1.1341,1.1006,1.0996,1.1214,1.0063,1.0321,0.9138,1.0144,0.9776,0.7923,0.9782,0.8895,0.9712,0.9599,1.1276,1.1469,1.0976,0.8043,0.9030,0.0000,0.9974,0.9316,0.8477,0.9158,1.0430,1.1574,0.9509,1.1178,1.0798,0.9883,1.1770,1.0227,1.0284,0.9306,0.9285,0.9405,0.9646,0.9162,1.0187,0.8015,1.0992,1.0544,0.8787,1.0139,0.8738,1.0838,0.8877,1.1511,1.0429,1.0583,1.3263,1.0574,1.3240,1.1197,1.1709,1.0702,1.1142
twain_4,0.8933,0.9295,0.9978,0.9648,1.0869,1.1101,1.0187,0.9872,1.0027,1.0738,0.8466,0.9905,0.9408,1.0988,1.1817,1.1071,1.0282,0.9539,1.1005,1.4296,0.9606,0.9305,0.8517,1.0003,0.8206,0.8304,1.1024,0.9608,0.8824,0.9351,1.0543,0.7927,1.1982,0.9600,1.1473,0.9525,1.1886,1.1733,0.9300,0.9990,0.8584,0.9696,0.8766,0.9852,0.9863,1.2521,1.1866,1.0848,1.0476,1.0666,1.0917,1.1552,1.0173,1.1661,0.9721,1.0106,0.9222,1.4133,0.8927,1.2712,0.9737,0.9496,1.1258,1.4262,0.9664,1.0463,0.9527,1.1147,0.9660,1.0038,1.1159,1.0081,1.1795,1.2213,1.2125,1.2151,1.0092,1.2817,1.1434,1.2186,1.1105,1.0909,1.1680,1.0394,1.1110,1.2379,0.9974,0.0000,1.1646,1.1017,1.2447,1.1673,1.1959,1.0167,0.9636,1.2076,1.0647,1.1589,1.0572,1.0237,0.9797,1.0991,1.0421,1.0990,0.8646,0.8998,0.8722,1.2093,1.0573,1.0443,0.9787,0.9544,1.2487,1.0348,1.2237,0.9247,0.9550,1.5036,0.9438,1.2617,1.0008,1.0382,1.0013,0.9987
twain_letters_1,0.9432,1.0066,1.0881,1.1984,0.9817,0.9360,0.9575,0.7617,1.0096,0.9494,0.9337,1.0598,1.1192,1.0970,1.0526,0.9766,1.2889,1.3186,1.4582,1.4856,1.0839,1.0838,1.3398,1.1608,1.1383,1.1163,1.2161,1.2062,1.0779,1.1281,1.0519,1.1350,1.1082,1.0460,0.9671,1.1399,1.4891,1.2000,1.2133,1.2783,1.1527,1.1639,1.2382,1.2850,1.1734,1.3521,1.2747,1.0425,1.2123,1.2836,1.0626,0.9860,1.1962,1.1385,1.0381,1.1207,1.0034,1.0416,1.0389,0.8455,1.1738,0.9965,1.1632,1.5265,1.0794,1.1763,1.1624,1.0658,1.1261,0.9911,1.2344,0.9644,1.1283,1.1283,1.1057,1.1931,1.0581,1.0191,0.9759,0.9396,1.0678,1.0648,1.2535,1.1202,0.9313,0.7994,0.9316,1.1646,0.0000,0.8021,0.9316,0.6587,0.9729,0.9537,0.9562,1.1648,1.1570,1.1629,1.2028,1.1394,1.1828,1.0099,1.1044,1.1325,1.1001,1.1793,0.9733,1.2996,1.0895,0.9326,1.0500,0.8839,0.9482,0.9267,0.9860,1.1195,1.1507,1.4717,1.0062,1.2403,1.1249,1.0394,1.1667,1.1231
twain_letters_2,0.8735,0.9230,1.1355,1.2657,1.0591,1.0408,0.9390,0.8211,1.1200,1.0165,0.9503,1.0593,1.1466,1.1494,1.1713,1.1204,1.2304,1.1550,1.3651,1.5088,1.0193,1.0455,1.1945,1.0370,1.1109,1.0870,1.0583,1.2249,0.9871,0.9988,0.9123,1.0465,1.0648,1.0559,1.1295,1.1236,1.4516,1.1739,1.1441,1.1564,1.1053,1.1115,1.2474,1.2874,1.0611,1.2686,1.2192,1.0367,1.1495,1.0868,1.0120,0.9452,1.0821,1.0701,1.0202,1.0764,0.9272,1.0238,0.9877,0.9262,1.1027,0.8931,1.0773,1.5522,0.9681,1.2476,1.1877,1.1057,1.2036,1.1834,1.2728,1.0945,1.2037,1.0601,1.0826,1.0974,1.0005,0.9882,0.9511,1.0666,1.1274,1.1451,1.0971,1.1016,0.8854,0.8948,0.8477,1.1017,0.8021,0.0000,0.8374,0.8863,0.9436,0.9617,0.9602,1.0919,1.0465,1.1802,1.1765,1.1275,1.0972,1.0718,1.0806,1.0847,0.9192,1.1341,0.9144,1.3189,1.0668,0.9532,1.0470,0.9470,0.9884,0.8620,1.0639,1.1176,1.1342,1.6034,1.0095,1.2578,1.0754,1.0976,1.1745,1.0726
twain_letters_3,1.0435,1.1067,1.3802,1.4201,1.2626,1.2146,1.1587,1.0135,1.1903,1.2119,1.0852,1.0873,1.1916,1.0968,1.1573,1.0917,1.3266,1.3084,1.4948,1.5596,1.1899,1.0799,1.3402,1.0857,1.1469,1.1891,1.1983,1.3762,1.0531,1.1800,1.0021,1.2309,1.1902,1.1336,1.1748,1.3130,1.4972,1.2621,1.2550,1.2720,1.1903,1.2581,1.3726,1.3962,1.1738,1.3720,1.2374,1.0854,1.1564,1.2202,1.0958,0.9878,1.1127,1.0962,1.1143,1.1343,1.0918,0.9250,1.0260,0.9050,1.0614,0.9807,1.0447,1.5906,1.0297,1.1629,1.1979,1.1633,1.3370,1.2297,1.2796,1.1620,1.1833,0.9818,0.8342,1.0482,0.9048,0.8559,0.9977,0.9763,1.1040,1.1484,1.1945,1.2155,0.8784,0.8609,0.9158,1.2447,0.9316,0.8374,0.0000,0.9556,1.1961,1.0745,1.1968,1.0539,1.0473,1.1762,1.0869,1.0904,1.2017,1.0658,1.1204,1.1593,1.1434,1.2413,0.8998,1.3666,1.2043,1.0250,1.1102,1.0729,1.0152,1.0527,1.2670,1.2235,1.2460,1.5474,1.0605,1.1378,1.1107,1.1548,1.2626,1.1073
twain_letters_4,0.9407,1.0178,1.1775,1.2187,0.9355,0.9941,1.1085,0.9274,1.0714,0.8448,1.0012,1.1347,1.0935,1.1576,1.1079,1.0189,1.3312,1.4205,1.4971,1.5578,1.1448,1.1868,1.3065,1.1907,1.2423,1.1875,1.2246,1.2397,1.1088,1.1812,1.1168,1.2171,1.2430,1.1431,1.0473,1.2250,1.5213,1.3266,1.2994,1.3541,1.1961,1.3494,1.3320,1.3747,1.1831,1.5001,1.2613,1.0403,1.3157,1.3176,1.2143,0.9536,1.2329,1.2562,1.2441,1.2743,1.0703,1.0857,1.1146,0.8772,1.1705,1.0703,1.2183,1.5093,1.1265,1.2191,1.2824,1.1311,1.1778,1.1603,1.3130,1.0759,1.2417,1.2074,1.1417,1.3142,1.1447,1.1045,1.1093,0.9419,1.1719,1.1599,1.2681,1.2630,1.0253,0.8140,1.0430,1.1673,0.6587,0.8863,0.9556,0.0000,0.9787,0.9847,0.9350,1.1840,1.1826,1.2399,1.2838,1.2287,1.2353,1.0867,1.2104,1.1991,1.1068,1.1830,0.9951,1.2852,1.1702,1.0312,1.1438,1.0241,0.9742,0.9806,1.0248,1.1312,1.1661,1.6040,0.9685,1.1828,1.0875,1.0279,1.1873,1.0906
lee_1,1.0448,0.9308,1.1933,1.3800,0.9476,0.8837,0.9312,0.9402,1.0196,0.9056,0.8882,1.1386,1.1598,1.1782,1.2399,1.2005,1.3112,1.3031,1.5006,1.5689,1.1108,1.1456,1.2778,1.1450,1.2538,1.1998,1.2759,1.2467,1.1177,1.1914,1.1183,1.1382,1.2970,1.0877,1.0991,1.2089,1.5315,1.3170,1.3135,1.3295,1.1338,1.2260,1.3388,1.3714,1.1998,1.4274,1.3122,1.1065,1.3012,1.2783,1.2218,1.0364,1.1462,1.3449,1.2168,1.3004,1.0490,1.2045,1.1062,1.1116,1.2819,1.1207,1.2471,1.5466,0.9846,1.3172,1.2595,1.1409,1.2645,1.2761,1.4326,1.1350,1.3640,1.2315,1.1799,1.2580,1.1486,1.1113,1.2065,1.0852,1.2457,1.3002,1.2338,1.2307,1.1164,1.2318,1.1574,1.1959,0.9729,0.9436,1.1961,0.9787,0.0000,0.9130,0.8079,1.2091,1.1780,1.2615,1.2445,1.1955,1.3016,1.3228,1.2809,1.3222,1.1124,1.2071,1.0561,1.3558,1.1935,1.1015,1.1738,1.0088,1.0405,1.1629,1.0553,1.1262,1.1839,1.7078,1.0560,1.2504,1.1361,1.0567,1.2220,1.1380
lee_2,0.8023,0.7262,0.9092,1.2353,0.9762,1.0039,1.0516,0.9846,0.8242,0.9567,0.8827,0.8394,0.9815,0.9263,1.0041,1.0005,1.1291,1.0300,1.2740,1.2284,0.9629,1.0132,1.0407,1.0350,0.9588,0.9819,0.8674,1.1998,0.9581,0.8928,1.0149,0.9599,0.9504,0.9035,0.8551,0.8509,1.1240,1.0085,1.0727,1.0393,1.0144,0.9367,1.0624,1.1863,0.8393,1.1416,1.0364,0.9712,0.8926,0.9638,0.9012,0.9206,0.8264,0.9303,0.9149,0.9422,0.9991,1.1578,0.8617,1.0419,0.9068,0.7054,0.8686,1.2228,0.7506,0.9217,0.9862,0.7934,0.9490,0.9295,1.0670,0.8172,1.0300,0.9489,0.9447,1.0414,0.9061,1.0184,1.0869,1.0251,0.9907,1.0332,1.0006,0.9460,1.0121,1.0867,0.9509,1.0167,0.9537,0.9617,1.0745,0.9847,0.9130,0.0000,0.8838,0.9080,0.8497,1.1022,1.0083,0.9077,1.0240,0.9229,0.9526,1.0326,1.0156,1.0096,0.8559,1.1483,0.9244,1.0304,0.8577,0.8587,1.1081,1.0667,1.1723,1.0136,1.0503,1.5065,0.8710,1.1077,1.0240,0.9031,1.0677,1.0191
lee_3,0.8933,0.8891,1.0264,1.1507,0.7483,0.7814,0.9312,0.9144,0.8922,0.8630,0.7749,1.0642,1.0588,1.1485,1.1609,1.1218,1.2290,1.2557,1.3498,1.4983,1.0322,1.1832,1.1321,1.1924,1.0730,1.1138,1.1148,1.0169,1.0059,1.0574,1.1374,1.0247,1.2142,1.1065,1.0449,1.0600,1.4558,1.2730,1.1875,1.2458,1.0176,1.2126,1.2034,1.1325,1.1421,1.4407,1.2693,1.0438,1.1893,1.2441,1.1065,1.0803,1.1862,1.2549,1.1807,1.2399,0.9804,1.3166,1.0315,1.1301,1.1506,0.9980,1.1917,1.5136,0.9089,1.1839,1.1852,1.0853,1.0583,1.0690,1.3033,0.9731,1.3739,1.2883,1.2735,1.2757,1.1192,1.1600,1.2110,1.1411,1.2732,1.2727,1.2739,1.2003,1.1494,1.2526,1.1178,0.9636,0.9562,0.9602,1.1968,0.9350,0.8079,0.8838,0.0000,1.2303,1.0563,1.2044,1.1384,1.1432,1.0353,1.2142,1.2346,1.2438,0.9764,1.0958,0.9091,1.3175,1.1416,1.0928,1.0274,1.0119,1.1633,1.0815,0.9764,1.0053,1.0771,1.6547,0.9512,1.2706,1.0644,1.0158,1.1366,1.0669
lee_4,0.8858,0.9695,1.0756,1.3752,1.3014,1.2175,1.2398,1.0818,1.2165,1.3024,1.0351,0.9546,1.0098,0.9678,1.0236,0.9666,1.0614,0.9930,1.1177,1.1874,1.0642,0.9740,1.1300,1.0251,0.9842,1.0592,0.9709,1.2273,1.0603,1.0201,1.0468,1.0854,1.0835,1.0129,1.0843,0.9870,1.0752,1.0137,1.1357,1.1070,1.0709,0.9484,1.1079,1.1919,0.9727,1.1490,1.0661,1.1086,0.9871,1.0272,0.9910,1.1381,0.8367,0.9954,0.8811,0.9338,0.9074,1.0125,0.9464,1.1380,0.8788,0.7381,0.8358,1.0510,0.8649,0.8293,0.8223,0.7350,1.0437,1.0045,1.0441,1.0334,1.0277,1.0810,1.0086,1.1114,0.9141,1.0152,1.0197,1.0704,1.0367,1.1356,0.8810,1.0578,0.9844,1.1684,1.0798,1.2076,1.1648,1.0919,1.0539,1.1840,1.2091,0.9080,1.2303,0.0000,0.7697,0.9143,0.8897,0.9241,1.1276,0.8863,0.8773,1.0001,1.0258,1.0139,0.9259,1.0212,0.9658,0.9975,0.9846,1.0212,1.1046,1.0388,1.3039,1.2248,1.2179,1.3081,0.8925,1.0319,0.9239,1.0462,1.2397,0.9234
cabell_1,0.7520,0.8867,1.0762,1.3156,1.1633,1.1330,1.1921,1.0381,1.1272,1.2995,0.9858,0.8851,0.9177,0.9569,1.0480,1.0435,0.9578,0.9276,1.0461,1.0119,0.9879,0.9467,0.9493,1.0566,0.8861,0.9814,0.8370,1.1144,0.9228,0.9749,0.9321,0.9319,1.0731,0.9665,1.2054,0.9047,1.0200,0.8793,1.0218,0.9471,0.8778,0.8943,1.0056,1.0692,0.9882,1.1791,1.1550,1.0844,0.8513,0.9391,0.9366,1.1793,0.8369,0.9851,0.9110,0.9084,0.8020,1.0043,0.8715,1.2739,0.8267,0.7106,0.8218,1.0386,0.8267,0.8303,0.9112,0.8620,1.0176,0.9612,0.8858,0.9123,1.1074,1.0570,1.1047,1.0659,0.8931,0.9785,1.0572,1.1497,1.0066,1.1757,0.9229,0.9286,0.9512,1.1469,0.9883,1.0647,1.1570,1.0465,1.0473,1.1826,1.1780,0.8497,1.0563,0.7697,0.0000,0.6922,0.6899,0.6455,0.8604,0.8133,0.8295,0.9149,0.9652,0.8254,0.8043,0.9987,0.9349,0.8898,0.9259,0.9966,1.2488,1.0255,1.1989,1.1511,1.1752,1.2653,0.8536,1.1043,0.8739,1.0128,1.1865,0.8717
cabell_2,0.9163,1.0096,1.1554,1.4085,1.2949,1.3225,1.3103,1.0732,1.2246,1.3836,1.0108,1.0115,1.0484,1.0305,1.1219,1.1402,1.1838,1.1357,1.2558,1.3355,1.0484,0.9814,1.0994,1.1381,1.0524,1.1141,0.9907,1.1905,0.9957,1.0884,1.0376,1.0459,1.2136,1.0798,1.2775,1.1271,1.2496,1.1861,1.1553,1.1561,1.0011,1.0476,1.1773,1.2272,1.1249,1.3684,1.1936,1.1757,1.0511,1.1561,1.1481,1.3412,1.0866,1.2208,1.0551,1.1004,0.9538,1.2440,0.9650,1.4318,0.9863,0.9390,1.0453,1.2807,1.0493,1.0289,0.9695,0.9981,1.0597,0.9746,1.0820,1.0522,1.1080,1.1535,1.1892,1.2638,1.0868,1.1012,1.2109,1.2910,1.1024,1.1980,1.0295,1.0565,1.1302,1.1957,1.1770,1.1589,1.1629,1.1802,1.1762,1.2399,1.2615,1.1022,1.2044,0.9143,0.6922,0.0000,0.7572,0.6858,1.0270,0.9154,0.9081,0.9924,1.0879,0.9567,0.8477,1.1950,0.9744,1.0420,1.1250,1.1436,1.3259,1.1084,1.3095,1.2573,1.2936,1.5175,0.8630,1.2952,0.9065,1.0083,1.2950,0.9039
cabell_3,0.8570,0.9832,1.0806,1.2980,1.2373,1.2224,1.1730,1.0853,1.0883,1.3742,1.0124,1.0928,1.0480,1.1522,1.1512,1.1973,1.0455,0.9788,1.0863,1.1474,1.0300,0.9053,0.9064,0.9587,0.9759,1.0883,0.9493,1.2264,0.9483,0.9140,1.0270,0.9183,1.1125,1.0171,1.2429,0.9879,0.9868,1.0950,1.1002,1.0696,0.9553,0.9402,1.0438,1.0643,1.0460,1.2422,1.0794,1.2175,0.8391,0.9588,1.0244,1.2107,0.9109,1.0619,0.9609,0.9968,0.9010,1.0670,0.9569,1.3384,0.8747,0.8758,1.0185,1.0444,0.8555,0.9232,0.9071,0.9664,1.0821,1.0164,0.9022,0.9814,1.1589,1.1157,1.0871,1.1010,1.0484,1.1813,1.2274,1.3184,1.0858,1.2331,1.1138,1.0889,1.0468,1.1994,1.0227,1.0572,1.2028,1.1765,1.0869,1.2838,1.2445,1.0083,1.1384,0.8897,0.6899,0.7572,0.0000,0.5951,0.8393,0.8947,0.7799,0.8532,1.0522,0.8755,0.8246,0.9249,0.9447,0.9256,1.0820,1.1005,1.3193,1.1096,1.2274,1.1262,1.1319,1.2809,1.0248,1.2756,1.0377,1.1360,1.1458,1.0343
cabell_4,0.7976,0.8581,1.0427,1.2712,1.2762,1.2052,1.1683,1.0765,1.1785,1.3688,0.9328,0.9231,0.9894,1.0001,1.0652,1.0506,1.0224,0.8929,1.1590,1.1587,0.9478,0.8792,1.0012,0.9951,0.8694,0.9426,0.8397,1.1452,0.9548,0.9317,1.0136,0.9594,1.0145,0.9791,1.1710,0.9244,1.0411,1.0476,1.0578,1.0357,0.9635,0.8870,0.9709,1.1066,0.9525,1.1532,1.1053,1.0112,0.8320,0.9455,1.0808,1.1935,0.8359,0.8924,0.8683,0.8295,0.9304,1.1148,0.6987,1.2722,0.8574,0.7884,0.8573,1.0446,0.9511,0.8479,0.8746,0.9175,0.8859,0.8994,0.8307,0.9492,0.9245,0.9966,1.0050,0.9852,0.9445,1.1297,1.1053,1.2906,0.9697,1.0845,0.9941,0.9531,0.9469,1.1127,1.0284,1.0237,1.1394,1.1275,1.0904,1.2287,1.1955,0.9077,1.1432,0.9241,0.6455,0.6858,0.5951,0.0000,0.8934,0.7753,0.7719,0.8712,0.9814,0.8537,0.8068,1.0237,0.7853,0.8243,0.9412,0.9839,1.3075,1.0257,1.2682,1.1733,1.1904,1.3920,0.9663,1.2510,0.9987,1.0605,1.2013,0.9951
christian_1,0.8418,0.9109,1.0599,1.1201,1.2054,1.1953,1.0921,1.1116,1.0630,1.2785,0.9564,0.9916,1.0263,1.2022,1.1327,1.1606,1.0077,0.9809,1.0986,1.0994,1.0578,0.9379,0.8990,0.9366,0.8499,0.9780,0.8379,1.1446,0.8752,0.8964,0.9031,0.8320,1.1221,1.0317,1.2088,0.9363,1.0530,1.2751,1.0445,1.0682,0.9485,1.0695,0.9425,1.1289,1.0697,1.2497,1.1376,1.1679,0.9255,0.9746,1.0646,1.1499,0.9536,1.0006,0.9579,0.9625,0.8709,1.1802,0.9312,1.3092,0.8451,0.8867,0.9399,1.0266,0.8434,0.9429,0.9482,1.0513,0.9724,0.9412,0.8700,0.9151,1.1974,1.2558,1.3210,1.2229,1.1095,1.2537,1.1704,1.2710,1.0965,1.2236,1.1814,1.1310,1.0184,1.2042,0.9306,0.9797,1.1828,1.0972,1.2017,1.2353,1.3016,1.0240,1.0353,1.1276,0.8604,1.0270,0.8393,0.8934,0.0000,0.8460,0.9346,0.8710,0.9079,0.8302,0.8398,0.8587,1.0167,0.9127,0.9531,0.9468,1.2569,0.8710,1.0745,1.0355,1.0380,1.2500,0.9568,1.3106,0.9855,1.0950,1.0445,0.9830
christian_2,0.9116,0.9688,1.1027,1.2737,1.2623,1.1477,1.1257,1.0366,1.1664,1.2915,1.0574,0.8768,0.9252,1.0710,1.0760,0.9481,0.9307,0.8768,1.0778,1.1132,1.0047,0.9075,1.1154,0.9013,0.8798,0.8703,0.8667,1.2655,1.0203,0.9968,1.0077,1.0150,0.9013,0.8853,1.1096,0.8834,0.9575,1.0417,0.8915,0.9209,1.0648,0.9566,0.9792,1.1644,0.9823,1.0429,1.0349,1.0695,0.7748,0.8941,0.9028,0.9819,0.8557,0.7719,0.7612,0.7087,1.0451,1.0834,0.9439,1.2381,0.7235,0.7838,0.7754,1.0561,0.9490,0.7668,0.8329,1.0464,0.8956,0.8712,0.7913,0.9322,0.7861,1.1018,1.0633,0.9611,0.9061,1.1016,1.0866,1.2305,0.9151,0.9543,0.9990,0.8638,0.7506,0.9255,0.9285,1.0991,1.0099,1.0718,1.0658,1.0867,1.3228,0.9229,1.2142,0.8863,0.8133,0.9154,0.8947,0.7753,0.8460,0.0000,0.5292,0.4629,0.8440,0.8531,0.7884,0.9558,0.8091,0.7965,0.9796,0.8257,1.1905,0.8959,1.3017,1.0696,1.0636,1.2197,1.0325,1.2530,1.0584,1.1206,1.0807,1.0484
christian_3,0.9510,1.0095,1.0838,1.2941,1.2646,1.2212,1.1632,1.0874,1.1152,1.3175,1.0410,0.8477,0.8859,1.0397,1.0503,0.9792,0.9530,0.8820,1.1204,1.2241,0.9959,0.9490,1.0481,0.8021,0.9153,0.9437,0.8799,1.2751,1.0268,0.9976,1.0581,1.0431,0.9548,0.9118,1.1786,0.9672,1.0153,1.0430,0.9517,0.9658,1.0857,0.8666,1.0162,1.1677,0.9760,1.0946,1.1019,1.1545,0.8613,0.8882,0.8986,1.1361,0.7810,0.7969,0.7501,0.7987,1.0400,1.1463,0.9416,1.2423,0.7618,0.7576,0.8476,1.0660,0.9827,0.7975,0.8377,1.0508,1.0317,0.9201,0.8465,0.9593,0.8725,1.0478,1.0144,1.0597,0.9612,1.1792,1.1357,1.2234,0.9224,0.9937,1.0944,1.0183,0.8855,1.0599,0.9405,1.0421,1.1044,1.0806,1.1204,1.2104,1.2809,0.9526,1.2346,0.8773,0.8295,0.9081,0.7799,0.7719,0.9346,0.5292,0.0000,0.5278,0.9267,0.9643,0.9009,0.9658,0.8014,0.7598,0.9647,0.9314,1.1962,1.0582,1.3213,1.1716,1.1600,1.3596,1.0985,1.2089,1.1172,1.1808,1.1660,1.1073
christian_4,0.9572,1.0186,1.1573,1.2705,1.2640,1.2058,1.1723,1.1427,1.1794,1.2849,1.0956,0.9992,1.0052,1.1628,1.1142,1.0641,0.9599,0.9104,1.1376,1.1511,1.0540,1.0344,1.1080,0.8679,0.8755,0.9603,0.9071,1.2847,1.0916,1.0407,1.1723,0.9805,1.0415,0.9544,1.1622,0.9203,0.9897,1.1459,0.9296,1.0026,1.1015,1.0512,1.0159,1.1614,1.0298,1.1707,1.1389,1.1545,0.8933,0.9853,0.9701,1.2034,0.9087,0.9010,0.8694,0.8354,1.0772,1.0915,1.0625,1.2727,0.8047,0.8575,0.9186,1.0804,0.9737,0.8325,0.8630,1.1409,0.9857,0.9056,0.8159,0.9392,1.0273,1.1016,1.1550,1.1214,1.0312,1.2299,1.1812,1.2390,1.0047,1.1292,1.1552,1.0480,0.8969,1.1342,0.9646,1.0990,1.1325,1.0847,1.1593,1.1991,1.3222,1.0326,1.2438,1.0001,0.9149,0.9924,0.8532,0.8712,0.8710,0.4629,0.5278,0.0000,0.9242,0.9152,0.8437,0.9813,0.9083,0.8489,1.0885,0.9775,1.2038,1.0426,1.3227,1.1036,1.1050,1.3103,1.0769,1.3301,1.1048,1.1694,1.1056,1.0945
pollock_1,0.8159,0.7846,0.9732,1.0283,1.0517,0.9438,0.9128,0.9628,0.9658,1.0912,0.9135,0.9243,0.9706,1.0619,1.0955,0.9950,0.8965,0.9006,1.0223,1.1512,0.9448,0.9492,0.8753,0.9544,0.8127,0.8283,0.9732,0.9368,0.8702,0.8867,1.0027,0.8491,1.1215,0.9363,1.1321,0.9327,1.0748,1.1288,0.8806,0.9946,0.9381,0.9533,0.8576,0.9288,0.9695,1.1882,1.0698,1.0097,0.9557,1.0125,1.0016,1.0809,0.9228,0.9912,0.9669,0.9908,0.8958,1.1575,1.0052,1.1031,0.8942,0.7788,1.0634,1.1423,0.7788,0.9560,0.9842,1.1366,0.9033,0.9401,0.8344,0.8812,1.1179,1.2322,1.2362,1.1309,0.9664,1.1616,1.0901,1.2189,1.0222,1.0439,1.1007,1.0854,0.9917,1.1510,0.9162,0.8646,1.1001,0.9192,1.1434,1.1068,1.1124,1.0156,0.9764,1.0258,0.9652,1.0879,1.0522,0.9814,0.9079,0.8440,0.9267,0.9242,0.0000,0.8470,0.6825,0.9676,1.0161,0.9744,0.8602,0.8619,1.1156,0.8484,1.2149,1.0181,1.0397,1.2684,1.0442,1.3305,1.0532,1.1007,1.0624,1.0495
pollock_2,0.8601,0.8966,1.0186,1.1644,1.0760,1.0737,1.0837,1.0235,1.0036,1.2012,0.8798,0.9556,0.9712,1.0909,1.1748,1.0031,0.7128,0.8958,0.7847,1.0286,0.8741,0.9074,0.8400,0.9555,0.7215,0.8570,0.9612,1.0099,0.8985,0.9499,1.1017,0.7767,1.1183,0.9231,1.1296,0.7248,0.8577,1.0830,0.8970,0.9301,0.7936,0.8784,0.7323,0.8829,1.0282,1.1939,1.2055,1.1845,0.7543,0.8922,1.0007,1.1839,0.9732,0.9842,0.8951,0.8626,0.8644,1.2109,0.8601,1.2752,0.8135,0.8557,0.9775,1.0215,0.9223,0.8898,0.9356,1.0096,0.8404,0.9281,0.7668,0.9366,1.0743,1.3302,1.2935,1.2359,1.0404,1.2930,1.2540,1.3046,0.9685,1.1571,1.1243,1.0542,1.0664,1.2395,1.0187,0.8998,1.1793,1.1341,1.2413,1.1830,1.2071,1.0096,1.0958,1.0139,0.8254,0.9567,0.8755,0.8537,0.8302,0.8531,0.9643,0.9152,0.8470,0.0000,0.7818,0.8295,0.9799,0.9856,0.9785,0.9600,1.2912,0.9547,1.2444,1.0156,1.0462,1.1748,0.8919,1.2116,0.9512,0.9889,1.0716,0.9459
pollock_3,0.7112,0.7914,0.9629,1.0846,1.0924,1.0186,0.8678,0.8022,0.9473,1.1133,0.8321,0.8240,0.9462,0.9312,0.9733,0.9179,0.9626,0.9279,1.1178,1.1608,0.9125,0.8407,0.8941,0.8864,0.7451,0.8370,0.9479,0.9404,0.8411,0.8469,0.8796,0.8591,1.0540,0.9057,1.0712,0.9039,1.0602,1.0974,0.9212,0.9486,0.8388,0.9707,0.9131,1.0368,0.8838,1.1569,0.9881,0.8723,0.8646,0.9233,0.9509,0.9666,0.8426,0.9362,0.8915,0.8760,0.7353,0.9863,0.8973,1.0672,0.8725,0.7568,0.8784,1.1464,0.8013,0.8512,0.8736,0.8995,0.8829,0.8805,0.8582,0.8941,0.9578,1.0971,1.1199,1.0165,0.9090,1.0200,0.9909,1.0706,0.9786,1.0068,0.9188,1.0262,0.8388,0.9685,0.8015,0.8722,0.9733,0.9144,0.8998,0.9951,1.0561,0.8559,0.9091,0.9259,0.8043,0.8477,0.8246,0.8068,0.8398,0.7884,0.9009,0.8437,0.6825,0.7818,0.0000,1.0107,0.8651,0.8558,0.8725,0.9021,1.0888,0.8604,1.0658,1.0546,1.0838,1.2985,0.8332,1.1453,0.8710,0.9212,1.0788,0.8649
pollock_4,1.0357,1.1031,1.1664,1.2357,1.3203,1.2021,1.1855,1.2414,1.0912,1.4100,1.1014,1.1416,1.2912,1.2870,1.2454,1.2004,0.9251,1.0789,1.0400,0.7581,1.2039,1.1125,1.1040,1.1541,0.9420,1.1461,1.1004,1.2222,1.1544,1.0865,1.2438,1.0778,1.1574,1.1048,1.2090,0.8273,0.7818,1.2471,1.1189,1.2347,1.1509,1.1576,1.1109,1.1526,1.1951,1.3126,1.2893,1.2687,0.9864,1.1564,1.2209,1.3741,0.9945,1.0602,1.0121,1.1248,1.0761,0.9788,1.1664,1.3020,0.9939,1.0496,1.0818,0.6812,1.0312,0.9773,0.9664,1.1371,1.0936,1.1055,0.9104,1.0193,1.2303,1.3474,1.3639,1.2968,1.1621,1.2516,1.2101,1.2810,1.2433,1.2779,1.2864,1.3084,1.1734,1.3632,1.0992,1.2093,1.2996,1.3189,1.3666,1.2852,1.3558,1.1483,1.3175,1.0212,0.9987,1.1950,0.9249,1.0237,0.8587,0.9558,0.9658,0.9813,0.9676,0.8295,1.0107,0.0000,1.1493,1.0278,1.0743,1.1336,1.4140,1.1545,1.3516,1.2518,1.2705,0.9958,1.2095,1.3420,1.2765,1.2121,1.2831,1.2753
shsp_1,0.8600,0.9476,0.9797,1.2513,1.2261,1.1876,1.1014,0.9982,1.1663,1.2668,0.9816,0.8571,1.0228,1.0356,1.0721,0.9663,1.0639,0.8201,1.2942,1.2631,0.9775,0.9304,1.0895,0.9750,0.9770,0.9684,0.7822,1.2114,1.0573,1.0515,0.9493,0.9501,0.9391,0.9696,1.1103,0.9712,1.0958,0.9727,0.9678,0.9654,1.1125,0.8781,1.0882,1.1771,0.8501,0.9758,1.0692,1.0573,0.8511,0.8657,0.9163,1.0727,0.9201,0.8340,0.8722,0.7615,0.9873,1.2175,0.8942,1.1968,0.7964,0.8215,0.8858,1.2274,0.9700,0.8751,0.8761,1.0098,0.8983,0.9127,0.9735,1.0125,0.8860,1.0777,1.0421,1.0318,0.9702,1.1750,1.0300,1.1974,0.9229,0.8980,0.9729,0.8829,0.9500,1.0776,1.0544,1.0573,1.0895,1.0668,1.2043,1.1702,1.1935,0.9244,1.1416,0.9658,0.9349,0.9744,0.9447,0.7853,1.0167,0.8091,0.8014,0.9083,1.0161,0.9799,0.8651,1.1493,0.0000,0.7842,0.9434,0.7928,1.1891,0.9735,1.2505,1.0149,1.0004,1.4560,0.9749,1.1747,1.0823,1.0928,1.0027,1.0824
shsp_2,0.8466,0.9954,1.0245,1.2933,1.2204,1.1296,1.0117,0.9722,1.1568,1.2735,1.0348,0.8689,0.9827,1.0941,0.9956,0.9874,1.0460,0.8955,1.2216,1.1886,1.0238,0.8462,1.1486,0.8739,0.9315,0.8804,0.9265,1.2123,1.0158,0.9837,0.9787,1.0001,0.8930,0.9251,1.1162,0.9255,1.1507,0.9560,0.8950,0.9147,1.0013,0.9200,1.1228,1.1896,0.9889,1.0584,1.0182,1.0371,0.8685,0.9293,0.8741,0.9951,0.8518,0.8422,0.8102,0.8077,0.9874,1.0202,0.8606,1.0791,0.8376,0.8459,0.7947,1.1799,1.0227,0.8949,0.8355,0.9637,0.9661,0.9247,0.9726,0.9228,0.9373,1.0430,0.9950,0.8631,0.9582,1.0455,0.9359,1.0778,0.9962,0.9337,1.0610,0.9497,0.7341,0.9773,0.8787,1.0443,0.9326,0.9532,1.0250,1.0312,1.1015,1.0304,1.0928,0.9975,0.8898,1.0420,0.9256,0.8243,0.9127,0.7965,0.7598,0.8489,0.9744,0.9856,0.8558,1.0278,0.7842,0.0000,0.9101,0.7591,1.1907,0.9706,1.1262,1.0920,1.0806,1.4221,1.0514,1.2830,1.1380,1.1315,1.0875,1.1326
shsp_3,0.8601,0.9141,1.0649,1.2195,1.1108,1.0493,1.0015,1.0189,0.9301,1.1180,0.8531,0.8235,0.9979,0.9310,0.9442,0.9474,1.0930,1.0445,1.2493,1.2606,1.0975,1.0656,1.1795,1.0865,1.0351,1.0010,1.0785,1.0437,1.0093,1.0290,1.1028,0.9572,1.1055,0.9106,1.0761,1.0641,1.2241,1.0872,1.0560,1.1169,0.9782,1.0530,1.0070,1.1447,0.9855,1.2689,1.1305,0.9649,1.0397,1.0797,1.0941,1.1364,0.9747,0.9423,0.9659,1.0007,0.9955,1.2123,0.9181,1.1177,0.9306,0.8748,0.9799,1.1742,0.9066,0.7905,0.8721,0.8847,0.9730,0.8750,1.0317,0.8592,1.1632,1.1465,1.0468,1.0846,0.9776,1.0743,1.0203,1.0548,1.0261,1.0633,0.9673,1.0068,1.0723,1.1802,1.0139,0.9787,1.0500,1.0470,1.1102,1.1438,1.1738,0.8577,1.0274,0.9846,0.9259,1.1250,1.0820,0.9412,0.9531,0.9796,0.9647,1.0885,0.8602,0.9785,0.8725,1.0743,0.9434,0.9101,0.0000,0.8339,1.1492,0.9602,1.0887,1.1051,1.1111,1.4433,0.9257,1.1197,0.9978,0.9996,1.1458,0.9948
shsp_4,0.8437,0.8485,0.8832,1.2141,0.9975,1.0129,0.9421,0.8493,1.0228,1.0245,0.8844,0.7730,0.9721,0.9487,1.0314,0.9910,0.9875,0.8925,1.2402,1.2513,0.9703,0.8727,1.0686,0.8493,0.9117,0.8233,0.8081,1.1468,1.0246,0.9388,0.9847,0.9292,0.7800,0.7666,0.9743,0.9541,1.1565,0.9133,0.7970,0.9161,0.9306,0.8562,0.9869,1.0676,0.9074,1.0336,1.0406,1.0625,0.8276,0.8319,0.7697,0.8391,0.8651,0.7954,0.7818,0.8387,1.0184,1.0772,0.9014,1.0362,0.8278,0.7599,0.8857,1.3262,0.9205,0.9116,0.8310,1.0071,0.9886,0.8983,0.9484,0.8484,0.9961,1.0582,0.9853,0.9776,0.8657,1.0213,0.9554,1.0830,1.0737,0.8796,0.9564,0.9265,0.8573,1.0445,0.8738,0.9544,0.8839,0.9470,1.0729,1.0241,1.0088,0.8587,1.0119,1.0212,0.9966,1.1436,1.1005,0.9839,0.9468,0.8257,0.9314,0.9775,0.8619,0.9600,0.9021,1.1336,0.7928,0.7591,0.8339,0.0000,1.0796,0.7579,1.1539,0.9068,0.9213,1.3782,0.9939,1.1045,1.0942,1.0609,0.9230,1.0941
poe_goldbug_1,1.1041,1.1289,1.3314,1.4137,1.0997,1.0027,1.0696,0.8748,1.1891,1.0463,1.0355,1.0357,1.0861,1.0836,1.1487,1.0343,1.2785,1.2484,1.4251,1.5401,1.2274,1.1132,1.2987,1.1171,1.1584,1.0667,1.3389,1.3487,1.1333,1.2149,1.0879,1.1353,1.2216,1.0646,1.1490,1.2435,1.6127,1.3548,1.0786,1.2322,1.0966,1.2244,1.1374,1.4054,1.1444,1.3629,1.3189,1.1083,1.3330,1.3105,1.2155,0.9985,1.1716,1.2086,1.1301,1.2056,1.1678,1.1306,1.1719,0.8144,1.2089,1.0968,1.3586,1.5467,1.0371,1.2241,1.2122,1.2202,1.2959,1.2445,1.2980,1.1497,1.4182,1.1471,1.0552,1.2981,1.0017,0.9747,0.9806,0.9707,1.1355,1.2812,1.0939,1.2928,1.1633,1.0296,1.0838,1.2487,0.9482,0.9884,1.0152,0.9742,1.0405,1.1081,1.1633,1.1046,1.2488,1.3259,1.3193,1.3075,1.2569,1.1905,1.1962,1.2038,1.1156,1.2912,1.0888,1.4140,1.1891,1.1907,1.1492,1.0796,0.0000,0.9074,1.0818,1.2324,1.2559,1.6100,1.0932,1.2889,1.1943,1.1680,1.2763,1.1988
poe_goldbug_2,0.7771,0.8701,1.0584,1.0770,1.1024,1.0649,0.9937,0.8053,1.1374,1.0536,0.8534,0.8612,0.9973,1.0456,0.9066,0.8877,1.0754,0.9802,1.1773,1.2789,0.9676,0.7947,1.0241,0.8693,0.8678,0.8101,0.8900,1.0879,0.9288,1.0228,0.8748,0.8606,1.0105,0.9193,1.1084,1.0559,1.2114,1.2334,0.9622,1.0708,0.9278,0.9149,0.9781,1.1542,0.8812,1.1552,1.0889,0.9574,0.9742,0.9212,1.0068,0.8902,1.0130,0.9593,0.8916,1.0118,0.9383,1.1717,0.9028,0.9949,0.8866,0.8715,1.0506,1.2694,0.8077,0.9497,0.9514,1.0426,0.9284,0.9328,0.9055,0.9739,1.1250,1.1676,1.1165,1.1914,0.8729,0.9950,0.9836,1.0515,1.0237,0.9536,1.0204,1.0266,0.8238,0.9267,0.8877,1.0348,0.9267,0.8620,1.0527,0.9806,1.1629,1.0667,1.0815,1.0388,1.0255,1.1084,1.1096,1.0257,0.8710,0.8959,1.0582,1.0426,0.8484,0.9547,0.8604,1.1545,0.9735,0.9706,0.9602,0.7579,0.9074,0.0000,0.9787,0.9101,0.9294,1.4311,0.8194,1.1210,0.9659,0.8889,0.9217,0.9628
poe_letters_1,0.9682,1.0522,1.1835,1.3409,0.9925,0.9793,1.0472,1.0202,1.0861,1.1259,1.0637,1.0958,1.1853,1.2090,1.1120,1.1632,1.4545,1.3607,1.5176,1.4404,1.2303,1.2478,1.3209,1.1200,1.1461,1.1721,1.2229,1.1668,1.1208,1.1952,0.9723,1.1249,1.3690,1.1981,1.0699,1.2764,1.5135,1.4228,1.3894,1.4048,1.0576,1.2508,1.2920,1.2497,1.2614,1.4704,1.2992,0.9060,1.3730,1.4191,1.2896,1.0934,1.2663,1.4054,1.2716,1.4043,1.0324,1.2063,1.1550,1.1776,1.2237,1.0988,1.2253,1.4424,0.9970,1.2056,1.1559,1.0538,1.1991,1.1469,1.2798,1.0220,1.4795,1.4973,1.3662,1.4786,1.2655,1.2524,1.2829,1.0896,1.2839,1.2143,1.2395,1.2137,1.2747,1.2459,1.1511,1.2237,0.9860,1.0639,1.2670,1.0248,1.0553,1.1723,0.9764,1.3039,1.1989,1.3095,1.2274,1.2682,1.0745,1.3017,1.3213,1.3227,1.2149,1.2444,1.0658,1.3516,1.2505,1.1262,1.0887,1.1539,1.0818,0.9787,0.0000,1.1944,1.2256,1.6600,0.9124,1.3220,1.0708,0.9695,1.2594,1.0702
beale_letters,0.9233,0.8120,0.9488,1.0597,1.0369,1.1455,1.1308,0.9405,0.8986,1.0193,0.8674,0.9874,1.1163,1.1127,1.1345,1.1944,1.1714,1.0145,1.2743,1.4052,0.9316,0.9654,1.1031,0.9879,1.0773,1.0091,0.9385,1.1056,0.9768,1.0143,1.0752,0.9090,1.1870,0.9679,1.0310,1.1028,1.2925,1.2053,1.1599,1.1157,1.0082,0.9937,1.0521,1.0904,0.9432,1.2641,1.0325,1.0690,1.0251,0.9839,1.0019,1.0432,1.0517,1.0785,1.0122,0.9740,1.0569,1.4404,0.9874,1.1922,1.0011,1.0198,1.1817,1.4949,0.8863,1.0815,1.1059,1.1414,0.8886,1.0273,1.0476,0.9645,1.2755,1.2794,1.2414,1.3588,1.0651,1.2181,1.1909,1.2567,1.1396,1.0533,1.2438,1.0263,1.0255,1.1669,1.0429,0.9247,1.1195,1.1176,1.2235,1.1312,1.1262,1.0136,1.0053,1.2248,1.1511,1.2573,1.1262,1.1733,1.0355,1.0696,1.1716,1.1036,1.0181,1.0156,1.0546,1.2518,1.0149,1.0920,1.1051,0.9068,1.2324,0.9101,1.1944,0.0000,0.2355,1.5233,0.7740,1.0440,0.9412,0.9071,0.3104,0.9419
beale_letter1,0.9532,0.8332,0.9710,1.0905,1.0995,1.2271,1.2062,0.9756,1.0051,1.0986,0.9356,0.9884,1.1129,1.1622,1.1459,1.2171,1.1863,0.9742,1.2966,1.4160,0.9666,0.9653,1.1369,1.0208,1.0844,1.0239,0.9346,1.1308,0.9939,1.0217,1.0424,0.9541,1.1805,0.9765,1.0940,1.1505,1.2931,1.1786,1.1842,1.0867,1.0148,0.9615,1.0868,1.1121,0.9004,1.2004,1.0260,1.0836,1.0456,0.9916,1.0468,1.0501,1.0615,1.0442,1.0028,0.9754,1.0914,1.4587,0.9834,1.2284,0.9966,1.0286,1.1757,1.4977,0.9534,1.0538,1.1043,1.1503,0.9258,1.0139,1.0273,0.9864,1.2301,1.2423,1.2360,1.3286,1.0598,1.2742,1.2102,1.3164,1.0892,1.0139,1.2259,1.0541,1.0024,1.1481,1.0583,0.9550,1.1507,1.1342,1.2460,1.1661,1.1839,1.0503,1.0771,1.2179,1.1752,1.2936,1.1319,1.1904,1.0380,1.0636,1.1600,1.1050,1.0397,1.0462,1.0838,1.2705,1.0004,1.0806,1.1111,0.9213,1.2559,0.9294,1.2256,0.2355,0.0000,1.5339,0.8336,1.0356,0.9377,0.9637,0.1306,0.9417
beale_b2,1.3368,1.3582,1.4157,1.6280,1.6118,1.5226,1.5665,1.5439,1.4327,1.6430,1.4865,1.4738,1.5107,1.5864,1.4733,1.5344,1.2881,1.3552,1.2203,0.9926,1.4181,1.4619,1.3456,1.4346,1.3212,1.4263,1.4695,1.5490,1.4981,1.4198,1.6060,1.4244,1.4442,1.3851,1.4846,1.1929,1.1224,1.5551,1.3600,1.4200,1.4587,1.4628,1.2637,1.4284,1.5630,1.6551,1.5911,1.5470,1.1591,1.3444,1.4365,1.6187,1.2955,1.2878,1.4121,1.3412,1.2980,1.2680,1.4879,1.5492,1.2933,1.2521,1.4175,0.8978,1.3081,1.2620,1.4277,1.4635,1.4015,1.3294,1.1901,1.2386,1.4896,1.7089,1.6907,1.6792,1.4969,1.4582,1.5687,1.5879,1.5107,1.6405,1.5668,1.5672,1.4543,1.6288,1.3263,1.5036,1.4717,1.6034,1.5474,1.6040,1.7078,1.5065,1.6547,1.3081,1.2653,1.5175,1.2809,1.3920,1.2500,1.2197,1.3596,1.3103,1.2684,1.1748,1.2985,0.9958,1.4560,1.4221,1.4433,1.3782,1.6100,1.4311,1.6600,1.5233,1.5339,0.0000,1.5312,1.5973,1.5946,1.4949,1.5365,1.5916
narrative,0.7480,0.7577,1.0150,1.0854,0.9408,0.9919,1.1104,0.9334,0.9156,1.0605,0.8049,0.8566,0.9011,0.8417,0.9053,0.8995,1.1448,1.0938,1.2412,1.4126,0.9119,0.9226,1.0610,0.9641,0.9280,0.9185,0.8805,0.9112,0.8639,0.9810,0.8334,0.8558,1.2088,0.9248,0.9369,1.0325,1.3034,1.1754,1.1761,1.1222,0.8868,0.9799,1.0444,1.0292,0.8970,1.2869,1.0094,0.8466,1.0597,1.1260,1.0260,1.0558,1.0038,1.1712,1.0324,1.0764,0.8491,1.2435,0.8857,1.1263,0.9206,0.7723,0.9537,1.3896,0.7266,0.9829,0.9635,0.8549,0.7576,0.8834,1.0374,0.9092,1.1727,1.1844,1.1470,1.2533,0.9183,1.0288,1.0783,1.0730,0.9478,1.0099,0.9490,0.8688,0.9821,1.0657,1.0574,0.9438,1.0062,1.0095,1.0605,0.9685,1.0560,0.8710,0.9512,0.8925,0.8536,0.8630,1.0248,0.9663,0.9568,1.0325,1.0985,1.0769,1.0442,0.8919,0.8332,1.2095,0.9749,1.0514,0.9257,0.9939,1.0932,0.8194,0.9124,0.7740,0.8336,1.5312,0.0000,0.8761,0.4296,0.4318,0.8705,0.4290
morriss,1.0237,1.1195,1.1994,1.4659,1.2608,1.2910,1.2930,1.0821,1.1536,1.2726,1.0297,1.0040,1.1949,1.0891,1.1766,1.1010,1.2721,1.2630,1.4588,1.5140,1.1470,1.1529,1.3304,1.2015,1.2821,1.1559,1.0636,1.2781,1.1683,1.2154,1.0867,1.1755,1.3370,1.2122,1.2258,1.3249,1.4231,1.1784,1.3380,1.3187,1.1867,1.2125,1.2945,1.3345,1.1395,1.4261,1.2348,1.1839,1.1968,1.2152,1.1951,1.1476,1.1394,1.1608,1.1455,1.2281,1.0844,1.2920,1.0638,1.3647,1.1102,1.0295,1.0810,1.4876,1.1607,1.1974,1.2058,1.1217,1.1391,1.1625,1.2651,1.2091,1.2486,1.2850,1.2409,1.4015,1.1645,1.2464,1.2696,1.3131,1.1015,1.1862,1.0747,1.2320,1.1392,1.2504,1.3240,1.2617,1.2403,1.2578,1.1378,1.1828,1.2504,1.1077,1.2706,1.0319,1.1043,1.2952,1.2756,1.2510,1.3106,1.2530,1.2089,1.3301,1.3305,1.2116,1.1453,1.3420,1.1747,1.2830,1.1197,1.1045,1.2889,1.1210,1.3220,1.0440,1.0356,1.5973,0.8761,0.0000,0.9413,0.9904,1.0422,0.9440
narrative_A,0.8481,0.8212,1.1714,1.2075,1.0771,1.0962,1.2183,1.0475,1.0568,1.1536,0.9240,0.9223,0.8819,0.9596,0.9544,0.9596,1.2164,1.1643,1.3008,1.4671,0.9290,1.0736,1.1994,1.0672,1.0354,0.9816,0.9611,0.9733,0.8815,1.0755,0.9201,0.9305,1.2970,1.0443,1.0830,1.1824,1.3756,1.2357,1.2358,1.1359,0.9243,1.0720,1.1243,1.0734,1.0362,1.3314,1.0761,0.9788,1.1944,1.1992,1.1215,1.1245,1.0837,1.1950,1.0721,1.1133,0.8818,1.2918,0.9733,1.2101,0.9396,0.8752,1.0201,1.4198,0.9104,1.0649,1.0513,0.8774,0.8915,1.0159,1.0748,1.0550,1.2207,1.2676,1.2454,1.3015,1.0289,1.1663,1.1533,1.2114,0.9801,1.0558,0.9097,0.9563,1.0767,1.1601,1.1197,1.0008,1.1249,1.0754,1.1107,1.0875,1.1361,1.0240,1.0644,0.9239,0.8739,0.9065,1.0377,0.9987,0.9855,1.0584,1.1172,1.1048,1.0532,0.9512,0.8710,1.2765,1.0823,1.1380,0.9978,1.0942,1.1943,0.9659,1.0708,0.9412,0.9377,1.5946,0.4296,0.9413,0.0000,0.8615,0.9579,0.0216
narrative_B,0.8572,0.8741,1.0768,1.0954,0.9753,1.0534,1.1202,0.9916,0.9378,1.1236,0.8489,0.9876,1.0961,0.9185,1.0023,0.9614,1.1947,1.1519,1.2769,1.4005,1.0713,0.9362,1.1024,1.0599,1.0060,1.0656,1.0142,0.9754,1.0461,1.1045,0.9591,0.9935,1.3006,1.0008,0.9904,1.0633,1.3322,1.3024,1.2723,1.2953,0.9967,1.0853,1.1161,1.1147,0.9397,1.3294,1.1333,0.9248,1.1193,1.2197,1.1422,1.1577,1.1111,1.2427,1.1622,1.1606,0.9870,1.3011,0.9872,1.2064,1.0353,0.9229,1.0513,1.4317,0.8018,1.0446,1.0469,0.9718,0.8312,0.9148,1.0870,0.9272,1.2579,1.2859,1.2383,1.3328,1.0116,1.0749,1.1905,1.1017,1.0590,1.1226,1.1198,0.9667,1.0825,1.1265,1.1709,1.0382,1.0394,1.0976,1.1548,1.0279,1.0567,0.9031,1.0158,1.0462,1.0128,1.0083,1.1360,1.0605,1.0950,1.1206,1.1808,1.1694,1.1007,0.9889,0.9212,1.2121,1.0928,1.1315,0.9996,1.0609,1.1680,0.8889,0.9695,0.9071,0.9637,1.4949,0.4318,0.9904,0.8615,0.0000,0.9981,0.8608
beale_letters_2000,0.9894,0.8418,0.9914,1.1358,1.1623,1.2796,1.2651,1.0220,1.0552,1.1432,0.9771,0.9924,1.1390,1.1793,1.1425,1.2308,1.1975,0.9943,1.3354,1.4228,0.9968,0.9794,1.1413,1.0267,1.0800,1.0508,0.9227,1.1718,1.0424,1.0516,1.0629,0.9940,1.1968,0.9830,1.1284,1.1819,1.3003,1.1909,1.2028,1.1067,1.0340,0.9698,1.1141,1.1587,0.9141,1.1933,1.0234,1.1142,1.0456,0.9957,1.0646,1.0591,1.0710,1.0354,0.9898,0.9814,1.1177,1.4680,1.0211,1.2420,1.0077,1.0289,1.1629,1.5054,0.9870,1.0590,1.1129,1.1744,0.9589,1.0260,1.0390,1.0285,1.2237,1.2356,1.2402,1.3200,1.0775,1.3051,1.2522,1.3452,1.1142,1.0046,1.2367,1.0812,1.0035,1.1598,1.0702,1.0013,1.1667,1.1745,1.2626,1.1873,1.2220,1.0677,1.1366,1.2397,1.1865,1.2950,1.1458,1.2013,1.0445,1.0807,1.1660,1.1056,1.0624,1.0716,1.0788,1.2831,1.0027,1.0875,1.1458,0.9230,1.2763,0.9217,1.2594,0.3104,0.1306,1.5365,0.8705,1.0422,0.9579,0.9981,0.0000,0.9571
narrative_2000,0.8483,0.8166,1.1746,1.2044,1.0814,1.0979,1.2202,1.0510,1.0510,1.1493,0.9183,0.9226,0.8793,0.9577,0.9524,0.9566,1.2179,1.1655,1.2945,1.4655,0.9300,1.0694,1.1897,1.0581,1.0328,0.9796,0.9596,0.9736,0.8768,1.0724,0.9220,0.9274,1.2976,1.0466,1.0865,1.1821,1.3742,1.2386,1.2337,1.1370,0.9209,1.0733,1.1201,1.0727,1.0368,1.3332,1.0702,0.9797,1.1855,1.1968,1.1176,1.1204,1.0810,1.1870,1.0673,1.1076,0.8823,1.2915,0.9710,1.2068,0.9292,0.8711,1.0076,1.4171,0.9106,1.0586,1.0464,0.8788,0.8939,1.0121,1.0696,1.0558,1.2126,1.2630,1.2412,1.2934,1.0250,1.1639,1.1554,1.2091,0.9704,1.0541,0.9043,0.9546,1.0679,1.1566,1.1142,0.9987,1.1231,1.0726,1.1073,1.0906,1.1380,1.0191,1.0669,0.9234,0.8717,0.9039,1.0343,0.9951,0.9830,1.0484,1.1073,1.0945,1.0495,0.9459,0.8649,1.2753,1.0824,1.1326,0.9948,1.0941,1.1988,0.9628,1.0702,0.9419,0.9417,1.5916,0.4290,0.9440,0.0216,0.8608,0.9571,0.0000
