,jefferson_1,jefferson_2,jefferson_3,jefferson_4,randolph_1,randolph_2,randolph_3,randolph_4,jackson_1,jackson_2,jackson_3,jackson_4,jqadams_1,jqadams_2,jqadams_3,jqadams_4,ejames_1,ejames_2,ejames_3,ejames_4,flint_1,flint_2,flint_3,flint_4,hall_1,hall_2,hall_3,hall_4,paulding_1,paulding_2,paulding_3,paulding_4,pike_1,pike_2,pike_3,pike_4,biddle_1,biddle_2,biddle_3,biddle_4,gregg_1,gregg_2,gregg_3,gregg_4,pattie_1,pattie_2,pattie_3,pattie_4,tjames_1,tjames_2,tjames_3,tjames_4,irving_1,irving_2,irving_3,irving_4,bagby_1,bagby_2,bagby_3,bagby_4,cooke_1,cooke_2,cooke_3,cooke_4,cooke_lee_1,cooke_lee_2,cooke_lee_3,cooke_lee_4,davis_1,davis_2,davis_3,davis_4,page_1,page_2,page_3,page_4,cable_1,cable_2,cable_3,cable_4,eggleston_1,eggleston_2,eggleston_3,eggleston_4,twain_1,twain_2,twain_3,twain_4,twain_letters_1,twain_letters_2,twain_letters_3,twain_letters_4,lee_1,lee_2,lee_3,lee_4,cabell_1,cabell_2,cabell_3,cabell_4,christian_1,christian_2,christian_3,christian_4,pollock_1,pollock_2,pollock_3,pollock_4,shsp_1,shsp_2,shsp_3,shsp_4,poe_goldbug_1,poe_goldbug_2,poe_letters_1,beale_letters,beale_letter1,beale_b2,narrative,morriss,narrative_A,narrative_B,beale_letters_2000,narrative_2000
jefferson_1,0.0000,0.6617,0.7512,0.8984,0.8148,0.8411,0.8994,0.7850,0.7845,0.8050,0.7637,0.7760,0.7206,0.7539,0.7520,0.8085,0.8569,0.8739,0.9471,0.9153,0.7640,0.7924,0.8098,0.8126,0.7767,0.7978,0.8188,0.7654,0.6948,0.7658,0.8093,0.7286,0.9952,0.9219,0.7853,0.8636,0.9237,0.9384,0.9747,0.8673,0.7680,0.8081,0.8298,0.8007,0.7877,0.9415,0.7736,0.7792,0.8688,0.8650,0.8520,0.7995,0.7806,0.8353,0.8862,0.9155,0.7283,0.7663,0.7476,0.8476,0.7015,0.7628,0.8878,0.9272,0.7441,0.9162,0.9065,0.7890,0.7596,0.7884,0.8515,0.7803,0.8265,0.8574,0.8741,0.9447,0.7537,0.8732,0.8350,0.8265,0.7719,0.8209,0.7555,0.7952,0.8123,0.8243,0.8130,0.7615,0.7812,0.7651,0.8390,0.7634,0.8376,0.7654,0.7661,0.7625,0.8031,0.7745,0.8274,0.7887,0.8747,0.8667,0.9006,0.9240,0.8370,0.7807,0.7904,1.1116,0.7913,0.8708,0.8364,0.8496,0.8108,0.8068,0.8274,0.8026,0.8067,1.2066,0.7540,0.9249,0.8157,0.8274,0.8201,0.8158
jefferson_2,0.6617,0.0000,0.6696,0.8334,0.8716,0.8895,0.9479,0.8095,0.7314,0.8007,0.7275,0.8016,0.6651,0.6884,0.6761,0.8210,0.7903,0.8373,0.9311,0.8953,0.7913,0.8072,0.7878,0.8184,0.7437,0.7189,0.7691,0.7413,0.7971,0.7795,0.8392,0.7791,0.9184,0.8991,0.7158,0.8030,0.8901,0.9244,0.9363,0.9105,0.7430,0.8207,0.8265,0.7273,0.7694,0.9476,0.7657,0.8046,0.8282,0.8739,0.8566,0.7886,0.7691,0.8553,0.8989,0.8832,0.7794,0.7944,0.8069,0.9081,0.7546,0.7270,0.8597,0.8713,0.7372,0.9183,0.8659,0.7795,0.6995,0.7447,0.7399,0.7124,0.8600,0.8931,0.9205,0.9855,0.8076,0.9282,0.9007,0.8497,0.8103,0.8402,0.7843,0.7588,0.8845,0.9043,0.8302,0.7850,0.8159,0.8381,0.8839,0.8527,0.8066,0.6976,0.7581,0.8033,0.8282,0.7837,0.8561,0.7951,0.8766,0.8766,0.8983,0.9155,0.7347,0.7353,0.7551,1.0970,0.7819,0.8422,0.8004,0.8210,0.8490,0.8423,0.8292,0.7493,0.7578,1.1267,0.7572,0.9642,0.7958,0.8094,0.7675,0.7922
jefferson_3,0.7512,0.6696,0.0000,0.8336,0.9248,0.9780,0.9903,0.8903,0.8309,0.9127,0.7726,0.8639,0.7920,0.7354,0.7222,0.8259,0.8210,0.8789,0.9493,0.9540,0.8220,0.8145,0.8507,0.9017,0.7609,0.8058,0.8208,0.8217,0.8312,0.8043,0.8747,0.8048,0.9926,0.9222,0.7913,0.8732,0.8996,0.9614,0.9201,0.8774,0.7968,0.8087,0.8555,0.8074,0.8319,0.9330,0.8569,0.8450,0.8362,0.8822,0.8827,0.8793,0.8023,0.8658,0.9065,0.9095,0.8369,0.8539,0.8439,0.9383,0.7660,0.8150,0.9334,0.9751,0.8187,0.9542,0.9052,0.8831,0.7237,0.7801,0.7747,0.7492,0.9067,1.0175,1.0055,1.0279,0.8724,1.0370,0.9346,0.9156,0.8632,0.8157,0.8476,0.8313,0.9651,0.9717,0.8901,0.7980,0.8551,0.8887,0.9931,0.9052,0.8921,0.8306,0.8302,0.8679,0.8498,0.8926,0.9163,0.8885,0.9436,0.9259,0.9696,0.9607,0.8449,0.8119,0.8336,1.1887,0.8270,0.9310,0.9041,0.8592,0.9047,0.9029,0.9147,0.7717,0.7570,1.2116,0.7591,0.9800,0.8496,0.8046,0.7735,0.8476
jefferson_4,0.8984,0.8334,0.8336,0.0000,1.0099,1.0412,1.1502,0.9607,0.8841,0.9743,0.9072,0.9452,0.8797,0.8368,0.8594,0.9359,0.9390,1.0086,1.0162,1.0419,0.9274,1.0054,0.9297,1.0202,0.8551,0.9386,0.9574,0.7680,0.8682,0.8378,0.9574,0.9068,1.1579,1.0721,0.9235,0.9219,0.9851,1.1171,1.0586,1.0355,0.8481,0.9611,0.8853,0.8802,0.9628,1.1143,0.9708,0.9246,1.0358,0.9905,1.1054,0.9887,0.8904,1.0287,1.0504,1.0398,0.8689,0.9126,0.9717,1.0501,0.8931,0.9168,1.0389,1.0258,0.9468,1.0434,1.0363,0.9965,0.7237,0.8988,0.8505,0.8318,1.0398,1.0595,1.0923,1.1785,0.9420,1.1090,1.0221,1.0149,0.9650,1.0067,0.9561,0.9394,1.0472,1.0342,0.9772,0.8209,0.9254,1.0174,1.0491,0.9532,1.0117,0.9816,0.9146,1.0030,1.0006,0.9970,1.0082,0.9923,1.0380,1.0997,1.0888,1.0825,0.9157,0.8968,0.9223,1.2285,0.9287,1.0438,0.9595,1.0211,0.9976,0.9829,1.0428,0.9161,0.9280,1.2347,0.8644,1.1593,0.9249,0.8754,0.9396,0.9244
randolph_1,0.8148,0.8716,0.9248,1.0099,0.0000,0.7362,0.7536,0.7663,0.8653,0.7749,0.8241,0.9447,0.8942,0.8825,0.8801,0.8969,0.9511,1.0020,1.0697,1.0276,0.9584,0.9930,0.9356,0.9579,0.8833,0.9246,0.9224,0.8372,0.8531,0.9172,0.8845,0.9022,1.1263,1.0074,0.8387,0.9565,1.0711,1.0787,1.0807,1.0070,0.8721,0.9853,0.9472,0.9135,0.9427,1.1023,0.9286,0.8982,0.9838,0.9852,1.0221,0.9277,0.9348,1.0043,1.0832,1.0485,0.8674,0.8471,0.9300,0.9584,0.8400,0.9138,1.0240,1.0687,0.9174,1.0629,1.0400,0.9272,0.9192,0.9682,1.0252,0.9158,0.9839,1.0309,1.0350,1.1011,0.9183,0.9614,0.9711,0.8639,0.9814,0.9334,0.9533,0.9758,1.0015,0.9886,0.9543,0.9176,0.8070,0.8134,0.9249,0.8003,0.7762,0.8674,0.7469,1.0242,0.9119,0.9565,0.9774,0.9370,0.9913,1.0276,1.0503,0.9903,0.9740,0.9206,0.9399,1.2387,0.9544,0.9671,0.9489,0.9588,0.8560,0.9656,0.8576,0.8627,0.8824,1.3016,0.8407,1.0454,0.9030,0.8780,0.9135,0.9010
randolph_2,0.8411,0.8895,0.9780,1.0412,0.7362,0.0000,0.7298,0.8305,0.7993,0.7661,0.7765,0.9849,0.8942,0.8631,0.8801,0.8637,0.9526,1.0066,1.0883,1.0539,0.9513,0.9784,0.9355,0.9110,0.9078,0.9256,0.9733,0.8772,0.8497,0.9176,0.9242,0.8602,1.0743,0.9857,0.8570,0.9532,1.0559,1.0238,1.0477,1.0047,0.8878,0.9952,0.9872,0.9390,0.9423,1.0487,0.9110,0.8636,0.9793,0.9639,0.9958,0.8923,0.9232,0.9731,1.0056,0.9952,0.9000,0.8467,0.9257,0.9228,0.8507,0.9015,0.9895,1.0488,0.8758,1.0603,1.0289,0.9278,0.9336,0.9327,1.0346,0.8669,0.9895,1.0075,0.9457,1.0519,0.8994,0.9638,0.9124,0.8702,1.0077,0.9655,0.9217,0.9604,0.9911,0.9599,0.9475,0.9226,0.7994,0.8451,0.8959,0.8191,0.8112,0.8497,0.7424,0.9846,0.9372,0.9946,0.9984,0.8977,1.0509,1.0285,1.0443,0.9861,0.9314,0.9552,0.9131,1.2319,0.9704,0.9219,0.9679,0.8809,0.7894,0.9329,0.8828,0.8599,0.8928,1.3098,0.8451,1.0238,0.9158,0.9072,0.9266,0.9135
randolph_3,0.8994,0.9479,0.9903,1.1502,0.7536,0.7298,0.0000,0.8354,0.8983,0.8428,0.8617,0.9719,0.9455,0.9524,0.9325,0.9290,0.9850,1.0356,1.1084,1.0497,1.0275,1.0030,1.0111,0.9896,0.9433,0.9487,1.0288,0.9850,0.8905,0.9830,0.9507,0.9368,1.0665,0.9629,0.9084,0.9953,1.0979,1.0906,1.0652,1.0716,0.9727,1.0409,1.0086,1.0096,0.9984,1.0935,0.9808,0.9467,0.9884,1.0147,1.0237,0.9310,0.9978,1.0164,1.0531,1.0565,0.8921,0.9043,0.9246,1.0058,0.8928,0.9634,1.0094,1.0797,0.9102,1.1166,1.0658,0.9870,0.9996,1.0052,1.0708,0.9767,0.9956,1.0686,1.0520,1.0449,0.9569,1.0138,1.0356,0.9274,1.0524,1.0263,0.9911,1.0349,1.0514,1.0468,0.9892,0.9707,0.8749,0.8858,0.9737,0.8561,0.8881,0.9231,0.8549,1.0667,1.0005,1.0279,1.0522,0.9721,1.0104,1.0016,1.0519,1.0046,0.9660,0.9856,0.9128,1.1791,0.9915,0.9014,1.0174,0.9113,0.8975,0.9834,0.9410,0.9283,0.9450,1.3549,0.9293,1.0801,0.9828,0.9820,0.9722,0.9807
randolph_4,0.7850,0.8095,0.8903,0.9607,0.7663,0.8305,0.8354,0.0000,0.8927,0.8028,0.8309,0.8529,0.8256,0.8124,0.8422,0.8680,0.8923,0.8899,1.0195,0.9950,0.8624,0.8925,0.8842,0.8891,0.8520,0.7871,0.9777,0.8294,0.7583,0.8319,0.8363,0.8291,0.9955,0.9426,0.8464,0.9078,1.0161,0.9655,0.9708,0.9237,0.8062,0.9227,0.8834,0.8580,0.8723,0.9724,0.8911,0.8368,0.9387,0.9182,0.9809,0.8417,0.8729,0.9206,0.9835,0.9417,0.7876,0.8120,0.7751,0.8762,0.8035,0.8248,0.9658,1.0255,0.8534,1.0345,1.0072,0.9028,0.8576,0.9508,0.9544,0.8956,0.9151,0.9417,0.9401,1.0347,0.8512,0.8850,0.8630,0.8383,0.9174,0.9612,0.8781,0.9132,0.8894,0.8595,0.8451,0.8167,0.7718,0.7860,0.7976,0.7710,0.7936,0.8688,0.8002,0.8958,0.8606,0.8813,0.8633,0.8450,0.9453,0.9448,0.9918,0.9924,0.8750,0.9153,0.8488,1.2364,0.8670,0.8735,0.8903,0.8432,0.8096,0.8727,0.9078,0.8672,0.8846,1.2488,0.8377,1.0535,0.8687,0.8950,0.9024,0.8696
jackson_1,0.7845,0.7314,0.8309,0.8841,0.8653,0.7993,0.8983,0.8927,0.0000,0.7601,0.6790,0.8670,0.7677,0.7364,0.8112,0.8352,0.8811,0.9525,1.0073,0.9585,0.8551,0.9119,0.8873,0.8698,0.8284,0.8712,0.8859,0.7929,0.8717,0.8677,0.9426,0.8578,1.0159,0.9275,0.7577,0.8732,0.9262,0.9924,1.0188,0.9672,0.8343,0.9110,0.8732,0.8496,0.9341,1.0238,0.8703,0.8702,0.8877,0.9122,0.9277,0.8661,0.8726,0.9912,0.9845,1.0153,0.8554,0.8531,0.8984,0.9739,0.8273,0.7986,0.9647,0.9032,0.8260,0.9642,0.9535,0.8299,0.7902,0.8059,0.8884,0.7395,0.9269,0.9955,0.9856,1.0796,0.8739,1.0065,0.9465,0.9190,0.9421,0.9356,0.8719,0.8926,0.9983,0.9796,0.9070,0.8533,0.8926,0.9015,0.9283,0.8826,0.8609,0.7966,0.7917,0.9866,0.9005,0.9173,0.9142,0.8637,0.9506,0.9617,0.9510,0.9669,0.8850,0.8184,0.8765,1.0486,0.9232,0.8981,0.8630,0.8756,0.9003,0.9491,0.9427,0.7928,0.8260,1.2036,0.8038,1.0066,0.8739,0.8440,0.8460,0.8728
jackson_2,0.8050,0.8007,0.9127,0.9743,0.7749,0.7661,0.8428,0.8028,0.7601,0.0000,0.7659,0.8537,0.8376,0.8229,0.8238,0.9050,0.9353,0.9713,1.0320,0.9481,0.8889,0.9742,0.8911,0.9207,0.8919,0.9044,0.9267,0.8327,0.8548,0.9020,0.8989,0.8824,1.0669,0.9702,0.8469,0.9621,0.9922,1.0157,0.9810,0.9942,0.8678,0.9278,0.9344,0.9152,0.8833,1.0684,0.8849,0.8792,0.9373,0.9479,0.9664,0.8202,0.8880,0.9790,1.0237,1.0169,0.8140,0.8543,0.8844,0.8363,0.8585,0.8707,1.0018,0.9772,0.8626,0.9784,1.0005,0.8969,0.8792,0.8921,0.9261,0.8554,1.0029,1.0031,0.9375,1.0461,0.9055,0.9866,0.9571,0.8445,1.0056,0.9328,0.9030,0.9302,0.9578,0.8981,0.8887,0.8617,0.7936,0.8138,0.8940,0.7855,0.7709,0.7918,0.7331,0.9507,0.9537,0.9394,0.9874,0.8830,0.9847,0.9899,0.9919,0.9905,0.9146,0.8710,0.8389,1.1456,0.8950,0.9060,0.9056,0.8423,0.8202,0.9068,0.8491,0.8018,0.8333,1.1997,0.8259,0.9697,0.8775,0.8820,0.8468,0.8766
jackson_3,0.7637,0.7275,0.7726,0.9072,0.8241,0.7765,0.8617,0.8309,0.6790,0.7659,0.0000,0.8155,0.7610,0.7930,0.7745,0.8291,0.8973,0.9121,1.0105,0.9689,0.8738,0.8186,0.8571,0.8634,0.8190,0.8512,0.8754,0.8009,0.7988,0.8591,0.8552,0.7999,1.0364,0.9434,0.7918,0.8641,0.9737,1.0119,1.0147,0.9767,0.8136,0.9134,0.8849,0.8486,0.8902,0.9970,0.8792,0.7995,0.8733,0.8953,0.9360,0.8837,0.8687,0.9264,0.9761,0.9493,0.7878,0.8825,0.7922,0.9529,0.8313,0.8092,0.9838,0.9735,0.8087,0.9880,0.9736,0.7983,0.8252,0.8058,0.8783,0.7484,0.9321,1.0022,0.9727,1.0625,0.8444,0.9681,0.8894,0.8697,0.9215,0.9085,0.8398,0.8854,0.9744,0.9466,0.8937,0.7936,0.8436,0.8477,0.8949,0.8316,0.8026,0.8081,0.7640,0.9081,0.8047,0.8432,0.8386,0.7957,0.9405,0.9473,0.9503,0.9318,0.9055,0.7923,0.8300,1.1492,0.8759,0.9035,0.8781,0.8512,0.8194,0.8817,0.8843,0.7711,0.7904,1.2531,0.7348,0.9579,0.7909,0.7953,0.8109,0.7876
jackson_4,0.7760,0.8016,0.8639,0.9452,0.9447,0.9849,0.9719,0.8529,0.8670,0.8537,0.8155,0.0000,0.7442,0.8081,0.7726,0.8048,0.8741,0.8400,1.0079,0.8988,0.8608,0.8232,0.8709,0.8515,0.7641,0.7983,0.7963,0.8180,0.7659,0.7947,0.8125,0.8221,0.9105,0.8592,0.8030,0.8563,0.8950,0.8779,0.9412,0.8675,0.8079,0.8233,0.8856,0.8373,0.7556,0.8634,0.7935,0.8169,0.8029,0.7616,0.8041,0.7781,0.7693,0.8460,0.8904,0.9044,0.8077,0.8264,0.8293,0.9665,0.7222,0.7781,0.8174,0.9288,0.8214,0.9138,0.9122,0.8392,0.8183,0.8559,0.8352,0.8391,0.8985,0.9634,0.9382,0.9670,0.8288,0.9581,0.8767,0.9119,0.8927,0.8795,0.8061,0.7842,0.9190,0.8985,0.8543,0.8541,0.8464,0.8961,0.9287,0.8926,0.8981,0.8603,0.8535,0.8653,0.8208,0.8558,0.8919,0.8705,0.9015,0.8809,0.9013,0.9484,0.9013,0.8645,0.8719,1.1502,0.8105,0.8325,0.8504,0.8431,0.8894,0.9045,0.9690,0.8294,0.8391,1.2121,0.8141,0.9486,0.8582,0.8846,0.8444,0.8589
jqadams_1,0.7206,0.6651,0.7920,0.8797,0.8942,0.8942,0.9455,0.8256,0.7677,0.8376,0.7610,0.7442,0.0000,0.6205,0.6833,0.7344,0.8146,0.8740,0.9336,0.8761,0.8465,0.8507,0.8231,0.7921,0.7583,0.8055,0.7725,0.7644,0.7712,0.7945,0.8641,0.7992,0.9491,0.8906,0.7546,0.8020,0.8575,0.9271,0.9376,0.8792,0.7090,0.8451,0.8435,0.8121,0.8192,0.9304,0.7526,0.7799,0.8336,0.8250,0.8454,0.8060,0.7953,0.9025,0.8898,0.9154,0.7954,0.8362,0.8128,0.9481,0.7322,0.7464,0.8917,0.8343,0.7452,0.8774,0.8624,0.7763,0.6944,0.7732,0.7835,0.7112,0.8772,0.9572,0.9484,0.9790,0.8113,0.9847,0.9095,0.9062,0.8023,0.8678,0.7387,0.7858,0.9516,0.8990,0.8060,0.7790,0.8552,0.8764,0.9276,0.8581,0.8520,0.7828,0.8129,0.8234,0.7975,0.7917,0.8655,0.7880,0.8492,0.8495,0.8503,0.8282,0.8025,0.7961,0.7879,1.0858,0.8463,0.8604,0.8337,0.8063,0.8455,0.8960,0.9101,0.7849,0.7710,1.1272,0.7749,0.9921,0.7928,0.8592,0.7704,0.7922
jqadams_2,0.7539,0.6884,0.7354,0.8368,0.8825,0.8631,0.9524,0.8124,0.7364,0.8229,0.7930,0.8081,0.6205,0.0000,0.6450,0.6493,0.7862,0.8352,0.8896,0.9043,0.8026,0.8190,0.8156,0.8127,0.7447,0.8168,0.8309,0.7465,0.8237,0.7636,0.8192,0.8277,0.9049,0.8304,0.7370,0.7697,0.8496,0.9129,0.9317,0.8505,0.7575,0.8444,0.7829,0.7992,0.8013,0.8901,0.7278,0.7419,0.8209,0.8335,0.8933,0.8131,0.8003,0.8776,0.8711,0.8804,0.8347,0.7596,0.8112,0.9389,0.7366,0.7067,0.8524,0.8669,0.7596,0.8625,0.8384,0.7400,0.6867,0.7271,0.7844,0.6833,0.8476,0.8812,0.8997,0.9688,0.8067,0.9341,0.8441,0.8405,0.8193,0.8472,0.7443,0.7678,0.8924,0.9120,0.8396,0.8107,0.8157,0.8730,0.8637,0.8793,0.8671,0.7859,0.8183,0.8272,0.8267,0.7968,0.8986,0.7842,0.8935,0.9065,0.9096,0.8993,0.8368,0.7750,0.7788,1.1451,0.8083,0.8122,0.8212,0.8028,0.8071,0.8653,0.8788,0.7825,0.7911,1.1491,0.7232,0.9050,0.7894,0.7668,0.8028,0.7862
jqadams_3,0.7520,0.6761,0.7222,0.8594,0.8801,0.8801,0.9325,0.8422,0.8112,0.8238,0.7745,0.7726,0.6833,0.6450,0.0000,0.6907,0.8410,0.8712,0.9200,0.8959,0.8588,0.8005,0.8493,0.8731,0.7629,0.7928,0.7688,0.7675,0.7885,0.7738,0.8267,0.8030,0.9844,0.8160,0.7418,0.8143,0.8885,0.9382,0.9509,0.9006,0.7682,0.8119,0.8290,0.8150,0.7771,0.8941,0.7884,0.7487,0.8780,0.8581,0.9107,0.8093,0.7836,0.8377,0.8635,0.9021,0.7956,0.7916,0.8568,0.8969,0.7546,0.7435,0.8910,0.8585,0.7761,0.8957,0.8967,0.8246,0.7123,0.7465,0.7979,0.6992,0.8559,0.8987,0.9067,0.9776,0.8289,0.9262,0.8570,0.8715,0.8488,0.8543,0.7817,0.7984,0.9600,0.9253,0.8513,0.8127,0.7804,0.9021,0.9152,0.8309,0.8851,0.8264,0.8176,0.8321,0.8183,0.8244,0.8825,0.8761,0.9204,0.9020,0.9383,0.9142,0.8567,0.7998,0.7990,1.1213,0.8345,0.8609,0.8328,0.8536,0.8440,0.8512,0.8681,0.7878,0.7817,1.1489,0.7739,0.9634,0.8072,0.8269,0.7830,0.8068
jqadams_4,0.8085,0.8210,0.8259,0.9359,0.8969,0.8637,0.9290,0.8680,0.8352,0.9050,0.8291,0.8048,0.7344,0.6493,0.6907,0.0000,0.8987,0.9161,0.9939,0.9953,0.8938,0.8473,0.9159,0.8906,0.8089,0.8707,0.8951,0.8725,0.8655,0.9226,0.8716,0.8951,0.9870,0.9113,0.8360,0.9095,0.9463,1.0052,0.9838,0.9626,0.8477,0.9212,0.9266,0.9401,0.8753,0.9747,0.8203,0.8327,0.9213,0.9259,0.9302,0.8721,0.8639,0.9085,0.9235,0.9484,0.8746,0.8094,0.9001,0.9519,0.7823,0.8144,0.8972,0.9716,0.8602,0.9415,0.8747,0.8544,0.7929,0.7846,0.8767,0.7963,0.9128,0.9873,0.9258,1.0023,0.8605,0.9594,0.8725,0.8690,0.9059,0.9153,0.8446,0.8915,0.9589,0.9411,0.9125,0.8629,0.8325,0.8724,0.9086,0.8797,0.9416,0.8815,0.8927,0.8489,0.8960,0.8851,0.9852,0.9008,0.9573,0.9420,0.9614,0.9450,0.8823,0.8479,0.8408,1.1656,0.8668,0.8899,0.8754,0.8768,0.8789,0.8411,0.9582,0.8790,0.8825,1.2083,0.7969,0.9651,0.8729,0.8159,0.8851,0.8727
ejames_1,0.8569,0.7903,0.8210,0.9390,0.9511,0.9526,0.9850,0.8923,0.8811,0.9353,0.8973,0.8741,0.8146,0.7862,0.8410,0.8987,0.0000,0.6258,0.6798,0.7647,0.7372,0.7547,0.6884,0.8002,0.6660,0.7449,0.7889,0.7894,0.8014,0.8284,0.9433,0.7250,0.8595,0.7867,0.8566,0.7653,0.7496,0.8582,0.6961,0.7128,0.7631,0.7700,0.6736,0.7799,0.7934,0.8647,0.8299,0.8679,0.7487,0.7335,0.7976,0.8537,0.7692,0.7696,0.7470,0.7772,0.8627,0.7694,0.8482,1.0270,0.7618,0.8186,0.8333,0.8410,0.9034,0.8527,0.8052,0.8997,0.7601,0.8908,0.7893,0.8275,0.8598,0.9719,0.9660,0.9645,0.8635,0.9979,0.9112,0.9525,0.9000,0.9158,0.8508,0.8167,0.8991,0.9415,0.8509,0.7780,0.9328,0.9509,0.9461,0.9479,0.9216,0.9030,0.8813,0.8776,0.8113,0.8524,0.8150,0.7836,0.8678,0.8705,0.9254,0.9006,0.7593,0.6677,0.8135,1.0216,0.8078,0.8400,0.8119,0.8217,0.8762,0.8634,0.9883,0.8283,0.8228,1.0370,0.8596,0.9809,0.8998,0.8831,0.8233,0.9002
ejames_2,0.8739,0.8373,0.8789,1.0086,1.0020,1.0066,1.0356,0.8899,0.9525,0.9713,0.9121,0.8400,0.8740,0.8352,0.8712,0.9161,0.6258,0.0000,0.8026,0.8021,0.8253,0.7482,0.7185,0.7841,0.7620,0.7713,0.8434,0.8705,0.8683,0.8309,0.9198,0.8182,0.8218,0.8079,0.8935,0.8147,0.8220,0.8353,0.7137,0.7009,0.7978,0.7133,0.7209,0.8194,0.7402,0.7654,0.7698,0.8352,0.7684,0.7291,0.8036,0.8429,0.7513,0.7461,0.7554,0.7050,0.8770,0.8122,0.8686,1.0000,0.7633,0.7884,0.8212,0.9238,0.9145,0.8699,0.7968,0.9003,0.7916,0.9162,0.7870,0.8568,0.8270,0.9861,0.9859,0.9634,0.8779,1.0283,0.9348,0.9604,0.8808,0.9058,0.9187,0.8312,0.8802,0.9173,0.8665,0.8356,0.9543,0.9368,0.9833,0.9894,0.9519,0.8868,0.9591,0.8703,0.8768,0.8747,0.8842,0.8113,0.9006,0.8744,0.9113,0.9207,0.8191,0.7539,0.8444,1.1091,0.7882,0.8668,0.8765,0.8450,0.8709,0.8411,1.0354,0.8202,0.7896,1.0750,0.8459,1.0064,0.8982,0.8944,0.7967,0.8987
ejames_3,0.9471,0.9311,0.9493,1.0162,1.0697,1.0883,1.1084,1.0195,1.0073,1.0320,1.0105,1.0079,0.9336,0.8896,0.9200,0.9939,0.6798,0.8026,0.0000,0.8357,0.9070,0.8290,0.7318,0.9238,0.8111,0.8815,0.9440,0.8337,0.9323,0.9270,1.0391,0.8825,0.9953,0.9272,0.9591,0.8206,0.8005,1.0586,0.8131,0.8571,0.8459,0.9420,0.6706,0.8614,0.9669,1.0100,0.9877,0.9971,0.8618,0.9003,0.9803,1.0225,0.8584,0.9110,0.8957,0.9198,0.9183,0.8864,1.0063,1.1427,0.8974,0.9227,0.9997,0.8911,1.0023,0.9588,0.9586,1.0138,0.8455,0.9600,0.8505,0.9493,1.0081,1.1686,1.1089,1.1386,1.0190,1.1356,1.0817,1.0945,0.9893,1.0580,0.9932,0.9932,1.0332,1.0990,0.9534,0.8459,1.0671,1.0854,1.1085,1.0879,1.0792,1.0291,1.0211,0.9969,0.9382,0.9178,0.9727,0.9181,1.0013,1.0187,1.0191,1.0210,0.8950,0.7448,0.9121,1.1400,0.9557,0.9903,0.9712,0.9788,1.0181,1.0180,1.0901,0.9752,0.9668,1.0553,0.9791,1.1219,1.0011,1.0089,0.9704,0.9997
ejames_4,0.9153,0.8953,0.9540,1.0419,1.0276,1.0539,1.0497,0.9950,0.9585,0.9481,0.9689,0.8988,0.8761,0.9043,0.8959,0.9953,0.7647,0.8021,0.8357,0.0000,0.9571,0.9106,0.8044,0.9073,0.8190,0.8658,0.8393,0.8558,0.9731,0.9278,1.0101,0.8916,0.9258,0.8944,0.8972,0.7428,0.6239,0.9459,0.9333,0.8635,0.8936,0.9328,0.8545,0.8419,0.8856,0.8946,0.9292,0.9370,0.7832,0.8139,0.8999,0.9578,0.8102,0.9112,0.9795,0.9508,0.8982,0.7406,0.9537,1.1162,0.7750,0.8448,0.8859,0.6331,0.9654,0.9606,0.9475,0.8942,0.8513,0.9242,0.8319,0.8934,0.9482,1.0853,1.0911,1.0374,0.9700,1.0278,0.9896,1.0113,0.9946,1.0210,0.9601,0.9491,0.9957,1.0504,0.9583,0.9560,0.9920,1.0567,1.0490,1.0442,1.0388,0.9695,0.9973,0.9486,0.8809,0.9211,0.9247,0.8529,0.9105,0.8960,0.9223,0.9383,0.9087,0.8143,0.8906,0.9389,0.9141,0.9188,0.9029,0.9653,1.0009,0.9927,1.0230,0.9364,0.9314,0.9933,0.9694,1.0603,0.9723,1.0068,0.9284,0.9722
flint_1,0.7640,0.7913,0.8220,0.9274,0.9584,0.9513,1.0275,0.8624,0.8551,0.8889,0.8738,0.8608,0.8465,0.8026,0.8588,0.8938,0.7372,0.8253,0.9070,0.9571,0.0000,0.6973,0.7370,0.7385,0.7268,0.8184,0.8387,0.8084,0.7614,0.7441,0.9020,0.7240,0.9852,0.9427,0.8346,0.8789,0.9146,0.9619,0.9395,0.8538,0.7919,0.7680,0.8108,0.8095,0.8270,0.9012,0.7878,0.7764,0.8005,0.7946,0.8754,0.8499,0.7957,0.8655,0.8264,0.8492,0.8042,0.7946,0.8256,0.9306,0.7773,0.8404,0.9224,0.9815,0.8470,0.9663,0.9377,0.8750,0.8174,0.9228,0.9006,0.8803,0.8791,0.9235,0.8977,0.9455,0.8345,1.0169,0.9271,0.9271,0.8588,0.8953,0.8585,0.7783,0.8875,0.9032,0.8439,0.8167,0.8223,0.8479,0.8926,0.8586,0.9011,0.8543,0.8136,0.8753,0.8316,0.8374,0.8594,0.8573,0.9160,0.8958,0.9409,0.9588,0.8157,0.7480,0.8644,1.1540,0.8589,0.9249,0.9245,0.9059,0.8653,0.8727,0.9344,0.7859,0.7787,1.1890,0.7532,0.9317,0.8089,0.8124,0.7896,0.8095
flint_2,0.7924,0.8072,0.8145,1.0054,0.9930,0.9784,1.0030,0.8925,0.9119,0.9742,0.8186,0.8232,0.8507,0.8190,0.8005,0.8473,0.7547,0.7482,0.8290,0.9106,0.6973,0.0000,0.7013,0.7250,0.7166,0.7863,0.8425,0.8381,0.7812,0.8470,0.8366,0.7875,0.9144,0.8866,0.8713,0.8457,0.8640,0.9449,0.8769,0.7964,0.7870,0.8150,0.8088,0.8129,0.7899,0.8614,0.7776,0.8263,0.7987,0.7745,0.8635,0.8631,0.7996,0.7975,0.7939,0.8439,0.8219,0.8116,0.8310,0.9562,0.7461,0.8590,0.8679,0.9891,0.8756,0.9267,0.8662,0.8935,0.8330,0.9106,0.8680,0.8882,0.8611,0.9465,0.9036,0.9547,0.8045,0.9355,0.8555,0.9534,0.8765,0.8771,0.8519,0.8421,0.8500,0.9137,0.8547,0.7878,0.9047,0.8944,0.8938,0.9107,0.9215,0.9123,0.8830,0.8307,0.8269,0.8194,0.8384,0.7990,0.8829,0.8679,0.9571,0.9452,0.8687,0.8127,0.8325,1.1483,0.8144,0.8988,0.9243,0.8833,0.8795,0.8620,0.9549,0.8567,0.8551,1.1927,0.8223,1.0096,0.8729,0.8794,0.8600,0.8723
flint_3,0.8098,0.7878,0.8507,0.9297,0.9356,0.9355,1.0111,0.8842,0.8873,0.8911,0.8571,0.8709,0.8231,0.8156,0.8493,0.9159,0.6884,0.7185,0.7318,0.8044,0.7370,0.7013,0.0000,0.7413,0.7195,0.7658,0.8239,0.7336,0.7847,0.7888,0.8754,0.7179,0.9162,0.8525,0.8880,0.8065,0.7598,0.9340,0.7486,0.7385,0.7398,0.7930,0.6956,0.7579,0.8408,0.8880,0.8365,0.8802,0.7549,0.7658,0.8681,0.8987,0.7556,0.8195,0.8135,0.8478,0.7872,0.7826,0.8425,1.0001,0.7259,0.7747,0.8762,0.8895,0.8510,0.9437,0.8880,0.8718,0.7748,0.8787,0.7802,0.8663,0.8741,0.9732,0.9812,1.0127,0.8416,1.0026,0.9502,0.9583,0.8985,0.9256,0.8640,0.8715,0.8896,0.8990,0.7967,0.7861,0.9085,0.8805,0.9396,0.8910,0.9264,0.8822,0.8550,0.8955,0.8288,0.8121,0.8279,0.8126,0.8688,0.8968,0.9281,0.9137,0.7587,0.7417,0.7830,1.0841,0.8384,0.9067,0.8892,0.8968,0.8677,0.8533,0.9694,0.8663,0.8594,1.1135,0.8423,1.0001,0.8859,0.8844,0.8663,0.8840
flint_4,0.8126,0.8184,0.9017,1.0202,0.9579,0.9110,0.9896,0.8891,0.8698,0.9207,0.8634,0.8515,0.7921,0.8127,0.8731,0.8906,0.8002,0.7841,0.9238,0.9073,0.7385,0.7250,0.7413,0.0000,0.7675,0.8016,0.8258,0.8711,0.8075,0.8176,0.8469,0.7603,0.9094,0.9389,0.8974,0.9085,0.9283,0.9352,0.8483,0.8434,0.8479,0.8472,0.8481,0.9054,0.8173,0.8759,0.7527,0.7789,0.8202,0.8170,0.8509,0.8277,0.8273,0.8718,0.8670,0.8850,0.8435,0.7935,0.8315,0.9715,0.7590,0.7943,0.9147,0.9438,0.8473,0.9639,0.8583,0.8789,0.9061,0.9009,0.8964,0.8725,0.9189,0.9602,0.9571,1.0018,0.9003,1.0329,0.9205,0.9511,0.9362,0.9340,0.8675,0.8804,0.8565,0.8791,0.8600,0.8850,0.9014,0.8683,0.9082,0.9100,0.9161,0.9111,0.8907,0.8504,0.8419,0.8623,0.8770,0.8046,0.8924,0.8701,0.9113,0.8856,0.8645,0.8055,0.8390,1.1983,0.8379,0.8878,0.9276,0.8372,0.8473,0.8693,0.9689,0.8208,0.8200,1.2093,0.8467,1.0107,0.8841,0.9426,0.8306,0.8822
hall_1,0.7767,0.7437,0.7609,0.8551,0.8833,0.9078,0.9433,0.8520,0.8284,0.8919,0.8190,0.7641,0.7583,0.7447,0.7629,0.8089,0.6660,0.7620,0.8111,0.8190,0.7268,0.7166,0.7195,0.7675,0.0000,0.6541,0.6820,0.7461,0.7567,0.7625,0.8164,0.7179,0.9005,0.8314,0.7866,0.7147,0.8092,0.9334,0.7947,0.7668,0.7230,0.7234,0.7219,0.7393,0.7392,0.8541,0.7856,0.7758,0.7100,0.7829,0.8167,0.7863,0.6915,0.7564,0.7464,0.7640,0.7296,0.7314,0.8115,0.9299,0.6951,0.7077,0.7800,0.8354,0.7813,0.8345,0.7812,0.8104,0.7395,0.8269,0.7580,0.7798,0.8275,0.8968,0.9064,0.9296,0.7251,0.9603,0.8247,0.8798,0.8534,0.8308,0.8507,0.8015,0.8727,0.8763,0.7924,0.7410,0.8538,0.8741,0.8950,0.8748,0.8753,0.8179,0.8049,0.7914,0.7240,0.8002,0.7985,0.7380,0.7977,0.7992,0.8255,0.8103,0.7652,0.6632,0.7294,1.0305,0.7454,0.7694,0.8278,0.7764,0.8175,0.8130,0.8870,0.8083,0.7901,1.0780,0.7746,0.9724,0.7874,0.8411,0.8004,0.7868
hall_2,0.7978,0.7189,0.8058,0.9386,0.9246,0.9256,0.9487,0.7871,0.8712,0.9044,0.8512,0.7983,0.8055,0.8168,0.7928,0.8707,0.7449,0.7713,0.8815,0.8658,0.8184,0.7863,0.7658,0.8016,0.6541,0.0000,0.7907,0.7572,0.7791,0.8000,0.8042,0.7756,0.8551,0.8371,0.8375,0.7847,0.8497,0.8625,0.8186,0.7519,0.8092,0.8036,0.8148,0.7905,0.7377,0.8747,0.8595,0.8235,0.7424,0.7788,0.7814,0.8098,0.7296,0.8257,0.8246,0.8495,0.7822,0.8271,0.8345,0.9247,0.7290,0.7155,0.8454,0.9366,0.8744,0.9186,0.8775,0.8725,0.7970,0.8844,0.7990,0.8399,0.8300,0.9644,0.9394,0.9626,0.7752,0.9483,0.8736,0.9380,0.8408,0.8707,0.8459,0.8089,0.8482,0.8530,0.8153,0.7716,0.9195,0.8959,0.8765,0.8717,0.9020,0.8757,0.8433,0.8651,0.8143,0.8797,0.8616,0.8019,0.9092,0.8364,0.9311,0.9210,0.7995,0.7643,0.7968,1.1291,0.8047,0.8356,0.8649,0.8299,0.8595,0.8200,0.9340,0.8322,0.8352,1.1853,0.8107,1.0054,0.8456,0.8951,0.8451,0.8456
hall_3,0.8188,0.7691,0.8208,0.9574,0.9224,0.9733,1.0288,0.9777,0.8859,0.9267,0.8754,0.7963,0.7725,0.8309,0.7688,0.8951,0.7889,0.8434,0.9440,0.8393,0.8387,0.8425,0.8239,0.8258,0.6820,0.7907,0.0000,0.7780,0.8240,0.7882,0.8589,0.8048,0.9615,0.8580,0.8395,0.8570,0.8293,0.8993,0.9516,0.8577,0.8118,0.7388,0.8388,0.8338,0.7267,0.8716,0.8077,0.8914,0.7638,0.7761,0.7859,0.8529,0.7479,0.8058,0.8402,0.8307,0.7658,0.8658,0.8822,1.0037,0.7414,0.7905,0.7992,0.9002,0.8470,0.9236,0.8759,0.8796,0.8163,0.8461,0.8367,0.8201,0.8574,0.9448,0.9811,0.9878,0.8458,1.0475,0.9094,1.0281,0.8496,0.8514,0.8644,0.7847,0.9234,0.9662,0.8826,0.8740,0.9317,0.9609,0.9393,0.9528,0.9346,0.8576,0.8826,0.8579,0.8309,0.8436,0.8658,0.7933,0.8403,0.9011,0.8997,0.8734,0.8754,0.8009,0.7982,1.1173,0.7759,0.8434,0.8656,0.8363,0.9572,0.8944,0.9680,0.7793,0.7737,1.1764,0.8001,0.9686,0.8435,0.8767,0.7691,0.8434
hall_4,0.7654,0.7413,0.8217,0.7680,0.8372,0.8772,0.9850,0.8294,0.7929,0.8327,0.8009,0.8180,0.7644,0.7465,0.7675,0.8725,0.7894,0.8705,0.8337,0.8558,0.8084,0.8381,0.7336,0.8711,0.7461,0.7572,0.7780,0.0000,0.7740,0.7612,0.8750,0.7823,1.0644,0.9280,0.8230,0.8132,0.8650,0.9697,0.9345,0.8784,0.6799,0.8941,0.7729,0.7258,0.9048,0.9689,0.8431,0.8361,0.8647,0.9043,0.9415,0.8967,0.7921,0.8944,0.9502,0.9351,0.7173,0.8065,0.8294,0.9664,0.7497,0.8146,0.8973,0.8794,0.8282,0.9401,0.8828,0.8513,0.7250,0.8172,0.7826,0.8170,0.8963,0.9693,1.0134,1.0580,0.8338,0.9702,0.9291,0.9383,0.7857,0.8385,0.8217,0.8109,0.9392,0.9980,0.8351,0.7628,0.8459,0.9213,0.9329,0.8557,0.8593,0.8696,0.7883,0.8549,0.8178,0.8261,0.8703,0.8021,0.9052,0.9166,0.9657,0.9638,0.8153,0.7271,0.7801,1.0896,0.8339,0.8837,0.8370,0.8824,0.8475,0.8882,0.8462,0.8072,0.8192,1.1413,0.7401,0.9706,0.7862,0.7897,0.8247,0.7862
paulding_1,0.6948,0.7971,0.8312,0.8682,0.8531,0.8497,0.8905,0.7583,0.8717,0.8548,0.7988,0.7659,0.7712,0.8237,0.7885,0.8655,0.8014,0.8683,0.9323,0.9731,0.7614,0.7812,0.7847,0.8075,0.7567,0.7791,0.8240,0.7740,0.0000,0.7125,0.7841,0.6313,1.0276,0.8945,0.7948,0.8755,0.9536,0.9444,0.9204,0.8576,0.7489,0.8392,0.8334,0.8324,0.7814,0.9155,0.7839,0.7790,0.9143,0.8692,0.8894,0.8159,0.8057,0.8459,0.8350,0.9122,0.6723,0.7854,0.7123,0.8631,0.7357,0.7919,0.8765,0.9830,0.8033,0.9708,0.9358,0.8671,0.8214,0.9206,0.9181,0.8507,0.8138,0.8733,0.8619,0.9182,0.7063,0.8948,0.8319,0.8274,0.8281,0.8352,0.8010,0.8059,0.8029,0.7894,0.7542,0.7669,0.7745,0.7888,0.8000,0.7487,0.8583,0.8300,0.7974,0.8328,0.7930,0.8406,0.8268,0.8432,0.8848,0.9225,0.9594,0.9700,0.8285,0.8201,0.8106,1.1448,0.8242,0.8720,0.8938,0.8885,0.7717,0.8742,0.9130,0.8227,0.8173,1.2289,0.7992,0.9831,0.8636,0.8621,0.8421,0.8627
paulding_2,0.7658,0.7795,0.8043,0.8378,0.9172,0.9176,0.9830,0.8319,0.8677,0.9020,0.8591,0.7947,0.7945,0.7636,0.7738,0.9226,0.8284,0.8309,0.9270,0.9278,0.7441,0.8470,0.7888,0.8176,0.7625,0.8000,0.7882,0.7612,0.7125,0.0000,0.8093,0.7157,1.0036,0.9404,0.8450,0.8433,0.8886,0.9352,0.9562,0.8828,0.7455,0.7904,0.8194,0.7562,0.8166,0.9259,0.7988,0.8107,0.8006,0.8453,0.8730,0.8368,0.7370,0.7948,0.7905,0.8614,0.7307,0.8174,0.7760,0.9365,0.7863,0.7658,0.8680,0.9516,0.8437,0.9144,0.9250,0.8766,0.7776,0.8646,0.8401,0.8670,0.8769,0.8660,0.9037,0.9782,0.7972,0.9832,0.8830,0.9179,0.8038,0.8882,0.8405,0.8331,0.8359,0.8511,0.7554,0.7674,0.8152,0.8458,0.8998,0.8960,0.9161,0.8123,0.8239,0.8709,0.8750,0.8673,0.8459,0.8381,0.8944,0.9002,0.9479,0.9524,0.8357,0.7966,0.7927,1.1636,0.8881,0.8982,0.9158,0.8658,0.8526,0.9242,0.9126,0.7868,0.7983,1.1889,0.8101,1.0313,0.8490,0.8950,0.8080,0.8456
paulding_3,0.8093,0.8392,0.8747,0.9574,0.8845,0.9242,0.9507,0.8363,0.9426,0.8989,0.8552,0.8125,0.8641,0.8192,0.8267,0.8716,0.9433,0.9198,1.0391,1.0101,0.9020,0.8366,0.8754,0.8469,0.8164,0.8042,0.8589,0.8750,0.7841,0.8093,0.0000,0.8378,0.9861,0.9831,0.8638,0.9553,1.0301,0.9584,0.9879,0.9520,0.8002,0.9065,0.9688,0.8796,0.8163,0.9664,0.8268,0.8319,0.9232,0.8814,0.8723,0.8225,0.8305,0.9236,0.9261,0.8817,0.7738,0.8123,0.8150,0.8916,0.7580,0.7662,0.8901,1.0392,0.8508,1.0110,0.9506,0.8804,0.8637,0.9366,0.9080,0.8976,0.8495,0.9200,0.9009,0.9809,0.8160,0.9134,0.8180,0.9256,0.8593,0.8562,0.8670,0.8764,0.8570,0.8429,0.7990,0.8440,0.8677,0.8085,0.8652,0.8478,0.8916,0.8807,0.8723,0.9352,0.8825,0.8570,0.8990,0.8673,0.8922,0.9021,0.9460,0.9527,0.9083,0.8689,0.8431,1.2657,0.8602,0.8875,0.9744,0.8909,0.8413,0.9291,0.9184,0.8627,0.8700,1.2719,0.7772,0.9961,0.8375,0.8352,0.8782,0.8353
paulding_4,0.7286,0.7791,0.8048,0.9068,0.9022,0.8602,0.9368,0.8291,0.8578,0.8824,0.7999,0.8221,0.7992,0.8277,0.8030,0.8951,0.7250,0.8182,0.8825,0.8916,0.7240,0.7875,0.7179,0.7603,0.7179,0.7756,0.8048,0.7823,0.6313,0.7157,0.8378,0.0000,0.9639,0.8984,0.8419,0.8123,0.9164,0.9561,0.8179,0.8172,0.7442,0.8165,0.7636,0.7457,0.7608,0.9313,0.8009,0.8477,0.8299,0.7957,0.8753,0.8189,0.7786,0.8480,0.7958,0.8457,0.7693,0.8068,0.7571,0.9129,0.7537,0.7910,0.8653,0.9667,0.7941,0.9561,0.8858,0.8650,0.8054,0.8643,0.8813,0.8224,0.8850,0.9028,0.9096,0.9426,0.7678,0.9844,0.8964,0.9383,0.8516,0.8480,0.8447,0.8031,0.8980,0.8654,0.8183,0.7282,0.8426,0.8139,0.8827,0.8599,0.8687,0.8403,0.8182,0.8586,0.8072,0.8643,0.8690,0.8401,0.8808,0.8827,0.9682,0.9420,0.7949,0.7624,0.8041,1.1498,0.8352,0.8955,0.8880,0.8511,0.7976,0.8283,0.9114,0.7903,0.7959,1.2091,0.7805,0.9967,0.8166,0.8653,0.8149,0.8133
pike_1,0.9952,0.9184,0.9926,1.1579,1.1263,1.0743,1.0665,0.9955,1.0159,1.0669,1.0364,0.9105,0.9491,0.9049,0.9844,0.9870,0.8595,0.8218,0.9953,0.9258,0.9852,0.9144,0.9162,0.9094,0.9005,0.8551,0.9615,1.0644,1.0276,1.0036,0.9861,0.9639,0.0000,0.7909,0.8798,0.9023,0.9340,0.8518,0.8448,0.8066,1.0325,0.9559,0.9367,0.9914,0.8687,0.9069,0.9187,1.0026,0.8125,0.8105,0.8702,0.9416,0.8737,0.8697,0.8847,0.8438,1.0100,0.9055,0.9895,1.0954,0.8411,0.9597,0.9486,1.0166,1.0529,1.0231,0.9543,1.0598,0.9805,1.0605,0.9751,0.9672,0.9464,1.0177,1.0353,1.0455,0.9798,1.1263,1.0369,1.0875,1.0718,1.0366,1.0196,0.9775,0.9117,0.9967,1.0031,0.9495,1.0182,1.0254,1.0409,1.0484,1.0677,0.9755,1.0232,1.0352,1.0112,1.0130,1.0317,0.9474,1.0189,0.9672,0.9632,1.0200,0.9819,0.9438,0.9747,1.2035,0.9774,0.9380,0.9915,0.9191,0.9882,0.9948,1.1414,1.0280,1.0129,1.1943,1.0182,1.1772,1.0529,1.0798,1.0133,1.0532
pike_2,0.9219,0.8991,0.9222,1.0721,1.0074,0.9857,0.9629,0.9426,0.9275,0.9702,0.9434,0.8592,0.8906,0.8304,0.8160,0.9113,0.7867,0.8079,0.9272,0.8944,0.9427,0.8866,0.8525,0.9389,0.8314,0.8371,0.8580,0.9280,0.8945,0.9404,0.9831,0.8984,0.7909,0.0000,0.8531,0.7711,0.9035,0.8932,0.8985,0.8642,0.8891,0.9021,0.9066,0.9067,0.8101,0.9009,0.8450,0.9245,0.8294,0.8623,0.8507,0.8850,0.8126,0.8544,0.8554,0.9003,0.9129,0.8666,0.9260,1.0208,0.8079,0.8396,0.8924,0.9759,0.9681,0.9653,0.8936,0.9660,0.8874,0.8883,0.9590,0.8663,0.8984,0.9861,0.9936,1.0252,0.8929,1.0288,0.9562,0.9916,1.0003,0.9642,0.9668,0.8647,0.9533,0.9920,0.8996,0.9097,0.9468,0.9772,0.9862,0.9486,0.9823,0.9436,0.9306,1.0145,0.9162,0.9338,0.9838,0.9382,0.9998,0.9319,0.9541,0.9734,0.9266,0.8447,0.9190,1.0871,0.9022,0.9035,0.9198,0.9065,0.9683,0.8941,1.0474,0.8885,0.8843,1.2049,0.9034,1.0595,0.9428,0.9678,0.8935,0.9434
pike_3,0.7853,0.7158,0.7913,0.9235,0.8387,0.8570,0.9084,0.8464,0.7577,0.8469,0.7918,0.8030,0.7546,0.7370,0.7418,0.8360,0.8566,0.8935,0.9591,0.8972,0.8346,0.8713,0.8880,0.8974,0.7866,0.8375,0.8395,0.8230,0.7948,0.8450,0.8638,0.8419,0.8798,0.8531,0.0000,0.7614,0.8741,0.8959,1.0047,0.8805,0.8747,0.8771,0.8996,0.7694,0.7768,0.9322,0.7748,0.7611,0.8031,0.8702,0.8590,0.7544,0.8161,0.9240,0.9460,0.9294,0.8241,0.8049,0.8503,0.9914,0.7740,0.8287,0.8661,0.9294,0.8450,0.9286,0.9367,0.8045,0.8068,0.8582,0.8756,0.7450,0.8133,0.9431,0.9195,0.9899,0.8537,0.9393,0.9136,0.8553,0.9086,0.8748,0.8744,0.8430,0.9452,0.9240,0.8638,0.8312,0.8073,0.9041,0.9146,0.8624,0.8310,0.7976,0.7982,0.8806,0.8599,0.8738,0.9288,0.8647,0.9412,0.9540,0.9825,0.9691,0.9049,0.8545,0.8490,1.1459,0.8534,0.8879,0.8774,0.8561,0.8589,0.9083,0.9234,0.8041,0.8032,1.1324,0.7605,1.0003,0.8239,0.8149,0.8097,0.8246
pike_4,0.8636,0.8030,0.8732,0.9219,0.9565,0.9532,0.9953,0.9078,0.8732,0.9621,0.8641,0.8563,0.8020,0.7697,0.8143,0.9095,0.7653,0.8147,0.8206,0.7428,0.8789,0.8457,0.8065,0.9085,0.7147,0.7847,0.8570,0.8132,0.8755,0.8433,0.9553,0.8123,0.9023,0.7711,0.7614,0.0000,0.7844,0.9139,0.9064,0.8236,0.8191,0.8608,0.7639,0.7523,0.8529,0.9285,0.8700,0.8783,0.7711,0.8241,0.8533,0.9113,0.7899,0.9199,0.8873,0.9323,0.8344,0.7936,0.8936,1.0384,0.7633,0.7770,0.8587,0.7812,0.8834,0.9590,0.9007,0.8403,0.7777,0.8611,0.8464,0.8214,0.8826,1.0315,1.0108,1.0455,0.8621,1.0338,0.9630,0.9734,0.9122,0.9499,0.9245,0.9017,0.9468,1.0327,0.8918,0.7929,0.9370,0.9730,0.9850,0.9505,0.9745,0.8806,0.8917,0.9181,0.7793,0.8662,0.8733,0.8370,0.9543,0.9005,0.9276,0.9335,0.8570,0.7536,0.8324,1.0327,0.8339,0.8898,0.9023,0.8704,0.9121,0.8925,0.9860,0.8936,0.9086,1.0897,0.8784,1.0530,0.9073,0.9419,0.9210,0.9077
biddle_1,0.9237,0.8901,0.8996,0.9851,1.0711,1.0559,1.0979,1.0161,0.9262,0.9922,0.9737,0.8950,0.8575,0.8496,0.8885,0.9463,0.7496,0.8220,0.8005,0.6239,0.9146,0.8640,0.7598,0.9283,0.8092,0.8497,0.8293,0.8650,0.9536,0.8886,1.0301,0.9164,0.9340,0.9035,0.8741,0.7844,0.0000,0.9196,0.8942,0.8189,0.8789,0.8544,0.8579,0.8391,0.8466,0.8786,0.8729,0.9776,0.7669,0.8116,0.8803,0.9420,0.7622,0.8902,0.8956,0.9026,0.9243,0.8369,0.9750,1.1238,0.7861,0.8719,0.9122,0.7459,0.9573,0.9291,0.9410,0.9270,0.7940,0.8901,0.7663,0.8657,0.9165,1.0538,1.0591,1.0463,0.9574,1.1049,1.0078,1.0609,0.9496,0.9690,0.9640,0.9151,1.0211,1.0496,0.9575,0.8948,1.0289,1.0401,1.0646,1.0396,1.0866,0.9381,0.9813,0.9412,0.8972,0.8924,0.9127,0.8548,0.9103,0.9239,0.9598,0.9670,0.8886,0.8072,0.8812,1.0281,0.8908,0.9449,0.9462,0.9438,1.0567,1.0213,1.0894,0.8944,0.8732,1.0543,0.9322,1.0300,0.9604,0.9670,0.8804,0.9576
biddle_2,0.9384,0.9244,0.9614,1.1171,1.0787,1.0238,1.0906,0.9655,0.9924,1.0157,1.0119,0.8779,0.9271,0.9129,0.9382,1.0052,0.8582,0.8353,1.0586,0.9459,0.9619,0.9449,0.9340,0.9352,0.9334,0.8625,0.8993,0.9697,0.9444,0.9352,0.9584,0.9561,0.8518,0.8932,0.8959,0.9139,0.9196,0.0000,0.8844,0.8303,0.9486,0.8696,0.9875,0.8821,0.8121,0.8536,0.8993,0.9288,0.8601,0.8126,0.8160,0.9170,0.8318,0.8597,0.8799,0.8303,0.9693,0.9035,0.9639,1.0829,0.8064,0.8762,0.8714,1.0061,1.0091,1.0590,0.9946,1.0033,0.9224,1.0131,0.9745,0.9405,0.8747,0.9990,1.0113,1.0316,0.9478,1.0740,1.0057,1.0759,1.0037,1.0288,0.9711,0.9420,1.0129,1.0193,0.9612,0.9364,1.0041,1.0148,0.9847,0.9712,1.0350,0.9207,0.9888,0.9376,0.8998,0.9824,0.9678,0.9314,1.0519,0.9856,0.9913,1.0237,0.9978,0.8973,0.9764,1.2150,0.9007,0.8811,0.9641,0.8964,1.0142,1.0284,1.1295,0.9751,0.9631,1.2262,0.9952,1.0825,1.0339,1.0534,0.9556,1.0343
biddle_3,0.9747,0.9363,0.9201,1.0586,1.0807,1.0477,1.0652,0.9708,1.0188,0.9810,1.0147,0.9412,0.9376,0.9317,0.9509,0.9838,0.6961,0.7137,0.8131,0.9333,0.9395,0.8769,0.7486,0.8483,0.7947,0.8186,0.9516,0.9345,0.9204,0.9562,0.9879,0.8179,0.8448,0.8985,1.0047,0.9064,0.8942,0.8844,0.0000,0.6375,0.9007,0.8388,0.7561,0.9113,0.8955,0.8845,0.9323,0.9992,0.9047,0.8331,0.8629,0.8798,0.8701,0.8120,0.7995,0.8410,0.9430,0.9455,0.9859,1.0145,0.8584,0.8742,0.9325,1.0129,1.0171,0.9687,0.8772,1.0130,0.8488,0.9783,0.8946,0.9867,0.9604,1.0711,1.0594,1.0378,0.9579,1.1273,0.9995,1.0873,1.0482,1.0326,0.9942,0.9572,1.0136,1.0079,0.9010,0.8941,1.0117,1.0160,1.0488,1.0080,1.0302,0.9782,1.0323,1.0060,0.9427,0.9504,1.0064,0.9172,0.9774,0.9500,1.0137,0.9863,0.8396,0.8353,0.8794,1.2057,0.9154,0.8933,0.9639,0.8861,0.9279,0.9084,1.0926,0.9507,0.9444,1.1941,0.9710,1.0997,0.9910,1.0301,0.9461,0.9910
biddle_4,0.8673,0.9105,0.8774,1.0355,1.0070,1.0047,1.0716,0.9237,0.9672,0.9942,0.9767,0.8675,0.8792,0.8505,0.9006,0.9626,0.7128,0.7009,0.8571,0.8635,0.8538,0.7964,0.7385,0.8434,0.7668,0.7519,0.8577,0.8784,0.8576,0.8828,0.9520,0.8172,0.8066,0.8642,0.8805,0.8236,0.8189,0.8303,0.6375,0.0000,0.7821,0.8229,0.8004,0.8051,0.8470,0.8122,0.8458,0.9277,0.7905,0.7401,0.7592,0.8597,0.8068,0.7927,0.7977,0.8033,0.8850,0.8800,0.9427,1.0739,0.7899,0.8564,0.8936,1.0127,0.9736,0.9557,0.9383,0.9779,0.8492,0.9658,0.8874,0.9200,0.8640,0.9966,1.0176,1.0064,0.9389,1.0895,1.0001,1.0259,0.9257,0.9329,0.9169,0.8802,0.9321,0.9310,0.8849,0.8412,0.9758,0.9966,1.0235,0.9880,0.9605,0.9205,0.9657,0.9285,0.9064,0.9211,0.9412,0.8877,0.9113,0.9146,0.9870,0.9654,0.8754,0.8187,0.8813,1.1871,0.8705,0.8595,0.9304,0.8727,0.9377,0.9367,1.0243,0.8846,0.8708,1.1903,0.8996,1.0322,0.9120,0.9850,0.8770,0.9129
gregg_1,0.7680,0.7430,0.7968,0.8481,0.8721,0.8878,0.9727,0.8062,0.8343,0.8678,0.8136,0.8079,0.7090,0.7575,0.7682,0.8477,0.7631,0.7978,0.8459,0.8936,0.7919,0.7870,0.7398,0.8479,0.7230,0.8092,0.8118,0.6799,0.7489,0.7455,0.8002,0.7442,1.0325,0.8891,0.8747,0.8191,0.8789,0.9486,0.9007,0.7821,0.0000,0.7459,0.7075,0.6853,0.8286,0.9276,0.7946,0.7822,0.8166,0.8018,0.8995,0.7890,0.7518,0.8566,0.8388,0.8443,0.7324,0.8073,0.7816,0.9232,0.7410,0.7437,0.8676,0.9019,0.8247,0.9027,0.8613,0.8415,0.7444,0.8136,0.7912,0.8019,0.8599,0.9098,0.9420,0.9583,0.7898,0.9595,0.8773,0.9372,0.7922,0.8367,0.7583,0.7363,0.9362,0.9205,0.7458,0.7635,0.8510,0.8832,0.9023,0.8599,0.8828,0.8742,0.8150,0.8355,0.7995,0.7765,0.8630,0.8111,0.8665,0.8452,0.9223,0.9110,0.8051,0.7058,0.7580,1.1293,0.7749,0.8651,0.8405,0.8448,0.8347,0.8384,0.8455,0.7630,0.7539,1.1524,0.7345,0.9335,0.7516,0.8029,0.7548,0.7480
gregg_2,0.8081,0.8207,0.8087,0.9611,0.9853,0.9952,1.0409,0.9227,0.9110,0.9278,0.9134,0.8233,0.8451,0.8444,0.8119,0.9212,0.7700,0.7133,0.9420,0.9328,0.7680,0.8150,0.7930,0.8472,0.7234,0.8036,0.7388,0.8941,0.8392,0.7904,0.9065,0.8165,0.9559,0.9021,0.8771,0.8608,0.8544,0.8696,0.8388,0.8229,0.7459,0.0000,0.7471,0.8208,0.7135,0.8060,0.8047,0.8267,0.7968,0.7372,0.8212,0.8663,0.7466,0.8201,0.7934,0.7814,0.8809,0.8960,0.8165,0.9704,0.7774,0.8092,0.8119,0.9873,0.9037,0.8634,0.8646,0.8835,0.8097,0.8568,0.8244,0.8604,0.8509,0.9364,0.9308,0.9228,0.8953,1.0576,0.9699,1.0364,0.8667,0.8051,0.8956,0.7832,0.9454,0.9552,0.9109,0.8323,0.8936,0.9386,0.9966,0.9440,0.9722,0.8969,0.9063,0.8781,0.8478,0.8728,0.9078,0.8748,0.9484,0.9099,0.9064,0.9674,0.8306,0.7751,0.8499,1.1871,0.7993,0.8776,0.9061,0.8395,0.9209,0.8698,1.0001,0.7763,0.7513,1.2447,0.8309,0.9751,0.8841,0.8702,0.7487,0.8850
gregg_3,0.8298,0.8265,0.8555,0.8853,0.9472,0.9872,1.0086,0.8834,0.8732,0.9344,0.8849,0.8856,0.8435,0.7829,0.8290,0.9266,0.6736,0.7209,0.6706,0.8545,0.8108,0.8088,0.6956,0.8481,0.7219,0.8148,0.8388,0.7729,0.8334,0.8194,0.9688,0.7636,0.9367,0.9066,0.8996,0.7639,0.8579,0.9875,0.7561,0.8004,0.7075,0.7471,0.0000,0.7167,0.8902,0.9293,0.8951,0.8673,0.8254,0.8384,0.8856,0.8593,0.7643,0.8359,0.8351,0.8511,0.8262,0.8746,0.8504,1.0074,0.8232,0.8192,0.9392,0.9161,0.8882,0.8982,0.9198,0.8780,0.7953,0.8573,0.8215,0.8512,0.8874,1.0116,1.0011,1.0263,0.8879,1.0487,0.9766,0.9947,0.9056,0.9756,0.8976,0.8929,0.9550,1.0013,0.8500,0.7773,0.9190,0.9944,1.0027,0.9241,0.9701,0.8974,0.8985,0.9132,0.8645,0.8671,0.9062,0.8353,0.9001,0.9374,0.9637,0.9337,0.7891,0.6718,0.8358,1.1368,0.8426,0.9141,0.8549,0.8919,0.8586,0.8456,0.9917,0.8704,0.8808,1.1048,0.8625,1.0254,0.8857,0.9162,0.8861,0.8852
gregg_4,0.8007,0.7273,0.8074,0.8802,0.9135,0.9390,1.0096,0.8580,0.8496,0.9152,0.8486,0.8373,0.8121,0.7992,0.8150,0.9401,0.7799,0.8194,0.8614,0.8419,0.8095,0.8129,0.7579,0.9054,0.7393,0.7905,0.8338,0.7258,0.8324,0.7562,0.8796,0.7457,0.9914,0.9067,0.7694,0.7523,0.8391,0.8821,0.9113,0.8051,0.6853,0.8208,0.7167,0.0000,0.7946,0.8956,0.8562,0.8437,0.8092,0.7855,0.8061,0.8800,0.7172,0.8445,0.8389,0.8696,0.7683,0.8091,0.8492,0.9912,0.7723,0.7696,0.8668,0.9242,0.8201,0.9417,0.9402,0.8390,0.7355,0.8521,0.8348,0.8478,0.8105,0.9559,0.9928,1.0079,0.8372,1.0189,0.9702,0.9486,0.8691,0.8826,0.8277,0.8413,0.9691,0.9510,0.8158,0.7937,0.8440,0.9177,0.9399,0.9334,0.8789,0.8596,0.8308,0.8627,0.8384,0.8236,0.8601,0.8274,0.8974,0.9224,0.9388,0.9365,0.8152,0.7191,0.7967,1.1379,0.8022,0.8958,0.8827,0.8489,0.9060,0.9030,0.9090,0.8321,0.8362,1.1130,0.8082,1.0033,0.8266,0.8701,0.8461,0.8264
pattie_1,0.7877,0.7694,0.8319,0.9628,0.9427,0.9423,0.9984,0.8723,0.9341,0.8833,0.8902,0.7556,0.8192,0.8013,0.7771,0.8753,0.7934,0.7402,0.9669,0.8856,0.8270,0.7899,0.8408,0.8173,0.7392,0.7377,0.7267,0.9048,0.7814,0.8166,0.8163,0.7608,0.8687,0.8101,0.7768,0.8529,0.8466,0.8121,0.8955,0.8470,0.8286,0.7135,0.8902,0.7946,0.0000,0.7062,0.7085,0.7900,0.7729,0.7238,0.7837,0.7734,0.7395,0.7836,0.7815,0.7825,0.8535,0.8243,0.8468,0.9185,0.7007,0.7895,0.7419,0.9501,0.8719,0.9001,0.8560,0.8515,0.8096,0.8485,0.8444,0.7650,0.7687,0.9113,0.8970,0.9236,0.7829,0.9257,0.8683,0.8965,0.8047,0.7937,0.8486,0.7711,0.8743,0.9048,0.8656,0.8255,0.8824,0.8528,0.9036,0.9121,0.8925,0.8439,0.8398,0.8351,0.8729,0.8652,0.9241,0.8188,0.9292,0.9172,0.9320,0.9349,0.8751,0.8381,0.8023,1.1560,0.7687,0.8500,0.8819,0.8301,0.8711,0.8742,0.9994,0.8330,0.8200,1.1749,0.8263,0.9840,0.8806,0.8725,0.8279,0.8808
pattie_2,0.9415,0.9476,0.9330,1.1143,1.1023,1.0487,1.0935,0.9724,1.0238,1.0684,0.9970,0.8634,0.9304,0.8901,0.8941,0.9747,0.8647,0.7654,1.0100,0.8946,0.9012,0.8614,0.8880,0.8759,0.8541,0.8747,0.8716,0.9689,0.9155,0.9259,0.9664,0.9313,0.9069,0.9009,0.9322,0.9285,0.8786,0.8536,0.8845,0.8122,0.9276,0.8060,0.9293,0.8956,0.7062,0.0000,0.7839,0.9327,0.8392,0.8062,0.8312,0.9152,0.8465,0.7983,0.8469,0.8017,0.9721,0.9058,0.9588,1.0569,0.7934,0.8767,0.8776,1.0462,0.9678,0.9695,0.8721,0.9539,0.9128,0.9395,0.9185,0.9192,0.8645,0.9967,0.9992,1.0029,0.9195,1.0970,0.9657,1.0016,0.9499,0.9229,0.9197,0.8747,0.9941,1.0331,0.9504,0.9334,0.9792,0.9855,1.0112,1.0180,1.0049,0.9597,1.0198,0.9176,0.9087,0.9901,0.9885,0.9420,1.0121,0.9673,0.9872,1.0259,0.9634,0.9189,0.9206,1.2220,0.9077,0.9234,0.9632,0.9002,0.9982,0.9692,1.0747,0.9072,0.8759,1.2828,0.9388,1.1064,0.9795,0.9908,0.8879,0.9802
pattie_3,0.7736,0.7657,0.8569,0.9708,0.9286,0.9110,0.9808,0.8911,0.8703,0.8849,0.8792,0.7935,0.7526,0.7278,0.7884,0.8203,0.8299,0.7698,0.9877,0.9292,0.7878,0.7776,0.8365,0.7527,0.7856,0.8595,0.8077,0.8431,0.7839,0.7988,0.8268,0.8009,0.9187,0.8450,0.7748,0.8700,0.8729,0.8993,0.9323,0.8458,0.7946,0.8047,0.8951,0.8562,0.7085,0.7839,0.0000,0.7762,0.8186,0.8110,0.8038,0.7856,0.7563,0.8222,0.8740,0.8039,0.8388,0.7674,0.8119,0.9112,0.7089,0.7958,0.7893,0.9513,0.7979,0.9038,0.8313,0.8314,0.7614,0.8099,0.8036,0.7965,0.7912,0.8839,0.8533,0.8567,0.8301,0.9238,0.8397,0.9098,0.8522,0.8620,0.8629,0.7866,0.8365,0.8822,0.8465,0.8574,0.8408,0.8579,0.8601,0.8546,0.8883,0.8219,0.8487,0.8230,0.8480,0.8502,0.8838,0.8398,0.8793,0.8885,0.8911,0.9299,0.8893,0.8444,0.7904,1.1603,0.7926,0.8114,0.8438,0.8154,0.8579,0.8849,0.9418,0.7754,0.7578,1.1874,0.7902,0.9702,0.8491,0.8661,0.7586,0.8450
pattie_4,0.7792,0.8046,0.8450,0.9246,0.8982,0.8636,0.9467,0.8368,0.8702,0.8792,0.7995,0.8169,0.7799,0.7419,0.7487,0.8327,0.8679,0.8352,0.9971,0.9370,0.7764,0.8263,0.8802,0.7789,0.7758,0.8235,0.8914,0.8361,0.7790,0.8107,0.8319,0.8477,1.0026,0.9245,0.7611,0.8783,0.9776,0.9288,0.9992,0.9277,0.7822,0.8267,0.8673,0.8437,0.7900,0.9327,0.7762,0.0000,0.8794,0.8327,0.9305,0.7486,0.7853,0.8884,0.8907,0.9038,0.8119,0.7620,0.7839,0.8797,0.7978,0.8131,0.8551,0.9659,0.8285,0.9667,0.8971,0.8021,0.8298,0.8704,0.8884,0.8007,0.8513,0.8940,0.8852,0.9407,0.7987,0.8809,0.8447,0.8230,0.8923,0.9015,0.7885,0.8426,0.8782,0.8575,0.8401,0.8747,0.8085,0.8488,0.8048,0.8297,0.8314,0.8475,0.8127,0.8291,0.8342,0.8655,0.9159,0.8186,0.9264,0.9125,0.9803,0.9346,0.8684,0.8455,0.8296,1.1717,0.8624,0.8431,0.8584,0.8604,0.8026,0.8321,0.8423,0.7777,0.7773,1.2242,0.7491,0.9658,0.8249,0.8073,0.7885,0.8251
tjames_1,0.8688,0.8282,0.8362,1.0358,0.9838,0.9793,0.9884,0.9387,0.8877,0.9373,0.8733,0.8029,0.8336,0.8209,0.8780,0.9213,0.7487,0.7684,0.8618,0.7832,0.8005,0.7987,0.7549,0.8202,0.7100,0.7424,0.7638,0.8647,0.9143,0.8006,0.9232,0.8299,0.8125,0.8294,0.8031,0.7711,0.7669,0.8601,0.9047,0.7905,0.8166,0.7968,0.8254,0.8092,0.7729,0.8392,0.8186,0.8794,0.0000,0.6810,0.7473,0.8427,0.7588,0.8392,0.8390,0.8570,0.8518,0.8499,0.9009,1.0402,0.7001,0.7881,0.8007,0.8845,0.8792,0.9124,0.8798,0.8581,0.8125,0.8636,0.7708,0.8473,0.9048,1.0404,0.9938,0.9845,0.8259,1.0190,0.9952,0.9658,0.9041,0.9150,0.8817,0.8517,0.9416,0.9663,0.8765,0.8795,0.9461,0.9569,0.9700,0.9508,0.9561,0.8802,0.8990,0.9465,0.8455,0.8807,0.8564,0.7788,0.8581,0.8707,0.8960,0.8799,0.8896,0.7300,0.8659,1.0652,0.8380,0.8708,0.8998,0.7900,0.9646,0.9227,1.0140,0.8231,0.8165,1.0928,0.8621,1.0027,0.9076,0.9329,0.8253,0.9058
tjames_2,0.8650,0.8739,0.8822,0.9905,0.9852,0.9639,1.0147,0.9182,0.9122,0.9479,0.8953,0.7616,0.8250,0.8335,0.8581,0.9259,0.7335,0.7291,0.9003,0.8139,0.7946,0.7745,0.7658,0.8170,0.7829,0.7788,0.7761,0.9043,0.8692,0.8453,0.8814,0.7957,0.8105,0.8623,0.8702,0.8241,0.8116,0.8126,0.8331,0.7401,0.8018,0.7372,0.8384,0.7855,0.7238,0.8062,0.8110,0.8327,0.6810,0.0000,0.7176,0.7615,0.7660,0.7572,0.8001,0.7872,0.8915,0.8119,0.8617,0.9831,0.7249,0.7740,0.7556,0.9117,0.8875,0.8974,0.8809,0.8431,0.8135,0.9212,0.8151,0.8744,0.8470,0.9533,0.9564,0.9325,0.8445,1.0073,0.9195,1.0147,0.8954,0.8871,0.8612,0.8337,0.8643,0.8980,0.8289,0.8478,0.9163,0.8510,0.8811,0.9047,0.9173,0.8817,0.9245,0.8653,0.8273,0.8850,0.8526,0.7950,0.8557,0.8575,0.9166,0.9384,0.8787,0.7910,0.8414,1.1063,0.8069,0.8663,0.8951,0.7907,0.9003,0.9024,0.9906,0.8037,0.8011,1.1155,0.8572,0.9611,0.8966,0.9395,0.7984,0.8962
tjames_3,0.8520,0.8566,0.8827,1.1054,1.0221,0.9958,1.0237,0.9809,0.9277,0.9664,0.9360,0.8041,0.8454,0.8933,0.9107,0.9302,0.7976,0.8036,0.9803,0.8999,0.8754,0.8635,0.8681,0.8509,0.8167,0.7814,0.7859,0.9415,0.8894,0.8730,0.8723,0.8753,0.8702,0.8507,0.8590,0.8533,0.8803,0.8160,0.8629,0.7592,0.8995,0.8212,0.8856,0.8061,0.7837,0.8312,0.8038,0.9305,0.7473,0.7176,0.0000,0.7918,0.8255,0.8401,0.8079,0.7980,0.9286,0.8699,0.8950,0.9807,0.7485,0.7637,0.7866,1.0144,0.9345,0.9249,0.9323,0.9334,0.8827,0.9195,0.8936,0.8967,0.8315,0.9761,0.9161,0.9211,0.8641,0.9896,0.9005,0.9976,0.9790,0.8813,0.9322,0.8552,0.8788,0.8899,0.8825,0.8887,0.9350,0.9024,0.9330,0.9187,0.9481,0.8921,0.9567,0.9234,0.8584,0.9387,0.8961,0.9044,0.9143,0.9344,0.9335,0.9121,0.9536,0.8252,0.8798,1.2011,0.8337,0.8639,0.9158,0.8320,0.9240,0.9156,1.0166,0.8308,0.8269,1.2160,0.9324,1.0310,0.9696,0.9915,0.8228,0.9690
tjames_4,0.7995,0.7886,0.8793,0.9887,0.9277,0.8923,0.9310,0.8417,0.8661,0.8202,0.8837,0.7781,0.8060,0.8131,0.8093,0.8721,0.8537,0.8429,1.0225,0.9578,0.8499,0.8631,0.8987,0.8277,0.7863,0.8098,0.8529,0.8967,0.8159,0.8368,0.8225,0.8189,0.9416,0.8850,0.7544,0.9113,0.9420,0.9170,0.8798,0.8597,0.7890,0.8663,0.8593,0.8800,0.7734,0.9152,0.7856,0.7486,0.8427,0.7615,0.7918,0.0000,0.8113,0.8310,0.8580,0.8941,0.8256,0.8438,0.8318,0.8664,0.7610,0.7782,0.7895,0.9901,0.8577,0.9325,0.9548,0.8554,0.8426,0.9548,0.8548,0.8580,0.8344,0.8572,0.8912,0.9114,0.8296,0.9281,0.8879,0.8437,0.9073,0.8435,0.8534,0.8088,0.8563,0.8377,0.8583,0.8981,0.8309,0.8677,0.8175,0.7810,0.8114,0.7857,0.8278,0.8549,0.9051,0.9265,0.9034,0.8645,0.9068,0.8810,0.9631,0.9550,0.9104,0.8418,0.8240,1.2024,0.8605,0.8344,0.9090,0.8109,0.8286,0.8744,0.9322,0.8236,0.8137,1.2258,0.8560,0.9624,0.8766,0.9355,0.8127,0.8728
irving_1,0.7806,0.7691,0.8023,0.8904,0.9348,0.9232,0.9978,0.8729,0.8726,0.8880,0.8687,0.7693,0.7953,0.8003,0.7836,0.8639,0.7692,0.7513,0.8584,0.8102,0.7957,0.7996,0.7556,0.8273,0.6915,0.7296,0.7479,0.7921,0.8057,0.7370,0.8305,0.7786,0.8737,0.8126,0.8161,0.7899,0.7622,0.8318,0.8701,0.8068,0.7518,0.7466,0.7643,0.7172,0.7395,0.8465,0.7563,0.7853,0.7588,0.7660,0.8255,0.8113,0.0000,0.6892,0.7387,0.7690,0.7566,0.7376,0.8309,0.9427,0.6598,0.7318,0.7835,0.8250,0.8199,0.9157,0.8469,0.8410,0.7731,0.8092,0.7811,0.7998,0.8251,0.9201,0.9084,0.9701,0.7600,0.9838,0.8829,0.9192,0.8448,0.8557,0.8059,0.8106,0.8972,0.9132,0.7887,0.7681,0.8671,0.8749,0.9009,0.8897,0.8419,0.7993,0.8597,0.7944,0.7878,0.8075,0.8519,0.7518,0.8725,0.8782,0.8998,0.9205,0.7836,0.7642,0.7445,1.1072,0.8008,0.8280,0.8637,0.8142,0.8542,0.8821,0.9168,0.8091,0.8074,1.1134,0.7836,0.9611,0.8146,0.8602,0.8076,0.8144
irving_2,0.8353,0.8553,0.8658,1.0287,1.0043,0.9731,1.0164,0.9206,0.9912,0.9790,0.9264,0.8460,0.9025,0.8776,0.8377,0.9085,0.7696,0.7461,0.9110,0.9112,0.8655,0.7975,0.8195,0.8718,0.7564,0.8257,0.8058,0.8944,0.8459,0.7948,0.9236,0.8480,0.8697,0.8544,0.9240,0.9199,0.8902,0.8597,0.8120,0.7927,0.8566,0.8201,0.8359,0.8445,0.7836,0.7983,0.8222,0.8884,0.8392,0.7572,0.8401,0.8310,0.6892,0.0000,0.5875,0.5942,0.8630,0.7666,0.8778,0.9276,0.7011,0.7892,0.7870,0.9546,0.9125,0.8842,0.8057,0.9710,0.8631,0.8480,0.8710,0.9234,0.7878,0.8774,0.8669,0.8792,0.8534,0.9619,0.8479,0.9727,0.9000,0.9024,0.9244,0.8484,0.8743,0.9034,0.8688,0.9006,0.9187,0.8721,0.8874,0.8840,0.9538,0.8627,0.9355,0.8393,0.8719,0.8883,0.8977,0.8677,0.9436,0.8732,0.8923,0.9129,0.9080,0.8419,0.8178,1.1666,0.8314,0.8595,0.8630,0.8614,0.8954,0.8608,1.0283,0.8839,0.8710,1.1748,0.9031,1.0314,0.9140,0.9740,0.8671,0.9127
irving_3,0.8862,0.8989,0.9065,1.0504,1.0832,1.0056,1.0531,0.9835,0.9845,1.0237,0.9761,0.8904,0.8898,0.8711,0.8635,0.9235,0.7470,0.7554,0.8957,0.9795,0.8264,0.7939,0.8135,0.8670,0.7464,0.8246,0.8402,0.9502,0.8350,0.7905,0.9261,0.7958,0.8847,0.8554,0.9460,0.8873,0.8956,0.8799,0.7995,0.7977,0.8388,0.7934,0.8351,0.8389,0.7815,0.8469,0.8740,0.8907,0.8390,0.8001,0.8079,0.8580,0.7387,0.5875,0.0000,0.6650,0.8721,0.8399,0.8560,0.9757,0.7506,0.8440,0.8380,1.0074,0.9124,0.9226,0.8476,0.9500,0.8714,0.9415,0.9169,0.9219,0.8162,0.9002,0.9343,0.9473,0.8756,1.0577,0.8994,0.9852,0.9428,0.8836,0.9350,0.8374,0.8704,0.9342,0.8632,0.8561,0.9209,0.9364,0.9591,0.9570,0.9874,0.9015,0.9949,0.8672,0.8946,0.8879,0.9176,0.8681,0.9420,0.9018,0.9368,0.9405,0.8902,0.8399,0.8440,1.1994,0.8477,0.8394,0.9101,0.8660,0.9300,0.8640,1.0528,0.8913,0.8816,1.2669,0.8880,1.0094,0.8956,0.9816,0.8730,0.8947
irving_4,0.9155,0.8832,0.9095,1.0398,1.0485,0.9952,1.0565,0.9417,1.0153,1.0169,0.9493,0.9044,0.9154,0.8804,0.9021,0.9484,0.7772,0.7050,0.9198,0.9508,0.8492,0.8439,0.8478,0.8850,0.7640,0.8495,0.8307,0.9351,0.9122,0.8614,0.8817,0.8457,0.8438,0.9003,0.9294,0.9323,0.9026,0.8303,0.8410,0.8033,0.8443,0.7814,0.8511,0.8696,0.7825,0.8017,0.8039,0.9038,0.8570,0.7872,0.7980,0.8941,0.7690,0.5942,0.6650,0.0000,0.8929,0.8278,0.9142,0.9648,0.7591,0.8416,0.7831,0.9754,0.9777,0.9222,0.8651,0.9487,0.8602,0.8932,0.9157,0.9002,0.7779,0.9407,0.9046,0.9487,0.9249,1.0245,0.9209,1.0416,0.9366,0.9062,0.9704,0.8385,0.8387,0.9325,0.8911,0.8604,0.9211,0.9360,0.9606,0.9793,1.0215,0.9160,0.9941,0.9229,0.9074,0.9198,0.9571,0.8423,0.9612,0.9107,0.9330,0.9361,0.9155,0.8034,0.8575,1.2003,0.8617,0.8515,0.8736,0.8754,0.9327,0.8914,1.0564,0.8651,0.8559,1.1884,0.9069,1.0400,0.9155,0.9715,0.8479,0.9147
bagby_1,0.7283,0.7794,0.8369,0.8689,0.8674,0.9000,0.8921,0.7876,0.8554,0.8140,0.7878,0.8077,0.7954,0.8347,0.7956,0.8746,0.8627,0.8770,0.9183,0.8982,0.8042,0.8219,0.7872,0.8435,0.7296,0.7822,0.7658,0.7173,0.6723,0.7307,0.7738,0.7693,1.0100,0.9129,0.8241,0.8344,0.9243,0.9693,0.9430,0.8850,0.7324,0.8809,0.8262,0.7683,0.8535,0.9721,0.8388,0.8119,0.8518,0.8915,0.9286,0.8256,0.7566,0.8630,0.8721,0.8929,0.0000,0.7392,0.7313,0.8795,0.7574,0.7536,0.8506,0.8807,0.7302,0.9717,0.9839,0.8214,0.7855,0.9040,0.8860,0.8449,0.8386,0.9104,0.9362,0.9802,0.7424,0.9066,0.8498,0.8885,0.7728,0.8792,0.7913,0.8106,0.8804,0.8574,0.7739,0.7886,0.7620,0.7734,0.8157,0.7919,0.8179,0.7865,0.7628,0.7963,0.7867,0.7325,0.8230,0.7956,0.8206,0.9019,0.9370,0.9221,0.7601,0.7606,0.7629,1.1183,0.8465,0.8399,0.8893,0.9041,0.8428,0.8769,0.8173,0.8231,0.8479,1.1442,0.7222,0.9607,0.7685,0.8040,0.8450,0.7692
bagby_2,0.7663,0.7944,0.8539,0.9126,0.8471,0.8467,0.9043,0.8120,0.8531,0.8543,0.8825,0.8264,0.8362,0.7596,0.7916,0.8094,0.7694,0.8122,0.8864,0.7406,0.7946,0.8116,0.7826,0.7935,0.7314,0.8271,0.8658,0.8065,0.7854,0.8174,0.8123,0.8068,0.9055,0.8666,0.8049,0.7936,0.8369,0.9035,0.9455,0.8800,0.8073,0.8960,0.8746,0.8091,0.8243,0.9058,0.7674,0.7620,0.8499,0.8119,0.8699,0.8438,0.7376,0.7666,0.8399,0.8278,0.7392,0.0000,0.8228,0.8223,0.6788,0.7559,0.7871,0.7764,0.8202,0.9063,0.8683,0.8243,0.8092,0.8890,0.8436,0.8159,0.7779,0.8017,0.8079,0.8346,0.7587,0.8031,0.7413,0.7877,0.8598,0.8782,0.8504,0.8376,0.7416,0.7308,0.7967,0.8713,0.7332,0.7591,0.6911,0.8031,0.8488,0.8481,0.8036,0.8005,0.7874,0.7931,0.8245,0.7791,0.8935,0.8572,0.8870,0.8743,0.8398,0.8048,0.7946,1.0226,0.8394,0.8431,0.8499,0.8359,0.7400,0.8529,0.8330,0.8821,0.8943,0.9719,0.8316,0.9489,0.8422,0.8761,0.8976,0.8418
bagby_3,0.7476,0.8069,0.8439,0.9717,0.9300,0.9257,0.9246,0.7751,0.8984,0.8844,0.7922,0.8293,0.8128,0.8112,0.8568,0.9001,0.8482,0.8686,1.0063,0.9537,0.8256,0.8310,0.8425,0.8315,0.8115,0.8345,0.8822,0.8294,0.7123,0.7760,0.8150,0.7571,0.9895,0.9260,0.8503,0.8936,0.9750,0.9639,0.9859,0.9427,0.7816,0.8165,0.8504,0.8492,0.8468,0.9588,0.8119,0.7839,0.9009,0.8617,0.8950,0.8318,0.8309,0.8778,0.8560,0.9142,0.7313,0.8228,0.0000,0.8749,0.7590,0.7813,0.8848,0.9953,0.8439,0.9794,0.9927,0.8029,0.8691,0.8774,0.8616,0.8493,0.8151,0.8554,0.8857,0.9506,0.8053,0.9387,0.8908,0.9099,0.8122,0.8620,0.8113,0.7953,0.8342,0.8378,0.8443,0.8407,0.8275,0.8443,0.8336,0.8347,0.8555,0.8236,0.8402,0.8187,0.8129,0.8104,0.8583,0.7728,0.8516,0.8690,0.9184,0.9286,0.8575,0.7803,0.8125,1.1509,0.8390,0.8375,0.8786,0.8371,0.8369,0.8847,0.9200,0.8263,0.8220,1.2651,0.7929,0.9731,0.8499,0.8207,0.8322,0.8497
bagby_4,0.8476,0.9081,0.9383,1.0501,0.9584,0.9228,1.0058,0.8762,0.9739,0.8363,0.9529,0.9665,0.9481,0.9389,0.8969,0.9519,1.0270,1.0000,1.1427,1.1162,0.9306,0.9562,1.0001,0.9715,0.9299,0.9247,1.0037,0.9664,0.8631,0.9365,0.8916,0.9129,1.0954,1.0208,0.9914,1.0384,1.1238,1.0829,1.0145,1.0739,0.9232,0.9704,1.0074,0.9912,0.9185,1.0569,0.9112,0.8797,1.0402,0.9831,0.9807,0.8664,0.9427,0.9276,0.9757,0.9648,0.8795,0.8223,0.8749,0.0000,0.8366,0.8629,1.0070,1.1169,0.9405,1.0836,1.0254,0.9764,0.9743,0.9885,0.9990,0.9807,0.9567,0.8929,0.7966,0.9653,0.8289,0.8785,0.7367,0.8047,1.0070,0.9595,0.8966,0.9089,0.8841,0.7970,0.8665,0.9589,0.8021,0.7930,0.8067,0.8032,0.9267,0.9013,0.8909,0.9459,1.0287,1.0338,1.0534,0.9814,1.0150,1.0537,1.1013,1.0678,0.9613,0.9874,0.9382,1.2802,0.9469,0.9903,0.9467,0.9413,0.7592,0.8887,0.9503,0.9291,0.9416,1.3245,0.9097,1.0495,0.9326,0.9577,0.9452,0.9303
cooke_1,0.7015,0.7546,0.7660,0.8931,0.8400,0.8507,0.8928,0.8035,0.8273,0.8585,0.8313,0.7222,0.7322,0.7366,0.7546,0.7823,0.7618,0.7633,0.8974,0.7750,0.7773,0.7461,0.7259,0.7590,0.6951,0.7290,0.7414,0.7497,0.7357,0.7863,0.7580,0.7537,0.8411,0.8079,0.7740,0.7633,0.7861,0.8064,0.8584,0.7899,0.7410,0.7774,0.8232,0.7723,0.7007,0.7934,0.7089,0.7978,0.7001,0.7249,0.7485,0.7610,0.6598,0.7011,0.7506,0.7591,0.7574,0.6788,0.7590,0.8366,0.0000,0.5944,0.6938,0.8119,0.7612,0.7965,0.7657,0.7971,0.7138,0.7820,0.7885,0.7571,0.7227,0.8199,0.7899,0.8487,0.7277,0.8572,0.7780,0.8505,0.7808,0.7423,0.7387,0.7187,0.7659,0.8291,0.7800,0.7812,0.7925,0.8024,0.8045,0.8224,0.8488,0.7509,0.8133,0.7724,0.7560,0.7873,0.7715,0.7363,0.7944,0.7811,0.7849,0.8042,0.7905,0.7205,0.7589,1.0675,0.7438,0.7604,0.8132,0.7956,0.8253,0.8070,0.8824,0.7758,0.7594,1.1128,0.7578,0.9275,0.7766,0.8329,0.7721,0.7714
cooke_2,0.7628,0.7270,0.8150,0.9168,0.9138,0.9015,0.9634,0.8248,0.7986,0.8707,0.8092,0.7781,0.7464,0.7067,0.7435,0.8144,0.8186,0.7884,0.9227,0.8448,0.8404,0.8590,0.7747,0.7943,0.7077,0.7155,0.7905,0.8146,0.7919,0.7658,0.7662,0.7910,0.9597,0.8396,0.8287,0.7770,0.8719,0.8762,0.8742,0.8564,0.7437,0.8092,0.8192,0.7696,0.7895,0.8767,0.7958,0.8131,0.7881,0.7740,0.7637,0.7782,0.7318,0.7892,0.8440,0.8416,0.7536,0.7559,0.7813,0.8629,0.5944,0.0000,0.7431,0.7994,0.7563,0.8050,0.7972,0.8329,0.7561,0.8089,0.8177,0.7601,0.7903,0.8527,0.8348,0.8965,0.7481,0.8933,0.7515,0.8570,0.8596,0.8633,0.7873,0.7678,0.8650,0.8513,0.7547,0.8189,0.8262,0.7994,0.8456,0.7988,0.8600,0.7723,0.8413,0.7863,0.7327,0.7895,0.7803,0.7688,0.8570,0.8358,0.8578,0.8600,0.8259,0.7524,0.7958,1.1047,0.7878,0.8176,0.8367,0.8038,0.8588,0.8832,0.9126,0.8205,0.8182,1.1130,0.8039,0.9581,0.8186,0.8910,0.8229,0.8155
cooke_3,0.8878,0.8597,0.9334,1.0389,1.0240,0.9895,1.0094,0.9658,0.9647,1.0018,0.9838,0.8174,0.8917,0.8524,0.8910,0.8972,0.8333,0.8212,0.9997,0.8859,0.9224,0.8679,0.8762,0.9147,0.7800,0.8454,0.7992,0.8973,0.8765,0.8680,0.8901,0.8653,0.9486,0.8924,0.8661,0.8587,0.9122,0.8714,0.9325,0.8936,0.8676,0.8119,0.9392,0.8668,0.7419,0.8776,0.7893,0.8551,0.8007,0.7556,0.7866,0.7895,0.7835,0.7870,0.8380,0.7831,0.8506,0.7871,0.8848,1.0070,0.6938,0.7431,0.0000,0.8813,0.8491,0.8722,0.8257,0.8543,0.8711,0.9268,0.8589,0.8833,0.7792,0.9079,0.9019,0.8401,0.8638,0.9457,0.9129,0.9601,0.9025,0.8195,0.8778,0.8120,0.8797,0.9067,0.8743,0.9086,0.9079,0.9500,0.9099,0.9156,0.9399,0.8300,0.9068,0.8814,0.8302,0.8915,0.9320,0.8400,0.9222,0.8633,0.9158,0.9448,0.8831,0.8493,0.8463,1.1201,0.7831,0.7886,0.8741,0.8710,0.9310,0.9709,0.9748,0.9044,0.9032,1.1815,0.8876,1.0125,0.9178,0.9544,0.8995,0.9154
cooke_4,0.9272,0.8713,0.9751,1.0258,1.0687,1.0488,1.0797,1.0255,0.9032,0.9772,0.9735,0.9288,0.8343,0.8669,0.8585,0.9716,0.8410,0.9238,0.8911,0.6331,0.9815,0.9891,0.8895,0.9438,0.8354,0.9366,0.9002,0.8794,0.9830,0.9516,1.0392,0.9667,1.0166,0.9759,0.9294,0.7812,0.7459,1.0061,1.0129,1.0127,0.9019,0.9873,0.9161,0.9242,0.9501,1.0462,0.9513,0.9659,0.8845,0.9117,1.0144,0.9901,0.8250,0.9546,1.0074,0.9754,0.8807,0.7764,0.9953,1.1169,0.8119,0.7994,0.8813,0.0000,0.9120,0.9190,0.9441,0.8630,0.8394,0.9021,0.8256,0.8259,0.9509,1.1214,1.0858,1.0824,0.9817,1.0784,1.0182,1.0121,0.9978,1.0275,0.9533,0.9771,1.0680,1.0959,0.9895,0.9748,1.0319,1.0598,1.0784,1.0374,1.0336,0.9488,1.0019,0.9142,0.8626,0.8687,0.8072,0.8128,0.8860,0.8558,0.8830,0.9219,0.9095,0.7912,0.9031,0.8486,0.9436,0.9137,0.9169,0.9464,1.0017,1.0304,1.0307,0.9702,0.9656,0.9587,0.9989,1.0297,0.9737,1.0521,0.9670,0.9731
cooke_lee_1,0.7441,0.7372,0.8187,0.9468,0.9174,0.8758,0.9102,0.8534,0.8260,0.8626,0.8087,0.8214,0.7452,0.7596,0.7761,0.8602,0.9034,0.9145,1.0023,0.9654,0.8470,0.8756,0.8510,0.8473,0.7813,0.8744,0.8470,0.8282,0.8033,0.8437,0.8508,0.7941,1.0529,0.9681,0.8450,0.8834,0.9573,1.0091,1.0171,0.9736,0.8247,0.9037,0.8882,0.8201,0.8719,0.9678,0.7979,0.8285,0.8792,0.8875,0.9345,0.8577,0.8199,0.9125,0.9124,0.9777,0.7302,0.8202,0.8439,0.9405,0.7612,0.7563,0.8491,0.9120,0.0000,0.8797,0.8880,0.7311,0.7514,0.8143,0.8467,0.7960,0.8949,0.9696,0.9485,0.9760,0.8236,0.9523,0.8961,0.8833,0.8649,0.8686,0.7637,0.7870,0.9234,0.9353,0.8660,0.8549,0.8746,0.8701,0.8744,0.8586,0.7923,0.7586,0.7996,0.8005,0.8411,0.8303,0.8685,0.8383,0.9450,0.9198,0.9674,0.9468,0.8425,0.8501,0.8112,1.1042,0.8410,0.8886,0.8588,0.8903,0.8857,0.8742,0.9096,0.8422,0.8444,1.2158,0.7863,1.0338,0.8608,0.8597,0.8611,0.8609
cooke_lee_2,0.9162,0.9183,0.9542,1.0434,1.0629,1.0603,1.1166,1.0345,0.9642,0.9784,0.9880,0.9138,0.8774,0.8625,0.8957,0.9415,0.8527,0.8699,0.9588,0.9606,0.9663,0.9267,0.9437,0.9639,0.8345,0.9186,0.9236,0.9401,0.9708,0.9144,1.0110,0.9561,1.0231,0.9653,0.9286,0.9590,0.9291,1.0590,0.9687,0.9557,0.9027,0.8634,0.8982,0.9417,0.9001,0.9695,0.9038,0.9667,0.9124,0.8974,0.9249,0.9325,0.9157,0.8842,0.9226,0.9222,0.9717,0.9063,0.9794,1.0836,0.7965,0.8050,0.8722,0.9190,0.8797,0.0000,0.6819,0.8905,0.8737,0.8632,0.8548,0.9021,0.9324,1.0578,1.0127,1.0172,0.9694,1.0880,1.0117,1.0286,1.0283,0.9003,0.9317,0.9302,0.9959,1.0231,0.9588,0.9312,1.0304,1.0807,1.0690,0.9939,1.0531,0.9079,0.9999,0.9095,0.9405,0.9624,0.9563,0.9403,0.9540,0.9784,0.9466,0.9768,0.9406,0.8561,0.8871,1.1448,0.7678,0.9112,0.8243,0.8973,1.0062,0.9649,1.0618,0.9302,0.9094,1.1336,0.9330,1.1112,0.9517,0.9970,0.9061,0.9508
cooke_lee_3,0.9065,0.8659,0.9052,1.0363,1.0400,1.0289,1.0658,1.0072,0.9535,1.0005,0.9736,0.9122,0.8624,0.8384,0.8967,0.8747,0.8052,0.7968,0.9586,0.9475,0.9377,0.8662,0.8880,0.8583,0.7812,0.8775,0.8759,0.8828,0.9358,0.9250,0.9506,0.8858,0.9543,0.8936,0.9367,0.9007,0.9410,0.9946,0.8772,0.9383,0.8613,0.8646,0.9198,0.9402,0.8560,0.8721,0.8313,0.8971,0.8798,0.8809,0.9323,0.9548,0.8469,0.8057,0.8476,0.8651,0.9839,0.8683,0.9927,1.0254,0.7657,0.7972,0.8257,0.9441,0.8880,0.6819,0.0000,0.8543,0.8508,0.8479,0.8725,0.8814,0.8699,1.0290,0.9600,0.9481,0.9216,1.0870,0.9480,1.0091,0.9705,0.8841,0.8792,0.8782,1.0066,1.0630,0.9233,0.8882,0.9882,1.0174,1.0272,0.9865,1.0127,0.9084,0.9627,0.9016,0.9232,0.9131,0.9579,0.8697,0.9427,0.9511,0.9237,0.9156,0.9004,0.8795,0.8533,1.1060,0.8142,0.8964,0.7990,0.8873,0.9469,0.9135,1.0276,0.9253,0.9093,1.2472,0.8790,1.0830,0.8952,0.9609,0.9165,0.8943
cooke_lee_4,0.7890,0.7795,0.8831,0.9965,0.9272,0.9278,0.9870,0.9028,0.8299,0.8969,0.7983,0.8392,0.7763,0.7400,0.8246,0.8544,0.8997,0.9003,1.0138,0.8942,0.8750,0.8935,0.8718,0.8789,0.8104,0.8725,0.8796,0.8513,0.8671,0.8766,0.8804,0.8650,1.0598,0.9660,0.8045,0.8403,0.9270,1.0033,1.0130,0.9779,0.8415,0.8835,0.8780,0.8390,0.8515,0.9539,0.8314,0.8021,0.8581,0.8431,0.9334,0.8554,0.8410,0.9710,0.9500,0.9487,0.8214,0.8243,0.8029,0.9764,0.7971,0.8329,0.8543,0.8630,0.7311,0.8905,0.8543,0.0000,0.8453,0.8671,0.8721,0.8173,0.8846,0.9681,0.9389,1.0073,0.8615,0.9752,0.9252,0.9169,0.9110,0.8934,0.7524,0.8409,0.9622,0.9893,0.8833,0.8825,0.8910,0.8864,0.9405,0.8629,0.8882,0.7493,0.8515,0.8194,0.8025,0.8150,0.8480,0.7727,0.8939,0.9185,0.9264,0.9382,0.8703,0.8296,0.8020,1.0682,0.8140,0.8807,0.8544,0.8556,0.8654,0.9164,0.8595,0.8940,0.8934,1.1986,0.8095,0.9522,0.8088,0.8857,0.8975,0.8092
davis_1,0.7596,0.6995,0.7237,0.7237,0.9192,0.9336,0.9996,0.8576,0.7902,0.8792,0.8252,0.8183,0.6944,0.6867,0.7123,0.7929,0.7601,0.7916,0.8455,0.8513,0.8174,0.8330,0.7748,0.9061,0.7395,0.7970,0.8163,0.7250,0.8214,0.7776,0.8637,0.8054,0.9805,0.8874,0.8068,0.7777,0.7940,0.9224,0.8488,0.8492,0.7444,0.8097,0.7953,0.7355,0.8096,0.9128,0.7614,0.8298,0.8125,0.8135,0.8827,0.8426,0.7731,0.8631,0.8714,0.8602,0.7855,0.8092,0.8691,0.9743,0.7138,0.7561,0.8711,0.8394,0.7514,0.8737,0.8508,0.8453,0.0000,0.7339,0.6306,0.6926,0.8671,0.9625,0.9867,1.0060,0.8185,1.0132,0.9387,0.9631,0.8137,0.8541,0.8384,0.7843,0.9285,0.9330,0.8722,0.7865,0.8696,0.9123,0.9584,0.9022,0.9512,0.8266,0.8513,0.8738,0.8370,0.8019,0.8521,0.8008,0.8986,0.8597,0.8961,0.8696,0.7932,0.7193,0.7834,1.0347,0.7766,0.8589,0.8089,0.8654,0.9188,0.8739,0.8986,0.7808,0.7796,1.0694,0.7415,0.9730,0.7854,0.7914,0.7858,0.7856
davis_2,0.7884,0.7447,0.7801,0.8988,0.9682,0.9327,1.0052,0.9508,0.8059,0.8921,0.8058,0.8559,0.7732,0.7271,0.7465,0.7846,0.8908,0.9162,0.9600,0.9242,0.9228,0.9106,0.8787,0.9009,0.8269,0.8844,0.8461,0.8172,0.9206,0.8646,0.9366,0.8643,1.0605,0.8883,0.8582,0.8611,0.8901,1.0131,0.9783,0.9658,0.8136,0.8568,0.8573,0.8521,0.8485,0.9395,0.8099,0.8704,0.8636,0.9212,0.9195,0.9548,0.8092,0.8480,0.9415,0.8932,0.9040,0.8890,0.8774,0.9885,0.7820,0.8089,0.9268,0.9021,0.8143,0.8632,0.8479,0.8671,0.7339,0.0000,0.7678,0.5985,0.9043,1.0566,1.0140,1.0699,0.9296,1.0559,0.9781,0.9911,0.8892,0.8383,0.8279,0.8402,1.0260,1.0338,0.9153,0.8418,0.8599,0.9353,0.9907,0.8997,0.9633,0.8972,0.9110,0.8904,0.9000,0.8716,0.9635,0.8652,0.9260,0.9453,0.9083,0.8971,0.8815,0.7977,0.8006,1.0655,0.8576,0.8633,0.8274,0.8697,0.9409,0.8823,0.9427,0.8076,0.7897,1.1356,0.7613,0.9621,0.8183,0.8182,0.8007,0.8139
davis_3,0.8515,0.7399,0.7747,0.8505,1.0252,1.0346,1.0708,0.9544,0.8884,0.9261,0.8783,0.8352,0.7835,0.7844,0.7979,0.8767,0.7893,0.7870,0.8505,0.8319,0.9006,0.8680,0.7802,0.8964,0.7580,0.7990,0.8367,0.7826,0.9181,0.8401,0.9080,0.8813,0.9751,0.9590,0.8756,0.8464,0.7663,0.9745,0.8946,0.8874,0.7912,0.8244,0.8215,0.8348,0.8444,0.9185,0.8036,0.8884,0.7708,0.8151,0.8936,0.8548,0.7811,0.8710,0.9169,0.9157,0.8860,0.8436,0.8616,0.9990,0.7885,0.8177,0.8589,0.8256,0.8467,0.8548,0.8725,0.8721,0.6306,0.7678,0.0000,0.7163,0.8999,1.0357,1.0419,1.0823,0.8853,1.0578,0.9926,0.9737,0.8337,0.9050,0.8847,0.8590,0.9885,0.9689,0.8744,0.8404,0.9647,0.9654,1.0354,0.9693,0.9891,0.8992,0.9683,0.9312,0.8554,0.8715,0.8748,0.8071,0.8670,0.8243,0.8519,0.8742,0.8152,0.7108,0.7778,1.0210,0.8093,0.8828,0.8985,0.8411,0.9387,0.9071,0.9460,0.8223,0.8171,1.0430,0.8202,1.0333,0.8290,0.8832,0.8186,0.8279
davis_4,0.7803,0.7124,0.7492,0.8318,0.9158,0.8669,0.9767,0.8956,0.7395,0.8554,0.7484,0.8391,0.7112,0.6833,0.6992,0.7963,0.8275,0.8568,0.9493,0.8934,0.8803,0.8882,0.8663,0.8725,0.7798,0.8399,0.8201,0.8170,0.8507,0.8670,0.8976,0.8224,0.9672,0.8663,0.7450,0.8214,0.8657,0.9405,0.9867,0.9200,0.8019,0.8604,0.8512,0.8478,0.7650,0.9192,0.7965,0.8007,0.8473,0.8744,0.8967,0.8580,0.7998,0.9234,0.9219,0.9002,0.8449,0.8159,0.8493,0.9807,0.7571,0.7601,0.8833,0.8259,0.7960,0.9021,0.8814,0.8173,0.6926,0.5985,0.7163,0.0000,0.8907,0.9896,0.9733,1.0362,0.8639,1.0247,0.9317,0.9188,0.8758,0.8506,0.8469,0.8229,0.9620,0.9693,0.8912,0.8168,0.8352,0.8993,0.9328,0.8852,0.9271,0.7873,0.8472,0.9029,0.8525,0.8775,0.9057,0.8493,0.8796,0.8848,0.9211,0.8846,0.8533,0.7714,0.8269,1.0079,0.8244,0.8435,0.8140,0.8008,0.8965,0.9189,0.9226,0.7795,0.7773,1.0889,0.7927,0.9692,0.8630,0.8169,0.7922,0.8630
page_1,0.8265,0.8600,0.9067,1.0398,0.9839,0.9895,0.9956,0.9151,0.9269,1.0029,0.9321,0.8985,0.8772,0.8476,0.8559,0.9128,0.8598,0.8270,1.0081,0.9482,0.8791,0.8611,0.8741,0.9189,0.8275,0.8300,0.8574,0.8963,0.8138,0.8769,0.8495,0.8850,0.9464,0.8984,0.8133,0.8826,0.9165,0.8747,0.9604,0.8640,0.8599,0.8509,0.8874,0.8105,0.7687,0.8645,0.7912,0.8513,0.9048,0.8470,0.8315,0.8344,0.8251,0.7878,0.8162,0.7779,0.8386,0.7779,0.8151,0.9567,0.7227,0.7903,0.7792,0.9509,0.8949,0.9324,0.8699,0.8846,0.8671,0.9043,0.8999,0.8907,0.0000,0.7434,0.7815,0.7662,0.7834,0.9653,0.8615,0.9347,0.8092,0.7594,0.8455,0.8027,0.8163,0.8526,0.8268,0.8752,0.8380,0.9137,0.8681,0.8908,0.8982,0.8109,0.9334,0.8099,0.8787,0.8484,0.9056,0.7998,0.9537,0.8384,0.9076,0.9433,0.9022,0.8397,0.8168,1.1900,0.8029,0.8450,0.9647,0.9057,0.8973,0.9179,1.0399,0.9112,0.8828,1.2206,0.8921,0.9968,0.8915,0.9776,0.8769,0.8900
page_2,0.8574,0.8931,1.0175,1.0595,1.0309,1.0075,1.0686,0.9417,0.9955,1.0031,1.0022,0.9634,0.9572,0.8812,0.8987,0.9873,0.9719,0.9861,1.1686,1.0853,0.9235,0.9465,0.9732,0.9602,0.8968,0.9644,0.9448,0.9693,0.8733,0.8660,0.9200,0.9028,1.0177,0.9861,0.9431,1.0315,1.0538,0.9990,1.0711,0.9966,0.9098,0.9364,1.0116,0.9559,0.9113,0.9967,0.8839,0.8940,1.0404,0.9533,0.9761,0.8572,0.9201,0.8774,0.9002,0.9407,0.9104,0.8017,0.8554,0.8929,0.8199,0.8527,0.9079,1.1214,0.9696,1.0578,1.0290,0.9681,0.9625,1.0566,1.0357,0.9896,0.7434,0.0000,0.6742,0.7543,0.8330,0.8759,0.8096,0.9333,0.9205,0.8742,0.9026,0.8894,0.8491,0.8218,0.8549,0.9420,0.8529,0.9245,0.8316,0.9291,0.9484,0.8956,0.8971,0.9133,0.9328,0.9000,0.9644,0.9113,1.0133,0.9814,1.0311,1.0195,1.0008,0.9948,0.9214,1.3058,0.9160,0.9092,0.9671,0.9414,0.8863,1.0130,1.0331,0.9475,0.9509,1.3531,0.9383,1.0102,0.9698,0.9938,0.9510,0.9694
page_3,0.8741,0.9205,1.0055,1.0923,1.0350,0.9457,1.0520,0.9401,0.9856,0.9375,0.9727,0.9382,0.9484,0.8997,0.9067,0.9258,0.9660,0.9859,1.1089,1.0911,0.8977,0.9036,0.9812,0.9571,0.9064,0.9394,0.9811,1.0134,0.8619,0.9037,0.9009,0.9096,1.0353,0.9936,0.9195,1.0108,1.0591,1.0113,1.0594,1.0176,0.9420,0.9308,1.0011,0.9928,0.8970,0.9992,0.8533,0.8852,0.9938,0.9564,0.9161,0.8912,0.9084,0.8669,0.9343,0.9046,0.9362,0.8079,0.8857,0.7966,0.7899,0.8348,0.9019,1.0858,0.9485,1.0127,0.9600,0.9389,0.9867,1.0140,1.0419,0.9733,0.7815,0.6742,0.0000,0.7694,0.7743,0.8199,0.7647,0.8290,0.9327,0.9324,0.9123,0.9092,0.8552,0.8431,0.9021,0.9507,0.8739,0.8333,0.7760,0.8682,0.9323,0.8627,0.8908,0.8731,0.9413,0.9198,0.9524,0.9102,1.0453,1.0182,1.0167,1.0326,1.0318,0.9866,0.9192,1.3103,0.8815,0.9264,0.9372,0.9194,0.8300,0.9578,1.0099,0.9469,0.9362,1.3137,0.9651,1.0393,0.9893,1.0164,0.9373,0.9856
page_4,0.9447,0.9855,1.0279,1.1785,1.1011,1.0519,1.0449,1.0347,1.0796,1.0461,1.0625,0.9670,0.9790,0.9688,0.9776,1.0023,0.9645,0.9634,1.1386,1.0374,0.9455,0.9547,1.0127,1.0018,0.9296,0.9626,0.9878,1.0580,0.9182,0.9782,0.9809,0.9426,1.0455,1.0252,0.9899,1.0455,1.0463,1.0316,1.0378,1.0064,0.9583,0.9228,1.0263,1.0079,0.9236,1.0029,0.8567,0.9407,0.9845,0.9325,0.9211,0.9114,0.9701,0.8792,0.9473,0.9487,0.9802,0.8346,0.9506,0.9653,0.8487,0.8965,0.8401,1.0824,0.9760,1.0172,0.9481,1.0073,1.0060,1.0699,1.0823,1.0362,0.7662,0.7543,0.7694,0.0000,0.8693,0.9196,0.8530,0.9709,0.9705,0.9609,0.9396,0.9173,0.9037,0.9346,0.9456,0.9935,0.9230,0.9649,0.8889,0.9785,0.9837,0.9511,0.9960,0.9563,0.9485,0.9462,0.9453,0.8867,1.0357,0.9563,1.0177,1.0256,1.0033,1.0115,0.9126,1.2598,0.9333,0.8954,1.0247,0.9908,0.9592,1.0043,1.1194,1.0150,1.0082,1.3702,0.9820,1.0690,1.0027,1.0487,1.0122,1.0013
cable_1,0.7537,0.8076,0.8724,0.9420,0.9183,0.8994,0.9569,0.8512,0.8739,0.9055,0.8444,0.8288,0.8113,0.8067,0.8289,0.8605,0.8635,0.8779,1.0190,0.9700,0.8345,0.8045,0.8416,0.9003,0.7251,0.7752,0.8458,0.8338,0.7063,0.7972,0.8160,0.7678,0.9798,0.8929,0.8537,0.8621,0.9574,0.9478,0.9579,0.9389,0.7898,0.8953,0.8879,0.8372,0.7829,0.9195,0.8301,0.7987,0.8259,0.8445,0.8641,0.8296,0.7600,0.8534,0.8756,0.9249,0.7424,0.7587,0.8053,0.8289,0.7277,0.7481,0.8638,0.9817,0.8236,0.9694,0.9216,0.8615,0.8185,0.9296,0.8853,0.8639,0.7834,0.8330,0.7743,0.8693,0.0000,0.7640,0.7367,0.7960,0.7791,0.8903,0.7706,0.8261,0.8339,0.8324,0.7824,0.8514,0.8181,0.7983,0.7842,0.8225,0.9010,0.8565,0.8297,0.8087,0.7852,0.8372,0.8489,0.8171,0.9184,0.8683,0.9528,0.9379,0.8756,0.8700,0.8019,1.1421,0.7980,0.8875,0.9220,0.8505,0.8087,0.8371,0.9169,0.8648,0.8735,1.2260,0.7734,0.9866,0.8054,0.8536,0.8833,0.8049
cable_2,0.8732,0.9282,1.0370,1.1090,0.9614,0.9638,1.0138,0.8850,1.0065,0.9866,0.9681,0.9581,0.9847,0.9341,0.9262,0.9594,0.9979,1.0283,1.1356,1.0278,1.0169,0.9355,1.0026,1.0329,0.9603,0.9483,1.0475,0.9702,0.8948,0.9832,0.9134,0.9844,1.1263,1.0288,0.9393,1.0338,1.1049,1.0740,1.1273,1.0895,0.9595,1.0576,1.0487,1.0189,0.9257,1.0970,0.9238,0.8809,1.0190,1.0073,0.9896,0.9281,0.9838,0.9619,1.0577,1.0245,0.9066,0.8031,0.9387,0.8785,0.8572,0.8933,0.9457,1.0784,0.9523,1.0880,1.0870,0.9752,1.0132,1.0559,1.0578,1.0247,0.9653,0.8759,0.8199,0.9196,0.7640,0.0000,0.7873,0.7479,0.9750,1.0372,0.9324,0.9991,0.8884,0.9076,0.9281,1.0072,0.8901,0.8738,0.8019,0.9304,0.9281,1.0067,0.9152,0.9582,0.9072,0.9234,1.0142,0.9491,1.0841,1.0119,1.0938,1.0803,1.0541,1.0426,0.9328,1.2449,0.9910,0.9827,0.9952,0.9967,0.8430,0.9604,1.0116,1.0337,1.0630,1.2974,0.9644,1.1675,1.0200,1.0072,1.0661,1.0197
cable_3,0.8350,0.9007,0.9346,1.0221,0.9711,0.9124,1.0356,0.8630,0.9465,0.9571,0.8894,0.8767,0.9095,0.8441,0.8570,0.8725,0.9112,0.9348,1.0817,0.9896,0.9271,0.8555,0.9502,0.9205,0.8247,0.8736,0.9094,0.9291,0.8319,0.8830,0.8180,0.8964,1.0369,0.9562,0.9136,0.9630,1.0078,1.0057,0.9995,1.0001,0.8773,0.9699,0.9766,0.9702,0.8683,0.9657,0.8397,0.8447,0.9952,0.9195,0.9005,0.8879,0.8829,0.8479,0.8994,0.9209,0.8498,0.7413,0.8908,0.7367,0.7780,0.7515,0.9129,1.0182,0.8961,1.0117,0.9480,0.9252,0.9387,0.9781,0.9926,0.9317,0.8615,0.8096,0.7647,0.8530,0.7367,0.7873,0.0000,0.7823,0.9074,0.9612,0.8584,0.8837,0.8168,0.7834,0.8254,0.9097,0.8353,0.8157,0.7614,0.8518,0.9443,0.9263,0.9046,0.8439,0.9033,0.9075,0.9519,0.8849,0.9816,0.9555,1.0100,1.0088,0.9500,0.9809,0.8924,1.2468,0.8777,0.8948,0.9113,0.8988,0.8114,0.8962,0.9825,0.9529,0.9624,1.2493,0.8981,1.0371,0.9196,0.9602,0.9788,0.9201
cable_4,0.8265,0.8497,0.9156,1.0149,0.8639,0.8702,0.9274,0.8383,0.9190,0.8445,0.8697,0.9119,0.9062,0.8405,0.8715,0.8690,0.9525,0.9604,1.0945,1.0113,0.9271,0.9534,0.9583,0.9511,0.8798,0.9380,1.0281,0.9383,0.8274,0.9179,0.9256,0.9383,1.0875,0.9916,0.8553,0.9734,1.0609,1.0759,1.0873,1.0259,0.9372,1.0364,0.9947,0.9486,0.8965,1.0016,0.9098,0.8230,0.9658,1.0147,0.9976,0.8437,0.9192,0.9727,0.9852,1.0416,0.8885,0.7877,0.9099,0.8047,0.8505,0.8570,0.9601,1.0121,0.8833,1.0286,1.0091,0.9169,0.9631,0.9911,0.9737,0.9188,0.9347,0.9333,0.8290,0.9709,0.7960,0.7479,0.7823,0.0000,0.9919,0.9718,0.8898,0.9587,0.9463,0.8889,0.9137,0.9043,0.7959,0.8453,0.8207,0.8081,0.8564,0.8881,0.8488,0.8944,0.8937,0.9559,0.9834,0.9072,0.9714,1.0243,1.0616,1.0323,0.9903,0.9604,0.8918,1.2239,0.9328,0.9159,0.9533,0.9166,0.7501,0.8996,0.9055,0.9305,0.9403,1.2446,0.8650,1.0820,0.9262,0.9127,0.9590,0.9259
eggleston_1,0.7719,0.8103,0.8632,0.9650,0.9814,1.0077,1.0524,0.9174,0.9421,1.0056,0.9215,0.8927,0.8023,0.8193,0.8488,0.9059,0.9000,0.8808,0.9893,0.9946,0.8588,0.8765,0.8985,0.9362,0.8534,0.8408,0.8496,0.7857,0.8281,0.8038,0.8593,0.8516,1.0718,1.0003,0.9086,0.9122,0.9496,1.0037,1.0482,0.9257,0.7922,0.8667,0.9056,0.8691,0.8047,0.9499,0.8522,0.8923,0.9041,0.8954,0.9790,0.9073,0.8448,0.9000,0.9428,0.9366,0.7728,0.8598,0.8122,1.0070,0.7808,0.8596,0.9025,0.9978,0.8649,1.0283,0.9705,0.9110,0.8137,0.8892,0.8337,0.8758,0.8092,0.9205,0.9327,0.9705,0.7791,0.9750,0.9074,0.9919,0.0000,0.8123,0.7882,0.7647,0.8694,0.9235,0.8659,0.8785,0.8915,0.8911,0.9302,0.9145,0.9337,0.8864,0.8761,0.8672,0.8585,0.8377,0.9018,0.8774,0.9785,0.8872,0.9178,0.9411,0.8945,0.8385,0.8698,1.2176,0.8747,0.9165,0.9928,0.9745,0.8995,0.9444,0.9782,0.8723,0.8571,1.2636,0.8126,1.0065,0.8500,0.8646,0.8804,0.8458
eggleston_2,0.8209,0.8402,0.8157,1.0067,0.9334,0.9655,1.0263,0.9612,0.9356,0.9328,0.9085,0.8795,0.8678,0.8472,0.8543,0.9153,0.9158,0.9058,1.0580,1.0210,0.8953,0.8771,0.9256,0.9340,0.8308,0.8707,0.8514,0.8385,0.8352,0.8882,0.8562,0.8480,1.0366,0.9642,0.8748,0.9499,0.9690,1.0288,1.0326,0.9329,0.8367,0.8051,0.9756,0.8826,0.7937,0.9229,0.8620,0.9015,0.9150,0.8871,0.8813,0.8435,0.8557,0.9024,0.8836,0.9062,0.8792,0.8782,0.8620,0.9595,0.7423,0.8633,0.8195,1.0275,0.8686,0.9003,0.8841,0.8934,0.8541,0.8383,0.9050,0.8506,0.7594,0.8742,0.9324,0.9609,0.8903,1.0372,0.9612,0.9718,0.8123,0.0000,0.7591,0.6698,0.8791,0.9292,0.8655,0.8816,0.8244,0.8987,0.9191,0.8902,0.9153,0.8616,0.9019,0.9052,0.9503,0.8953,0.9908,0.9134,1.0024,0.9274,0.9511,0.9882,0.8833,0.8935,0.8533,1.2154,0.7798,0.8515,0.8518,0.9072,0.9193,0.9332,0.9225,0.8297,0.8196,1.3096,0.8123,0.9969,0.8718,0.8752,0.8197,0.8690
eggleston_3,0.7555,0.7843,0.8476,0.9561,0.9533,0.9217,0.9911,0.8781,0.8719,0.9030,0.8398,0.8061,0.7387,0.7443,0.7817,0.8446,0.8508,0.9187,0.9932,0.9601,0.8585,0.8519,0.8640,0.8675,0.8507,0.8459,0.8644,0.8217,0.8010,0.8405,0.8670,0.8447,1.0196,0.9668,0.8744,0.9245,0.9640,0.9711,0.9942,0.9169,0.7583,0.8956,0.8976,0.8277,0.8486,0.9197,0.8629,0.7885,0.8817,0.8612,0.9322,0.8534,0.8059,0.9244,0.9350,0.9704,0.7913,0.8504,0.8113,0.8966,0.7387,0.7873,0.8778,0.9533,0.7637,0.9317,0.8792,0.7524,0.8384,0.8279,0.8847,0.8469,0.8455,0.9026,0.9123,0.9396,0.7706,0.9324,0.8584,0.8898,0.7882,0.7591,0.0000,0.6848,0.8837,0.8702,0.7972,0.8837,0.8469,0.8666,0.8667,0.8693,0.8866,0.8078,0.8634,0.8032,0.8329,0.8002,0.8690,0.8018,0.9480,0.9203,0.9725,0.9327,0.8535,0.8647,0.7869,1.1513,0.7882,0.8696,0.8397,0.8693,0.8090,0.8566,0.8970,0.8225,0.8094,1.2333,0.7464,0.9370,0.7648,0.8541,0.8235,0.7616
eggleston_4,0.7952,0.7588,0.8313,0.9394,0.9758,0.9604,1.0349,0.9132,0.8926,0.9302,0.8854,0.7842,0.7858,0.7678,0.7984,0.8915,0.8167,0.8312,0.9932,0.9491,0.7783,0.8421,0.8715,0.8804,0.8015,0.8089,0.7847,0.8109,0.8059,0.8331,0.8764,0.8031,0.9775,0.8647,0.8430,0.9017,0.9151,0.9420,0.9572,0.8802,0.7363,0.7832,0.8929,0.8413,0.7711,0.8747,0.7866,0.8426,0.8517,0.8337,0.8552,0.8088,0.8106,0.8484,0.8374,0.8385,0.8106,0.8376,0.7953,0.9089,0.7187,0.7678,0.8120,0.9771,0.7870,0.9302,0.8782,0.8409,0.7843,0.8402,0.8590,0.8229,0.8027,0.8894,0.9092,0.9173,0.8261,0.9991,0.8837,0.9587,0.7647,0.6698,0.6848,0.0000,0.8766,0.9199,0.8473,0.8377,0.8323,0.9388,0.8647,0.8819,0.8933,0.8097,0.8450,0.7973,0.8404,0.8285,0.9055,0.7746,0.9555,0.8522,0.9496,0.9408,0.8388,0.8321,0.8340,1.1529,0.7605,0.8340,0.8559,0.8451,0.8848,0.9155,0.9164,0.8128,0.8078,1.2287,0.7625,0.9191,0.8163,0.8370,0.8143,0.8162
twain_1,0.8123,0.8845,0.9651,1.0472,1.0015,0.9911,1.0514,0.8894,0.9983,0.9578,0.9744,0.9190,0.9516,0.8924,0.9600,0.9589,0.8991,0.8802,1.0332,0.9957,0.8875,0.8500,0.8896,0.8565,0.8727,0.8482,0.9234,0.9392,0.8029,0.8359,0.8570,0.8980,0.9117,0.9533,0.9452,0.9468,1.0211,1.0129,1.0136,0.9321,0.9362,0.9454,0.9550,0.9691,0.8743,0.9941,0.8365,0.8782,0.9416,0.8643,0.8788,0.8563,0.8972,0.8743,0.8704,0.8387,0.8804,0.7416,0.8342,0.8841,0.7659,0.8650,0.8797,1.0680,0.9234,0.9959,1.0066,0.9622,0.9285,1.0260,0.9885,0.9620,0.8163,0.8491,0.8552,0.9037,0.8339,0.8884,0.8168,0.9463,0.8694,0.8791,0.8837,0.8766,0.0000,0.7197,0.8188,0.8946,0.8381,0.8567,0.7695,0.8683,0.9257,0.8891,0.8903,0.8789,0.9197,0.9472,0.9590,0.8696,0.9997,0.8999,0.9987,0.9650,0.9271,0.8934,0.8643,1.2611,0.8836,0.8667,0.9476,0.9195,0.8750,0.8672,1.0034,0.9224,0.9227,1.2616,0.9254,1.0763,0.9611,0.9887,0.9189,0.9571
twain_2,0.8243,0.9043,0.9717,1.0342,0.9886,0.9599,1.0468,0.8595,0.9796,0.8981,0.9466,0.8985,0.8990,0.9120,0.9253,0.9411,0.9415,0.9173,1.0990,1.0504,0.9032,0.9137,0.8990,0.8791,0.8763,0.8530,0.9662,0.9980,0.7894,0.8511,0.8429,0.8654,0.9967,0.9920,0.9240,1.0327,1.0496,1.0193,1.0079,0.9310,0.9205,0.9552,1.0013,0.9510,0.9048,1.0331,0.8822,0.8575,0.9663,0.8980,0.8899,0.8377,0.9132,0.9034,0.9342,0.9325,0.8574,0.7308,0.8378,0.7970,0.8291,0.8513,0.9067,1.0959,0.9353,1.0231,1.0630,0.9893,0.9330,1.0338,0.9689,0.9693,0.8526,0.8218,0.8431,0.9346,0.8324,0.9076,0.7834,0.8889,0.9235,0.9292,0.8702,0.9199,0.7197,0.0000,0.7852,0.8969,0.7959,0.7740,0.7739,0.7726,0.9184,0.8830,0.9031,0.9438,0.9739,0.9502,0.9707,0.9257,0.9476,0.9208,0.9852,1.0003,0.9207,0.9387,0.9090,1.2627,0.8975,0.9181,0.9629,0.9178,0.8301,0.8862,1.0137,0.9327,0.9201,1.3036,0.9250,1.0763,0.9880,0.9605,0.9340,0.9851
twain_3,0.8130,0.8302,0.8901,0.9772,0.9543,0.9475,0.9892,0.8451,0.9070,0.8887,0.8937,0.8543,0.8060,0.8396,0.8513,0.9125,0.8509,0.8665,0.9534,0.9583,0.8439,0.8547,0.7967,0.8600,0.7924,0.8153,0.8826,0.8351,0.7542,0.7554,0.7990,0.8183,1.0031,0.8996,0.8638,0.8918,0.9575,0.9612,0.9010,0.8849,0.7458,0.9109,0.8500,0.8158,0.8656,0.9504,0.8465,0.8401,0.8765,0.8289,0.8825,0.8583,0.7887,0.8688,0.8632,0.8911,0.7739,0.7967,0.8443,0.8665,0.7800,0.7547,0.8743,0.9895,0.8660,0.9588,0.9233,0.8833,0.8722,0.9153,0.8744,0.8912,0.8268,0.8549,0.9021,0.9456,0.7824,0.9281,0.8254,0.9137,0.8659,0.8655,0.7972,0.8473,0.8188,0.7852,0.0000,0.8116,0.8243,0.7962,0.8066,0.7997,0.8618,0.8125,0.8782,0.9130,0.8779,0.8929,0.9081,0.8638,0.9095,0.8799,0.9529,0.9201,0.8370,0.8465,0.8088,1.1491,0.8708,0.8264,0.8869,0.9042,0.8533,0.8845,0.9058,0.8528,0.8647,1.2066,0.8305,1.0273,0.8801,0.8955,0.8615,0.8762
twain_4,0.7615,0.7850,0.7980,0.8209,0.9176,0.9226,0.9707,0.8167,0.8533,0.8617,0.7936,0.8541,0.7790,0.8107,0.8127,0.8629,0.7780,0.8356,0.8459,0.9560,0.8167,0.7878,0.7861,0.8850,0.7410,0.7716,0.8740,0.7628,0.7669,0.7674,0.8440,0.7282,0.9495,0.9097,0.8312,0.7929,0.8948,0.9364,0.8941,0.8412,0.7635,0.8323,0.7773,0.7937,0.8255,0.9334,0.8574,0.8747,0.8795,0.8478,0.8887,0.8981,0.7681,0.9006,0.8561,0.8604,0.7886,0.8713,0.8407,0.9589,0.7812,0.8189,0.9086,0.9748,0.8549,0.9312,0.8882,0.8825,0.7865,0.8418,0.8404,0.8168,0.8752,0.9420,0.9507,0.9935,0.8514,1.0072,0.9097,0.9043,0.8785,0.8816,0.8837,0.8377,0.8946,0.8969,0.8116,0.0000,0.8654,0.8824,0.9110,0.8156,0.8862,0.8540,0.8500,0.8938,0.8711,0.8509,0.9013,0.8385,0.9221,0.9008,0.9451,0.9699,0.7872,0.7711,0.7791,1.1639,0.8298,0.8569,0.8548,0.8562,0.9241,0.8596,0.9218,0.7965,0.7959,1.1824,0.8130,1.0582,0.8463,0.8727,0.8093,0.8459
twain_letters_1,0.7812,0.8159,0.8551,0.9254,0.8070,0.7994,0.8749,0.7718,0.8926,0.7936,0.8436,0.8464,0.8552,0.8157,0.7804,0.8325,0.9328,0.9543,1.0671,0.9920,0.8223,0.9047,0.9085,0.9014,0.8538,0.9195,0.9317,0.8459,0.7745,0.8152,0.8677,0.8426,1.0182,0.9468,0.8073,0.9370,1.0289,1.0041,1.0117,0.9758,0.8510,0.8936,0.9190,0.8440,0.8824,0.9792,0.8408,0.8085,0.9461,0.9163,0.9350,0.8309,0.8671,0.9187,0.9209,0.9211,0.7620,0.7332,0.8275,0.8021,0.7925,0.8262,0.9079,1.0319,0.8746,1.0304,0.9882,0.8910,0.8696,0.8599,0.9647,0.8352,0.8380,0.8529,0.8739,0.9230,0.8181,0.8901,0.8353,0.7959,0.8915,0.8244,0.8469,0.8323,0.8381,0.7959,0.8243,0.8654,0.0000,0.6982,0.7494,0.6867,0.7842,0.8172,0.7628,0.8892,0.9123,0.8686,0.9328,0.9107,0.9201,0.9181,0.9450,0.9671,0.9111,0.8789,0.8447,1.2160,0.8642,0.8135,0.9303,0.8904,0.7670,0.8025,0.8613,0.8077,0.8194,1.2430,0.8086,0.9688,0.8773,0.8412,0.8232,0.8774
twain_letters_2,0.7651,0.8381,0.8887,1.0174,0.8134,0.8451,0.8858,0.7860,0.9015,0.8138,0.8477,0.8961,0.8764,0.8730,0.9021,0.8724,0.9509,0.9368,1.0854,1.0567,0.8479,0.8944,0.8805,0.8683,0.8741,0.8959,0.9609,0.9213,0.7888,0.8458,0.8085,0.8139,1.0254,0.9772,0.9041,0.9730,1.0401,1.0148,1.0160,0.9966,0.8832,0.9386,0.9944,0.9177,0.8528,0.9855,0.8579,0.8488,0.9569,0.8510,0.9024,0.8677,0.8749,0.8721,0.9364,0.9360,0.7734,0.7591,0.8443,0.7930,0.8024,0.7994,0.9500,1.0598,0.8701,1.0807,1.0174,0.8864,0.9123,0.9353,0.9654,0.8993,0.9137,0.9245,0.8333,0.9649,0.7983,0.8738,0.8157,0.8453,0.8911,0.8987,0.8666,0.9388,0.8567,0.7740,0.7962,0.8824,0.6982,0.0000,0.7111,0.7394,0.7943,0.8192,0.8067,0.9292,0.9026,0.9418,0.9334,0.8958,0.9706,0.9716,0.9839,0.9898,0.8937,0.9122,0.8315,1.2526,0.9116,0.8758,0.9045,0.9418,0.7945,0.8740,0.8915,0.8472,0.8654,1.2843,0.8218,1.0712,0.9036,0.8821,0.8835,0.9002
twain_letters_3,0.8390,0.8839,0.9931,1.0491,0.9249,0.8959,0.9737,0.7976,0.9283,0.8940,0.8949,0.9287,0.9276,0.8637,0.9152,0.9086,0.9461,0.9833,1.1085,1.0490,0.8926,0.8938,0.9396,0.9082,0.8950,0.8765,0.9393,0.9329,0.8000,0.8998,0.8652,0.8827,1.0409,0.9862,0.9146,0.9850,1.0646,0.9847,1.0488,1.0235,0.9023,0.9966,1.0027,0.9399,0.9036,1.0112,0.8601,0.8048,0.9700,0.8811,0.9330,0.8175,0.9009,0.8874,0.9591,0.9606,0.8157,0.6911,0.8336,0.8067,0.8045,0.8456,0.9099,1.0784,0.8744,1.0690,1.0272,0.9405,0.9584,0.9907,1.0354,0.9328,0.8681,0.8316,0.7760,0.8889,0.7842,0.8019,0.7614,0.8207,0.9302,0.9191,0.8667,0.8647,0.7695,0.7739,0.8066,0.9110,0.7494,0.7111,0.0000,0.7313,0.8396,0.8765,0.8047,0.8453,0.9044,0.9260,0.8934,0.8493,1.0158,0.9532,0.9986,1.0042,0.9521,0.9411,0.8879,1.2595,0.9395,0.8976,0.9458,0.9736,0.8295,0.9035,0.9147,0.9171,0.9190,1.2512,0.8528,1.0009,0.9037,0.9021,0.9320,0.9006
twain_letters_4,0.7634,0.8527,0.9052,0.9532,0.8003,0.8191,0.8561,0.7710,0.8826,0.7855,0.8316,0.8926,0.8581,0.8793,0.8309,0.8797,0.9479,0.9894,1.0879,1.0442,0.8586,0.9107,0.8910,0.9100,0.8748,0.8717,0.9528,0.8557,0.7487,0.8960,0.8478,0.8599,1.0484,0.9486,0.8624,0.9505,1.0396,0.9712,1.0080,0.9880,0.8599,0.9440,0.9241,0.9334,0.9121,1.0180,0.8546,0.8297,0.9508,0.9047,0.9187,0.7810,0.8897,0.8840,0.9570,0.9793,0.7919,0.8031,0.8347,0.8032,0.8224,0.7988,0.9156,1.0374,0.8586,0.9939,0.9865,0.8629,0.9022,0.8997,0.9693,0.8852,0.8908,0.9291,0.8682,0.9785,0.8225,0.9304,0.8518,0.8081,0.9145,0.8902,0.8693,0.8819,0.8683,0.7726,0.7997,0.8156,0.6867,0.7394,0.7313,0.0000,0.7746,0.8131,0.7759,0.8860,0.8982,0.8886,0.9335,0.9372,0.9586,0.9454,1.0016,0.9804,0.8609,0.8537,0.8489,1.2125,0.8707,0.8490,0.8971,0.8499,0.7709,0.8544,0.8302,0.8470,0.8628,1.2664,0.8213,1.0081,0.8812,0.8731,0.8625,0.8821
lee_1,0.8376,0.8066,0.8921,1.0117,0.7762,0.8112,0.8881,0.7936,0.8609,0.7709,0.8026,0.8981,0.8520,0.8671,0.8851,0.9416,0.9216,0.9519,1.0792,1.0388,0.9011,0.9215,0.9264,0.9161,0.8753,0.9020,0.9346,0.8593,0.8583,0.9161,0.8916,0.8687,1.0677,0.9823,0.8310,0.9745,1.0866,1.0350,1.0302,0.9605,0.8828,0.9722,0.9701,0.8789,0.8925,1.0049,0.8883,0.8314,0.9561,0.9173,0.9481,0.8114,0.8419,0.9538,0.9874,1.0215,0.8179,0.8488,0.8555,0.9267,0.8488,0.8600,0.9399,1.0336,0.7923,1.0531,1.0127,0.8882,0.9512,0.9633,0.9891,0.9271,0.8982,0.9484,0.9323,0.9837,0.9010,0.9281,0.9443,0.8564,0.9337,0.9153,0.8866,0.8933,0.9257,0.9184,0.8618,0.8862,0.7842,0.7943,0.8396,0.7746,0.0000,0.7863,0.7134,0.9002,0.9017,0.9154,0.9339,0.8699,1.0255,1.0027,1.0323,1.0335,0.9776,0.9234,0.8884,1.2165,0.9127,0.9022,0.9346,0.8811,0.8125,0.9680,0.8562,0.8518,0.8692,1.3210,0.8305,1.0345,0.8766,0.8775,0.8861,0.8741
lee_2,0.7654,0.6976,0.8306,0.9816,0.8674,0.8497,0.9231,0.8688,0.7966,0.7918,0.8081,0.8603,0.7828,0.7859,0.8264,0.8815,0.9030,0.8868,1.0291,0.9695,0.8543,0.9123,0.8822,0.9111,0.8179,0.8757,0.8576,0.8696,0.8300,0.8123,0.8807,0.8403,0.9755,0.9436,0.7976,0.8806,0.9381,0.9207,0.9782,0.9205,0.8742,0.8969,0.8974,0.8596,0.8439,0.9597,0.8219,0.8475,0.8802,0.8817,0.8921,0.7857,0.7993,0.8627,0.9015,0.9160,0.7865,0.8481,0.8236,0.9013,0.7509,0.7723,0.8300,0.9488,0.7586,0.9079,0.9084,0.7493,0.8266,0.8972,0.8992,0.7873,0.8109,0.8956,0.8627,0.9511,0.8565,1.0067,0.9263,0.8881,0.8864,0.8616,0.8078,0.8097,0.8891,0.8830,0.8125,0.8540,0.8172,0.8192,0.8765,0.8131,0.7863,0.0000,0.7787,0.8350,0.8222,0.8474,0.8799,0.8162,0.9511,0.8834,0.9446,0.9319,0.8659,0.8509,0.7971,1.1699,0.8140,0.8963,0.8105,0.8414,0.8616,0.9329,0.9119,0.8452,0.8676,1.2370,0.8155,0.9723,0.8531,0.8716,0.8688,0.8494
lee_3,0.7661,0.7581,0.8302,0.9146,0.7469,0.7424,0.8549,0.8002,0.7917,0.7331,0.7640,0.8535,0.8129,0.8183,0.8176,0.8927,0.8813,0.9591,1.0211,0.9973,0.8136,0.8830,0.8550,0.8907,0.8049,0.8433,0.8826,0.7883,0.7974,0.8239,0.8723,0.8182,1.0232,0.9306,0.7982,0.8917,0.9813,0.9888,1.0323,0.9657,0.8150,0.9063,0.8985,0.8308,0.8398,1.0198,0.8487,0.8127,0.8990,0.9245,0.9567,0.8278,0.8597,0.9355,0.9949,0.9941,0.7628,0.8036,0.8402,0.8909,0.8133,0.8413,0.9068,1.0019,0.7996,0.9999,0.9627,0.8515,0.8513,0.9110,0.9683,0.8472,0.9334,0.8971,0.8908,0.9960,0.8297,0.9152,0.9046,0.8488,0.8761,0.9019,0.8634,0.8450,0.8903,0.9031,0.8782,0.8500,0.7628,0.8067,0.8047,0.7759,0.7134,0.7787,0.0000,0.8800,0.8575,0.8683,0.9013,0.8535,0.9347,0.9872,1.0145,0.9612,0.8759,0.8406,0.8508,1.1944,0.8867,0.9034,0.9001,0.8517,0.8133,0.9381,0.8310,0.8213,0.8369,1.2630,0.7978,1.0141,0.8397,0.8496,0.8592,0.8405
lee_4,0.7625,0.8033,0.8679,1.0030,1.0242,0.9846,1.0667,0.8958,0.9866,0.9507,0.9081,0.8653,0.8234,0.8272,0.8321,0.8489,0.8776,0.8703,0.9969,0.9486,0.8753,0.8307,0.8955,0.8504,0.7914,0.8651,0.8579,0.8549,0.8328,0.8709,0.9352,0.8586,1.0352,1.0145,0.8806,0.9181,0.9412,0.9376,1.0060,0.9285,0.8355,0.8781,0.9132,0.8627,0.8351,0.9176,0.8230,0.8291,0.9465,0.8653,0.9234,0.8549,0.7944,0.8393,0.8672,0.9229,0.7963,0.8005,0.8187,0.9459,0.7724,0.7863,0.8814,0.9142,0.8005,0.9095,0.9016,0.8194,0.8738,0.8904,0.9312,0.9029,0.8099,0.9133,0.8731,0.9563,0.8087,0.9582,0.8439,0.8944,0.8672,0.9052,0.8032,0.7973,0.8789,0.9438,0.9130,0.8938,0.8892,0.9292,0.8453,0.8860,0.9002,0.8350,0.8800,0.0000,0.8007,0.8014,0.8231,0.7894,0.9766,0.8969,0.9250,0.9692,0.9236,0.8669,0.8155,1.1731,0.8115,0.8771,0.9166,0.9154,0.8527,0.9155,0.9588,0.9239,0.9176,1.2001,0.8458,0.9809,0.8605,0.9176,0.9262,0.8607
cabell_1,0.8031,0.8282,0.8498,1.0006,0.9119,0.9372,1.0005,0.8606,0.9005,0.9537,0.8047,0.8208,0.7975,0.8267,0.8183,0.8960,0.8113,0.8768,0.9382,0.8809,0.8316,0.8269,0.8288,0.8419,0.7240,0.8143,0.8309,0.8178,0.7930,0.8750,0.8825,0.8072,1.0112,0.9162,0.8599,0.7793,0.8972,0.8998,0.9427,0.9064,0.7995,0.8478,0.8645,0.8384,0.8729,0.9087,0.8480,0.8342,0.8455,0.8273,0.8584,0.9051,0.7878,0.8719,0.8946,0.9074,0.7867,0.7874,0.8129,1.0287,0.7560,0.7327,0.8302,0.8626,0.8411,0.9405,0.9232,0.8025,0.8370,0.9000,0.8554,0.8525,0.8787,0.9328,0.9413,0.9485,0.7852,0.9072,0.9033,0.8937,0.8585,0.9503,0.8329,0.8404,0.9197,0.9739,0.8779,0.8711,0.9123,0.9026,0.9044,0.8982,0.9017,0.8222,0.8575,0.8007,0.0000,0.6409,0.6524,0.6543,0.8486,0.8118,0.8914,0.8859,0.8885,0.7820,0.7774,1.0910,0.8475,0.9106,0.9333,0.8858,0.8949,0.9541,0.9604,0.8375,0.8397,1.1702,0.7924,0.9796,0.7780,0.9115,0.8499,0.7778
cabell_2,0.7745,0.7837,0.8926,0.9970,0.9565,0.9946,1.0279,0.8813,0.9173,0.9394,0.8432,0.8558,0.7917,0.7968,0.8244,0.8851,0.8524,0.8747,0.9178,0.9211,0.8374,0.8194,0.8121,0.8623,0.8002,0.8797,0.8436,0.8261,0.8406,0.8673,0.8570,0.8643,1.0130,0.9338,0.8738,0.8662,0.8924,0.9824,0.9504,0.9211,0.7765,0.8728,0.8671,0.8236,0.8652,0.9901,0.8502,0.8655,0.8807,0.8850,0.9387,0.9265,0.8075,0.8883,0.8879,0.9198,0.7325,0.7931,0.8104,1.0338,0.7873,0.7895,0.8915,0.8687,0.8303,0.9624,0.9131,0.8150,0.8019,0.8716,0.8715,0.8775,0.8484,0.9000,0.9198,0.9462,0.8372,0.9234,0.9075,0.9559,0.8377,0.8953,0.8002,0.8285,0.9472,0.9502,0.8929,0.8509,0.8686,0.9418,0.9260,0.8886,0.9154,0.8474,0.8683,0.8014,0.6409,0.0000,0.6637,0.5874,0.8442,0.8035,0.8063,0.8294,0.7836,0.7556,0.7511,1.0846,0.8300,0.8726,0.9238,0.9082,0.9440,0.9472,0.9058,0.8574,0.8780,1.1798,0.7786,0.9709,0.7774,0.8700,0.8717,0.7779
cabell_3,0.8274,0.8561,0.9163,1.0082,0.9774,0.9984,1.0522,0.8633,0.9142,0.9874,0.8386,0.8919,0.8655,0.8986,0.8825,0.9852,0.8150,0.8842,0.9727,0.9247,0.8594,0.8384,0.8279,0.8770,0.7985,0.8616,0.8658,0.8703,0.8268,0.8459,0.8990,0.8690,1.0317,0.9838,0.9288,0.8733,0.9127,0.9678,1.0064,0.9412,0.8630,0.9078,0.9062,0.8601,0.9241,0.9885,0.8838,0.9159,0.8564,0.8526,0.8961,0.9034,0.8519,0.8977,0.9176,0.9571,0.8230,0.8245,0.8583,1.0534,0.7715,0.7803,0.9320,0.8072,0.8685,0.9563,0.9579,0.8480,0.8521,0.9635,0.8748,0.9057,0.9056,0.9644,0.9524,0.9453,0.8489,1.0142,0.9519,0.9834,0.9018,0.9908,0.8690,0.9055,0.9590,0.9707,0.9081,0.9013,0.9328,0.9334,0.8934,0.9335,0.9339,0.8799,0.9013,0.8231,0.6524,0.6637,0.0000,0.6583,0.8194,0.8062,0.8419,0.8657,0.9179,0.7543,0.8033,1.0337,0.8721,0.8987,0.9678,0.9171,0.9525,0.9863,0.9391,0.8531,0.8615,1.1624,0.8375,1.0346,0.7985,0.9478,0.8575,0.7987
cabell_4,0.7887,0.7951,0.8885,0.9923,0.9370,0.8977,0.9721,0.8450,0.8637,0.8830,0.7957,0.8705,0.7880,0.7842,0.8761,0.9008,0.7836,0.8113,0.9181,0.8529,0.8573,0.7990,0.8126,0.8046,0.7380,0.8019,0.7933,0.8021,0.8432,0.8381,0.8673,0.8401,0.9474,0.9382,0.8647,0.8370,0.8548,0.9314,0.9172,0.8877,0.8111,0.8748,0.8353,0.8274,0.8188,0.9420,0.8398,0.8186,0.7788,0.7950,0.9044,0.8645,0.7518,0.8677,0.8681,0.8423,0.7956,0.7791,0.7728,0.9814,0.7363,0.7688,0.8400,0.8128,0.8383,0.9403,0.8697,0.7727,0.8008,0.8652,0.8071,0.8493,0.7998,0.9113,0.9102,0.8867,0.8171,0.9491,0.8849,0.9072,0.8774,0.9134,0.8018,0.7746,0.8696,0.9257,0.8638,0.8385,0.9107,0.8958,0.8493,0.9372,0.8699,0.8162,0.8535,0.7894,0.6543,0.5874,0.6583,0.0000,0.8021,0.7623,0.8148,0.8022,0.8248,0.7530,0.7501,1.0162,0.8197,0.8180,0.8809,0.8584,0.8826,0.9375,0.9125,0.8505,0.8482,1.1358,0.7872,0.9531,0.7737,0.8980,0.8487,0.7732
christian_1,0.8747,0.8766,0.9436,1.0380,0.9913,1.0509,1.0104,0.9453,0.9506,0.9847,0.9405,0.9015,0.8492,0.8935,0.9204,0.9573,0.8678,0.9006,1.0013,0.9105,0.9160,0.8829,0.8688,0.8924,0.7977,0.9092,0.8403,0.9052,0.8848,0.8944,0.8922,0.8808,1.0189,0.9998,0.9412,0.9543,0.9103,1.0519,0.9774,0.9113,0.8665,0.9484,0.9001,0.8974,0.9292,1.0121,0.8793,0.9264,0.8581,0.8557,0.9143,0.9068,0.8725,0.9436,0.9420,0.9612,0.8206,0.8935,0.8516,1.0150,0.7944,0.8570,0.9222,0.8860,0.9450,0.9540,0.9427,0.8939,0.8986,0.9260,0.8670,0.8796,0.9537,1.0133,1.0453,1.0357,0.9184,1.0841,0.9816,0.9714,0.9785,1.0024,0.9480,0.9555,0.9997,0.9476,0.9095,0.9221,0.9201,0.9706,1.0158,0.9586,1.0255,0.9511,0.9347,0.9766,0.8486,0.8442,0.8194,0.8021,0.0000,0.7673,0.8549,0.7551,0.8727,0.8445,0.8408,1.0136,0.9010,0.8892,0.9437,0.8794,0.9811,0.9719,0.9977,0.8922,0.8878,1.1688,0.8466,1.0537,0.8832,0.9238,0.8828,0.8840
christian_2,0.8667,0.8766,0.9259,1.0997,1.0276,1.0285,1.0016,0.9448,0.9617,0.9899,0.9473,0.8809,0.8495,0.9065,0.9020,0.9420,0.8705,0.8744,1.0187,0.8960,0.8958,0.8679,0.8968,0.8701,0.7992,0.8364,0.9011,0.9166,0.9225,0.9002,0.9021,0.8827,0.9672,0.9319,0.9540,0.9005,0.9239,0.9856,0.9500,0.9146,0.8452,0.9099,0.9374,0.9224,0.9172,0.9673,0.8885,0.9125,0.8707,0.8575,0.9344,0.8810,0.8782,0.8732,0.9018,0.9107,0.9019,0.8572,0.8690,1.0537,0.7811,0.8358,0.8633,0.8558,0.9198,0.9784,0.9511,0.9185,0.8597,0.9453,0.8243,0.8848,0.8384,0.9814,1.0182,0.9563,0.8683,1.0119,0.9555,1.0243,0.8872,0.9274,0.9203,0.8522,0.8999,0.9208,0.8799,0.9008,0.9181,0.9716,0.9532,0.9454,1.0027,0.8834,0.9872,0.8969,0.8118,0.8035,0.8062,0.7623,0.7673,0.0000,0.6042,0.6808,0.8205,0.7839,0.8528,0.9739,0.8231,0.8194,0.9355,0.8764,0.9703,0.9674,1.0405,0.8849,0.8821,1.1928,0.8756,1.0451,0.8604,0.9724,0.8784,0.8586
christian_3,0.9006,0.8983,0.9696,1.0888,1.0503,1.0443,1.0519,0.9918,0.9510,0.9919,0.9503,0.9013,0.8503,0.9096,0.9383,0.9614,0.9254,0.9113,1.0191,0.9223,0.9409,0.9571,0.9281,0.9113,0.8255,0.9311,0.8997,0.9657,0.9594,0.9479,0.9460,0.9682,0.9632,0.9541,0.9825,0.9276,0.9598,0.9913,1.0137,0.9870,0.9223,0.9064,0.9637,0.9388,0.9320,0.9872,0.8911,0.9803,0.8960,0.9166,0.9335,0.9631,0.8998,0.8923,0.9368,0.9330,0.9370,0.8870,0.9184,1.1013,0.7849,0.8578,0.9158,0.8830,0.9674,0.9466,0.9237,0.9264,0.8961,0.9083,0.8519,0.9211,0.9076,1.0311,1.0167,1.0177,0.9528,1.0938,1.0100,1.0616,0.9178,0.9511,0.9725,0.9496,0.9987,0.9852,0.9529,0.9451,0.9450,0.9839,0.9986,1.0016,1.0323,0.9446,1.0145,0.9250,0.8914,0.8063,0.8419,0.8148,0.8549,0.6042,0.0000,0.6621,0.8793,0.8254,0.8580,0.8904,0.8452,0.8219,0.9387,0.9342,1.0103,1.0172,1.0799,0.9582,0.9439,1.2126,0.9542,1.0819,0.9527,1.0246,0.9484,0.9515
christian_4,0.9240,0.9155,0.9607,1.0825,0.9903,0.9861,1.0046,0.9924,0.9669,0.9905,0.9318,0.9484,0.8282,0.8993,0.9142,0.9450,0.9006,0.9207,1.0210,0.9383,0.9588,0.9452,0.9137,0.8856,0.8103,0.9210,0.8734,0.9638,0.9700,0.9524,0.9527,0.9420,1.0200,0.9734,0.9691,0.9335,0.9670,1.0237,0.9863,0.9654,0.9110,0.9674,0.9337,0.9365,0.9349,1.0259,0.9299,0.9346,0.8799,0.9384,0.9121,0.9550,0.9205,0.9129,0.9405,0.9361,0.9221,0.8743,0.9286,1.0678,0.8042,0.8600,0.9448,0.9219,0.9468,0.9768,0.9156,0.9382,0.8696,0.8971,0.8742,0.8846,0.9433,1.0195,1.0326,1.0256,0.9379,1.0803,1.0088,1.0323,0.9411,0.9882,0.9327,0.9408,0.9650,1.0003,0.9201,0.9699,0.9671,0.9898,1.0042,0.9804,1.0335,0.9319,0.9612,0.9692,0.8859,0.8294,0.8657,0.8022,0.7551,0.6808,0.6621,0.0000,0.8874,0.7954,0.8270,0.9805,0.8945,0.8268,0.9953,0.8975,0.9720,1.0451,1.0718,0.9383,0.9318,1.2251,0.9287,1.1036,0.9098,0.9994,0.9324,0.9079
pollock_1,0.8370,0.7347,0.8449,0.9157,0.9740,0.9314,0.9660,0.8750,0.8850,0.9146,0.9055,0.9013,0.8025,0.8368,0.8567,0.8823,0.7593,0.8191,0.8950,0.9087,0.8157,0.8687,0.7587,0.8645,0.7652,0.7995,0.8754,0.8153,0.8285,0.8357,0.9083,0.7949,0.9819,0.9266,0.9049,0.8570,0.8886,0.9978,0.8396,0.8754,0.8051,0.8306,0.7891,0.8152,0.8751,0.9634,0.8893,0.8684,0.8896,0.8787,0.9536,0.9104,0.7836,0.9080,0.8902,0.9155,0.7601,0.8398,0.8575,0.9613,0.7905,0.8259,0.8831,0.9095,0.8425,0.9406,0.9004,0.8703,0.7932,0.8815,0.8152,0.8533,0.9022,1.0008,1.0318,1.0033,0.8756,1.0541,0.9500,0.9903,0.8945,0.8833,0.8535,0.8388,0.9271,0.9207,0.8370,0.7872,0.9111,0.8937,0.9521,0.8609,0.9776,0.8659,0.8759,0.9236,0.8885,0.7836,0.9179,0.8248,0.8727,0.8205,0.8793,0.8874,0.0000,0.7399,0.7174,1.0502,0.8552,0.8804,0.8714,0.8550,0.8687,0.8571,0.9284,0.8788,0.8864,1.1556,0.8118,1.0198,0.8132,0.8820,0.8894,0.8140
pollock_2,0.7807,0.7353,0.8119,0.8968,0.9206,0.9552,0.9856,0.9153,0.8184,0.8710,0.7923,0.8645,0.7961,0.7750,0.7998,0.8479,0.6677,0.7539,0.7448,0.8143,0.7480,0.8127,0.7417,0.8055,0.6632,0.7643,0.8009,0.7271,0.8201,0.7966,0.8689,0.7624,0.9438,0.8447,0.8545,0.7536,0.8072,0.8973,0.8353,0.8187,0.7058,0.7751,0.6718,0.7191,0.8381,0.9189,0.8444,0.8455,0.7300,0.7910,0.8252,0.8418,0.7642,0.8419,0.8399,0.8034,0.7606,0.8048,0.7803,0.9874,0.7205,0.7524,0.8493,0.7912,0.8501,0.8561,0.8795,0.8296,0.7193,0.7977,0.7108,0.7714,0.8397,0.9948,0.9866,1.0115,0.8700,1.0426,0.9809,0.9604,0.8385,0.8935,0.8647,0.8321,0.8934,0.9387,0.8465,0.7711,0.8789,0.9122,0.9411,0.8537,0.9234,0.8509,0.8406,0.8669,0.7820,0.7556,0.7543,0.7530,0.8445,0.7839,0.8254,0.7954,0.7399,0.0000,0.7201,0.9362,0.7873,0.7821,0.7973,0.8203,0.9019,0.8727,0.9085,0.7843,0.7859,1.0594,0.7628,0.9767,0.7771,0.8303,0.7886,0.7761
pollock_3,0.7904,0.7551,0.8336,0.9223,0.9399,0.9131,0.9128,0.8488,0.8765,0.8389,0.8300,0.8719,0.7879,0.7788,0.7990,0.8408,0.8135,0.8444,0.9121,0.8906,0.8644,0.8325,0.7830,0.8390,0.7294,0.7968,0.7982,0.7801,0.8106,0.7927,0.8431,0.8041,0.9747,0.9190,0.8490,0.8324,0.8812,0.9764,0.8794,0.8813,0.7580,0.8499,0.8358,0.7967,0.8023,0.9206,0.7904,0.8296,0.8659,0.8414,0.8798,0.8240,0.7445,0.8178,0.8440,0.8575,0.7629,0.7946,0.8125,0.9382,0.7589,0.7958,0.8463,0.9031,0.8112,0.8871,0.8533,0.8020,0.7834,0.8006,0.7778,0.8269,0.8168,0.9214,0.9192,0.9126,0.8019,0.9328,0.8924,0.8918,0.8698,0.8533,0.7869,0.8340,0.8643,0.9090,0.8088,0.7791,0.8447,0.8315,0.8879,0.8489,0.8884,0.7971,0.8508,0.8155,0.7774,0.7511,0.8033,0.7501,0.8408,0.8528,0.8580,0.8270,0.7174,0.7201,0.0000,1.0897,0.7358,0.8036,0.8410,0.8271,0.8720,0.8660,0.8611,0.8049,0.8085,1.1550,0.7544,1.0119,0.7389,0.8665,0.8014,0.7393
pollock_4,1.1116,1.0970,1.1887,1.2285,1.2387,1.2319,1.1791,1.2364,1.0486,1.1456,1.1492,1.1502,1.0858,1.1451,1.1213,1.1656,1.0216,1.1091,1.1400,0.9389,1.1540,1.1483,1.0841,1.1983,1.0305,1.1291,1.1173,1.0896,1.1448,1.1636,1.2657,1.1498,1.2035,1.0871,1.1459,1.0327,1.0281,1.2150,1.2057,1.1871,1.1293,1.1871,1.1368,1.1379,1.1560,1.2220,1.1603,1.1717,1.0652,1.1063,1.2011,1.2024,1.1072,1.1666,1.1994,1.2003,1.1183,1.0226,1.1509,1.2802,1.0675,1.1047,1.1201,0.8486,1.1042,1.1448,1.1060,1.0682,1.0347,1.0655,1.0210,1.0079,1.1900,1.3058,1.3103,1.2598,1.1421,1.2449,1.2468,1.2239,1.2176,1.2154,1.1513,1.1529,1.2611,1.2627,1.1491,1.1639,1.2160,1.2526,1.2595,1.2125,1.2165,1.1699,1.1944,1.1731,1.0910,1.0846,1.0337,1.0162,1.0136,0.9739,0.8904,0.9805,1.0502,0.9362,1.0897,0.0000,1.1402,1.0849,1.0819,1.1115,1.2422,1.2502,1.2532,1.1313,1.1273,1.2060,1.1235,1.2362,1.1480,1.1658,1.1339,1.1481
shsp_1,0.7913,0.7819,0.8270,0.9287,0.9544,0.9704,0.9915,0.8670,0.9232,0.8950,0.8759,0.8105,0.8463,0.8083,0.8345,0.8668,0.8078,0.7882,0.9557,0.9141,0.8589,0.8144,0.8384,0.8379,0.7454,0.8047,0.7759,0.8339,0.8242,0.8881,0.8602,0.8352,0.9774,0.9022,0.8534,0.8339,0.8908,0.9007,0.9154,0.8705,0.7749,0.7993,0.8426,0.8022,0.7687,0.9077,0.7926,0.8624,0.8380,0.8069,0.8337,0.8605,0.8008,0.8314,0.8477,0.8617,0.8465,0.8394,0.8390,0.9469,0.7438,0.7878,0.7831,0.9436,0.8410,0.7678,0.8142,0.8140,0.7766,0.8576,0.8093,0.8244,0.8029,0.9160,0.8815,0.9333,0.7980,0.9910,0.8777,0.9328,0.8747,0.7798,0.7882,0.7605,0.8836,0.8975,0.8708,0.8298,0.8642,0.9116,0.9395,0.8707,0.9127,0.8140,0.8867,0.8115,0.8475,0.8300,0.8721,0.8197,0.9010,0.8231,0.8452,0.8945,0.8552,0.7873,0.7358,1.1402,0.0000,0.7739,0.7627,0.7489,0.8574,0.8866,0.9370,0.8228,0.8262,1.1818,0.8165,0.9931,0.8710,0.9125,0.8329,0.8711
shsp_2,0.8708,0.8422,0.9310,1.0438,0.9671,0.9219,0.9014,0.8735,0.8981,0.9060,0.9035,0.8325,0.8604,0.8122,0.8609,0.8899,0.8400,0.8668,0.9903,0.9188,0.9249,0.8988,0.9067,0.8878,0.7694,0.8356,0.8434,0.8837,0.8720,0.8982,0.8875,0.8955,0.9380,0.9035,0.8879,0.8898,0.9449,0.8811,0.8933,0.8595,0.8651,0.8776,0.9141,0.8958,0.8500,0.9234,0.8114,0.8431,0.8708,0.8663,0.8639,0.8344,0.8280,0.8595,0.8394,0.8515,0.8399,0.8431,0.8375,0.9903,0.7604,0.8176,0.7886,0.9137,0.8886,0.9112,0.8964,0.8807,0.8589,0.8633,0.8828,0.8435,0.8450,0.9092,0.9264,0.8954,0.8875,0.9827,0.8948,0.9159,0.9165,0.8515,0.8696,0.8340,0.8667,0.9181,0.8264,0.8569,0.8135,0.8758,0.8976,0.8490,0.9022,0.8963,0.9034,0.8771,0.9106,0.8726,0.8987,0.8180,0.8892,0.8194,0.8219,0.8268,0.8804,0.7821,0.8036,1.0849,0.7739,0.0000,0.8352,0.7726,0.8919,0.9039,0.9460,0.8384,0.8401,1.2075,0.8432,1.0013,0.9047,0.9071,0.8443,0.9006
shsp_3,0.8364,0.8004,0.9041,0.9595,0.9489,0.9679,1.0174,0.8903,0.8630,0.9056,0.8781,0.8504,0.8337,0.8212,0.8328,0.8754,0.8119,0.8765,0.9712,0.9029,0.9245,0.9243,0.8892,0.9276,0.8278,0.8649,0.8656,0.8370,0.8938,0.9158,0.9744,0.8880,0.9915,0.9198,0.8774,0.9023,0.9462,0.9641,0.9639,0.9304,0.8405,0.9061,0.8549,0.8827,0.8819,0.9632,0.8438,0.8584,0.8998,0.8951,0.9158,0.9090,0.8637,0.8630,0.9101,0.8736,0.8893,0.8499,0.8786,0.9467,0.8132,0.8367,0.8741,0.9169,0.8588,0.8243,0.7990,0.8544,0.8089,0.8274,0.8985,0.8140,0.9647,0.9671,0.9372,1.0247,0.9220,0.9952,0.9113,0.9533,0.9928,0.8518,0.8397,0.8559,0.9476,0.9629,0.8869,0.8548,0.9303,0.9045,0.9458,0.8971,0.9346,0.8105,0.9001,0.9166,0.9333,0.9238,0.9678,0.8809,0.9437,0.9355,0.9387,0.9953,0.8714,0.7973,0.8410,1.0819,0.7627,0.8352,0.0000,0.8446,0.9391,0.8769,0.9376,0.8665,0.8783,1.1549,0.8854,1.0369,0.9210,0.9217,0.8827,0.9210
shsp_4,0.8496,0.8210,0.8592,1.0211,0.9588,0.8809,0.9113,0.8432,0.8756,0.8423,0.8512,0.8431,0.8063,0.8028,0.8536,0.8768,0.8217,0.8450,0.9788,0.9653,0.9059,0.8833,0.8968,0.8372,0.7764,0.8299,0.8363,0.8824,0.8885,0.8658,0.8909,0.8511,0.9191,0.9065,0.8561,0.8704,0.9438,0.8964,0.8861,0.8727,0.8448,0.8395,0.8919,0.8489,0.8301,0.9002,0.8154,0.8604,0.7900,0.7907,0.8320,0.8109,0.8142,0.8614,0.8660,0.8754,0.9041,0.8359,0.8371,0.9413,0.7956,0.8038,0.8710,0.9464,0.8903,0.8973,0.8873,0.8556,0.8654,0.8697,0.8411,0.8008,0.9057,0.9414,0.9194,0.9908,0.8505,0.9967,0.8988,0.9166,0.9745,0.9072,0.8693,0.8451,0.9195,0.9178,0.9042,0.8562,0.8904,0.9418,0.9736,0.8499,0.8811,0.8414,0.8517,0.9154,0.8858,0.9082,0.9171,0.8584,0.8794,0.8764,0.9342,0.8975,0.8550,0.8203,0.8271,1.1115,0.7489,0.7726,0.8446,0.0000,0.8367,0.8640,0.9595,0.8182,0.8082,1.1957,0.8745,0.9724,0.9150,0.9304,0.8172,0.9149
poe_goldbug_1,0.8108,0.8490,0.9047,0.9976,0.8560,0.7894,0.8975,0.8096,0.9003,0.8202,0.8194,0.8894,0.8455,0.8071,0.8440,0.8789,0.8762,0.8709,1.0181,1.0009,0.8653,0.8795,0.8677,0.8473,0.8175,0.8595,0.9572,0.8475,0.7717,0.8526,0.8413,0.7976,0.9882,0.9683,0.8589,0.9121,1.0567,1.0142,0.9279,0.9377,0.8347,0.9209,0.8586,0.9060,0.8711,0.9982,0.8579,0.8026,0.9646,0.9003,0.9240,0.8286,0.8542,0.8954,0.9300,0.9327,0.8428,0.7400,0.8369,0.7592,0.8253,0.8588,0.9310,1.0017,0.8857,1.0062,0.9469,0.8654,0.9188,0.9409,0.9387,0.8965,0.8973,0.8863,0.8300,0.9592,0.8087,0.8430,0.8114,0.7501,0.8995,0.9193,0.8090,0.8848,0.8750,0.8301,0.8533,0.9241,0.7670,0.7945,0.8295,0.7709,0.8125,0.8616,0.8133,0.8527,0.8949,0.9440,0.9525,0.8826,0.9811,0.9703,1.0103,0.9720,0.8687,0.9019,0.8720,1.2422,0.8574,0.8919,0.9391,0.8367,0.0000,0.7995,0.8498,0.8587,0.8731,1.2428,0.7935,1.0192,0.8431,0.8646,0.8945,0.8415
poe_goldbug_2,0.8068,0.8423,0.9029,0.9829,0.9656,0.9329,0.9834,0.8727,0.9491,0.9068,0.8817,0.9045,0.8960,0.8653,0.8512,0.8411,0.8634,0.8411,1.0180,0.9927,0.8727,0.8620,0.8533,0.8693,0.8130,0.8200,0.8944,0.8882,0.8742,0.9242,0.9291,0.8283,0.9948,0.8941,0.9083,0.8925,1.0213,1.0284,0.9084,0.9367,0.8384,0.8698,0.8456,0.9030,0.8742,0.9692,0.8849,0.8321,0.9227,0.9024,0.9156,0.8744,0.8821,0.8608,0.8640,0.8914,0.8769,0.8529,0.8847,0.8887,0.8070,0.8832,0.9709,1.0304,0.8742,0.9649,0.9135,0.9164,0.8739,0.8823,0.9071,0.9189,0.9179,1.0130,0.9578,1.0043,0.8371,0.9604,0.8962,0.8996,0.9444,0.9332,0.8566,0.9155,0.8672,0.8862,0.8845,0.8596,0.8025,0.8740,0.9035,0.8544,0.9680,0.9329,0.9381,0.9155,0.9541,0.9472,0.9863,0.9375,0.9719,0.9674,1.0172,1.0451,0.8571,0.8727,0.8660,1.2502,0.8866,0.9039,0.8769,0.8640,0.7995,0.0000,0.9410,0.8550,0.8661,1.2627,0.8148,1.0001,0.8692,0.8579,0.8661,0.8660
poe_letters_1,0.8274,0.8292,0.9147,1.0428,0.8576,0.8828,0.9410,0.9078,0.9427,0.8491,0.8843,0.9690,0.9101,0.8788,0.8681,0.9582,0.9883,1.0354,1.0901,1.0230,0.9344,0.9549,0.9694,0.9689,0.8870,0.9340,0.9680,0.8462,0.9130,0.9126,0.9184,0.9114,1.1414,1.0474,0.9234,0.9860,1.0894,1.1295,1.0926,1.0243,0.8455,1.0001,0.9917,0.9090,0.9994,1.0747,0.9418,0.8423,1.0140,0.9906,1.0166,0.9322,0.9168,1.0283,1.0528,1.0564,0.8173,0.8330,0.9200,0.9503,0.8824,0.9126,0.9748,1.0307,0.9096,1.0618,1.0276,0.8595,0.8986,0.9427,0.9460,0.9226,1.0399,1.0331,1.0099,1.1194,0.9169,1.0116,0.9825,0.9055,0.9782,0.9225,0.8970,0.9164,1.0034,1.0137,0.9058,0.9218,0.8613,0.8915,0.9147,0.8302,0.8562,0.9119,0.8310,0.9588,0.9604,0.9058,0.9391,0.9125,0.9977,1.0405,1.0799,1.0718,0.9284,0.9085,0.8611,1.2532,0.9370,0.9460,0.9376,0.9595,0.8498,0.9410,0.0000,0.8652,0.8902,1.2694,0.7947,1.0311,0.8429,0.8635,0.8978,0.8405
beale_letters,0.8026,0.7493,0.7717,0.9161,0.8627,0.8599,0.9283,0.8672,0.7928,0.8018,0.7711,0.8294,0.7849,0.7825,0.7878,0.8790,0.8283,0.8202,0.9752,0.9364,0.7859,0.8567,0.8663,0.8208,0.8083,0.8322,0.7793,0.8072,0.8227,0.7868,0.8627,0.7903,1.0280,0.8885,0.8041,0.8936,0.8944,0.9751,0.9507,0.8846,0.7630,0.7763,0.8704,0.8321,0.8330,0.9072,0.7754,0.7777,0.8231,0.8037,0.8308,0.8236,0.8091,0.8839,0.8913,0.8651,0.8231,0.8821,0.8263,0.9291,0.7758,0.8205,0.9044,0.9702,0.8422,0.9302,0.9253,0.8940,0.7808,0.8076,0.8223,0.7795,0.9112,0.9475,0.9469,1.0150,0.8648,1.0337,0.9529,0.9305,0.8723,0.8297,0.8225,0.8128,0.9224,0.9327,0.8528,0.7965,0.8077,0.8472,0.9171,0.8470,0.8518,0.8452,0.8213,0.9239,0.8375,0.8574,0.8531,0.8505,0.8922,0.8849,0.9582,0.9383,0.8788,0.7843,0.8049,1.1313,0.8228,0.8384,0.8665,0.8182,0.8587,0.8550,0.8652,0.0000,0.1747,1.1850,0.6040,0.8285,0.7198,0.6800,0.2223,0.7176
beale_letter1,0.8067,0.7578,0.7570,0.9280,0.8824,0.8928,0.9450,0.8846,0.8260,0.8333,0.7904,0.8391,0.7710,0.7911,0.7817,0.8825,0.8228,0.7896,0.9668,0.9314,0.7787,0.8551,0.8594,0.8200,0.7901,0.8352,0.7737,0.8192,0.8173,0.7983,0.8700,0.7959,1.0129,0.8843,0.8032,0.9086,0.8732,0.9631,0.9444,0.8708,0.7539,0.7513,0.8808,0.8362,0.8200,0.8759,0.7578,0.7773,0.8165,0.8011,0.8269,0.8137,0.8074,0.8710,0.8816,0.8559,0.8479,0.8943,0.8220,0.9416,0.7594,0.8182,0.9032,0.9656,0.8444,0.9094,0.9093,0.8934,0.7796,0.7897,0.8171,0.7773,0.8828,0.9509,0.9362,1.0082,0.8735,1.0630,0.9624,0.9403,0.8571,0.8196,0.8094,0.8078,0.9227,0.9201,0.8647,0.7959,0.8194,0.8654,0.9190,0.8628,0.8692,0.8676,0.8369,0.9176,0.8397,0.8780,0.8615,0.8482,0.8878,0.8821,0.9439,0.9318,0.8864,0.7859,0.8085,1.1273,0.8262,0.8401,0.8783,0.8082,0.8731,0.8661,0.8902,0.1747,0.0000,1.1841,0.6526,0.8351,0.7371,0.7166,0.0844,0.7352
beale_b2,1.2066,1.1267,1.2116,1.2347,1.3016,1.3098,1.3549,1.2488,1.2036,1.1997,1.2531,1.2121,1.1272,1.1491,1.1489,1.2083,1.0370,1.0750,1.0553,0.9933,1.1890,1.1927,1.1135,1.2093,1.0780,1.1853,1.1764,1.1413,1.2289,1.1889,1.2719,1.2091,1.1943,1.2049,1.1324,1.0897,1.0543,1.2262,1.1941,1.1903,1.1524,1.2447,1.1048,1.1130,1.1749,1.2828,1.1874,1.2242,1.0928,1.1155,1.2160,1.2258,1.1134,1.1748,1.2669,1.1884,1.1442,0.9719,1.2651,1.3245,1.1128,1.1130,1.1815,0.9587,1.2158,1.1336,1.2472,1.1986,1.0694,1.1356,1.0430,1.0889,1.2206,1.3531,1.3137,1.3702,1.2260,1.2974,1.2493,1.2446,1.2636,1.3096,1.2333,1.2287,1.2616,1.3036,1.2066,1.1824,1.2430,1.2843,1.2512,1.2664,1.3210,1.2370,1.2630,1.2001,1.1702,1.1798,1.1624,1.1358,1.1688,1.1928,1.2126,1.2251,1.1556,1.0594,1.1550,1.2060,1.1818,1.2075,1.1549,1.1957,1.2428,1.2627,1.2694,1.1850,1.1841,0.0000,1.1747,1.2593,1.1709,1.1841,1.1888,1.1664
narrative,0.7540,0.7572,0.7591,0.8644,0.8407,0.8451,0.9293,0.8377,0.8038,0.8259,0.7348,0.8141,0.7749,0.7232,0.7739,0.7969,0.8596,0.8459,0.9791,0.9694,0.7532,0.8223,0.8423,0.8467,0.7746,0.8107,0.8001,0.7401,0.7992,0.8101,0.7772,0.7805,1.0182,0.9034,0.7605,0.8784,0.9322,0.9952,0.9710,0.8996,0.7345,0.8309,0.8625,0.8082,0.8263,0.9388,0.7902,0.7491,0.8621,0.8572,0.9324,0.8560,0.7836,0.9031,0.8880,0.9069,0.7222,0.8316,0.7929,0.9097,0.7578,0.8039,0.8876,0.9989,0.7863,0.9330,0.8790,0.8095,0.7415,0.7613,0.8202,0.7927,0.8921,0.9383,0.9651,0.9820,0.7734,0.9644,0.8981,0.8650,0.8126,0.8123,0.7464,0.7625,0.9254,0.9250,0.8305,0.8130,0.8086,0.8218,0.8528,0.8213,0.8305,0.8155,0.7978,0.8458,0.7924,0.7786,0.8375,0.7872,0.8466,0.8756,0.9542,0.9287,0.8118,0.7628,0.7544,1.1235,0.8165,0.8432,0.8854,0.8745,0.7935,0.8148,0.7947,0.6040,0.6526,1.1747,0.0000,0.7987,0.3516,0.3534,0.6780,0.3495
morriss,0.9249,0.9642,0.9800,1.1593,1.0454,1.0238,1.0801,1.0535,1.0066,0.9697,0.9579,0.9486,0.9921,0.9050,0.9634,0.9651,0.9809,1.0064,1.1219,1.0603,0.9317,1.0096,1.0001,1.0107,0.9724,1.0054,0.9686,0.9706,0.9831,1.0313,0.9961,0.9967,1.1772,1.0595,1.0003,1.0530,1.0300,1.0825,1.0997,1.0322,0.9335,0.9751,1.0254,1.0033,0.9840,1.1064,0.9702,0.9658,1.0027,0.9611,1.0310,0.9624,0.9611,1.0314,1.0094,1.0400,0.9607,0.9489,0.9731,1.0495,0.9275,0.9581,1.0125,1.0297,1.0338,1.1112,1.0830,0.9522,0.9730,0.9621,1.0333,0.9692,0.9968,1.0102,1.0393,1.0690,0.9866,1.1675,1.0371,1.0820,1.0065,0.9969,0.9370,0.9191,1.0763,1.0763,1.0273,1.0582,0.9688,1.0712,1.0009,1.0081,1.0345,0.9723,1.0141,0.9809,0.9796,0.9709,1.0346,0.9531,1.0537,1.0451,1.0819,1.1036,1.0198,0.9767,1.0119,1.2362,0.9931,1.0013,1.0369,0.9724,1.0192,1.0001,1.0311,0.8285,0.8351,1.2593,0.7987,0.0000,0.8433,0.8378,0.8390,0.8423
narrative_A,0.8157,0.7958,0.8496,0.9249,0.9030,0.9158,0.9828,0.8687,0.8739,0.8775,0.7909,0.8582,0.7928,0.7894,0.8072,0.8729,0.8998,0.8982,1.0011,0.9723,0.8089,0.8729,0.8859,0.8841,0.7874,0.8456,0.8435,0.7862,0.8636,0.8490,0.8375,0.8166,1.0529,0.9428,0.8239,0.9073,0.9604,1.0339,0.9910,0.9120,0.7516,0.8841,0.8857,0.8266,0.8806,0.9795,0.8491,0.8249,0.9076,0.8966,0.9696,0.8766,0.8146,0.9140,0.8956,0.9155,0.7685,0.8422,0.8499,0.9326,0.7766,0.8186,0.9178,0.9737,0.8608,0.9517,0.8952,0.8088,0.7854,0.8183,0.8290,0.8630,0.8915,0.9698,0.9893,1.0027,0.8054,1.0200,0.9196,0.9262,0.8500,0.8718,0.7648,0.8163,0.9611,0.9880,0.8801,0.8463,0.8773,0.9036,0.9037,0.8812,0.8766,0.8531,0.8397,0.8605,0.7780,0.7774,0.7985,0.7737,0.8832,0.8604,0.9527,0.9098,0.8132,0.7771,0.7389,1.1480,0.8710,0.9047,0.9210,0.9150,0.8431,0.8692,0.8429,0.7198,0.7371,1.1709,0.3516,0.8433,0.0000,0.7050,0.7559,0.0118
narrative_B,0.8274,0.8094,0.8046,0.8754,0.8780,0.9072,0.9820,0.8950,0.8440,0.8820,0.7953,0.8846,0.8592,0.7668,0.8269,0.8159,0.8831,0.8944,1.0089,1.0068,0.8124,0.8794,0.8844,0.9426,0.8411,0.8951,0.8767,0.7897,0.8621,0.8950,0.8352,0.8653,1.0798,0.9678,0.8149,0.9419,0.9670,1.0534,1.0301,0.9850,0.8029,0.8702,0.9162,0.8701,0.8725,0.9908,0.8661,0.8073,0.9329,0.9395,0.9915,0.9355,0.8602,0.9740,0.9816,0.9715,0.8040,0.8761,0.8207,0.9577,0.8329,0.8910,0.9544,1.0521,0.8597,0.9970,0.9609,0.8857,0.7914,0.8182,0.8832,0.8169,0.9776,0.9938,1.0164,1.0487,0.8536,1.0072,0.9602,0.9127,0.8646,0.8752,0.8541,0.8370,0.9887,0.9605,0.8955,0.8727,0.8412,0.8821,0.9021,0.8731,0.8775,0.8716,0.8496,0.9176,0.9115,0.8700,0.9478,0.8980,0.9238,0.9724,1.0246,0.9994,0.8820,0.8303,0.8665,1.1658,0.9125,0.9071,0.9217,0.9304,0.8646,0.8579,0.8635,0.6800,0.7166,1.1841,0.3534,0.8378,0.7050,0.0000,0.7345,0.7029
beale_letters_2000,0.8201,0.7675,0.7735,0.9396,0.9135,0.9266,0.9722,0.9024,0.8460,0.8468,0.8109,0.8444,0.7704,0.8028,0.7830,0.8851,0.8233,0.7967,0.9704,0.9284,0.7896,0.8600,0.8663,0.8306,0.8004,0.8451,0.7691,0.8247,0.8421,0.8080,0.8782,0.8149,1.0133,0.8935,0.8097,0.9210,0.8804,0.9556,0.9461,0.8770,0.7548,0.7487,0.8861,0.8461,0.8279,0.8879,0.7586,0.7885,0.8253,0.7984,0.8228,0.8127,0.8076,0.8671,0.8730,0.8479,0.8450,0.8976,0.8322,0.9452,0.7721,0.8229,0.8995,0.9670,0.8611,0.9061,0.9165,0.8975,0.7858,0.8007,0.8186,0.7922,0.8769,0.9510,0.9373,1.0122,0.8833,1.0661,0.9788,0.9590,0.8804,0.8197,0.8235,0.8143,0.9189,0.9340,0.8615,0.8093,0.8232,0.8835,0.9320,0.8625,0.8861,0.8688,0.8592,0.9262,0.8499,0.8717,0.8575,0.8487,0.8828,0.8784,0.9484,0.9324,0.8894,0.7886,0.8014,1.1339,0.8329,0.8443,0.8827,0.8172,0.8945,0.8661,0.8978,0.2223,0.0844,1.1888,0.6780,0.8390,0.7559,0.7345,0.0000,0.7529
narrative_2000,0.8158,0.7922,0.8476,0.9244,0.9010,0.9135,0.9807,0.8696,0.8728,0.8766,0.7876,0.8589,0.7922,0.7862,0.8068,0.8727,0.9002,0.8987,0.9997,0.9722,0.8095,0.8723,0.8840,0.8822,0.7868,0.8456,0.8434,0.7862,0.8627,0.8456,0.8353,0.8133,1.0532,0.9434,0.8246,0.9077,0.9576,1.0343,0.9910,0.9129,0.7480,0.8850,0.8852,0.8264,0.8808,0.9802,0.8450,0.8251,0.9058,0.8962,0.9690,0.8728,0.8144,0.9127,0.8947,0.9147,0.7692,0.8418,0.8497,0.9303,0.7714,0.8155,0.9154,0.9731,0.8609,0.9508,0.8943,0.8092,0.7856,0.8139,0.8279,0.8630,0.8900,0.9694,0.9856,1.0013,0.8049,1.0197,0.9201,0.9259,0.8458,0.8690,0.7616,0.8162,0.9571,0.9851,0.8762,0.8459,0.8774,0.9002,0.9006,0.8821,0.8741,0.8494,0.8405,0.8607,0.7778,0.7779,0.7987,0.7732,0.8840,0.8586,0.9515,0.9079,0.8140,0.7761,0.7393,1.1481,0.8711,0.9006,0.9210,0.9149,0.8415,0.8660,0.8405,0.7176,0.7352,1.1664,0.3495,0.8423,0.0118,0.7029,0.7529,0.0000
