,jefferson_1,jefferson_2,jefferson_3,jefferson_4,randolph_1,randolph_2,randolph_3,randolph_4,jackson_1,jackson_2,jackson_3,jackson_4,jqadams_1,jqadams_2,jqadams_3,jqadams_4,ejames_1,ejames_2,ejames_3,ejames_4,flint_1,flint_2,flint_3,flint_4,hall_1,hall_2,hall_3,hall_4,paulding_1,paulding_2,paulding_3,paulding_4,pike_1,pike_2,pike_3,pike_4,biddle_1,biddle_2,biddle_3,biddle_4,gregg_1,gregg_2,gregg_3,gregg_4,pattie_1,pattie_2,pattie_3,pattie_4,tjames_1,tjames_2,tjames_3,tjames_4,irving_1,irving_2,irving_3,irving_4,bagby_1,bagby_2,bagby_3,bagby_4,cooke_1,cooke_2,cooke_3,cooke_4,cooke_lee_1,cooke_lee_2,cooke_lee_3,cooke_lee_4,davis_1,davis_2,davis_3,davis_4,page_1,page_2,page_3,page_4,cable_1,cable_2,cable_3,cable_4,eggleston_1,eggleston_2,eggleston_3,eggleston_4,twain_1,twain_2,twain_3,twain_4,twain_letters_1,twain_letters_2,twain_letters_3,twain_letters_4,lee_1,lee_2,lee_3,lee_4,cabell_1,cabell_2,cabell_3,cabell_4,christian_1,christian_2,christian_3,christian_4,pollock_1,pollock_2,pollock_3,pollock_4,shsp_1,shsp_2,shsp_3,shsp_4,poe_goldbug_1,poe_goldbug_2,poe_letters_1,beale_letters,beale_letter1,beale_b2,narrative,morriss,narrative_A,narrative_B,beale_letters_2000,narrative_2000
jefferson_1,0.0000,0.7411,0.9303,0.8106,0.8726,0.9104,0.9497,0.9912,1.0070,1.0477,0.9360,1.1267,0.8789,0.9378,0.9815,0.9921,1.1260,1.1058,1.0087,1.0316,0.7549,1.1313,0.9844,1.0963,1.0646,1.0833,1.0452,0.8852,0.9532,1.0464,0.9022,0.9612,1.2025,1.2298,0.9604,1.0251,1.0175,1.0573,1.2149,0.9972,0.8158,1.1694,1.0151,0.9037,1.1073,1.1747,0.8937,0.9027,1.0687,1.0003,1.1085,0.9875,1.0661,1.2184,1.2417,1.2724,0.7209,1.0204,0.8533,1.1153,0.9775,0.9955,1.0529,0.9191,0.8194,1.0996,1.0992,0.9070,0.6837,0.9556,0.8127,0.8373,1.1376,1.1897,1.2569,1.2181,1.1564,1.1058,1.1828,1.1068,0.8920,1.0543,0.9014,1.0363,1.0774,1.0917,0.9439,1.0591,0.9935,0.9551,1.0892,0.8390,0.9581,0.9992,0.8592,0.9285,0.8124,0.9292,0.9915,0.9381,0.8973,1.1416,1.1882,1.0933,0.9370,0.9784,0.8163,0.9777,1.0881,1.1264,1.0239,1.1262,1.0657,0.9155,0.8789,0.9305,0.9320,0.9068,0.8214,0.8521,0.7882,0.9132,0.9513,0.7897
jefferson_2,0.7411,0.0000,0.7880,0.7811,0.8123,1.0304,1.0972,1.0147,0.8765,0.8549,0.8864,1.2645,0.9041,0.9983,0.8744,1.1326,1.2298,0.9087,0.9814,1.1624,0.9162,1.1439,0.9602,1.0576,0.9858,0.9800,0.8976,0.9962,1.0200,0.8944,1.0614,1.0488,1.0983,1.0531,0.7982,1.0759,1.0508,1.3310,1.1615,1.0883,0.9898,0.8198,0.8403,0.8774,0.9530,1.1662,0.7929,0.9376,1.0562,1.0509,1.1580,1.0245,1.0260,1.0558,1.0213,1.0613,1.0231,1.1990,0.9217,1.0270,1.0982,0.8589,1.1734,0.9891,0.9051,1.0681,1.1202,1.0034,0.9433,1.0156,0.8604,0.8050,1.1358,1.0755,1.1600,1.2523,1.2236,1.1410,1.2404,1.1090,0.9574,0.9361,1.2347,0.8888,1.0781,1.0611,0.9408,0.9236,1.0248,0.9322,1.0948,0.9255,0.7780,0.7985,0.7555,1.0513,1.0328,0.9928,0.9851,0.9392,0.8845,1.1225,1.0794,1.0549,0.7881,0.9786,0.9436,1.1142,1.1025,1.2387,1.0023,1.0614,1.0779,0.9278,0.8223,0.6604,0.7016,0.8903,0.7967,1.0236,0.8043,0.8573,0.7153,0.7997
jefferson_3,0.9303,0.7880,-0.0000,0.8110,0.9120,1.0879,1.0005,1.1005,0.8668,1.0214,0.9906,1.1351,1.0100,0.9038,0.8280,1.0967,0.8522,0.8483,0.9566,1.0120,0.8412,0.8596,0.9260,1.0850,0.7626,0.9496,0.9069,0.8820,1.2582,1.1402,1.1262,1.0343,1.0164,0.8882,0.8185,0.9935,0.9158,0.8617,0.8525,0.9475,1.0835,0.7420,0.7574,0.8240,0.8341,0.8812,0.8087,1.0347,1.0354,0.8253,0.8530,1.0926,0.9540,0.9547,1.0259,0.9540,1.1596,1.1145,1.0019,1.1219,1.0897,1.0448,1.1411,1.0667,0.9886,1.1039,0.8413,1.0653,0.7383,0.9041,0.8484,0.6713,1.0365,1.1483,1.2374,1.0807,1.2423,1.2073,1.2158,1.1722,1.1402,0.8234,1.3211,1.0424,1.2562,1.3082,1.2362,0.8177,1.0587,1.0889,1.2839,1.0990,1.0131,0.9421,0.8959,1.0598,1.1393,1.0909,1.0206,1.1141,1.0959,1.2189,1.0614,1.1612,0.9509,1.0180,1.0707,1.0861,0.9992,1.1500,0.9868,0.9025,1.1760,1.1282,0.9562,0.7870,0.8085,1.0287,1.0469,0.9270,1.1166,0.9637,0.8262,1.1237
jefferson_4,0.8106,0.7811,0.8110,0.0000,0.8463,0.9933,1.0772,0.9084,0.7279,0.8800,0.9686,1.2424,0.8423,0.8565,0.9586,1.0617,1.0602,1.1860,0.9100,1.2178,0.9816,1.2520,0.8769,1.1379,0.8972,0.9507,1.0778,0.5678,0.6774,0.6489,0.9004,0.7914,1.1977,0.9949,0.8357,0.9808,1.1190,1.2483,1.0012,1.0353,0.7240,0.9585,0.7617,0.7489,1.0057,1.1773,1.0149,0.9763,1.2520,1.1240,1.1223,1.1113,1.1874,1.3074,1.2070,1.2324,0.7707,1.2105,0.9758,0.9197,1.1073,1.0941,1.2589,1.1409,0.9024,1.1447,1.1416,1.1976,0.6515,0.9962,0.8899,0.8227,1.0788,1.0436,1.2276,1.0820,0.9927,1.2043,1.0216,1.0197,0.7576,0.9080,1.1515,1.0443,1.0858,0.9379,0.8953,0.6510,0.9203,0.9857,1.1123,0.8323,0.9945,1.0317,0.7854,1.3721,1.3039,1.2638,1.1513,1.1969,0.8470,1.2500,1.2561,1.1593,0.8082,0.9749,0.9822,1.0467,1.1972,1.2398,1.0522,1.0706,1.0539,0.8671,1.0079,0.6633,0.7074,1.1790,0.8510,1.1728,0.8969,0.8563,0.7603,0.8975
randolph_1,0.8726,0.8123,0.9120,0.8463,0.0000,0.4090,0.5524,0.6325,0.6452,0.4634,0.6381,1.1030,0.9678,0.9148,1.0616,0.9735,1.1193,1.2476,1.0726,1.1279,0.9468,1.1354,1.0294,1.0800,1.1049,1.1050,1.1070,0.8705,1.0013,0.9901,0.9691,0.9895,1.1418,1.1035,0.7407,1.0375,1.2475,1.1318,1.0339,1.1144,0.9740,1.1200,0.9561,0.9611,1.0928,1.2671,1.0828,0.8679,1.1666,1.2183,1.0712,0.8773,1.2443,1.2417,1.3127,1.3226,0.9857,1.0807,1.0747,0.8534,1.2310,1.1333,1.2897,1.1305,0.8234,1.2117,1.2374,1.0680,1.0887,1.0703,1.1899,0.8077,1.2688,1.1236,1.1126,1.2975,1.1076,0.9347,1.0427,0.7822,1.0998,1.1221,1.1101,1.0341,1.2105,1.0243,1.0825,0.9516,0.7123,0.8058,1.0248,0.6487,0.5827,0.7757,0.3980,1.1857,1.1551,1.0447,1.1804,1.2569,1.0965,1.2905,1.2843,1.2174,0.8654,1.0783,1.0825,1.0981,1.1183,1.2304,1.0330,0.8748,0.7595,0.9638,0.6419,0.6865,0.7905,1.0576,0.7691,0.8855,0.9025,0.7170,0.8666,0.9096
randolph_2,0.9104,1.0304,1.0879,0.9933,0.4090,0.0000,0.4050,0.6911,0.5556,0.5247,0.6387,0.9795,0.9458,0.8776,0.9887,0.7162,1.0285,1.2605,1.0204,0.9874,0.9809,1.1611,1.0865,0.9868,1.2092,1.0424,1.2947,0.8009,1.0046,1.0525,0.9305,0.8673,1.0557,0.9004,0.8518,0.9855,1.2208,1.0681,1.0648,1.1240,0.9370,1.2313,1.0105,0.9847,1.2247,1.2290,1.1286,0.7584,1.1753,1.2263,1.0989,0.9044,1.2273,1.2957,1.3314,1.3160,0.8935,0.9217,1.1124,0.8187,1.3058,1.1954,1.3084,1.0555,0.8466,1.2638,1.2441,1.0077,1.0529,0.9881,1.2562,0.8146,1.3405,1.2471,1.0968,1.2281,1.1201,0.9038,0.9887,0.7842,1.1548,1.2719,0.9755,1.0970,1.1128,1.0696,1.0812,1.0192,0.7513,0.9111,1.0150,0.7796,0.6238,0.9545,0.5413,1.1246,1.1566,1.1180,1.1501,1.1974,1.1480,1.1764,1.3058,1.1463,0.8467,1.0224,1.0108,1.0313,1.2003,1.2127,0.9974,0.9772,0.7003,1.0423,0.6710,0.9138,1.0111,1.0553,0.8356,1.0025,0.9184,0.8103,1.0801,0.9265
randolph_3,0.9497,1.0972,1.0005,1.0772,0.5524,0.4050,-0.0000,0.5849,0.6515,0.6288,0.5803,1.0212,1.1520,1.0432,1.0795,0.8543,1.0543,1.1035,1.1127,1.0391,1.0508,0.8638,1.1751,0.8363,1.0485,1.0305,1.3391,0.9448,1.0644,1.1475,0.8389,0.9308,0.9532,1.0054,0.9855,1.0783,1.1628,1.0204,0.9945,1.1291,0.9881,1.2299,1.0595,0.9184,1.1352,1.1659,1.1974,0.7988,1.1252,1.0898,1.0646,0.8745,1.2788,1.0917,1.1287,1.1382,0.9793,0.9804,1.0006,0.9106,1.4174,1.3557,1.3906,1.0780,0.8740,1.2457,1.1316,1.0510,1.1555,0.9318,1.1917,0.9620,1.2566,1.1705,1.1111,1.0856,1.2147,0.9659,0.8966,0.8527,1.2547,1.2595,1.1401,1.2532,1.1642,1.0532,1.0820,0.8698,0.7208,0.7527,0.9904,0.8895,0.6111,1.0058,0.6113,1.1849,1.2338,1.1457,1.1267,1.1940,1.0131,1.1744,1.2120,1.0909,0.7376,1.0215,0.8074,0.9869,1.0201,0.9851,0.9051,0.8513,0.7725,0.9489,0.7062,0.9574,1.0248,1.1174,1.0358,1.0122,1.1142,0.9478,1.0644,1.1206
randolph_4,0.9912,1.0147,1.1005,0.9084,0.6325,0.6911,0.5849,0.0000,0.9019,0.6214,0.7577,0.9630,0.8851,1.0599,1.1091,0.9973,1.0910,1.1944,1.1176,1.0947,1.0398,0.9888,1.0922,1.0193,1.1795,0.8859,1.3416,0.7905,0.8546,0.7924,0.7035,0.8497,0.9850,0.9663,1.0548,1.1824,1.3714,1.0348,0.9813,1.1322,0.6643,1.1282,0.9854,0.9664,1.2038,1.2678,1.2774,0.8993,1.2663,1.2166,1.1210,0.9171,1.1438,1.1498,1.1130,1.1685,0.7941,1.0485,0.7860,0.7955,1.4179,1.1589,1.4987,1.1768,1.0887,1.2754,1.2367,1.0657,1.1920,1.1092,1.2578,1.2097,1.1916,0.9550,1.0477,1.1472,1.0453,0.7997,0.7399,0.8241,1.0485,1.1517,0.8633,1.1152,1.0474,0.7747,0.8541,0.8884,0.5781,0.7321,0.9376,0.6941,0.7395,1.1062,0.7761,1.1246,1.1787,0.9338,1.1165,1.1583,1.1083,1.2695,1.2588,1.2763,0.9352,1.1654,0.9579,1.1693,1.1555,1.0047,1.0828,0.8723,0.6503,0.8072,0.7808,0.8035,0.8387,1.1341,0.9578,0.8860,1.0016,0.9295,0.8610,1.0102
jackson_1,1.0070,0.8765,0.8668,0.7279,0.6452,0.5556,0.6515,0.9019,0.0000,0.4392,0.4468,1.0458,1.0319,0.8017,0.9230,0.8472,1.1263,1.2805,1.0877,1.0623,1.0393,1.2172,0.9913,1.0028,1.1371,1.2019,1.1424,0.7601,0.9709,0.9125,1.0939,0.7806,1.1512,0.9394,0.7019,0.9473,1.0650,1.0571,1.1500,1.0972,0.9624,1.1691,1.0274,0.8335,1.1347,1.2796,1.0597,0.9078,1.0843,1.1501,1.0968,1.0069,1.2616,1.3234,1.2620,1.3298,0.8485,1.1085,1.1298,0.9444,1.2688,0.9403,1.2139,0.9769,0.7905,1.0380,1.0533,0.8264,0.9939,0.7925,1.1121,0.6205,1.2659,1.1760,1.1116,1.2922,1.2665,1.1269,1.1348,0.8999,1.1313,1.0230,1.1302,1.2349,1.3387,1.2559,1.1877,0.8015,0.8426,1.0099,1.0178,0.8371,0.7115,0.7696,0.5898,1.1362,1.1406,1.1765,0.9864,1.2297,1.0173,1.3441,1.2006,1.1692,0.8299,0.9768,0.9446,0.9920,1.2055,1.2760,0.8037,1.0443,0.9829,1.1402,0.7957,0.7028,0.8360,0.9943,0.8158,0.8734,0.9153,0.7810,0.8989,0.9155
jackson_2,1.0477,0.8549,1.0214,0.8800,0.4634,0.5247,0.6288,0.6214,0.4392,0.0000,0.4547,1.0373,0.9386,0.8892,0.9994,0.9406,1.0991,1.3129,1.2251,1.1862,0.9854,1.2086,1.0918,0.9473,1.2563,1.1726,1.2833,0.9145,0.8815,1.0191,1.0790,0.9209,1.1605,1.0663,0.7121,1.0597,1.3253,1.1666,1.1393,1.2054,0.9444,1.3089,1.0717,1.0294,1.0137,1.2204,1.0640,0.8731,1.2117,1.3303,1.2340,0.8026,1.2426,1.2718,1.2482,1.3687,0.8435,1.1627,1.1078,0.5882,1.3341,1.0660,1.3843,1.1216,0.9615,1.1279,1.2303,0.9592,1.1754,0.9336,1.2294,0.8144,1.3341,1.0076,0.9254,1.2847,1.1060,0.9202,0.8779,0.6484,1.0961,1.1174,1.0021,1.1800,1.1829,0.8895,0.9354,0.7815,0.6118,0.7990,0.8858,0.5120,0.5166,0.7031,0.5052,1.1374,1.3237,1.1202,1.2673,1.3335,1.0871,1.3690,1.3243,1.2170,0.9061,1.1214,1.0441,1.1787,1.1885,1.2296,0.8852,0.8690,0.6889,0.9599,0.7200,0.6441,0.7615,1.0297,0.8064,0.8483,0.9088,0.7719,0.8075,0.9110
jackson_3,0.9360,0.8864,0.9906,0.9686,0.6381,0.6387,0.5803,0.7577,0.4468,0.4547,-0.0000,1.0386,1.0299,0.9227,0.9939,0.8533,1.1161,1.1509,1.1278,1.1208,0.9370,0.9081,0.9436,0.9752,1.1169,1.0977,1.1685,0.8568,0.9329,1.0314,1.0830,0.8339,1.2744,1.0625,0.9024,1.1009,1.1983,1.3000,1.2123,1.2688,0.9167,1.1591,1.0027,0.9422,1.1027,1.2479,1.0436,0.9413,1.0493,1.2235,1.2966,1.0606,1.2907,1.1655,1.1644,1.2552,0.8853,1.1799,0.8521,1.0345,1.2948,1.0783,1.3285,1.1233,0.8594,1.0883,1.1122,0.8978,0.9966,0.6380,1.1451,0.8040,1.2156,1.1750,1.0690,1.2662,1.2071,1.0899,1.0903,0.8957,1.0971,1.1628,1.0168,1.1355,1.2504,1.1314,1.1656,0.7404,0.8427,1.0126,1.0135,0.8285,0.6389,0.9710,0.6274,1.0569,1.1404,0.8791,0.9614,0.9891,0.9273,1.2680,1.1645,1.1476,0.8945,0.8415,0.9016,0.9818,1.0744,1.1719,0.8257,0.9405,0.8720,0.8559,0.8246,0.6905,0.7966,1.0264,0.6975,0.7154,0.8533,0.6477,0.8405,0.8503
jackson_4,1.1267,1.2645,1.1351,1.2424,1.1030,0.9795,1.0212,0.9630,1.0458,1.0373,1.0386,-0.0000,0.8485,0.9286,0.7708,0.7726,1.1431,1.0289,1.0948,0.9345,1.0977,1.1427,1.0603,0.9859,0.9683,0.7883,0.9356,1.0143,1.0177,0.9947,0.8028,1.0595,0.9054,0.9649,0.9640,1.1435,1.0585,0.8741,1.0946,1.0365,1.0547,1.1245,1.1214,1.1142,1.0002,0.8373,1.0135,0.7543,1.0453,0.9902,0.8805,0.8626,0.7949,0.8297,0.9866,1.0082,1.0499,1.0163,1.0676,1.0978,0.9202,1.0203,0.9112,1.0120,0.9346,0.7317,0.8833,0.8056,1.0220,0.7045,0.9474,1.0582,1.1160,1.1753,1.0610,1.0964,0.9414,0.9997,0.8979,0.9682,1.1074,1.0454,0.6912,1.0019,1.1144,1.0889,1.1359,1.0527,1.0879,1.1304,1.0690,1.1354,1.1166,0.9568,1.1611,0.9616,1.0150,0.9709,1.2409,1.0970,1.1581,1.0280,0.9191,1.0846,1.0236,1.1511,1.0667,1.1728,0.9698,0.9259,0.8245,0.9146,0.9456,0.9893,0.9456,1.0194,0.9798,1.1091,0.9139,0.8020,0.8704,0.9847,0.9415,0.8749
jqadams_1,0.8789,0.9041,1.0100,0.8423,0.9678,0.9458,1.1520,0.8851,1.0319,0.9386,1.0299,0.8485,0.0000,0.5160,0.7735,0.7186,1.0476,1.1520,1.0125,1.1982,1.0513,1.1647,1.0121,0.8064,1.0928,0.9252,1.1670,0.9110,0.9545,1.0726,0.9476,1.0827,1.0864,0.8478,0.8484,1.1497,1.1773,0.9692,1.0017,1.0015,0.7134,1.0311,0.9195,1.0656,1.1661,1.1200,0.9581,0.9374,1.1759,1.1382,1.1241,0.8993,0.9956,1.1710,1.0670,1.1156,1.1077,1.2807,0.9780,1.0404,0.9303,0.8833,1.1561,1.0105,1.0668,0.9365,1.0443,1.0793,0.8656,1.0036,1.0000,0.8888,1.1289,1.0300,1.0757,1.1664,0.9682,1.0574,1.1045,0.9529,0.8871,1.0348,0.8055,0.9760,1.0990,1.0201,1.0258,0.8166,1.0845,1.1727,1.0840,0.9170,1.0118,1.0663,1.0071,1.0348,0.9564,0.9513,1.0976,1.0407,1.0298,0.9285,0.8898,0.9880,0.9432,1.0808,1.0755,1.2656,1.1206,1.1300,0.9903,1.0109,0.8901,0.9472,0.9953,1.0274,1.0107,1.0734,0.9283,1.0020,0.7265,1.1478,1.0103,0.7237
jqadams_2,0.9378,0.9983,0.9038,0.8565,0.9148,0.8776,1.0432,1.0599,0.8017,0.8892,0.9227,0.9286,0.5160,0.0000,0.5936,0.5907,1.0622,1.1105,1.0591,1.2453,1.0816,1.0211,1.0605,0.9355,1.1428,1.2151,1.1675,0.8162,1.1185,1.2468,1.0646,1.1749,1.1956,0.9416,0.7959,1.1500,1.2332,0.9653,1.0572,1.0193,0.8829,1.0151,0.9764,1.0920,1.0403,1.0441,0.8360,0.7533,1.3048,1.2097,1.1572,1.0138,1.1401,1.2116,1.2854,1.1932,1.1763,1.1086,1.1056,0.9312,1.1515,0.9858,1.0202,1.1231,0.9324,0.9909,0.9808,0.8523,0.7794,0.8076,1.0517,0.6757,1.0603,1.0197,1.0197,1.1627,0.9954,0.9246,0.9994,0.9248,0.8617,1.0115,0.7936,0.8864,1.1637,1.1114,1.2186,1.0188,0.9922,1.0696,0.9560,0.9325,0.9530,0.8743,0.9873,0.9454,0.9442,0.9222,1.1477,1.0509,1.2615,1.1089,1.0141,1.1266,0.9991,1.1878,0.9383,1.2411,1.0634,1.1628,0.8545,1.0274,0.8824,1.0590,0.9851,1.0766,1.1120,1.1806,0.7927,0.8161,0.8464,0.8099,1.1203,0.8430
jqadams_3,0.9815,0.8744,0.8280,0.9586,1.0616,0.9887,1.0795,1.1091,0.9230,0.9994,0.9939,0.7708,0.7735,0.5936,0.0000,0.6179,1.2244,0.9227,1.1914,1.1495,1.1923,1.0228,1.2156,1.0174,0.9869,0.9126,1.0395,0.8945,1.1425,1.0785,1.0287,1.2235,1.0635,0.8507,0.7901,1.1604,1.1692,1.0130,1.1147,1.1748,1.0762,0.8916,0.9884,1.1169,0.7618,0.9194,0.7579,0.6963,1.3101,1.1755,1.2259,1.0959,0.8424,0.8766,0.9648,1.0185,1.1576,1.0356,1.1135,0.8936,0.9655,1.0288,1.0833,1.0052,0.8596,0.8342,1.0056,0.8069,0.8735,0.7615,0.9590,0.7256,1.1323,0.9892,0.9925,1.1702,1.0825,0.9455,1.0027,0.8989,1.0895,1.0215,1.0278,0.9844,1.1560,1.0208,1.1572,1.0948,0.9395,1.1469,1.0560,0.9244,1.0957,1.0161,1.0562,0.9769,1.0911,1.0453,1.1237,1.0951,1.1522,1.1320,0.9832,1.0359,1.1345,1.3179,1.0888,1.1789,1.0597,0.9745,0.9240,1.1601,0.9055,0.8320,0.8519,0.9969,0.9661,1.0655,0.8426,0.8734,0.8649,0.8736,0.9453,0.8660
jqadams_4,0.9921,1.1326,1.0967,1.0617,0.9735,0.7162,0.8543,0.9973,0.8472,0.9406,0.8533,0.7726,0.7186,0.5907,0.6179,-0.0000,1.1395,1.1367,1.1034,1.1919,1.1030,0.9602,1.2468,0.9836,1.0463,1.0787,1.1718,0.9694,1.1456,1.2931,0.9330,1.2266,1.0053,0.8440,0.8425,1.1402,1.1415,1.0261,1.1340,1.2301,1.0711,1.0704,1.0791,1.1642,1.1185,1.1120,1.0354,0.6992,1.2249,1.2087,1.1403,0.9027,1.1132,1.1031,1.0497,1.0688,1.1731,1.0223,1.1149,0.9148,1.0526,1.0092,0.9882,0.9720,1.0511,0.8760,0.9108,0.8593,0.9150,0.6685,1.0909,0.8953,1.0947,1.0714,0.9884,1.0980,1.0723,0.8791,0.9070,0.7189,1.1085,0.9864,0.9989,1.0463,1.0317,1.0073,1.1872,1.0916,0.8660,1.1106,0.9538,0.8797,1.0019,1.0741,1.0487,0.8999,1.1638,0.9954,1.2196,1.1231,1.1156,1.0061,0.9671,1.0556,1.0484,1.0626,0.9610,1.0898,0.9701,0.9444,0.9363,1.0890,0.8021,0.8685,0.8974,1.1192,1.1194,1.0564,0.7796,0.8757,0.8023,0.8312,1.1241,0.8063
ejames_1,1.1260,1.2298,0.8522,1.0602,1.1193,1.0285,1.0543,1.0910,1.1263,1.0991,1.1161,1.1431,1.0476,1.0622,1.2244,1.1395,0.0000,0.7868,0.5634,0.7489,0.8244,0.7478,0.6887,0.8335,0.7073,0.8733,1.0434,0.8603,0.9828,1.1016,1.2027,0.7259,1.0331,0.8714,1.2564,0.7882,0.6921,0.9053,0.5373,0.6544,0.8342,0.9175,0.7248,0.8748,0.9443,0.8069,1.1346,1.3695,0.7449,0.7036,0.9058,1.1376,0.9678,0.8926,0.9361,0.8820,1.0657,1.1236,1.1401,1.1919,0.9864,1.2071,1.0113,0.9208,1.0698,1.1017,0.9435,1.2193,0.8822,1.1623,0.8525,1.0922,1.0394,1.2355,1.1813,1.0827,0.9171,1.2266,1.1457,1.2468,0.9640,1.0317,1.0581,1.1082,1.0740,1.2537,1.0887,0.9161,1.2905,1.1810,1.1947,1.2709,1.1644,1.2821,1.1470,1.0340,0.9704,1.1234,1.0021,1.1173,0.9610,0.9682,1.0246,0.9238,0.8417,0.5760,1.0111,0.7902,1.0375,1.1543,1.1306,0.9883,1.0976,1.0197,1.2680,1.0881,1.0684,0.8835,1.1489,0.9857,1.1514,1.0967,1.0591,1.1532
ejames_2,1.1058,0.9087,0.8483,1.1860,1.2476,1.2605,1.1035,1.1944,1.2805,1.3129,1.1509,1.0289,1.1520,1.1105,0.9227,1.1367,0.7868,0.0000,0.8513,0.8167,0.8918,0.7314,0.8479,0.8720,1.0268,0.7614,0.8584,1.1217,1.2507,1.0150,1.1710,0.9118,0.6798,0.7967,1.3063,0.8530,0.6915,0.8150,0.6438,0.6738,1.0694,0.5847,0.8289,0.9931,0.6278,0.5181,0.6914,1.1337,0.7362,0.6434,0.8777,1.1328,0.7884,0.6093,0.6983,0.5476,1.2032,1.1100,0.9768,1.2577,1.0339,1.0242,1.0019,0.9416,1.0875,0.9342,0.8991,1.1873,1.0010,1.0718,0.7861,1.1831,0.9744,1.1036,1.1372,0.9776,1.0173,1.2114,1.2168,1.2603,1.0898,1.0763,1.1623,0.8748,1.0038,1.2180,1.0494,0.9689,1.3892,1.1871,1.3150,1.4099,1.2321,1.1936,1.2648,1.0068,1.0624,1.1537,0.9782,0.9554,1.0215,0.9552,0.9162,0.9139,0.9772,0.9978,1.1071,0.9685,0.6854,0.9113,1.0657,0.9349,1.2575,1.0487,1.3319,0.9094,0.8294,0.9441,1.2884,1.1298,1.2753,1.2047,0.8012,1.2786
ejames_3,1.0087,0.9814,0.9566,0.9100,1.0726,1.0204,1.1127,1.1176,1.0877,1.2251,1.1278,1.0948,1.0125,1.0591,1.1914,1.1034,0.5634,0.8513,0.0000,0.7072,0.7971,0.8681,0.3937,0.9815,0.7075,0.9324,1.0190,0.8044,0.8889,0.8223,1.2870,0.7185,1.1015,0.9629,1.2689,0.5888,0.5330,1.1679,0.7361,0.7382,0.6823,0.9755,0.4545,0.7254,1.1289,1.0338,1.0756,1.2414,0.7542,0.8398,0.9508,1.2309,0.9236,1.0845,0.9802,0.9467,0.9310,1.1313,1.0944,1.1965,1.0172,0.9844,1.1123,0.8097,0.9525,1.0328,0.9558,1.0461,0.9381,1.0904,0.7744,1.0460,1.2185,1.3904,1.2743,1.2500,1.0616,1.1747,1.2589,1.2205,1.0071,1.2853,1.1756,1.0215,1.1307,1.2386,1.0406,0.8835,1.3125,1.1854,1.2767,1.2421,1.2276,1.1639,1.0902,1.0025,0.8725,1.0252,0.9176,1.0581,0.9587,0.9829,1.0391,0.9794,0.8759,0.4652,0.9621,0.8336,1.2155,1.1489,1.1157,1.1488,1.1520,1.0292,1.2630,1.0597,1.0914,0.7719,1.1322,1.2180,1.1565,1.0644,1.1089,1.1544
ejames_4,1.0316,1.1624,1.0120,1.2178,1.1279,0.9874,1.0391,1.0947,1.0623,1.1862,1.1208,0.9345,1.1982,1.2453,1.1495,1.1919,0.7489,0.8167,0.7072,0.0000,1.1687,1.1626,0.8769,1.1010,0.8964,0.9772,0.9131,1.0753,1.1701,0.9388,1.2048,0.9120,0.7917,0.9212,1.1011,0.5494,0.3503,1.0200,0.9045,0.9821,1.0705,1.0964,0.9060,0.9649,1.0870,1.0329,1.1792,1.1377,0.7120,0.7920,0.9967,1.1850,0.6657,0.7875,1.0168,0.8559,0.9558,0.8725,1.1066,1.1765,0.8453,0.9519,0.9523,0.3847,0.9524,0.8889,0.9375,1.0379,0.9572,1.0595,0.6267,0.9721,1.1326,1.2449,1.1422,1.1109,1.0542,0.9532,1.0491,1.1310,1.0895,1.2474,1.1233,1.1070,1.0130,1.2680,1.0032,1.2083,1.2729,1.2639,1.2874,1.2943,1.2862,1.0559,1.2416,0.9356,0.7750,1.1249,0.9147,0.9599,0.8593,0.8943,1.0582,0.9448,0.9463,0.7243,0.9850,0.4651,1.0434,1.0336,1.0262,1.0413,1.2185,1.0710,1.1787,1.1311,1.1311,0.7439,1.2546,1.1682,1.2679,1.1567,1.1183,1.2732
flint_1,0.7549,0.9162,0.8412,0.9816,0.9468,0.9809,1.0508,1.0398,1.0393,0.9854,0.9370,1.0977,1.0513,1.0816,1.1923,1.1030,0.8244,0.8918,0.7971,1.1687,0.0000,0.7357,0.6051,0.8404,1.0109,0.8666,0.8846,0.7825,0.8493,0.9564,1.0877,0.6373,1.1765,1.1207,0.9544,1.0382,1.0023,1.0692,0.8976,0.8508,0.9086,0.8902,0.8261,0.7920,0.9381,0.8339,0.7694,0.9914,0.7852,0.8753,0.8866,0.9290,1.1065,1.1366,1.0161,0.8773,0.9662,1.1217,0.9009,1.2272,0.9795,1.2046,1.1706,1.1565,0.9924,1.2139,1.0704,1.1109,0.8919,1.0447,0.9562,1.0584,0.9095,1.1875,1.2028,1.1859,1.1740,1.2907,1.3718,1.2766,0.9583,0.8910,1.0875,0.6902,1.0833,1.1128,1.1176,0.8525,1.0568,1.0676,1.1641,1.0624,0.8916,1.1055,0.9884,1.1986,1.1561,0.9550,0.9777,0.9983,1.1179,1.0010,1.0716,0.9612,0.9850,0.8319,1.0385,1.1546,1.0109,1.1484,1.1948,1.1775,1.1440,1.1050,1.0500,0.7945,0.7852,0.9504,0.9449,0.9365,0.9433,0.9649,0.8030,0.9427
flint_2,1.1313,1.1439,0.8596,1.2520,1.1354,1.1611,0.8638,0.9888,1.2172,1.2086,0.9081,1.1427,1.1647,1.0211,1.0228,0.9602,0.7478,0.7314,0.8681,1.1626,0.7357,0.0000,0.8260,0.6545,0.8211,0.8876,1.0548,1.0191,1.0392,1.2336,0.9761,0.9429,1.0152,0.9222,1.2245,1.1255,1.0551,0.9666,0.8608,0.9167,1.0502,0.8142,1.0055,1.0739,0.8763,0.7465,0.7945,0.9398,0.8659,0.8884,1.0522,1.0328,1.0631,1.0060,0.8252,0.8108,1.1760,0.9792,0.9029,1.1567,1.1349,1.3389,1.0620,1.2064,0.9150,1.0497,0.8183,1.0097,1.0517,0.9808,1.0075,1.0851,0.8673,1.1120,1.1024,0.9897,1.1319,1.2003,1.2261,1.2086,1.1257,1.0046,1.0783,0.9749,0.8864,1.0409,1.1782,0.8654,1.1113,1.0111,1.0145,1.1406,1.0308,1.2341,1.1678,1.0009,1.0392,0.8847,0.8490,0.8969,0.9560,0.9702,0.9515,1.0201,1.0183,0.8843,0.8894,1.0032,0.9699,0.8770,1.1246,1.0312,1.0025,0.8486,0.9891,0.9753,0.9267,0.9983,0.9811,0.9215,1.1033,0.8691,0.8912,1.0995
flint_3,0.9844,0.9602,0.9260,0.8769,1.0294,1.0865,1.1751,1.0922,0.9913,1.0918,0.9436,1.0603,1.0121,1.0605,1.2156,1.2468,0.6887,0.8479,0.3937,0.8769,0.6051,0.8260,0.0000,0.8072,0.7268,0.8460,0.8756,0.8039,0.8232,0.7074,1.0791,0.5597,1.1625,1.1127,1.3306,0.7679,0.6805,1.1800,0.6754,0.7341,0.8145,0.8600,0.5778,0.8813,1.0054,0.9825,0.9543,1.2492,0.7707,0.8531,0.9518,1.1357,0.9261,1.1487,1.1343,1.1834,0.8485,1.1556,1.0104,1.2811,1.0295,0.9378,1.2460,0.9507,0.7958,1.0953,1.0088,1.1711,0.8741,1.1021,0.7968,1.0240,1.1679,1.1865,1.2388,1.2907,1.0878,1.3215,1.3662,1.3193,1.1036,1.1572,1.0957,1.0822,1.1592,1.1883,1.1064,0.6905,1.3470,1.1743,1.2326,1.1778,1.0773,1.0233,1.0092,1.1474,0.9438,0.9283,0.8096,1.0261,0.8647,1.1573,0.9976,1.0016,0.8176,0.6789,0.8785,0.9636,1.1304,1.2823,1.2089,1.2032,1.0917,1.0040,1.2093,0.9823,1.0053,0.8876,1.1042,1.1452,1.1788,0.9971,1.0038,1.1730
flint_4,1.0963,1.0576,1.0850,1.1379,1.0800,0.9868,0.8363,1.0193,1.0028,0.9473,0.9752,0.9859,0.8064,0.9355,1.0174,0.9836,0.8335,0.8720,0.9815,1.1010,0.8404,0.6545,0.8072,0.0000,0.9966,0.9618,0.9952,1.1344,0.9051,1.1553,0.8903,0.9072,0.9324,0.9301,1.1344,1.1790,1.0309,1.0766,0.8153,0.9280,0.9781,1.0109,1.0421,1.1512,1.1279,0.9885,0.8937,0.8857,0.9974,0.8746,0.9957,0.8316,1.0991,1.0424,0.8918,0.9772,1.1253,0.9796,0.9725,1.0992,1.0310,1.1992,1.1005,0.9843,0.8355,0.9508,0.9316,1.0743,1.1393,1.0947,0.9618,1.0891,1.1155,1.1391,1.0421,1.1528,1.1979,1.2298,1.2619,1.1441,1.1734,1.0799,1.0643,1.0748,0.7952,1.1144,1.0940,0.8642,1.1868,0.9398,0.8956,1.0981,0.9365,1.1599,1.1034,1.1237,1.1723,1.0989,0.9375,1.0597,0.8173,0.9513,0.7056,0.7650,0.9716,1.0423,1.0144,1.0423,1.0668,0.9864,1.1447,0.9155,1.0011,0.8332,0.8931,0.9283,0.9062,1.0315,1.0934,1.0940,1.0584,1.0960,0.8694,1.0501
hall_1,1.0646,0.9858,0.7626,0.8972,1.1049,1.2092,1.0485,1.1795,1.1371,1.2563,1.1169,0.9683,1.0928,1.1428,0.9869,1.0463,0.7073,1.0268,0.7075,0.8964,1.0109,0.8211,0.7268,0.9966,-0.0000,0.6566,0.8401,0.7018,0.9327,1.0695,1.0391,1.0137,1.1783,1.1083,1.0199,0.8201,0.7842,1.2192,0.7615,0.9183,1.0074,0.8995,0.7297,0.8211,1.0859,1.0396,1.1458,1.1544,0.9668,1.0534,1.0392,1.0869,0.8348,0.9191,0.9375,1.0043,0.9871,1.1047,1.1144,1.1000,0.8902,0.9287,1.0048,0.9882,0.7879,1.0193,0.8688,1.1052,0.7797,0.9998,0.6702,1.0540,0.9827,1.1139,1.2405,1.1627,0.9456,1.1934,0.9973,1.1334,1.0687,0.9411,1.2291,1.1717,1.2021,1.1961,0.9189,0.8456,1.1648,1.2229,1.1169,1.2729,1.3333,1.1995,1.0732,1.0722,1.0648,1.0588,1.0205,1.0433,0.8497,0.9803,0.9915,0.9285,0.7814,0.6864,0.7682,0.8357,1.0479,1.1627,1.2091,1.0189,1.1487,0.8445,1.0351,1.1184,1.0961,0.9560,1.0375,1.2124,1.0072,1.0543,1.0736,1.0062
hall_2,1.0833,0.9800,0.9496,0.9507,1.1050,1.0424,1.0305,0.8859,1.2019,1.1726,1.0977,0.7883,0.9252,1.2151,0.9126,1.0787,0.8733,0.7614,0.9324,0.9772,0.8666,0.8876,0.8460,0.9618,0.6566,0.0000,0.9748,0.7852,0.8764,0.9989,0.7805,0.8687,0.9199,0.9013,1.1489,0.9214,0.9918,0.9697,0.7060,0.7461,0.9672,0.8478,0.8117,0.9585,1.0433,0.9891,1.0219,0.9841,1.0203,1.0203,0.9123,1.0214,0.8245,0.9422,0.8728,0.9453,0.8766,1.1383,0.9495,1.2206,1.0241,1.0410,1.1525,1.1489,1.1506,1.1570,1.0517,1.2160,0.9582,1.1248,0.8272,1.1922,0.9022,1.0652,1.1518,1.0353,0.8771,1.1376,1.0719,1.0778,1.0922,1.0444,0.9694,1.0292,1.0965,1.0799,0.9552,0.7346,1.1923,1.1717,1.2332,1.2024,1.1686,1.2482,1.1362,1.1990,1.0962,1.0474,1.1767,1.0108,1.0120,0.9443,0.9768,0.9379,0.8279,0.9179,1.0163,1.0552,1.1047,1.0357,1.1154,1.0754,1.0489,0.8745,0.9855,1.0645,1.0268,1.1579,1.0887,1.0472,0.9700,1.1741,1.0026,0.9716
hall_3,1.0452,0.8976,0.9069,1.0778,1.1070,1.2947,1.3391,1.3416,1.1424,1.2833,1.1685,0.9356,1.1670,1.1675,1.0395,1.1718,1.0434,0.8584,1.0190,0.9131,0.8846,1.0548,0.8756,0.9952,0.8401,0.9748,0.0000,1.0028,0.9829,0.9030,0.9461,0.9908,0.9490,1.0453,0.9657,1.0410,0.8375,0.8569,1.0567,0.9952,1.2284,0.7035,1.1954,0.9955,0.7153,0.7699,0.7518,1.1401,0.6244,0.7541,0.8655,1.0586,0.7956,0.8227,0.8854,0.8358,1.0616,1.0600,1.0785,1.2651,0.5986,0.7768,0.5455,0.9569,1.0436,1.0024,0.9512,0.9986,0.9029,1.0252,0.8442,1.0994,0.8168,0.9575,1.1208,1.0211,1.0278,1.1418,1.1135,1.2580,0.9770,0.7372,1.0842,0.6994,1.0217,1.1887,1.1620,1.1876,1.3411,1.0718,1.1657,1.2389,1.2160,1.0071,1.1424,1.0298,0.8631,0.8388,0.9031,0.9364,0.7906,0.9188,0.8632,0.9283,1.1628,0.9983,1.2569,0.9381,0.7465,1.0444,1.1990,0.8567,1.4104,1.0435,1.1207,0.9066,0.8519,1.0135,0.9274,0.8666,0.8979,0.9803,0.8226,0.8989
hall_4,0.8852,0.9962,0.8820,0.5678,0.8705,0.8009,0.9448,0.7905,0.7601,0.9145,0.8568,1.0143,0.9110,0.8162,0.8945,0.9694,0.8603,1.1217,0.8044,1.0753,0.7825,1.0191,0.8039,1.1344,0.7018,0.7852,1.0028,0.0000,0.8029,0.8387,1.0484,0.7221,1.3451,1.0384,0.9594,0.9554,1.1235,1.0975,0.9570,1.0879,0.6075,0.9612,0.8082,0.6675,1.1154,1.1639,1.0916,0.9413,1.1844,1.3520,1.2318,1.2832,1.0941,1.3736,1.2660,1.2146,0.5920,1.1174,0.8772,1.0216,1.1402,1.1295,1.2149,1.1654,0.7997,1.1900,1.0889,0.9253,0.6600,0.9928,1.0450,0.9565,1.1651,1.1963,1.3406,1.2787,0.9326,1.0781,1.0119,1.0832,0.9339,1.0821,0.8981,0.9359,1.3358,1.2970,0.9654,0.6783,0.9809,1.0178,1.2140,1.0079,0.9893,1.1903,0.7095,1.1482,1.0889,1.0348,1.1435,1.1472,1.0130,1.3687,1.3803,1.2402,0.7790,0.8400,0.9215,1.0209,1.1883,1.2842,1.0023,1.1355,1.1017,0.9668,0.8991,0.8331,0.8754,1.1006,0.7053,0.9719,0.7650,0.7459,0.9188,0.7697
paulding_1,0.9532,1.0200,1.2582,0.6774,1.0013,1.0046,1.0644,0.8546,0.9709,0.8815,0.9329,1.0177,0.9545,1.1185,1.1425,1.1456,0.9828,1.2507,0.8889,1.1701,0.8493,1.0392,0.8232,0.9051,0.9327,0.8764,0.9829,0.8029,-0.0000,0.7519,0.7152,0.7045,1.2816,1.1106,1.1742,1.0942,1.1207,1.2122,1.0530,1.0564,0.7191,1.1603,0.9091,0.8702,1.0437,1.1492,1.0321,1.0392,1.1024,1.1650,1.2156,1.0809,1.1016,1.1841,1.0627,1.1814,0.5384,1.0371,0.9140,0.9033,0.9567,1.1739,1.1518,1.1341,0.9330,1.1948,1.1954,1.0812,0.9944,1.1860,1.0962,1.1906,1.1387,1.0837,1.0202,1.1177,0.8162,1.0144,0.8351,0.9594,0.8760,1.0547,0.8442,0.8789,1.0190,0.8905,0.8523,0.8057,1.0871,0.9172,0.9048,0.9793,0.9947,1.1675,0.8941,1.1534,1.0069,0.8987,0.8357,0.9519,0.7980,1.1290,1.1584,1.1401,0.9299,0.9007,0.9692,1.0922,1.1530,1.1815,1.0599,1.2513,0.9942,0.9245,0.9471,0.8584,0.8818,1.0486,0.8478,0.9878,0.7417,1.0014,0.9054,0.7386
paulding_2,1.0464,0.8944,1.1402,0.6489,0.9901,1.0525,1.1475,0.7924,0.9125,1.0191,1.0314,0.9947,1.0726,1.2468,1.0785,1.2931,1.1016,1.0150,0.8223,0.9388,0.9564,1.2336,0.7074,1.1553,1.0695,0.9989,0.9030,0.8387,0.7519,0.0000,0.8321,0.6337,1.0624,0.9932,1.0976,0.9392,0.9020,1.0992,1.1124,1.1164,0.7686,0.8480,0.7859,0.8191,0.9649,1.1304,1.0948,1.1992,0.8892,1.0147,1.0049,1.0795,0.7881,0.9411,0.9574,0.9829,0.7658,1.1082,0.8371,1.0803,1.0711,0.8500,1.0728,0.8656,0.9581,0.9614,1.0541,0.9825,1.0119,1.1067,1.0678,1.0937,1.0097,0.9212,1.0747,1.0432,0.9448,1.1345,0.9933,1.1894,0.9464,1.0876,1.0031,0.9976,1.0722,0.9243,0.7604,0.9262,1.1133,0.9729,1.1466,1.0971,1.0821,0.9557,1.0145,1.0033,1.0980,1.0931,0.8916,1.0597,0.8184,1.1643,1.0894,1.1131,0.9964,1.0586,1.0163,0.9574,1.2610,1.1335,1.1819,1.1875,1.0972,1.1175,1.1526,0.9013,0.8884,1.0175,1.1009,1.0707,1.0747,1.0925,0.9018,1.0762
paulding_3,0.9022,1.0614,1.1262,0.9004,0.9691,0.9305,0.8389,0.7035,1.0939,1.0790,1.0830,0.8028,0.9476,1.0646,1.0287,0.9330,1.2027,1.1710,1.2870,1.2048,1.0877,0.9761,1.0791,0.8903,1.0391,0.7805,0.9461,1.0484,0.7152,0.8321,-0.0000,0.9788,1.0034,1.1350,1.1088,1.3910,1.2375,0.9887,1.1536,1.0835,0.9803,1.0443,1.2960,1.1521,1.1265,1.0680,0.9600,0.7768,1.2204,1.1249,0.9551,0.7371,0.9359,1.0712,1.1708,1.1737,0.8193,0.9769,0.9235,0.9836,1.0776,0.9910,1.0676,1.1420,0.9488,1.1275,1.0648,0.9765,1.0674,1.0907,1.1682,1.1790,1.0072,0.9358,0.9436,0.9720,1.0419,0.8708,0.7679,0.8778,1.0068,0.9672,0.7946,1.0363,0.9210,0.7198,1.0013,1.0564,0.9353,0.8095,0.8400,0.9193,0.9580,1.1125,1.0919,0.9917,1.0826,0.9387,0.9938,1.0403,0.8536,1.0857,1.0502,1.2133,1.0253,1.2675,1.0138,1.1683,0.9840,0.9368,1.1487,1.0652,0.8805,0.8449,0.6448,1.0137,0.9647,1.2226,0.8404,0.8131,0.7830,0.9494,0.9550,0.7876
paulding_4,0.9612,1.0488,1.0343,0.7914,0.9895,0.8673,0.9308,0.8497,0.7806,0.9209,0.8339,1.0595,1.0827,1.1749,1.2235,1.2266,0.7259,0.9118,0.7185,0.9120,0.6373,0.9429,0.5597,0.9072,1.0137,0.8687,0.9908,0.7221,0.7045,0.6337,0.9788,0.0000,1.1931,1.0489,1.1572,0.8781,0.9278,1.1474,0.9090,0.8654,0.6867,1.0149,0.7077,0.6364,0.9115,1.0179,0.9946,1.2720,0.8537,0.9156,1.0466,1.1570,1.1421,1.2688,1.1852,1.1312,0.8333,1.2284,0.9328,1.1451,1.0611,1.1916,1.2711,1.0355,0.9477,1.2406,1.0725,1.1380,0.8964,1.0487,0.8974,1.0644,1.0662,1.1668,1.1316,1.1416,1.0703,1.3250,1.1389,1.1860,0.9345,1.0028,1.0235,0.9123,1.2084,1.1474,0.9376,0.7381,1.1968,1.0668,1.3104,1.1704,1.0472,1.1644,0.9751,1.2945,1.0810,1.0773,0.8953,1.0579,0.8527,1.1721,1.1657,1.0004,0.8823,0.7439,1.0292,1.0000,1.1403,1.2078,1.0644,1.1756,0.9856,0.9764,1.0283,0.8704,0.8778,1.0135,0.9520,1.0743,0.9987,0.9228,0.8983,0.9969
pike_1,1.2025,1.0983,1.0164,1.1977,1.1418,1.0557,0.9532,0.9850,1.1512,1.1605,1.2744,0.9054,1.0864,1.1956,1.0635,1.0053,1.0331,0.6798,1.1015,0.7917,1.1765,1.0152,1.1625,0.9324,1.1783,0.9199,0.9490,1.3451,1.2816,1.0624,1.0034,1.1931,0.0000,0.6625,0.9570,0.8319,0.8115,0.6855,0.6831,0.6526,1.2389,0.7773,1.0507,1.1644,0.9904,0.6482,1.0588,1.0170,0.7404,0.6740,0.5899,0.7985,0.9957,0.6223,0.7215,0.6073,1.2158,0.8599,1.0972,1.0559,0.9587,1.0224,1.0210,0.9406,1.3495,0.8682,0.9757,1.2719,1.2886,1.1422,0.9009,1.1329,0.8678,0.8028,0.9471,0.7703,1.0584,1.0309,1.0749,1.1141,1.2449,0.9239,1.2066,1.0721,0.8187,0.9400,0.9862,1.1504,1.0324,1.0758,1.0565,1.1327,1.1984,0.9436,1.2483,1.1656,1.0978,1.1220,1.0882,1.0253,1.0753,0.8482,0.9381,0.9870,1.1239,1.2145,1.2098,0.9721,0.8258,0.8418,1.0466,0.6929,1.0763,1.1486,1.1643,1.1501,1.0873,0.9495,1.4162,1.1932,1.3756,1.3164,1.0623,1.3848
pike_2,1.2298,1.0531,0.8882,0.9949,1.1035,0.9004,1.0054,0.9663,0.9394,1.0663,1.0625,0.9649,0.8478,0.9416,0.8507,0.8440,0.8714,0.7967,0.9629,0.9212,1.1207,0.9222,1.1127,0.9301,1.1083,0.9013,1.0453,1.0384,1.1106,0.9932,1.1350,1.0489,0.6625,0.0000,1.0175,0.9302,0.9126,0.8227,0.7688,0.8759,0.9980,0.8169,1.0207,0.9569,0.9827,0.9128,1.0404,1.0183,0.9080,0.8740,0.8569,1.0454,0.9750,0.8385,0.7265,0.8741,1.2819,0.9086,1.1385,1.0030,1.0190,1.0682,0.9833,0.9885,1.1534,0.9315,0.9681,1.2179,1.0903,1.0549,1.1422,1.0519,1.0873,0.9838,1.0270,0.9046,0.8269,0.9546,1.0390,0.9729,1.2670,1.1283,1.1674,1.0397,0.9284,1.0847,1.0250,1.0031,1.1079,1.1030,1.1433,1.1884,0.9937,1.1020,1.1347,1.1394,1.1203,1.1128,1.1283,1.1739,1.1677,0.9769,1.0479,0.9074,1.0301,1.0692,1.1437,1.0144,1.1228,1.0581,1.0298,0.8329,0.9728,0.9832,1.0990,0.9420,0.9270,1.0164,1.0781,1.0960,1.0739,1.0562,0.9191,1.0800
pike_3,0.9604,0.7982,0.8185,0.8357,0.7407,0.8518,0.9855,1.0548,0.7019,0.7121,0.9024,0.9640,0.8484,0.7959,0.7901,0.8425,1.2564,1.3063,1.2689,1.1011,0.9544,1.2245,1.3306,1.1344,1.0199,1.1489,0.9657,0.9594,1.1742,1.0976,1.1088,1.1572,0.9570,1.0175,0.0000,0.8330,1.1277,1.0769,1.2666,1.2542,1.2507,1.1048,1.2388,0.9073,0.9054,1.0162,0.9257,0.6474,1.0607,1.1181,0.9187,0.6719,1.1043,1.2106,1.1831,1.0994,1.2577,1.0078,1.2063,0.9046,0.8839,0.9134,0.9759,1.0806,0.9320,0.9453,0.9856,0.7892,0.9132,0.9701,1.1213,0.6637,0.8834,0.9573,0.9879,1.0131,1.1521,0.9766,0.9614,0.7751,1.0493,0.8011,1.2327,0.8842,1.1051,1.0175,1.0397,1.0281,0.8068,1.0920,0.9914,0.7674,0.8348,0.6990,0.7676,1.0828,1.2217,1.1646,1.2415,1.2124,1.2263,1.1546,1.2273,1.1452,1.1328,1.1568,1.1961,1.1244,1.1159,1.1475,1.0263,0.9913,1.0138,1.1355,0.7755,0.8686,0.9120,1.0740,0.8220,0.9602,0.8948,0.8110,0.9430,0.9028
pike_4,1.0251,1.0759,0.9935,0.9808,1.0375,0.9855,1.0783,1.1824,0.9473,1.0597,1.1009,1.1435,1.1497,1.1500,1.1604,1.1402,0.7882,0.8530,0.5888,0.5494,1.0382,1.1255,0.7679,1.1790,0.8201,0.9214,1.0410,0.9554,1.0942,0.9392,1.3910,0.8781,0.8319,0.9302,0.8330,-0.0000,0.4404,1.0514,0.7880,0.7916,1.0465,1.0355,0.7953,0.8154,1.0610,0.9700,1.2274,1.1834,0.8486,0.8860,0.9723,1.1286,0.8947,1.0572,1.0397,1.0755,1.0351,0.9636,1.1797,1.1480,0.9088,0.8203,0.9263,0.7051,1.0200,1.0370,0.9349,1.0949,0.8513,1.0729,0.8294,0.8764,0.9864,1.1418,1.1491,1.0915,1.0789,1.1736,1.2188,1.0875,1.1534,1.1176,1.3090,1.1141,1.1016,1.1821,1.0254,0.8749,1.1338,1.1896,1.3003,1.1153,1.0805,0.8631,0.9321,1.0597,0.9911,1.1520,0.9952,1.0249,0.9823,0.9592,1.0592,0.9213,0.9827,0.6766,1.0589,0.6515,1.0884,0.9591,1.1309,1.0964,1.2348,1.2508,1.1826,1.2030,1.2529,0.8854,1.1969,1.2937,1.2707,1.0596,1.2714,1.2767
biddle_1,1.0175,1.0508,0.9158,1.1190,1.2475,1.2208,1.1628,1.3714,1.0650,1.3253,1.1983,1.0585,1.1773,1.2332,1.1692,1.1415,0.6921,0.6915,0.5330,0.3503,1.0023,1.0551,0.6805,1.0309,0.7842,0.9918,0.8375,1.1235,1.1207,0.9020,1.2375,0.9278,0.8115,0.9126,1.1277,0.4404,0.0000,0.9708,0.7705,0.8277,1.0645,0.8463,0.7531,0.8769,1.0151,0.9568,1.1242,1.2819,0.6199,0.6347,0.9723,1.2022,0.7100,0.7552,0.8724,0.7767,1.0668,1.0814,1.1229,1.3140,0.7523,0.8471,0.8718,0.4256,0.9660,0.8594,0.8241,1.0202,0.8710,1.0113,0.6030,0.9300,0.9863,1.1770,1.1994,1.0785,1.1111,1.1962,1.2040,1.2580,1.0854,1.1082,1.2513,1.1431,1.1002,1.2927,1.1063,0.9868,1.4024,1.3840,1.4175,1.4068,1.3696,1.0530,1.3336,0.9684,0.8935,1.0957,0.8089,0.9048,0.8612,0.8962,0.8957,0.8922,0.9477,0.6274,1.0679,0.6157,0.9731,1.0364,1.0881,1.0980,1.4261,1.1693,1.3081,1.1577,1.1433,0.7602,1.3064,1.1996,1.2646,1.2445,1.1270,1.2659
biddle_2,1.0573,1.3310,0.8617,1.2483,1.1318,1.0681,1.0204,1.0348,1.0571,1.1666,1.3000,0.8741,0.9692,0.9653,1.0130,1.0261,0.9053,0.8150,1.1679,1.0200,1.0692,0.9666,1.1800,1.0766,1.2192,0.9697,0.8569,1.0975,1.2122,1.0992,0.9887,1.1474,0.6855,0.8227,1.0769,1.0514,0.9708,0.0000,0.7766,0.6413,1.0890,0.7301,1.2102,1.1146,0.7097,0.5707,0.8113,1.1184,0.8365,0.7587,0.6168,1.0639,0.8762,0.8214,0.8004,0.7300,1.1063,0.9280,1.0276,1.1305,0.8715,0.9645,0.8377,1.0786,1.2678,1.0022,0.9063,1.0025,1.1388,1.0886,1.1673,1.0429,0.8427,0.8912,0.9957,0.8323,0.9203,1.0680,1.0134,1.1769,1.1063,0.8960,0.8234,0.9902,1.0608,1.1850,1.1462,1.1251,1.0728,1.0058,1.0451,1.1172,1.1347,0.9705,1.0991,0.9176,0.8389,1.0241,1.0190,1.0898,1.2224,1.0272,0.9580,1.0494,1.1452,1.1399,1.1905,1.1047,0.8398,0.8261,1.0286,0.7993,1.1136,1.3031,1.1746,1.1482,1.1006,1.1013,1.2646,0.8962,1.1602,1.2773,1.0782,1.1670
biddle_3,1.2149,1.1615,0.8525,1.0012,1.0339,1.0648,0.9945,0.9813,1.1500,1.1393,1.2123,1.0946,1.0017,1.0572,1.1147,1.1340,0.5373,0.6438,0.7361,0.9045,0.8976,0.8608,0.6754,0.8153,0.7615,0.7060,1.0567,0.9570,1.0530,1.1124,1.1536,0.9090,0.6831,0.7688,1.2666,0.7880,0.7705,0.7766,-0.0000,0.4205,0.9367,0.8521,0.6648,1.0102,0.9717,0.7384,0.9772,1.2857,0.9285,0.7966,0.7958,1.0537,1.0395,0.7666,0.8557,0.8639,1.1471,1.0177,1.2352,1.0730,1.0457,1.1643,1.2534,1.0684,1.1972,1.0823,0.9470,1.3926,1.0834,1.2287,0.8760,1.1156,1.1428,1.1223,1.1580,1.0263,1.0131,1.2042,1.1065,1.1781,1.1493,1.0093,1.0466,1.0975,1.0809,1.1623,1.1093,0.8574,1.1321,1.1410,1.1524,1.2117,1.2364,1.3228,1.1291,1.2562,1.1106,1.0942,1.0732,1.1540,1.0235,0.9923,0.9891,0.8961,0.8707,0.8778,0.9624,0.9721,0.9741,0.9795,1.0729,0.7724,0.9242,0.9472,1.2127,1.1266,1.1140,0.9634,1.2833,1.2046,1.1832,1.2856,1.0932,1.1858
biddle_4,0.9972,1.0883,0.9475,1.0353,1.1144,1.1240,1.1291,1.1322,1.0972,1.2054,1.2688,1.0365,1.0015,1.0193,1.1748,1.2301,0.6544,0.6738,0.7382,0.9821,0.8508,0.9167,0.7341,0.9280,0.9183,0.7461,0.9952,1.0879,1.0564,1.1164,1.0835,0.8654,0.6526,0.8759,1.2542,0.7916,0.8277,0.6413,0.4205,0.0000,0.8589,0.8379,0.7975,0.9191,0.8897,0.6149,0.8521,1.2864,0.8296,0.6096,0.6180,0.9278,1.0171,0.8371,0.9180,0.9304,1.0720,1.1612,1.1575,1.2038,1.0489,1.0782,1.0909,1.1712,1.2916,1.1917,1.0654,1.2976,1.1046,1.1769,0.8664,1.1372,0.9273,1.0428,1.0918,1.0270,0.9709,1.2053,1.2287,1.2143,1.0212,0.8865,0.9071,1.0589,1.0459,1.1405,1.0206,0.9674,1.2445,1.0481,1.0841,1.2358,1.1559,1.1439,1.1378,1.2030,0.9142,1.0847,1.0153,1.0921,1.0762,0.9624,0.9705,0.9852,0.9859,0.9152,0.9517,1.0878,0.9041,0.9339,1.1383,0.8686,1.0728,1.1160,1.2451,1.0909,1.0352,0.9563,1.2243,1.1334,1.0847,1.2845,1.0188,1.0884
gregg_1,0.8158,0.9898,1.0835,0.7240,0.9740,0.9370,0.9881,0.6643,0.9624,0.9444,0.9167,1.0547,0.7134,0.8829,1.0762,1.0711,0.8342,1.0694,0.6823,1.0705,0.9086,1.0502,0.8145,0.9781,1.0074,0.9672,1.2284,0.6075,0.7191,0.7686,0.9803,0.6867,1.2389,0.9980,1.2507,1.0465,1.0645,1.0890,0.9367,0.8589,0.0000,0.9104,0.6019,0.5507,1.1684,1.1570,1.2272,1.1012,1.0735,1.1148,1.2130,1.1464,1.0713,1.2349,1.0410,1.2047,0.7660,1.1919,0.8050,1.1004,1.0744,1.0708,1.2400,1.0120,0.9489,1.1477,1.0540,1.0405,0.9186,1.0043,1.0406,1.1531,1.2314,1.1146,1.1421,1.1893,0.9713,1.0864,1.0523,1.0979,0.8026,1.0844,0.7383,1.0368,1.2982,1.1640,0.8796,0.7718,1.1084,1.0647,1.1348,1.0809,0.9886,1.2048,0.9469,1.0786,0.9267,0.9704,0.9520,1.0125,0.9274,1.3348,1.3182,1.2708,0.9223,0.7851,0.9792,1.0954,1.2994,1.1810,1.0293,1.0195,0.9025,0.8415,0.9797,0.9095,0.9297,1.0988,0.9086,1.0245,0.8279,1.0173,0.9374,0.8284
gregg_2,1.1694,0.8198,0.7420,0.9585,1.1200,1.2313,1.2299,1.1282,1.1691,1.3089,1.1591,1.1245,1.0311,1.0151,0.8916,1.0704,0.9175,0.5847,0.9755,1.0964,0.8902,0.8142,0.8600,1.0109,0.8995,0.8478,0.7035,0.9612,1.1603,0.8480,1.0443,1.0149,0.7773,0.8169,1.1048,1.0355,0.8463,0.7301,0.8521,0.8379,0.9104,-0.0000,0.7370,0.8887,0.6627,0.6581,0.8931,1.2210,0.7540,0.7225,0.8234,1.1639,0.8690,0.8745,0.7291,0.7081,1.1832,1.2358,0.8515,1.2912,0.8319,0.9044,0.9281,1.0705,1.0159,0.9979,0.9400,1.1170,0.8900,1.0165,0.9741,1.0586,0.7071,0.8212,1.1475,0.9801,0.9682,1.2000,1.2396,1.3469,0.8157,0.6125,1.0848,0.7911,1.0846,1.2446,1.1761,1.0080,1.2854,1.2511,1.3223,1.4109,1.1283,1.0368,1.2217,1.0427,1.0656,0.9701,0.9382,0.9723,1.1658,1.0835,0.8761,1.1033,1.0902,1.0012,1.3948,1.1373,0.8716,1.1205,1.2327,0.9251,1.1942,1.0450,1.1968,0.9668,0.8931,1.1192,1.1492,1.0840,1.1562,1.0926,0.8759,1.1588
gregg_3,1.0151,0.8403,0.7574,0.7617,0.9561,1.0105,1.0595,0.9854,1.0274,1.0717,1.0027,1.1214,0.9195,0.9764,0.9884,1.0791,0.7248,0.8289,0.4545,0.9060,0.8261,1.0055,0.5778,1.0421,0.7297,0.8117,1.1954,0.8082,0.9091,0.7859,1.2960,0.7077,1.0507,1.0207,1.2388,0.7953,0.7531,1.2102,0.6648,0.7975,0.6019,0.7370,-0.0000,0.6236,1.0324,1.0863,1.0999,1.2489,0.9263,0.9142,0.9889,1.2027,1.0293,0.9882,0.8605,0.9289,0.9064,1.3049,0.9284,1.1804,1.0277,1.0247,1.3250,0.9515,1.0135,1.0467,1.0262,1.2421,0.8636,0.9879,0.7708,0.9886,1.1228,1.1704,1.2244,1.2434,1.0491,1.1853,1.2061,1.2669,0.9426,1.0837,1.1565,1.0446,1.2286,1.1924,0.9783,0.7129,1.2030,1.2511,1.3618,1.3060,1.2366,1.1982,1.1019,1.1271,1.1041,1.1383,1.0384,1.0704,0.9550,1.0468,1.0326,1.0282,0.8278,0.6729,1.0077,0.9959,1.2037,1.2920,1.0047,0.9798,0.9516,0.9433,1.2054,0.9274,0.9296,0.8994,1.1245,1.1199,1.1096,1.0973,0.9447,1.1038
gregg_4,0.9037,0.8774,0.8240,0.7489,0.9611,0.9847,0.9184,0.9664,0.8335,1.0294,0.9422,1.1142,1.0656,1.0920,1.1169,1.1642,0.8748,0.9931,0.7254,0.9649,0.7920,1.0739,0.8813,1.1512,0.8211,0.9585,0.9955,0.6675,0.8702,0.8191,1.1521,0.6364,1.1644,0.9569,0.9073,0.8154,0.8769,1.1146,1.0102,0.9191,0.5507,0.8887,0.6236,0.0000,0.9712,1.1277,1.1156,1.0877,0.8948,0.9607,0.9387,1.2352,1.1207,1.1229,0.9905,1.0769,0.8360,1.1665,0.9055,1.2547,0.9968,0.9797,1.1371,1.0644,0.9053,1.1864,1.0597,1.0873,0.7822,1.0227,1.0603,1.0404,0.9876,1.0977,1.1611,1.0873,1.0748,1.1245,1.1092,1.1463,0.9291,0.9732,1.1445,1.0469,1.2778,1.1998,0.8088,0.7694,1.2039,1.0750,1.1845,1.1775,1.1083,1.1790,0.9312,1.0877,1.0598,1.0332,0.9582,1.0785,1.0544,1.1997,1.2613,1.0736,0.7663,0.7044,1.0147,1.0045,1.1300,1.2777,1.0913,1.1272,1.1944,1.1228,1.0577,0.7902,0.8059,1.0118,0.8512,1.0370,0.8310,0.9204,0.8381,0.8361
pattie_1,1.1073,0.9530,0.8341,1.0057,1.0928,1.2247,1.1352,1.2038,1.1347,1.0137,1.1027,1.0002,1.1661,1.0403,0.7618,1.1185,0.9443,0.6278,1.1289,1.0870,0.9381,0.8763,1.0054,1.1279,1.0859,1.0433,0.7153,1.1154,1.0437,0.9649,1.1265,0.9115,0.9904,0.9827,0.9054,1.0610,1.0151,0.7097,0.9717,0.8897,1.1684,0.6627,1.0324,0.9712,-0.0000,0.4165,0.4688,1.0171,0.8310,0.7158,0.9037,1.0097,0.7444,0.8204,0.7673,0.8240,1.2468,1.1185,1.1129,1.0903,0.8320,1.0891,0.9391,1.1362,1.0546,1.0291,1.0192,0.9488,0.9969,0.9628,1.0346,0.9443,0.8544,0.8927,1.0078,0.9309,0.8864,1.1134,0.9152,1.1182,0.9728,0.7880,1.0245,0.8887,1.1247,1.0201,1.1453,1.0971,1.2069,1.0997,1.2057,1.0980,1.1105,0.9479,1.1265,1.0134,1.1132,1.1182,1.0949,1.1346,1.1473,1.1738,1.0879,1.0971,1.2251,1.1468,1.1780,1.1352,0.7907,1.0758,1.0782,1.0491,1.1072,1.0218,1.2059,0.8554,0.7706,1.1023,1.0023,0.9326,1.0748,0.9313,0.7660,1.0778
pattie_2,1.1747,1.1662,0.8812,1.1773,1.2671,1.2290,1.1659,1.2678,1.2796,1.2204,1.2479,0.8373,1.1200,1.0441,0.9194,1.1120,0.8069,0.5181,1.0338,1.0329,0.8339,0.7465,0.9825,0.9885,1.0396,0.9891,0.7699,1.1639,1.1492,1.1304,1.0680,1.0179,0.6482,0.9128,1.0162,0.9700,0.9568,0.5707,0.7384,0.6149,1.1570,0.6581,1.0863,1.1277,0.4165,0.0000,0.5432,1.1336,0.8045,0.6214,0.7457,0.8846,0.9217,0.7234,0.7296,0.6023,1.2982,0.9699,1.1663,1.0415,0.8367,1.1302,0.8989,1.1460,1.0996,1.0018,0.9040,1.0735,1.0707,1.0145,1.0237,1.0906,0.8011,0.9607,1.0214,0.8404,0.9863,1.2009,1.0664,1.2182,0.9915,0.7764,1.0011,0.8747,0.9870,1.0448,1.2025,1.1123,1.1778,1.0669,1.1464,1.2510,1.1537,1.0791,1.2596,1.0612,1.1598,1.1827,1.1141,1.0849,1.1871,1.0263,1.0493,1.1284,1.2224,1.1024,1.3045,1.1021,0.6967,0.8439,1.1594,0.8845,1.0802,1.0764,1.2088,1.0032,0.9056,1.0768,1.2499,1.1086,1.2230,1.1924,0.8770,1.2268
pattie_3,0.8937,0.7929,0.8087,1.0149,1.0828,1.1286,1.1974,1.2774,1.0597,1.0640,1.0436,1.0135,0.9581,0.8360,0.7579,1.0354,1.1346,0.6914,1.0756,1.1792,0.7694,0.7945,0.9543,0.8937,1.1458,1.0219,0.7518,1.0916,1.0321,1.0948,0.9600,0.9946,1.0588,1.0404,0.9257,1.2274,1.1242,0.8113,0.9772,0.8521,1.2272,0.8931,1.0999,1.1156,0.4688,0.5432,0.0000,0.8799,0.9114,0.9019,0.9066,0.9119,0.9008,0.9704,0.9280,0.9163,1.1221,0.9917,1.1969,1.0164,1.0098,1.0774,1.0371,1.1687,0.9277,1.0143,0.9597,0.9072,0.9914,0.9490,0.9872,0.8876,1.0103,1.1251,1.1029,0.9979,1.1687,1.0896,1.1739,1.0813,1.0835,0.9811,0.9901,0.8418,0.9735,1.0604,1.1224,1.1588,1.1732,1.0144,1.0434,1.0527,1.0398,1.0191,1.1076,0.9695,1.0777,1.0833,0.9988,1.0832,1.0556,1.0704,1.0525,1.0838,1.0436,1.2125,1.0422,1.1469,0.9394,0.8815,1.0167,1.0717,1.1072,1.0459,1.0186,0.8264,0.7656,1.0727,0.9694,0.9635,0.9243,1.0233,0.7530,0.9194
pattie_4,0.9027,0.9376,1.0347,0.9763,0.8679,0.7584,0.7988,0.8993,0.9078,0.8731,0.9413,0.7543,0.9374,0.7533,0.6963,0.6992,1.3695,1.1337,1.2414,1.1377,0.9914,0.9398,1.2492,0.8857,1.1544,0.9841,1.1401,0.9413,1.0392,1.1992,0.7768,1.2720,1.0170,1.0183,0.6474,1.1834,1.2819,1.1184,1.2857,1.2864,1.1012,1.2210,1.2489,1.0877,1.0171,1.1336,0.8799,0.0000,1.2709,1.1637,1.0934,0.7700,1.1109,1.1534,1.1633,1.2162,1.1316,0.7684,1.0180,0.8916,1.1620,1.1347,1.0816,1.1120,0.8713,0.9722,1.1184,0.7685,1.0024,1.0126,1.0974,0.9234,1.1225,1.0565,1.0063,0.9999,0.9952,0.7746,0.9259,0.7567,1.1175,1.1242,0.9197,0.9549,0.9706,0.8828,1.0843,1.0621,0.8574,0.8874,0.8318,0.7160,0.7633,0.8973,0.8468,1.0552,1.1161,1.1111,1.2672,1.0869,1.1608,1.1770,1.2500,1.1515,1.0296,1.2864,0.9672,1.1644,1.2032,1.0970,0.8788,1.1414,0.8591,0.8403,0.5889,0.9212,0.9214,1.1130,0.7181,0.8539,0.8358,0.6983,0.9223,0.8381
tjames_1,1.0687,1.0562,1.0354,1.2520,1.1666,1.1753,1.1252,1.2663,1.0843,1.2117,1.0493,1.0453,1.1759,1.3048,1.3101,1.2249,0.7449,0.7362,0.7542,0.7120,0.7852,0.8659,0.7707,0.9974,0.9668,1.0203,0.6244,1.1844,1.1024,0.8892,1.2204,0.8537,0.7404,0.9080,1.0607,0.8486,0.6199,0.8365,0.9285,0.8296,1.0735,0.7540,0.9263,0.8948,0.8310,0.8045,0.9114,1.2709,0.0000,0.5388,0.6127,1.0183,0.8747,0.6875,0.7795,0.6399,1.0629,1.1285,1.0519,1.2995,0.6360,0.8295,0.7458,0.8542,1.0553,0.8737,0.9600,1.0984,1.0049,0.9956,0.7761,1.0943,0.8223,1.1329,1.1485,0.9805,0.9842,1.2497,1.3372,1.3181,1.0124,0.9643,1.1354,0.8613,1.0031,1.2380,0.9511,1.1251,1.3506,1.3041,1.1741,1.4412,1.2137,1.0015,1.2822,1.0476,0.8777,1.0018,0.8639,0.9632,0.9667,0.8287,0.9538,0.9388,1.0758,0.7592,1.0837,0.9103,0.8835,1.0539,1.1709,0.8561,1.3810,1.2132,1.3653,1.0595,1.0388,0.6020,1.2172,1.0387,1.2599,1.1032,1.0154,1.2540
tjames_2,1.0003,1.0509,0.8253,1.1240,1.2183,1.2263,1.0898,1.2166,1.1501,1.3303,1.2235,0.9902,1.1382,1.2097,1.1755,1.2087,0.7036,0.6434,0.8398,0.7920,0.8753,0.8884,0.8531,0.8746,1.0534,1.0203,0.7541,1.3520,1.1650,1.0147,1.1249,0.9156,0.6740,0.8740,1.1181,0.8860,0.6347,0.7587,0.7966,0.6096,1.1148,0.7225,0.9142,0.9607,0.7158,0.6214,0.9019,1.1637,0.5388,0.0000,0.5588,0.8852,0.9750,0.6952,0.8377,0.7136,1.2263,1.1569,1.0388,1.3627,0.8539,1.0233,0.7607,0.9027,1.1523,1.0403,0.9952,1.1249,0.9950,1.0847,0.8584,1.1437,0.8062,1.1000,1.2129,0.8608,1.0445,1.2008,1.2148,1.3630,1.0314,0.8607,1.1078,0.9789,0.9189,1.1840,1.1490,1.0705,1.3328,1.0737,1.2073,1.3483,1.2077,1.1281,1.2081,1.1566,0.8881,1.1189,0.9358,0.9662,0.9110,0.8482,0.8376,0.9134,1.1087,0.8890,1.0643,1.0637,0.7656,0.9792,1.1198,0.8340,1.3072,1.0213,1.2941,0.9375,0.9050,0.8047,1.3045,1.0090,1.2556,1.2501,0.8747,1.2563
tjames_3,1.1085,1.1580,0.8530,1.1223,1.0712,1.0989,1.0646,1.1210,1.0968,1.2340,1.2966,0.8805,1.1241,1.1572,1.2259,1.1403,0.9058,0.8777,0.9508,0.9967,0.8866,1.0522,0.9518,0.9957,1.0392,0.9123,0.8655,1.2318,1.2156,1.0049,0.9551,1.0466,0.5899,0.8569,0.9187,0.9723,0.9723,0.6168,0.7958,0.6180,1.2130,0.8234,0.9889,0.9387,0.9037,0.7457,0.9066,1.0934,0.6127,0.5588,0.0000,0.6859,1.0227,0.8303,0.8365,0.8209,1.1340,1.0096,1.1613,1.1848,0.8822,0.9331,0.7637,1.2306,1.1988,0.9786,0.9572,1.1343,1.2081,1.0685,1.0660,1.1085,0.8156,0.9689,1.0192,0.8129,0.9293,0.9889,1.0635,1.0664,1.1714,0.8838,1.0885,0.9755,0.7787,1.0228,1.0202,1.1326,1.0783,1.0221,0.9364,1.1867,1.1178,0.9742,1.1229,1.0469,0.9871,1.1232,1.0647,1.2449,1.1448,0.8826,0.9013,0.9176,1.1367,1.0638,1.1564,1.1783,0.9621,0.9036,1.1685,0.7507,1.2389,1.2238,1.1576,1.0024,0.9912,0.9685,1.2128,1.0116,1.1988,1.1553,0.9937,1.1987
tjames_4,0.9875,1.0245,1.0926,1.1113,0.8773,0.9044,0.8745,0.9171,1.0069,0.8026,1.0606,0.8626,0.8993,1.0138,1.0959,0.9027,1.1376,1.1328,1.2309,1.1850,0.9290,1.0328,1.1357,0.8316,1.0869,1.0214,1.0586,1.2832,1.0809,1.0795,0.7371,1.1570,0.7985,1.0454,0.6719,1.1286,1.2022,1.0639,1.0537,0.9278,1.1464,1.1639,1.2027,1.2352,1.0097,0.8846,0.9119,0.7700,1.0183,0.8852,0.6859,-0.0000,1.0715,0.9917,1.0021,1.0565,1.1847,1.0753,1.2159,0.7903,1.0810,0.9912,0.9668,1.2469,1.0797,1.1291,1.1726,1.0232,1.1546,1.1383,1.2345,1.2336,0.9789,0.9281,0.8611,0.8605,0.9640,0.8091,0.8094,0.7756,1.1441,0.8188,0.9946,1.0296,0.8224,0.6733,1.0155,1.0783,0.8015,0.7836,0.7558,0.7673,0.7785,0.8841,0.8887,1.1514,1.2686,1.2182,1.2302,1.2873,1.0628,1.0473,1.1937,1.2188,1.1535,1.2791,1.0837,1.2444,1.1119,1.0017,1.1632,0.8178,0.7824,0.8628,0.7350,0.9203,0.8903,1.0981,1.0189,0.8764,1.0069,1.0243,0.8617,1.0112
irving_1,1.0661,1.0260,0.9540,1.1874,1.2443,1.2273,1.2788,1.1438,1.2616,1.2426,1.2907,0.7949,0.9956,1.1401,0.8424,1.1132,0.9678,0.7884,0.9236,0.6657,1.1065,1.0631,0.9261,1.0991,0.8348,0.8245,0.7956,1.0941,1.1016,0.7881,0.9359,1.1421,0.9957,0.9750,1.1043,0.8947,0.7100,0.8762,1.0395,1.0171,1.0713,0.8690,1.0293,1.1207,0.7444,0.9217,0.9008,1.1109,0.8747,0.9750,1.0227,1.0715,-0.0000,0.6315,0.8256,0.8315,1.0366,0.8808,1.1301,1.2052,0.7427,0.7317,0.7766,0.7395,0.9190,0.9102,0.8951,0.9499,0.9769,1.0445,0.8454,1.0235,1.0007,0.9656,1.0654,1.0243,0.8890,0.9823,0.8478,1.1569,1.0727,1.1233,0.9696,1.0473,1.0223,1.1651,0.9170,1.1584,1.3323,1.2357,1.1446,1.2629,1.2127,0.8932,1.3387,0.7981,0.8201,1.0663,0.8971,0.9482,0.9952,0.9409,0.7945,0.9559,1.0540,1.1028,1.0271,0.8705,1.0244,0.9226,1.0617,1.0282,1.2029,1.1656,1.2910,1.1418,1.0874,0.9551,1.2418,0.9877,1.1425,1.2572,1.0734,1.1455
irving_2,1.2184,1.0558,0.9547,1.3074,1.2417,1.2957,1.0917,1.1498,1.3234,1.2718,1.1655,0.8297,1.1710,1.2116,0.8766,1.1031,0.8926,0.6093,1.0845,0.7875,1.1366,1.0060,1.1487,1.0424,0.9191,0.9422,0.8227,1.3736,1.1841,0.9411,1.0712,1.2688,0.6223,0.8385,1.2106,1.0572,0.7552,0.8214,0.7666,0.8371,1.2349,0.8745,0.9882,1.1229,0.8204,0.7234,0.9704,1.1534,0.6875,0.6952,0.8303,0.9917,0.6315,0.0000,0.5466,0.4669,1.2912,0.9897,1.0363,1.0183,0.8144,0.8803,0.8565,0.9276,1.2184,0.8786,0.9401,1.1988,1.0689,0.8962,0.7459,1.1575,0.8969,0.9151,0.9921,0.8345,0.9025,1.0514,0.8831,1.1695,1.0608,0.9926,1.1146,1.0879,0.9273,0.9616,0.9556,1.2632,1.1250,1.1049,0.9714,1.2561,1.3598,1.1020,1.3624,0.9661,1.1129,1.1747,1.0662,0.9756,0.9835,0.7439,0.7855,0.8606,1.0794,1.1562,1.0865,0.9368,0.7717,0.8289,0.9816,0.7885,1.0675,1.0298,1.3251,1.0572,0.9585,0.8209,1.3457,0.9166,1.2339,1.3384,0.9197,1.2356
irving_3,1.2417,1.0213,1.0259,1.2070,1.3127,1.3314,1.1287,1.1130,1.2620,1.2482,1.1644,0.9866,1.0670,1.2854,0.9648,1.0497,0.9361,0.6983,0.9802,1.0168,1.0161,0.8252,1.1343,0.8918,0.9375,0.8728,0.8854,1.2660,1.0627,0.9574,1.1708,1.1852,0.7215,0.7265,1.1831,1.0397,0.8724,0.8004,0.8557,0.9180,1.0410,0.7291,0.8605,0.9905,0.7673,0.7296,0.9280,1.1633,0.7795,0.8377,0.8365,1.0021,0.8256,0.5466,-0.0000,0.5063,1.1214,0.9487,0.8945,1.0728,0.8531,0.8850,0.8607,1.0076,1.2208,0.8769,0.9135,1.0694,1.2860,0.9974,0.9724,1.2553,0.8889,0.9215,1.0156,0.9325,0.9445,1.1295,1.1138,1.1459,1.0874,0.9577,1.1609,1.0286,0.9015,0.9941,1.0158,1.0809,1.0443,1.0798,1.0234,1.2266,1.1941,1.1587,1.3434,0.8109,1.0203,0.9978,0.9577,0.9519,1.0303,0.8213,0.7701,0.9124,1.1453,0.9268,1.1036,0.9437,0.9070,0.9806,1.0412,0.9565,1.1020,0.9422,1.2273,1.1128,1.0360,1.0660,1.2207,1.0108,1.0580,1.3046,0.9823,1.0544
irving_4,1.2724,1.0613,0.9540,1.2324,1.3226,1.3160,1.1382,1.1685,1.3298,1.3687,1.2552,1.0082,1.1156,1.1932,1.0185,1.0688,0.8820,0.5476,0.9467,0.8559,0.8773,0.8108,1.1834,0.9772,1.0043,0.9453,0.8358,1.2146,1.1814,0.9829,1.1737,1.1312,0.6073,0.8741,1.0994,1.0755,0.7767,0.7300,0.8639,0.9304,1.2047,0.7081,0.9289,1.0769,0.8240,0.6023,0.9163,1.2162,0.6399,0.7136,0.8209,1.0565,0.8315,0.4669,0.5063,0.0000,1.2602,1.0128,0.8873,1.1290,0.8134,0.9646,0.8562,0.9851,1.2687,0.8468,0.9877,1.1353,1.0933,1.0142,0.8154,1.1899,0.6760,0.9703,1.0321,0.8200,1.0227,1.1802,1.0405,1.3366,0.9298,0.9515,1.2140,0.7785,0.7906,1.0078,1.0030,1.1981,1.0689,1.1032,1.1034,1.2910,1.3390,1.1547,1.4065,0.9648,1.0296,1.0306,0.9773,0.8475,1.0886,0.6170,0.7421,0.7808,1.1449,0.9411,1.1237,1.0727,0.6812,0.7828,1.0611,0.8902,1.2090,1.1662,1.3405,1.0297,0.9531,0.9225,1.3183,1.1311,1.2512,1.2769,0.9226,1.2528
bagby_1,0.7209,1.0231,1.1596,0.7707,0.9857,0.8935,0.9793,0.7941,0.8485,0.8435,0.8853,1.0499,1.1077,1.1763,1.1576,1.1731,1.0657,1.2032,0.9310,0.9558,0.9662,1.1760,0.8485,1.1253,0.9871,0.8766,1.0616,0.5920,0.5384,0.7658,0.8193,0.8333,1.2158,1.2819,1.2577,1.0351,1.0668,1.1063,1.1471,1.0720,0.7660,1.1832,0.9064,0.8360,1.2468,1.2982,1.1221,1.1316,1.0629,1.2263,1.1340,1.1847,1.0366,1.2912,1.1214,1.2602,0.0000,0.9133,0.9034,0.8802,1.1024,0.9119,1.1010,0.9545,0.8608,1.1632,1.1509,0.9576,1.0492,1.1629,1.1048,1.1389,1.1765,1.0914,1.1573,1.2093,0.9760,0.8585,0.9148,0.8951,0.9101,1.2800,0.7785,1.1128,1.0627,1.0358,0.7204,0.8560,0.9607,0.9033,0.9792,0.9382,0.9361,1.1313,0.8127,0.8301,0.8325,0.8831,0.8581,1.0147,0.8059,1.2373,1.2029,1.2239,0.8603,0.8661,0.7601,0.9091,1.1358,1.1322,1.0545,1.2168,1.0321,1.0198,0.9411,0.9775,1.0325,0.9142,0.8673,0.8738,0.8067,0.9704,1.0492,0.8070
bagby_2,1.0204,1.1990,1.1145,1.2105,1.0807,0.9217,0.9804,1.0485,1.1085,1.1627,1.1799,1.0163,1.2807,1.1086,1.0356,1.0223,1.1236,1.1100,1.1313,0.8725,1.1217,0.9792,1.1556,0.9796,1.1047,1.1383,1.0600,1.1174,1.0371,1.1082,0.9769,1.2284,0.8599,0.9086,1.0078,0.9636,1.0814,0.9280,1.0177,1.1612,1.1919,1.2358,1.3049,1.1665,1.1185,0.9699,0.9917,0.7684,1.1285,1.1569,1.0096,1.0753,0.8808,0.9897,0.9487,1.0128,0.9133,-0.0000,1.0486,0.7990,0.9647,1.0232,0.8343,0.9708,0.9689,1.0399,0.9518,0.9851,1.3113,1.2925,1.2145,1.0810,1.0107,0.8383,0.9041,0.7839,0.9596,0.6890,0.8379,0.8357,1.1397,1.2181,1.0748,1.1508,0.7132,0.8626,0.8289,1.2849,0.8173,0.7434,0.6384,0.7943,0.8735,0.9646,1.0741,0.7674,0.8551,1.0318,0.9121,1.0165,1.0812,1.0208,1.0309,0.9790,1.0939,1.1654,0.8683,0.7427,1.1178,0.8517,1.0577,1.0920,0.8435,1.1511,0.9251,1.3064,1.3382,0.9116,1.1412,1.0289,1.1229,1.1118,1.3320,1.1266
bagby_3,0.8533,0.9217,1.0019,0.9758,1.0747,1.1124,1.0006,0.7860,1.1298,1.1078,0.8521,1.0676,0.9780,1.1056,1.1135,1.1149,1.1401,0.9768,1.0944,1.1066,0.9009,0.9029,1.0104,0.9725,1.1144,0.9495,1.0785,0.8772,0.9140,0.8371,0.9235,0.9328,1.0972,1.1385,1.2063,1.1797,1.1229,1.0276,1.2352,1.1575,0.8050,0.8515,0.9284,0.9055,1.1129,1.1663,1.1969,1.0180,1.0519,1.0388,1.1613,1.2159,1.1301,1.0363,0.8945,0.8873,0.9034,1.0486,0.0000,1.1463,1.1072,1.1047,1.0735,1.0886,1.2140,1.0682,1.2000,1.0032,0.8947,0.9746,1.0916,1.1152,0.7918,0.7977,0.8798,0.9828,0.9752,1.0609,1.0698,1.1418,0.7187,0.8796,0.9931,0.8879,0.9431,0.9604,0.9898,0.8311,0.9410,0.8918,0.8863,0.9679,0.9334,1.0188,1.0327,0.9997,0.9408,0.8278,0.8433,0.5660,0.9843,1.1360,0.9613,1.1391,1.1342,0.8757,1.0466,1.0406,0.9001,0.9685,0.9804,1.1277,1.0919,1.0195,0.9945,0.9807,0.9552,1.0776,0.9459,0.8856,0.9629,0.9475,0.9639,0.9599
bagby_4,1.1153,1.0270,1.1219,0.9197,0.8534,0.8187,0.9106,0.7955,0.9444,0.5882,1.0345,1.0978,1.0404,0.9312,0.8936,0.9148,1.1919,1.2577,1.1965,1.1765,1.2272,1.1567,1.2811,1.0992,1.1000,1.2206,1.2651,1.0216,0.9033,1.0803,0.9836,1.1451,1.0559,1.0030,0.9046,1.1480,1.3140,1.1305,1.0730,1.2038,1.1004,1.2912,1.1804,1.2547,1.0903,1.0415,1.0164,0.8916,1.2995,1.3627,1.1848,0.7903,1.2052,1.0183,1.0728,1.1290,0.8802,0.7990,1.1463,0.0000,1.1433,1.0944,1.1465,1.1685,1.0170,1.1323,1.1805,1.0528,1.2103,1.1761,1.1910,1.1067,1.2725,0.8264,0.7883,0.9388,0.8360,0.6499,0.6063,0.4794,0.8845,1.0152,0.9620,1.0854,0.8128,0.5378,0.7377,1.1005,0.5175,0.6544,0.5814,0.5345,0.7816,0.9507,0.8441,1.0027,1.2752,1.1593,1.3124,1.2976,1.2042,1.1742,1.1742,1.1078,1.0775,1.2836,1.0292,1.0891,1.1007,0.9306,0.9975,1.0547,0.4762,0.8782,0.7812,1.0142,1.0648,1.0825,0.9679,1.0600,1.0152,0.9329,1.0727,1.0128
cooke_1,0.9775,1.0982,1.0897,1.1073,1.2310,1.3058,1.4174,1.4179,1.2688,1.3341,1.2948,0.9202,0.9303,1.1515,0.9655,1.0526,0.9864,1.0339,1.0172,0.8453,0.9795,1.1349,1.0295,1.0310,0.8902,1.0241,0.5986,1.1402,0.9567,1.0711,1.0776,1.0611,0.9587,1.0190,0.8839,0.9088,0.7523,0.8715,1.0457,1.0489,1.0744,0.8319,1.0277,0.9968,0.8320,0.8367,1.0098,1.1620,0.6360,0.8539,0.8822,1.0810,0.7427,0.8144,0.8531,0.8134,1.1024,0.9647,1.1072,1.1433,-0.0000,0.7015,0.5323,0.8584,1.0034,0.7168,0.8271,1.0252,0.9029,0.9848,0.8077,0.9848,0.7144,0.9651,0.9839,0.9425,0.9329,1.1905,1.0602,1.2288,0.8032,0.6945,0.9676,0.8092,0.9319,1.0444,1.0209,1.2439,1.3039,1.3522,1.0901,1.2323,1.3791,1.0485,1.3228,0.9356,0.9369,1.0042,1.0024,1.0014,0.9274,0.7363,0.8111,0.8629,1.1404,0.8469,1.2053,0.9285,0.8379,1.0456,1.0732,0.9381,1.2379,1.0278,1.1984,1.0892,1.0156,0.8786,1.0552,0.9689,0.9517,1.1369,0.9813,0.9406
cooke_2,0.9955,0.8589,1.0448,1.0941,1.1333,1.1954,1.3557,1.1589,0.9403,1.0660,1.0783,1.0203,0.8833,0.9858,1.0288,1.0092,1.2071,1.0242,0.9844,0.9519,1.2046,1.3389,0.9378,1.1992,0.9287,1.0410,0.7768,1.1295,1.1739,0.8500,0.9910,1.1916,1.0224,1.0682,0.9134,0.8203,0.8471,0.9645,1.1643,1.0782,1.0708,0.9044,1.0247,0.9797,1.0891,1.1302,1.0774,1.1347,0.8295,1.0233,0.9331,0.9912,0.7317,0.8803,0.8850,0.9646,0.9119,1.0232,1.1047,1.0944,0.7015,-0.0000,0.6250,0.8813,0.9307,0.8215,0.8966,0.8826,0.9457,1.0042,0.9529,0.9688,0.8348,0.8045,0.9426,0.9928,0.9799,0.9449,0.9884,1.0626,1.0825,1.0386,1.0096,1.1748,1.0263,1.0205,0.8915,1.1962,1.1180,1.0939,1.0391,1.1088,1.1440,0.7752,1.0806,0.6127,0.7622,0.8755,0.9324,0.9504,1.0463,0.8914,0.8432,0.9982,1.0499,1.0194,1.0459,1.0692,1.0522,1.1142,1.0548,0.9735,1.1837,1.1050,1.1542,1.1482,1.1688,0.8258,0.9946,0.9239,0.9509,1.0387,1.1618,0.9463
cooke_3,1.0529,1.1734,1.1411,1.2589,1.2897,1.3084,1.3906,1.4987,1.2139,1.3843,1.3285,0.9112,1.1561,1.0202,1.0833,0.9882,1.0113,1.0019,1.1123,0.9523,1.1706,1.0620,1.2460,1.1005,1.0048,1.1525,0.5455,1.2149,1.1518,1.0728,1.0676,1.2711,1.0210,0.9833,0.9759,0.9263,0.8718,0.8377,1.2534,1.0909,1.2400,0.9281,1.3250,1.1371,0.9391,0.8989,1.0371,1.0816,0.7458,0.7607,0.7637,0.9668,0.7766,0.8565,0.8607,0.8562,1.1010,0.8343,1.0735,1.1465,0.5323,0.6250,-0.0000,0.9430,1.0616,0.7747,0.7568,0.7073,0.9863,0.9994,1.0515,1.0621,0.6329,0.9084,0.9114,0.6708,0.7757,0.9140,0.8826,1.0544,0.9218,0.7785,0.8907,0.8162,0.7754,1.0579,1.0511,1.3079,1.2491,1.0608,0.9233,1.1902,1.1894,0.8608,1.1978,0.7014,0.7051,0.9794,0.9628,0.8439,0.9653,0.7347,0.7622,0.8665,1.2764,1.0359,1.0700,0.9340,0.8139,0.7670,0.9848,0.8899,1.3753,1.1995,1.0939,1.2767,1.2578,0.9963,1.0008,0.8701,0.9540,1.0459,1.2234,0.9477
cooke_4,0.9191,0.9891,1.0667,1.1409,1.1305,1.0555,1.0780,1.1768,0.9769,1.1216,1.1233,1.0120,1.0105,1.1231,1.0052,0.9720,0.9208,0.9416,0.8097,0.3847,1.1565,1.2064,0.9507,0.9843,0.9882,1.1489,0.9569,1.1654,1.1341,0.8656,1.1420,1.0355,0.9406,0.9885,1.0806,0.7051,0.4256,1.0786,1.0684,1.1712,1.0120,1.0705,0.9515,1.0644,1.1362,1.1460,1.1687,1.1120,0.8542,0.9027,1.2306,1.2469,0.7395,0.9276,1.0076,0.9851,0.9545,0.9708,1.0886,1.1685,0.8584,0.8813,0.9430,0.0000,0.8461,0.6091,0.7278,0.8446,0.9396,0.9851,0.6717,0.8685,1.1330,1.2103,1.1244,1.2169,1.2019,1.0737,1.1877,1.0844,1.1561,1.2230,1.1066,1.1452,1.2100,1.2849,1.1134,1.1714,1.3107,1.3378,1.3415,1.1963,1.2221,0.9614,1.2324,0.7994,0.8036,1.0239,0.7507,0.7861,0.7034,0.8286,0.8286,0.8585,0.9654,0.7461,0.9490,0.3597,0.9841,0.9477,0.9014,1.1597,1.2340,1.0228,1.0802,1.1835,1.1829,0.6513,1.2135,1.1853,1.1751,1.1794,1.1763,1.1776
cooke_lee_1,0.8194,0.9051,0.9886,0.9024,0.8234,0.8466,0.8740,1.0887,0.7905,0.9615,0.8594,0.9346,1.0668,0.9324,0.8596,1.0511,1.0698,1.0875,0.9525,0.9524,0.9924,0.9150,0.7958,0.8355,0.7879,1.1506,1.0436,0.7997,0.9330,0.9581,0.9488,0.9477,1.3495,1.1534,0.9320,1.0200,0.9660,1.2678,1.1972,1.2916,0.9489,1.0159,1.0135,0.9053,1.0546,1.0996,0.9277,0.8713,1.0553,1.1523,1.1988,1.0797,0.9190,1.2184,1.2208,1.2687,0.8608,0.9689,1.2140,1.0170,1.0034,0.9307,1.0616,0.8461,0.0000,0.9092,0.8618,0.6880,0.7078,0.9244,0.8694,0.8371,1.3263,1.2667,1.1783,1.2504,1.1897,0.9913,1.1549,1.0614,1.1429,1.2525,0.9951,1.0163,1.2068,1.2733,1.1224,1.0034,1.1813,1.0823,1.0873,1.1510,0.8916,0.8094,0.8294,0.8348,0.8882,1.0548,0.8045,1.0259,0.9578,1.1199,1.0816,0.9783,0.8161,1.0322,0.9262,0.9561,1.1888,1.2532,1.0078,1.1955,0.9809,0.8762,0.8061,0.8347,0.9264,0.9417,0.7403,1.0611,0.9097,0.6630,0.9472,0.9087
cooke_lee_2,1.0996,1.0681,1.1039,1.1447,1.2117,1.2638,1.2457,1.2754,1.0380,1.1279,1.0883,0.7317,0.9365,0.9909,0.8342,0.8760,1.1017,0.9342,1.0328,0.8889,1.2139,1.0497,1.0953,0.9508,1.0193,1.1570,1.0024,1.1900,1.1948,0.9614,1.1275,1.2406,0.8682,0.9315,0.9453,1.0370,0.8594,1.0022,1.0823,1.1917,1.1477,0.9979,1.0467,1.1864,1.0291,1.0018,1.0143,0.9722,0.8737,1.0403,0.9786,1.1291,0.9102,0.8786,0.8769,0.8468,1.1632,1.0399,1.0682,1.1323,0.7168,0.8215,0.7747,0.6091,0.9092,0.0000,0.3493,0.7295,1.0109,0.7996,0.8152,0.8769,1.0349,1.0750,0.8670,1.0358,1.0762,1.1534,1.1204,0.9761,1.1302,1.1043,0.8909,1.0285,0.9791,1.1061,1.1353,1.0926,1.2035,1.4075,1.0960,1.1771,1.2961,0.9048,1.2550,0.6965,0.9108,0.9847,0.9525,0.9269,0.9271,0.8229,0.7696,0.8501,1.1073,0.9905,1.0389,0.8688,0.8594,0.9176,0.5836,0.9242,1.1668,1.0392,1.1087,1.0721,1.0181,0.8248,1.0636,1.0605,1.0392,1.0660,0.9976,1.0304
cooke_lee_3,1.0992,1.1202,0.8413,1.1416,1.2374,1.2441,1.1316,1.2367,1.0533,1.2303,1.1122,0.8833,1.0443,0.9808,1.0056,0.9108,0.9435,0.8991,0.9558,0.9375,1.0704,0.8183,1.0088,0.9316,0.8688,1.0517,0.9512,1.0889,1.1954,1.0541,1.0648,1.0725,0.9757,0.9681,0.9856,0.9349,0.8241,0.9063,0.9470,1.0654,1.0540,0.9400,1.0262,1.0597,1.0192,0.9040,0.9597,1.1184,0.9600,0.9952,0.9572,1.1726,0.8951,0.9401,0.9135,0.9877,1.1509,0.9518,1.2000,1.1805,0.8271,0.8966,0.7568,0.7278,0.8618,0.3493,-0.0000,0.7238,0.9551,0.8423,0.8136,0.8777,1.0228,1.1560,1.0399,0.9780,1.1593,1.2306,1.1425,1.0110,1.1769,1.0186,0.8967,1.0550,1.0686,1.2123,1.2025,1.0452,1.2462,1.3052,1.2062,1.2765,1.2863,1.0020,1.2416,0.6708,0.9849,1.0121,0.9162,0.9838,0.9081,0.8969,0.8291,0.8902,1.1123,1.0041,1.0273,0.7995,0.9135,0.8977,0.6836,0.9054,1.2062,1.0395,1.0468,1.1811,1.1373,1.0444,1.0832,1.0681,1.0501,1.0875,1.1165,1.0443
cooke_lee_4,0.9070,1.0034,1.0653,1.1976,1.0680,1.0077,1.0510,1.0657,0.8264,0.9592,0.8978,0.8056,1.0793,0.8523,0.8069,0.8593,1.2193,1.1873,1.0461,1.0379,1.1109,1.0097,1.1711,1.0743,1.1052,1.2160,0.9986,0.9253,1.0812,0.9825,0.9765,1.1380,1.2719,1.2179,0.7892,1.0949,1.0202,1.0025,1.3926,1.2976,1.0405,1.1170,1.2421,1.0873,0.9488,1.0735,0.9072,0.7685,1.0984,1.1249,1.1343,1.0232,0.9499,1.1988,1.0694,1.1353,0.9576,0.9851,1.0032,1.0528,1.0252,0.8826,0.7073,0.8446,0.6880,0.7295,0.7238,-0.0000,1.0144,0.8480,1.1482,0.8681,1.0281,1.2255,1.0063,1.1379,1.1445,0.9525,0.9413,0.9505,1.0449,1.0198,0.6568,0.8931,1.1840,1.1563,1.2072,1.1642,1.0410,1.0822,1.0423,0.9357,0.9448,0.7146,1.0268,0.4503,0.7680,0.8836,0.8842,0.8985,1.1060,1.0680,0.9842,1.0925,1.2733,1.1202,0.9422,1.0236,0.9824,1.0105,0.7850,1.1961,1.0370,1.1057,0.7549,1.1050,1.1231,1.0638,0.6892,0.7634,0.6838,0.7983,1.1246,0.6874
davis_1,0.6837,0.9433,0.7383,0.6515,1.0887,1.0529,1.1555,1.1920,0.9939,1.1754,0.9966,1.0220,0.8656,0.7794,0.8735,0.9150,0.8822,1.0010,0.9381,0.9572,0.8919,1.0517,0.8741,1.1393,0.7797,0.9582,0.9029,0.6600,0.9944,1.0119,1.0674,0.8964,1.2886,1.0903,0.9132,0.8513,0.8710,1.1388,1.0834,1.1046,0.9186,0.8900,0.8636,0.7822,0.9969,1.0707,0.9914,1.0024,1.0049,0.9950,1.2081,1.1546,0.9769,1.0689,1.2860,1.0933,1.0492,1.3113,0.8947,1.2103,0.9029,0.9457,0.9863,0.9396,0.7078,1.0109,0.9551,1.0144,-0.0000,0.7656,0.6214,0.7738,0.9222,1.2054,1.2969,1.0721,1.1506,1.3179,1.1695,1.3172,0.8400,0.8419,1.0247,0.8357,1.1325,1.1427,1.1938,0.9111,1.1357,1.2150,1.3502,1.0907,1.1402,0.9899,0.9879,1.1479,1.0304,1.0422,1.0815,0.8953,0.9596,0.9744,1.1333,1.0323,0.8926,0.8148,1.0223,0.9658,0.9810,1.1133,1.0090,1.0819,1.2138,0.9263,1.0302,0.7950,0.8049,1.0098,0.7187,1.0136,0.8566,0.6791,0.8244,0.8600
davis_2,0.9556,1.0156,0.9041,0.9962,1.0703,0.9881,0.9318,1.1092,0.7925,0.9336,0.6380,0.7045,1.0036,0.8076,0.7615,0.6685,1.1623,1.0718,1.0904,1.0595,1.0447,0.9808,1.1021,1.0947,0.9998,1.1248,1.0252,0.9928,1.1860,1.1067,1.0907,1.0487,1.1422,1.0549,0.9701,1.0729,1.0113,1.0886,1.2287,1.1769,1.0043,1.0165,0.9879,1.0227,0.9628,1.0145,0.9490,1.0126,0.9956,1.0847,1.0685,1.1383,1.0445,0.8962,0.9974,1.0142,1.1629,1.2925,0.9746,1.1761,0.9848,1.0042,0.9994,0.9851,0.9244,0.7996,0.8423,0.8480,0.7656,0.0000,0.7510,0.5494,0.9731,1.2399,1.1543,1.1713,1.2792,1.2188,1.1384,1.1192,0.9524,0.8995,1.0389,1.0747,1.1581,1.1408,1.2526,1.0162,0.8231,1.1677,1.1699,1.0313,1.1105,0.9766,1.0314,1.0096,1.1336,0.8898,1.0699,0.9607,0.9079,0.8957,0.8503,0.9379,0.9340,0.9052,0.9547,1.0370,0.9037,0.8148,0.7670,0.9148,1.1074,0.9124,1.0092,0.9190,0.9094,0.9295,0.8540,0.9611,0.9882,0.7728,0.9127,0.9834
davis_3,0.8127,0.8604,0.8484,0.8899,1.1899,1.2562,1.1917,1.2578,1.1121,1.2294,1.1451,0.9474,1.0000,1.0517,0.9590,1.0909,0.8525,0.7861,0.7744,0.6267,0.9562,1.0075,0.7968,0.9618,0.6702,0.8272,0.8442,1.0450,1.0962,1.0678,1.1682,0.8974,0.9009,1.1422,1.1213,0.8294,0.6030,1.1673,0.8760,0.8664,1.0406,0.9741,0.7708,1.0603,1.0346,1.0237,0.9872,1.0974,0.7761,0.8584,1.0660,1.2345,0.8454,0.7459,0.9724,0.8154,1.1048,1.2145,1.0916,1.1910,0.8077,0.9529,1.0515,0.6717,0.8694,0.8152,0.8136,1.1482,0.6214,0.7510,0.0000,0.7727,1.0926,1.2297,1.3003,1.2080,1.2194,1.3587,1.3641,1.3304,0.9276,0.9874,1.1494,1.0143,1.0989,1.2490,1.1131,1.1178,1.2491,1.4060,1.3345,1.2532,1.4335,1.0538,1.2917,1.1397,0.8875,1.0030,0.9390,0.8299,0.7355,0.7343,0.8395,0.7492,0.8325,0.7612,0.9061,0.7556,0.9540,1.0294,0.9985,0.9909,1.2583,0.9221,1.1594,1.0009,0.9612,0.8521,1.0727,1.1917,1.1041,1.0180,0.9419,1.0991
davis_4,0.8373,0.8050,0.6713,0.8227,0.8077,0.8146,0.9620,1.2097,0.6205,0.8144,0.8040,1.0582,0.8888,0.6757,0.7256,0.8953,1.0922,1.1831,1.0460,0.9721,1.0584,1.0851,1.0240,1.0891,1.0540,1.1922,1.0994,0.9565,1.1906,1.0937,1.1790,1.0644,1.1329,1.0519,0.6637,0.8764,0.9300,1.0429,1.1156,1.1372,1.1531,1.0586,0.9886,1.0404,0.9443,1.0906,0.8876,0.9234,1.0943,1.1437,1.1085,1.2336,1.0235,1.1575,1.2553,1.1899,1.1389,1.0810,1.1152,1.1067,0.9848,0.9688,1.0621,0.8685,0.8371,0.8769,0.8777,0.8681,0.7738,0.5494,0.7727,0.0000,1.0857,1.2283,1.1495,1.1644,1.2651,1.1644,1.2108,1.0360,1.0270,0.9843,1.2050,1.0179,1.2012,1.2252,1.2399,1.0010,0.8688,1.1366,1.1719,0.9694,1.0653,0.7796,0.8212,1.0586,0.9916,1.0187,0.9993,1.0111,0.9523,1.0094,0.9776,0.9632,0.9004,1.0246,1.0533,0.9946,1.1939,1.0758,0.8137,1.0626,1.1513,1.0898,0.9065,0.9877,1.0447,0.9377,0.9586,1.1307,1.0841,0.8509,1.0964,1.0805
page_1,1.1376,1.1358,1.0365,1.0788,1.2688,1.3405,1.2566,1.1916,1.2659,1.3341,1.2156,1.1160,1.1289,1.0603,1.1323,1.0947,1.0394,0.9744,1.2185,1.1326,0.9095,0.8673,1.1679,1.1155,0.9827,0.9022,0.8168,1.1651,1.1387,1.0097,1.0072,1.0662,0.8678,1.0873,0.8834,0.9864,0.9863,0.8427,1.1428,0.9273,1.2314,0.7071,1.1228,0.9876,0.8544,0.8011,1.0103,1.1225,0.8223,0.8062,0.8156,0.9789,1.0007,0.8969,0.8889,0.6760,1.1765,1.0107,0.7918,1.2725,0.7144,0.8348,0.6329,1.1330,1.3263,1.0349,1.0228,1.0281,0.9222,0.9731,1.0926,1.0857,0.0000,0.6113,0.8595,0.4996,0.7947,1.0784,0.9488,1.1436,0.7450,0.5097,1.0050,0.8940,0.8171,0.8196,0.9221,1.1290,1.0498,1.1088,1.0043,1.0994,1.1208,0.9083,1.2790,0.9208,1.0965,0.9732,1.0596,0.8457,1.1010,0.7116,0.7749,0.9446,1.2387,1.0147,1.0817,1.0560,0.7361,0.8073,1.1585,0.9752,1.2531,1.2342,1.2455,1.1494,1.0527,1.0219,1.1264,0.9585,1.1161,1.0943,1.0185,1.1133
page_2,1.1897,1.0755,1.1483,1.0436,1.1236,1.2471,1.1705,0.9550,1.1760,1.0076,1.1750,1.1753,1.0300,1.0197,0.9892,1.0714,1.2355,1.1036,1.3904,1.2449,1.1875,1.1120,1.1865,1.1391,1.1139,1.0652,0.9575,1.1963,1.0837,0.9212,0.9358,1.1668,0.8028,0.9838,0.9573,1.1418,1.1770,0.8912,1.1223,1.0428,1.1146,0.8212,1.1704,1.0977,0.8927,0.9607,1.1251,1.0565,1.1329,1.1000,0.9689,0.9281,0.9656,0.9151,0.9215,0.9703,1.0914,0.8383,0.7977,0.8264,0.9651,0.8045,0.9084,1.2103,1.2667,1.0750,1.1560,1.2255,1.2054,1.2399,1.2297,1.2283,0.6113,0.0000,0.3321,0.4780,0.6863,0.6327,0.6641,0.8267,0.8771,0.8092,1.0373,1.1575,0.7979,0.5884,0.7491,1.0857,0.8709,0.8039,0.6532,0.8897,0.9366,0.8121,1.0882,1.0057,0.9814,0.9040,0.9270,0.8072,1.1616,1.0936,0.9186,1.0096,1.1833,1.3206,1.1622,1.1436,0.9936,0.9765,1.1283,0.9909,0.8583,1.0985,1.2508,1.1699,1.1176,1.1810,1.1761,0.9620,1.1341,1.1579,1.1009,1.1340
page_3,1.2569,1.1600,1.2374,1.2276,1.1126,1.0968,1.1111,1.0477,1.1116,0.9254,1.0690,1.0610,1.0757,1.0197,0.9925,0.9884,1.1813,1.1372,1.2743,1.1422,1.2028,1.1024,1.2388,1.0421,1.2405,1.1518,1.1208,1.3406,1.0202,1.0747,0.9436,1.1316,0.9471,1.0270,0.9879,1.1491,1.1994,0.9957,1.1580,1.0918,1.1421,1.1475,1.2244,1.1611,1.0078,1.0214,1.1029,1.0063,1.1485,1.2129,1.0192,0.8611,1.0654,0.9921,1.0156,1.0321,1.1573,0.9041,0.8798,0.7883,0.9839,0.9426,0.9114,1.1244,1.1783,0.8670,1.0399,1.0063,1.2969,1.1543,1.3003,1.1495,0.8595,0.3321,0.0000,0.5153,0.7293,0.5636,0.7193,0.6561,1.0096,0.9510,0.9377,1.0804,0.8023,0.6159,0.9183,1.1048,0.9132,0.8875,0.5195,0.9226,0.8683,0.8364,0.9755,0.8696,0.9215,0.8716,0.7838,0.6769,1.2078,1.0126,0.9323,0.9723,1.2126,1.2482,1.1421,1.1392,0.9657,0.8895,0.9341,1.0100,0.7738,1.0802,1.0860,1.1447,1.1190,1.1115,1.0786,0.9395,1.0678,1.0627,1.1019,1.0648
page_4,1.2181,1.2523,1.0807,1.0820,1.2975,1.2281,1.0856,1.1472,1.2922,1.2847,1.2662,1.0964,1.1664,1.1627,1.1702,1.0980,1.0827,0.9776,1.2500,1.1109,1.1859,0.9897,1.2907,1.1528,1.1627,1.0353,1.0211,1.2787,1.1177,1.0432,0.9720,1.1416,0.7703,0.9046,1.0131,1.0915,1.0785,0.8323,1.0263,1.0270,1.1893,0.9801,1.2434,1.0873,0.9309,0.8404,0.9979,0.9999,0.9805,0.8608,0.8129,0.8605,1.0243,0.8345,0.9325,0.8200,1.2093,0.7839,0.9828,0.9388,0.9425,0.9928,0.6708,1.2169,1.2504,1.0358,0.9780,1.1379,1.0721,1.1713,1.2080,1.1644,0.4996,0.4780,0.5153,-0.0000,0.5960,0.6533,0.6856,0.8875,0.9555,0.7768,0.9510,1.0175,0.6824,0.6830,0.8772,1.1403,1.0097,0.8796,0.7200,1.1205,1.0421,0.9543,1.0869,1.0309,1.0234,1.0987,0.9994,0.8081,1.0988,0.8565,0.9807,1.0120,1.1481,1.2440,1.0514,1.0874,0.9268,0.7118,0.9251,0.8842,1.0274,1.1525,1.2043,1.2338,1.1919,1.1538,1.2951,1.0752,1.2544,1.2359,1.1572,1.2525
cable_1,1.1564,1.2236,1.2423,0.9927,1.1076,1.1201,1.2147,1.0453,1.2665,1.1060,1.2071,0.9414,0.9682,0.9954,1.0825,1.0723,0.9171,1.0173,1.0616,1.0542,1.1740,1.1319,1.0878,1.1979,0.9456,0.8771,1.0278,0.9326,0.8162,0.9448,1.0419,1.0703,1.0584,0.8269,1.1521,1.0789,1.1111,0.9203,1.0131,0.9709,0.9713,0.9682,1.0491,1.0748,0.8864,0.9863,1.1687,0.9952,0.9842,1.0445,0.9293,0.9640,0.8890,0.9025,0.9445,1.0227,0.9760,0.9596,0.9752,0.8360,0.9329,0.9799,0.7757,1.2019,1.1897,1.0762,1.1593,1.1445,1.1506,1.2792,1.2194,1.2651,0.7947,0.6863,0.7293,0.5960,0.0000,0.6043,0.5751,0.6734,0.8304,0.9638,0.7075,0.9485,0.9135,0.8622,0.7015,1.0342,1.0992,0.9531,0.6874,1.0916,1.0671,1.0468,1.1202,0.9333,0.9706,1.0244,1.1511,1.0035,1.2462,1.0179,1.0192,1.0184,1.1147,1.1920,1.1006,1.0907,1.0306,1.1602,1.0423,1.0158,0.8960,1.0099,1.2414,1.1762,1.1306,1.0457,1.0913,0.9744,1.0907,1.0615,1.1176,1.0847
cable_2,1.1058,1.1410,1.2073,1.2043,0.9347,0.9038,0.9659,0.7997,1.1269,0.9202,1.0899,0.9997,1.0574,0.9246,0.9455,0.8791,1.2266,1.2114,1.1747,0.9532,1.2907,1.2003,1.3215,1.2298,1.1934,1.1376,1.1418,1.0781,1.0144,1.1345,0.8708,1.3250,1.0309,0.9546,0.9766,1.1736,1.1962,1.0680,1.2042,1.2053,1.0864,1.2000,1.1853,1.1245,1.1134,1.2009,1.0896,0.7746,1.2497,1.2008,0.9889,0.8091,0.9823,1.0514,1.1295,1.1802,0.8585,0.6890,1.0609,0.6499,1.1905,0.9449,0.9140,1.0737,0.9913,1.1534,1.2306,0.9525,1.3179,1.2188,1.3587,1.1644,1.0784,0.6327,0.5636,0.6533,0.6043,0.0000,0.4547,0.3860,0.9747,1.1782,0.8581,0.9981,0.8846,0.7611,0.8310,1.2612,0.7883,0.7292,0.6035,0.8850,0.8550,1.0149,0.9380,0.7778,0.8578,0.9241,1.0220,1.0394,1.2231,1.0668,1.1199,1.1312,1.1353,1.3542,1.0596,1.0600,1.1340,0.9603,0.9838,1.0469,0.7039,0.9788,0.8781,1.1896,1.2237,0.9613,1.0296,0.9032,1.0464,1.0034,1.2327,1.0517
cable_3,1.1828,1.2404,1.2158,1.0216,1.0427,0.9887,0.8966,0.7399,1.1348,0.8779,1.0903,0.8979,1.1045,0.9994,1.0027,0.9070,1.1457,1.2168,1.2589,1.0491,1.3718,1.2261,1.3662,1.2619,0.9973,1.0719,1.1135,1.0119,0.8351,0.9933,0.7679,1.1389,1.0749,1.0390,0.9614,1.2188,1.2040,1.0134,1.1065,1.2287,1.0523,1.2396,1.2061,1.1092,0.9152,1.0664,1.1739,0.9259,1.3372,1.2148,1.0635,0.8094,0.8478,0.8831,1.1138,1.0405,0.9148,0.8379,1.0698,0.6063,1.0602,0.9884,0.8826,1.1877,1.1549,1.1204,1.1425,0.9413,1.1695,1.1384,1.3641,1.2108,0.9488,0.6641,0.7193,0.6856,0.5751,0.4547,0.0000,0.5013,0.8967,1.0369,0.8083,1.0620,0.8756,0.6507,0.7249,1.0701,0.7955,0.7601,0.7224,0.8220,1.0486,1.0715,1.0389,0.8896,1.1047,1.1432,1.2597,1.1775,1.1453,1.0962,1.1412,1.1345,1.0749,1.3457,1.0285,1.0986,0.9861,0.8767,0.8832,0.9051,0.7076,0.9294,0.9908,1.0573,1.0471,1.1509,1.0678,0.9374,1.0306,1.0812,1.0582,1.0350
cable_4,1.1068,1.1090,1.1722,1.0197,0.7822,0.7842,0.8527,0.8241,0.8999,0.6484,0.8957,0.9682,0.9529,0.9248,0.8989,0.7189,1.2468,1.2603,1.2205,1.1310,1.2766,1.2086,1.3193,1.1441,1.1334,1.0778,1.2580,1.0832,0.9594,1.1894,0.8778,1.1860,1.1141,0.9729,0.7751,1.0875,1.2580,1.1769,1.1781,1.2143,1.0979,1.3469,1.2669,1.1463,1.1182,1.2182,1.0813,0.7567,1.3181,1.3630,1.0664,0.7756,1.1569,1.1695,1.1459,1.3366,0.8951,0.8357,1.1418,0.4794,1.2288,1.0626,1.0544,1.0844,1.0614,0.9761,1.0110,0.9505,1.3172,1.1192,1.3304,1.0360,1.1436,0.8267,0.6561,0.8875,0.6734,0.3860,0.5013,0.0000,0.9769,1.1296,0.9252,1.0893,0.9813,0.7492,0.8108,1.0393,0.6912,0.8551,0.6838,0.6528,0.7370,0.9320,0.8529,0.8438,1.1770,1.1329,1.2752,1.3042,1.1997,1.2364,1.1838,1.1440,1.2035,1.2790,1.1289,1.0746,1.0314,0.9443,0.8897,1.0973,0.6007,0.9222,0.7067,1.0826,1.1339,1.1186,0.9305,0.9796,0.9713,0.9141,1.1576,0.9734
eggleston_1,0.8920,0.9574,1.1402,0.7576,1.0998,1.1548,1.2547,1.0485,1.1313,1.0961,1.0971,1.1074,0.8871,0.8617,1.0895,1.1085,0.9640,1.0898,1.0071,1.0895,0.9583,1.1257,1.1036,1.1734,1.0687,1.0922,0.9770,0.9339,0.8760,0.9464,1.0068,0.9345,1.2449,1.2670,1.0493,1.1534,1.0854,1.1063,1.1493,1.0212,0.8026,0.8157,0.9426,0.9291,0.9728,0.9915,1.0835,1.1175,1.0124,1.0314,1.1714,1.1441,1.0727,1.0608,1.0874,0.9298,0.9101,1.1397,0.7187,0.8845,0.8032,1.0825,0.9218,1.1561,1.1429,1.1302,1.1769,1.0449,0.8400,0.9524,0.9276,1.0270,0.7450,0.8771,1.0096,0.9555,0.8304,0.9747,0.8967,0.9769,-0.0000,0.5865,0.7146,0.6796,0.8641,0.8638,0.8693,1.0887,0.9522,1.0085,0.8995,0.9673,1.0559,1.0927,1.2176,1.0017,1.0263,1.0092,1.1231,0.9741,1.1471,0.9705,0.9239,1.0690,1.0566,0.9285,1.0987,1.0924,0.9029,1.0637,1.0548,1.2133,0.8901,1.0399,1.1535,1.0395,0.9825,1.1455,0.8988,0.9232,0.8642,0.9662,0.9896,0.8536
eggleston_2,1.0543,0.9361,0.8234,0.9080,1.1221,1.2719,1.2595,1.1517,1.0230,1.1174,1.1628,1.0454,1.0348,1.0115,1.0215,0.9864,1.0317,1.0763,1.2853,1.2474,0.8910,1.0046,1.1572,1.0799,0.9411,1.0444,0.7372,1.0821,1.0547,1.0876,0.9672,1.0028,0.9239,1.1283,0.8011,1.1176,1.1082,0.8960,1.0093,0.8865,1.0844,0.6125,1.0837,0.9732,0.7880,0.7764,0.9811,1.1242,0.9643,0.8607,0.8838,0.8188,1.1233,0.9926,0.9577,0.9515,1.2800,1.2181,0.8796,1.0152,0.6945,1.0386,0.7785,1.2230,1.2525,1.1043,1.0186,1.0198,0.8419,0.8995,0.9874,0.9843,0.5097,0.8092,0.9510,0.7768,0.9638,1.1782,1.0369,1.1296,0.5865,0.0000,0.9072,0.6905,0.9253,0.8272,1.1472,1.0587,0.9301,1.0606,0.9611,0.9650,1.0840,0.9538,1.1569,1.1654,1.2131,1.0681,1.1940,1.0665,1.1712,0.9515,0.9286,1.1135,1.1685,1.1128,1.1980,1.1495,0.7208,0.9892,1.0857,0.8927,1.1209,1.0477,0.9929,0.9704,0.8903,1.1780,0.9689,0.8855,0.9431,1.0043,0.8661,0.9420
eggleston_3,0.9014,1.2347,1.3211,1.1515,1.1101,0.9755,1.1401,0.8633,1.1302,1.0021,1.0168,0.6912,0.8055,0.7936,1.0278,0.9989,1.0581,1.1623,1.1756,1.1233,1.0875,1.0783,1.0957,1.0643,1.2291,0.9694,1.0842,0.8981,0.8442,1.0031,0.7946,1.0235,1.2066,1.1674,1.2327,1.3090,1.2513,0.8234,1.0466,0.9071,0.7383,1.0848,1.1565,1.1445,1.0245,1.0011,0.9901,0.9197,1.1354,1.1078,1.0885,0.9946,0.9696,1.1146,1.1609,1.2140,0.7785,1.0748,0.9931,0.9620,0.9676,1.0096,0.8907,1.1066,0.9951,0.8909,0.8967,0.6568,1.0247,1.0389,1.1494,1.2050,1.0050,1.0373,0.9377,0.9510,0.7075,0.8581,0.8083,0.9252,0.7146,0.9072,0.0000,0.8395,1.0384,0.9639,1.0867,1.1593,1.1301,1.0190,0.9415,1.0544,0.9588,1.0152,1.1202,0.6827,0.7571,0.7840,1.0688,0.9648,1.1585,1.0496,1.0317,1.1645,1.1324,1.1543,0.9062,1.1613,0.8909,1.0575,0.7821,0.9487,0.7999,1.0438,0.9702,1.1385,1.1024,1.1400,0.7406,0.6880,0.6109,0.9529,1.0804,0.6067
eggleston_4,1.0363,0.8888,1.0424,1.0443,1.0341,1.0970,1.2532,1.1152,1.2349,1.1800,1.1355,1.0019,0.9760,0.8864,0.9844,1.0463,1.1082,0.8748,1.0215,1.1070,0.6902,0.9749,1.0822,1.0748,1.1717,1.0292,0.6994,0.9359,0.8789,0.9976,1.0363,0.9123,1.0721,1.0397,0.8842,1.1141,1.1431,0.9902,1.0975,1.0589,1.0368,0.7911,1.0446,1.0469,0.8887,0.8747,0.8418,0.9549,0.8613,0.9789,0.9755,1.0296,1.0473,1.0879,1.0286,0.7785,1.1128,1.1508,0.8879,1.0854,0.8092,1.1748,0.8162,1.1452,1.0163,1.0285,1.0550,0.8931,0.8357,1.0747,1.0143,1.0179,0.8940,1.1575,1.0804,1.0175,0.9485,0.9981,1.0620,1.0893,0.6796,0.6905,0.8395,0.0000,0.9481,1.0357,1.1284,1.0647,1.0357,1.0336,1.0722,1.1735,1.0557,0.9279,1.1110,1.1229,0.8522,0.8249,1.0465,0.8934,1.1216,0.7336,0.9907,0.8979,1.2294,0.9875,1.1781,1.2233,0.8004,1.0293,0.9894,1.0415,1.1518,1.0614,0.9510,0.9194,0.9287,1.1146,0.7629,1.0309,0.8064,0.8000,0.9345,0.8045
twain_1,1.0774,1.0781,1.2562,1.0858,1.2105,1.1128,1.1642,1.0474,1.3387,1.1829,1.2504,1.1144,1.0990,1.1637,1.1560,1.0317,1.0740,1.0038,1.1307,1.0130,1.0833,0.8864,1.1592,0.7952,1.2021,1.0965,1.0217,1.3358,1.0190,1.0722,0.9210,1.2084,0.8187,0.9284,1.1051,1.1016,1.1002,1.0608,1.0809,1.0459,1.2982,1.0846,1.2286,1.2778,1.1247,0.9870,0.9735,0.9706,1.0031,0.9189,0.7787,0.8224,1.0223,0.9273,0.9015,0.7906,1.0627,0.7132,0.9431,0.8128,0.9319,1.0263,0.7754,1.2100,1.2068,0.9791,1.0686,1.1840,1.1325,1.1581,1.0989,1.2012,0.8171,0.7979,0.8023,0.6824,0.9135,0.8846,0.8756,0.9813,0.8641,0.9253,1.0384,0.9481,0.0000,0.4672,0.7113,1.1361,0.7974,0.7159,0.5794,0.8391,0.9451,1.1493,1.1784,0.9685,0.9829,1.0866,1.0363,0.9646,1.0228,0.7323,0.8496,0.8276,1.1224,1.2152,0.9320,1.1061,1.0430,0.6280,1.1646,0.8903,1.0300,0.8864,1.0600,1.0030,0.9337,1.0677,1.0448,1.0453,1.0608,1.0144,0.9132,1.0533
twain_2,1.0917,1.0611,1.3082,0.9379,1.0243,1.0696,1.0532,0.7747,1.2559,0.8895,1.1314,1.0889,1.0201,1.1114,1.0208,1.0073,1.2537,1.2180,1.2386,1.2680,1.1128,1.0409,1.1883,1.1144,1.1961,1.0799,1.1887,1.2970,0.8905,0.9243,0.7198,1.1474,0.9400,1.0847,1.0175,1.1821,1.2927,1.1850,1.1623,1.1405,1.1640,1.2446,1.1924,1.1998,1.0201,1.0448,1.0604,0.8828,1.2380,1.1840,1.0228,0.6733,1.1651,0.9616,0.9941,1.0078,1.0358,0.8626,0.9604,0.5378,1.0444,1.0205,1.0579,1.2849,1.2733,1.1061,1.2123,1.1563,1.1427,1.1408,1.2490,1.2252,0.8196,0.5884,0.6159,0.6830,0.8622,0.7611,0.6507,0.7492,0.8638,0.8272,0.9639,1.0357,0.4672,-0.0000,0.6913,1.0753,0.4981,0.6296,0.5761,0.4535,0.9456,1.0366,1.0650,1.0635,1.2385,1.0459,1.1783,1.0833,1.0988,0.8754,1.1003,1.0115,1.1693,1.2938,0.9276,1.1837,1.0305,0.8286,1.1549,1.0060,0.6979,0.7890,0.8994,0.9913,0.9473,1.1046,0.9759,0.9930,0.9910,0.9694,0.9333,0.9892
twain_3,0.9439,0.9408,1.2362,0.8953,1.0825,1.0812,1.0820,0.8541,1.1877,0.9354,1.1656,1.1359,1.0258,1.2186,1.1572,1.1872,1.0887,1.0494,1.0406,1.0032,1.1176,1.1782,1.1064,1.0940,0.9189,0.9552,1.1620,0.9654,0.8523,0.7604,1.0013,0.9376,0.9862,1.0250,1.0397,1.0254,1.1063,1.1462,1.1093,1.0206,0.8796,1.1761,0.9783,0.8088,1.1453,1.2025,1.1224,1.0843,0.9511,1.1490,1.0202,1.0155,0.9170,0.9556,1.0158,1.0030,0.7204,0.8289,0.9898,0.7377,1.0209,0.8915,1.0511,1.1134,1.1224,1.1353,1.2025,1.2072,1.1938,1.2526,1.1131,1.2399,0.9221,0.7491,0.9183,0.8772,0.7015,0.8310,0.7249,0.8108,0.8693,1.1472,1.0867,1.1284,0.7113,0.6913,-0.0000,0.9535,0.8273,0.6873,0.7545,0.8690,1.0792,1.1482,1.0738,1.0629,1.0708,1.1381,1.1063,1.1354,0.8807,0.9864,1.0687,0.9124,0.8963,1.1454,0.8443,1.0293,1.2135,0.9900,1.1261,1.0245,0.8852,0.8921,1.0188,1.0276,1.0222,0.8971,1.1890,1.2232,1.0835,1.2279,1.0250,1.0801
twain_4,1.0591,0.9236,0.8177,0.6510,0.9516,1.0192,0.8698,0.8884,0.8015,0.7815,0.7404,1.0527,0.8166,1.0188,1.0948,1.0916,0.9161,0.9689,0.8835,1.2083,0.8525,0.8654,0.6905,0.8642,0.8456,0.7346,1.1876,0.6783,0.8057,0.9262,1.0564,0.7381,1.1504,1.0031,1.0281,0.8749,0.9868,1.1251,0.8574,0.9674,0.7718,1.0080,0.7129,0.7694,1.0971,1.1123,1.1588,1.0621,1.1251,1.0705,1.1326,1.0783,1.1584,1.2632,1.0809,1.1981,0.8560,1.2849,0.8311,1.1005,1.2439,1.1962,1.3079,1.1714,1.0034,1.0926,1.0452,1.1642,0.9111,1.0162,1.1178,1.0010,1.1290,1.0857,1.1048,1.1403,1.0342,1.2612,1.0701,1.0393,1.0887,1.0587,1.1593,1.0647,1.1361,1.0753,0.9535,0.0000,1.0500,1.0303,1.1108,0.9551,0.9187,1.0922,0.7901,1.3132,1.1894,1.0997,1.0756,1.0941,0.8800,1.1977,1.0724,1.0109,0.7230,0.7993,0.9042,1.0669,1.1585,1.1315,0.9327,1.0119,1.0850,1.0028,1.0023,0.7456,0.7925,0.9935,0.9477,1.0675,0.9628,0.9504,0.8153,0.9619
twain_letters_1,0.9935,1.0248,1.0587,0.9203,0.7123,0.7513,0.7208,0.5781,0.8426,0.6118,0.8427,1.0879,1.0845,0.9922,0.9395,0.8660,1.2905,1.3892,1.3125,1.2729,1.0568,1.1113,1.3470,1.1868,1.1648,1.1923,1.3411,0.9809,1.0871,1.1133,0.9353,1.1968,1.0324,1.1079,0.8068,1.1338,1.4024,1.0728,1.1321,1.2445,1.1084,1.2854,1.2030,1.2039,1.2069,1.1778,1.1732,0.8574,1.3506,1.3328,1.0783,0.8015,1.3323,1.1250,1.0443,1.0689,0.9607,0.8173,0.9410,0.5175,1.3039,1.1180,1.2491,1.3107,1.1813,1.2035,1.2462,1.0410,1.1357,0.8231,1.2491,0.8688,1.0498,0.8709,0.9132,1.0097,1.0992,0.7883,0.7955,0.6912,0.9522,0.9301,1.1301,1.0357,0.7974,0.4981,0.8273,1.0500,0.0000,0.5615,0.6891,0.3502,0.6616,0.9271,0.7246,1.1575,1.2439,0.9896,1.2199,1.1812,1.1553,0.9954,1.1405,1.0027,1.0925,1.2082,0.9852,1.1940,1.0159,0.8203,1.0330,0.8627,0.6279,0.8077,0.6633,0.9261,0.9817,1.0536,0.9484,1.0171,1.0212,0.8951,1.0047,1.0261
twain_letters_2,0.9551,0.9322,1.0889,0.9857,0.8058,0.9111,0.7527,0.7321,1.0099,0.7990,1.0126,1.1304,1.1727,1.0696,1.1469,1.1106,1.1810,1.1871,1.1854,1.2639,1.0676,1.0111,1.1743,0.9398,1.2229,1.1717,1.0718,1.0178,0.9172,0.9729,0.8095,1.0668,1.0758,1.1030,1.0920,1.1896,1.3840,1.0058,1.1410,1.0481,1.0647,1.2511,1.2511,1.0750,1.0997,1.0669,1.0144,0.8874,1.3041,1.0737,1.0221,0.7836,1.2357,1.1049,1.0798,1.1032,0.9033,0.7434,0.8918,0.6544,1.3522,1.0939,1.0608,1.3378,1.0823,1.4075,1.3052,1.0822,1.2150,1.1677,1.4060,1.1366,1.1088,0.8039,0.8875,0.8796,0.9531,0.7292,0.7601,0.8551,1.0085,1.0606,1.0190,1.0336,0.7159,0.6296,0.6873,1.0303,0.5615,0.0000,0.6078,0.6209,0.6408,0.9565,0.7035,1.1038,1.0701,0.9502,1.1732,1.1642,0.9931,1.1418,1.1139,1.0645,0.9096,1.2539,0.9313,1.2114,1.0998,0.8876,0.9806,0.9666,0.7056,0.8250,0.7361,0.9791,1.0268,1.1208,0.9702,1.0393,0.9984,0.9529,1.0389,1.0014
twain_letters_3,1.0892,1.0948,1.2839,1.1123,1.0248,1.0150,0.9904,0.9376,1.0178,0.8858,1.0135,1.0690,1.0840,0.9560,1.0560,0.9538,1.1947,1.3150,1.2767,1.2874,1.1641,1.0145,1.2326,0.8956,1.1169,1.2332,1.1657,1.2140,0.9048,1.1466,0.8400,1.3104,1.0565,1.1433,0.9914,1.3003,1.4175,1.0451,1.1524,1.0841,1.1348,1.3223,1.3618,1.1845,1.2057,1.1464,1.0434,0.8318,1.1741,1.2073,0.9364,0.7558,1.1446,0.9714,1.0234,1.1034,0.9792,0.6384,0.8863,0.5814,1.0901,1.0391,0.9233,1.3415,1.0873,1.0960,1.2062,1.0423,1.3502,1.1699,1.3345,1.1719,1.0043,0.6532,0.5195,0.7200,0.6874,0.6035,0.7224,0.6838,0.8995,0.9611,0.9415,1.0722,0.5794,0.5761,0.7545,1.1108,0.6891,0.6078,-0.0000,0.6274,0.8475,1.0170,0.9458,0.8693,0.9659,0.9109,0.9070,0.9034,1.1445,0.9852,0.9608,0.9793,1.0332,1.2628,0.8099,1.1537,1.1175,0.8812,1.0862,1.0943,0.7725,1.0394,0.9890,1.0961,1.1053,1.0045,0.9760,0.8556,0.9571,1.0024,1.0935,0.9464
twain_letters_4,0.8390,0.9255,1.0990,0.8323,0.6487,0.7796,0.8895,0.6941,0.8371,0.5120,0.8285,1.1354,0.9170,0.9325,0.9244,0.8797,1.2709,1.4099,1.2421,1.2943,1.0624,1.1406,1.1778,1.0981,1.2729,1.2024,1.2389,1.0079,0.9793,1.0971,0.9193,1.1704,1.1327,1.1884,0.7674,1.1153,1.4068,1.1172,1.2117,1.2358,1.0809,1.4109,1.3060,1.1775,1.0980,1.2510,1.0527,0.7160,1.4412,1.3483,1.1867,0.7673,1.2629,1.2561,1.2266,1.2910,0.9382,0.7943,0.9679,0.5345,1.2323,1.1088,1.1902,1.1963,1.1510,1.1771,1.2765,0.9357,1.0907,1.0313,1.2532,0.9694,1.0994,0.8897,0.9226,1.1205,1.0916,0.8850,0.8220,0.6528,0.9673,0.9650,1.0544,1.1735,0.8391,0.4535,0.8690,0.9551,0.3502,0.6209,0.6274,0.0000,0.6474,0.8230,0.6516,1.0383,1.1960,1.0454,1.2415,1.2174,1.1045,1.1481,1.1980,1.0859,1.0419,1.1703,0.9260,1.0740,1.0642,0.9154,1.0006,1.0411,0.6606,0.8442,0.6375,0.8489,0.8954,1.0513,0.7749,0.8204,0.8631,0.7648,0.9224,0.8682
lee_1,0.9581,0.7780,1.0131,0.9945,0.5827,0.6238,0.6111,0.7395,0.7115,0.5166,0.6389,1.1166,1.0118,0.9530,1.0957,1.0019,1.1644,1.2321,1.2276,1.2862,0.8916,1.0308,1.0773,0.9365,1.3333,1.1686,1.2160,0.9893,0.9947,1.0821,0.9580,1.0472,1.1984,0.9937,0.8348,1.0805,1.3696,1.1347,1.2364,1.1559,0.9886,1.1283,1.2366,1.1083,1.1105,1.1537,1.0398,0.7633,1.2137,1.2077,1.1178,0.7785,1.2127,1.3598,1.1941,1.3390,0.9361,0.8735,0.9334,0.7816,1.3791,1.1440,1.1894,1.2221,0.8916,1.2961,1.2863,0.9448,1.1402,1.1105,1.4335,1.0653,1.1208,0.9366,0.8683,1.0421,1.0671,0.8550,1.0486,0.7370,1.0559,1.0840,0.9588,1.0557,0.9451,0.9456,1.0792,0.9187,0.6616,0.6408,0.8475,0.6474,0.0000,0.6268,0.4506,1.0002,1.0816,1.0008,1.0603,1.0909,1.2115,1.3302,1.1863,1.1609,0.9183,1.1337,0.9675,1.1955,1.0904,0.9501,1.0303,0.9507,0.6947,1.0649,0.6953,0.8468,0.9306,1.1542,0.7823,0.8252,0.8966,0.7443,0.9560,0.9007
lee_2,0.9992,0.7985,0.9421,1.0317,0.7757,0.9545,1.0058,1.1062,0.7696,0.7031,0.9710,0.9568,1.0663,0.8743,1.0161,1.0741,1.2821,1.1936,1.1639,1.0559,1.1055,1.2341,1.0233,1.1599,1.1995,1.2482,1.0071,1.1903,1.1675,0.9557,1.1125,1.1644,0.9436,1.1020,0.6990,0.8631,1.0530,0.9705,1.3228,1.1439,1.2048,1.0368,1.1982,1.1790,0.9479,1.0791,1.0191,0.8973,1.0015,1.1281,0.9742,0.8841,0.8932,1.1020,1.1587,1.1547,1.1313,0.9646,1.0188,0.9507,1.0485,0.7752,0.8608,0.9614,0.8094,0.9048,1.0020,0.7146,0.9899,0.9766,1.0538,0.7796,0.9083,0.8121,0.8364,0.9543,1.0468,1.0149,1.0715,0.9320,1.0927,0.9538,1.0152,0.9279,1.1493,1.0366,1.1482,1.0922,0.9271,0.9565,1.0170,0.8230,0.6268,0.0000,0.7317,0.8898,0.8971,1.0511,1.0568,1.0140,1.1757,1.1142,1.0129,1.0899,1.1548,1.1126,1.0294,1.1134,0.9485,1.1137,0.8280,1.0013,0.9917,1.3197,0.9663,0.9939,1.0720,1.1379,0.8595,0.9233,0.9972,0.7730,1.0867,0.9997
lee_3,0.8592,0.7555,0.8959,0.7854,0.3980,0.5413,0.6113,0.7761,0.5898,0.5052,0.6274,1.1611,1.0071,0.9873,1.0562,1.0487,1.1470,1.2648,1.0902,1.2416,0.9884,1.1678,1.0092,1.1034,1.0732,1.1362,1.1424,0.7095,0.8941,1.0145,1.0919,0.9751,1.2483,1.1347,0.7676,0.9321,1.3336,1.0991,1.1291,1.1378,0.9469,1.2217,1.1019,0.9312,1.1265,1.2596,1.1076,0.8468,1.2822,1.2081,1.1229,0.8887,1.3387,1.3624,1.3434,1.4065,0.8127,1.0741,1.0327,0.8441,1.3228,1.0806,1.1978,1.2324,0.8294,1.2550,1.2416,1.0268,0.9879,1.0314,1.2917,0.8212,1.2790,1.0882,0.9755,1.0869,1.1202,0.9380,1.0389,0.8529,1.2176,1.1569,1.1202,1.1110,1.1784,1.0650,1.0738,0.7901,0.7246,0.7035,0.9458,0.6516,0.4506,0.7317,0.0000,1.2011,1.0420,1.0451,1.0035,1.0710,0.9208,1.3375,1.3338,1.2116,0.8051,1.0317,0.8745,1.1693,1.1256,1.0731,0.8734,0.9537,0.8880,0.9961,0.6384,0.7040,0.8241,1.0929,0.7821,0.9479,0.8946,0.7460,0.8761,0.9013
lee_4,0.9285,1.0513,1.0598,1.3721,1.1857,1.1246,1.1849,1.1246,1.1362,1.1374,1.0569,0.9616,1.0348,0.9454,0.9769,0.8999,1.0340,1.0068,1.0025,0.9356,1.1986,1.0009,1.1474,1.1237,1.0722,1.1990,1.0298,1.1482,1.1534,1.0033,0.9917,1.2945,1.1656,1.1394,1.0828,1.0597,0.9684,0.9176,1.2562,1.2030,1.0786,1.0427,1.1271,1.0877,1.0134,1.0612,0.9695,1.0552,1.0476,1.1566,1.0469,1.1514,0.7981,0.9661,0.8109,0.9648,0.8301,0.7674,0.9997,1.0027,0.9356,0.6127,0.7014,0.7994,0.8348,0.6965,0.6708,0.4503,1.1479,1.0096,1.1397,1.0586,0.9208,1.0057,0.8696,1.0309,0.9333,0.7778,0.8896,0.8438,1.0017,1.1654,0.6827,1.1229,0.9685,1.0635,1.0629,1.3132,1.1575,1.1038,0.8693,1.0383,1.0002,0.8898,1.2011,0.0000,0.6443,0.7591,0.8362,0.8919,1.1790,0.9177,0.8210,0.9855,1.1425,1.0870,0.8952,0.9387,0.9296,1.0392,0.9583,1.2397,0.9497,1.2257,1.1388,1.2656,1.2294,0.9290,0.8658,0.6982,0.7874,0.9865,1.2127,0.7894
cabell_1,0.8124,1.0328,1.1393,1.3039,1.1551,1.1566,1.2338,1.1787,1.1406,1.3237,1.1404,1.0150,0.9564,0.9442,1.0911,1.1638,0.9704,1.0624,0.8725,0.7750,1.1561,1.0392,0.9438,1.1723,1.0648,1.0962,0.8631,1.0889,1.0069,1.0980,1.0826,1.0810,1.0978,1.1203,1.2217,0.9911,0.8935,0.8389,1.1106,0.9142,0.9267,1.0656,1.1041,1.0598,1.1132,1.1598,1.0777,1.1161,0.8777,0.8881,0.9871,1.2686,0.8201,1.1129,1.0203,1.0296,0.8325,0.8551,0.9408,1.2752,0.9369,0.7622,0.7051,0.8036,0.8882,0.9108,0.9849,0.7680,1.0304,1.1336,0.8875,0.9916,1.0965,0.9814,0.9215,1.0234,0.9706,0.8578,1.1047,1.1770,1.0263,1.2131,0.7571,0.8522,0.9829,1.2385,1.0708,1.1894,1.2439,1.0701,0.9659,1.1960,1.0816,0.8971,1.0420,0.6443,0.0000,0.4782,0.4817,0.5075,0.8821,0.8196,0.8372,0.8257,1.0989,0.8515,0.8064,0.9570,1.0254,1.0336,0.9429,1.1824,1.1432,1.1319,1.1469,1.2434,1.2792,0.8451,0.8421,0.8611,0.7578,0.9765,1.2620,0.7579
cabell_2,0.9292,0.9928,1.0909,1.2638,1.0447,1.1180,1.1457,0.9338,1.1765,1.1202,0.8791,0.9709,0.9513,0.9222,1.0453,0.9954,1.1234,1.1537,1.0252,1.1249,0.9550,0.8847,0.9283,1.0989,1.0588,1.0474,0.8388,1.0348,0.8987,1.0931,0.9387,1.0773,1.1220,1.1128,1.1646,1.1520,1.0957,1.0241,1.0942,1.0847,0.9704,0.9701,1.1383,1.0332,1.1182,1.1827,1.0833,1.1111,1.0018,1.1189,1.1232,1.2182,1.0663,1.1747,0.9978,1.0306,0.8831,1.0318,0.8278,1.1593,1.0042,0.8755,0.9794,1.0239,1.0548,0.9847,1.0121,0.8836,1.0422,0.8898,1.0030,1.0187,0.9732,0.9040,0.8716,1.0987,1.0244,0.9241,1.1432,1.1329,1.0092,1.0681,0.7840,0.8249,1.0866,1.0459,1.1381,1.0997,0.9896,0.9502,0.9109,1.0454,1.0008,1.0511,1.0451,0.7591,0.4782,0.0000,0.5219,0.4854,0.9745,0.8126,0.7118,0.8037,1.0405,0.8700,0.8719,1.0832,0.9185,1.0004,1.0977,1.1840,1.0394,1.0701,1.0716,1.1603,1.1736,0.9756,0.6807,0.9221,0.6696,0.7982,1.1506,0.6664
cabell_3,0.9915,0.9851,1.0206,1.1513,1.1804,1.1501,1.1267,1.1165,0.9864,1.2673,0.9614,1.2409,1.0976,1.1477,1.1237,1.2196,1.0021,0.9782,0.9176,0.9147,0.9777,0.8490,0.8096,0.9375,1.0205,1.1767,0.9031,1.1435,0.8357,0.8916,0.9938,0.8953,1.0882,1.1283,1.2415,0.9952,0.8089,1.0190,1.0732,1.0153,0.9520,0.9382,1.0384,0.9582,1.0949,1.1141,0.9988,1.2672,0.8639,0.9358,1.0647,1.2302,0.8971,1.0662,0.9577,0.9773,0.8581,0.9121,0.8433,1.3124,1.0024,0.9324,0.9628,0.7507,0.8045,0.9525,0.9162,0.8842,1.0815,1.0699,0.9390,0.9993,1.0596,0.9270,0.7838,0.9994,1.1511,1.0220,1.2597,1.2752,1.1231,1.1940,1.0688,1.0465,1.0363,1.1783,1.1063,1.0756,1.2199,1.1732,0.9070,1.2415,1.0603,1.0568,1.0035,0.8362,0.4817,0.5219,-0.0000,0.3101,0.6972,0.8555,0.7221,0.8280,1.0665,0.8708,0.8818,0.7852,0.9901,0.9420,1.1530,1.2418,1.2179,1.1809,1.1532,1.0832,1.0948,0.8090,1.0323,1.0407,0.9462,1.1049,1.0885,0.9426
cabell_4,0.9381,0.9392,1.1141,1.1969,1.2569,1.1974,1.1940,1.1583,1.2297,1.3335,0.9891,1.0970,1.0407,1.0509,1.0951,1.1231,1.1173,0.9554,1.0581,0.9599,0.9983,0.8969,1.0261,1.0597,1.0433,1.0108,0.9364,1.1472,0.9519,1.0597,1.0403,1.0579,1.0253,1.1739,1.2124,1.0249,0.9048,1.0898,1.1540,1.0921,1.0125,0.9723,1.0704,1.0785,1.1346,1.0849,1.0832,1.0869,0.9632,0.9662,1.2449,1.2873,0.9482,0.9756,0.9519,0.8475,1.0147,1.0165,0.5660,1.2976,1.0014,0.9504,0.8439,0.7861,1.0259,0.9269,0.9838,0.8985,0.8953,0.9607,0.8299,1.0111,0.8457,0.8072,0.6769,0.8081,1.0035,1.0394,1.1775,1.3042,0.9741,1.0665,0.9648,0.8934,0.9646,1.0833,1.1354,1.0941,1.1812,1.1642,0.9034,1.2174,1.0909,1.0140,1.0710,0.8919,0.5075,0.4854,0.3101,0.0000,0.8695,0.7386,0.7296,0.8189,1.0654,0.8874,0.8962,0.8798,0.8536,0.8297,0.9325,1.1661,1.2187,1.0827,1.1527,1.1982,1.1863,0.9703,0.9826,1.0482,0.9318,1.0377,1.1685,0.9271
christian_1,0.8973,0.8845,1.0959,0.8470,1.0965,1.1480,1.0131,1.1083,1.0173,1.0871,0.9273,1.1581,1.0298,1.2615,1.1522,1.1156,0.9610,1.0215,0.9587,0.8593,1.1179,0.9560,0.8647,0.8173,0.8497,1.0120,0.7906,1.0130,0.7980,0.8184,0.8536,0.8527,1.0753,1.1677,1.2263,0.9823,0.8612,1.2224,1.0235,1.0762,0.9274,1.1658,0.9550,1.0544,1.1473,1.1871,1.0556,1.1608,0.9667,0.9110,1.1448,1.0628,0.9952,0.9835,1.0303,1.0886,0.8059,1.0812,0.9843,1.2042,0.9274,1.0463,0.9653,0.7034,0.9578,0.9271,0.9081,1.1060,0.9596,0.9079,0.7355,0.9523,1.1010,1.1616,1.2078,1.0988,1.2462,1.2231,1.1453,1.1997,1.1471,1.1712,1.1585,1.1216,1.0228,1.0988,0.8807,0.8800,1.1553,0.9931,1.1445,1.1045,1.2115,1.1757,0.9208,1.1790,0.8821,0.9745,0.6972,0.8695,-0.0000,0.7954,0.8769,0.7955,0.9852,0.7390,0.8338,0.6335,1.0217,0.9532,0.9971,1.0007,1.1552,0.7350,0.8827,0.8429,0.8493,0.8022,0.9856,1.0887,0.8855,1.0874,0.8302,0.8814
christian_2,1.1416,1.1225,1.2189,1.2500,1.2905,1.1764,1.1744,1.2695,1.3441,1.3690,1.2680,1.0280,0.9285,1.1089,1.1320,1.0061,0.9682,0.9552,0.9829,0.8943,1.0010,0.9702,1.1573,0.9513,0.9803,0.9443,0.9188,1.3687,1.1290,1.1643,1.0857,1.1721,0.8482,0.9769,1.1546,0.9592,0.8962,1.0272,0.9923,0.9624,1.3348,1.0835,1.0468,1.1997,1.1738,1.0263,1.0704,1.1770,0.8287,0.8482,0.8826,1.0473,0.9409,0.7439,0.8213,0.6170,1.2373,1.0208,1.1360,1.1742,0.7363,0.8914,0.7347,0.8286,1.1199,0.8229,0.8969,1.0680,0.9744,0.8957,0.7343,1.0094,0.7116,1.0936,1.0126,0.8565,1.0179,1.0668,1.0962,1.2364,0.9705,0.9515,1.0496,0.7336,0.7323,0.8754,0.9864,1.1977,0.9954,1.1418,0.9852,1.1481,1.3302,1.1142,1.3375,0.9177,0.8196,0.8126,0.8555,0.7386,0.7954,0.0000,0.3871,0.2891,0.9798,0.9095,0.9618,0.8200,0.7364,0.7496,0.9755,0.9610,1.1731,1.0228,1.2229,1.1557,1.1096,0.7812,1.1297,1.1964,1.0111,1.2012,1.0936,1.0037
christian_3,1.1882,1.0794,1.0614,1.2561,1.2843,1.3058,1.2120,1.2588,1.2006,1.3243,1.1645,0.9191,0.8898,1.0141,0.9832,0.9671,1.0246,0.9162,1.0391,1.0582,1.0716,0.9515,0.9976,0.7056,0.9915,0.9768,0.8632,1.3803,1.1584,1.0894,1.0502,1.1657,0.9381,1.0479,1.2273,1.0592,0.8957,0.9580,0.9891,0.9705,1.3182,0.8761,1.0326,1.2613,1.0879,1.0493,1.0525,1.2500,0.9538,0.8376,0.9013,1.1937,0.7945,0.7855,0.7701,0.7421,1.2029,1.0309,0.9613,1.1742,0.8111,0.8432,0.7622,0.8286,1.0816,0.7696,0.8291,0.9842,1.1333,0.8503,0.8395,0.9776,0.7749,0.9186,0.9323,0.9807,1.0192,1.1199,1.1412,1.1838,0.9239,0.9286,1.0317,0.9907,0.8496,1.1003,1.0687,1.0724,1.1405,1.1139,0.9608,1.1980,1.1863,1.0129,1.3338,0.8210,0.8372,0.7118,0.7221,0.7296,0.8769,0.3871,0.0000,0.3418,1.0668,1.0553,1.0307,0.8320,0.7104,0.7043,0.9481,1.0771,1.1367,1.1743,1.3214,1.2027,1.1607,0.9406,1.1960,1.0469,1.0962,1.2272,1.1369,1.0839
christian_4,1.0933,1.0549,1.1612,1.1593,1.2174,1.1463,1.0909,1.2763,1.1692,1.2170,1.1476,1.0846,0.9880,1.1266,1.0359,1.0556,0.9238,0.9139,0.9794,0.9448,0.9612,1.0201,1.0016,0.7650,0.9285,0.9379,0.9283,1.2402,1.1401,1.1131,1.2133,1.0004,0.9870,0.9074,1.1452,0.9213,0.8922,1.0494,0.8961,0.9852,1.2708,1.1033,1.0282,1.0736,1.0971,1.1284,1.0838,1.1515,0.9388,0.9134,0.9176,1.2188,0.9559,0.8606,0.9124,0.7808,1.2239,0.9790,1.1391,1.1078,0.8629,0.9982,0.8665,0.8585,0.9783,0.8501,0.8902,1.0925,1.0323,0.9379,0.7492,0.9632,0.9446,1.0096,0.9723,1.0120,1.0184,1.1312,1.1345,1.1440,1.0690,1.1135,1.1645,0.8979,0.8276,1.0115,0.9124,1.0109,1.0027,1.0645,0.9793,1.0859,1.1609,1.0899,1.2116,0.9855,0.8257,0.8037,0.8280,0.8189,0.7955,0.2891,0.3418,0.0000,0.9469,0.9578,0.9649,0.8378,0.8959,0.8328,1.0796,1.0850,1.0892,1.0635,1.2631,1.0728,1.0559,0.8762,1.0828,1.2625,1.0007,1.1346,1.0478,0.9920
pollock_1,0.9370,0.7881,0.9509,0.8082,0.8654,0.8467,0.7376,0.9352,0.8299,0.9061,0.8945,1.0236,0.9432,0.9991,1.1345,1.0484,0.8417,0.9772,0.8759,0.9463,0.9850,1.0183,0.8176,0.9716,0.7814,0.8279,1.1628,0.7790,0.9299,0.9964,1.0253,0.8823,1.1239,1.0301,1.1328,0.9827,0.9477,1.1452,0.8707,0.9859,0.9223,1.0902,0.8278,0.7663,1.2251,1.2224,1.0436,1.0296,1.0758,1.1087,1.1367,1.1535,1.0540,1.0794,1.1453,1.1449,0.8603,1.0939,1.1342,1.0775,1.1404,1.0499,1.2764,0.9654,0.8161,1.1073,1.1123,1.2733,0.8926,0.9340,0.8325,0.9004,1.2387,1.1833,1.2126,1.1481,1.1147,1.1353,1.0749,1.2035,1.0566,1.1685,1.1324,1.2294,1.1224,1.1693,0.8963,0.7230,1.0925,0.9096,1.0332,1.0419,0.9183,1.1548,0.8051,1.1425,1.0989,1.0405,1.0665,1.0654,0.9852,0.9798,1.0668,0.9469,0.0000,0.7935,0.6763,0.8928,1.1786,1.0857,0.8668,0.9647,1.0643,0.9718,1.1258,0.9523,0.9773,0.9385,1.1166,1.1967,1.0741,1.1188,0.9929,1.0705
pollock_2,0.9784,0.9786,1.0180,0.9749,1.0783,1.0224,1.0215,1.1654,0.9768,1.1214,0.8415,1.1511,1.0808,1.1878,1.3179,1.0626,0.5760,0.9978,0.4652,0.7243,0.8319,0.8843,0.6789,1.0423,0.6864,0.9179,0.9983,0.8400,0.9007,1.0586,1.2675,0.7439,1.2145,1.0692,1.1568,0.6766,0.6274,1.1399,0.8778,0.9152,0.7851,1.0012,0.6729,0.7044,1.1468,1.1024,1.2125,1.2864,0.7592,0.8890,1.0638,1.2791,1.1028,1.1562,0.9268,0.9411,0.8661,1.1654,0.8757,1.2836,0.8469,1.0194,1.0359,0.7461,1.0322,0.9905,1.0041,1.1202,0.8148,0.9052,0.7612,1.0246,1.0147,1.3206,1.2482,1.2440,1.1920,1.3542,1.3457,1.2790,0.9285,1.1128,1.1543,0.9875,1.2152,1.2938,1.1454,0.7993,1.2082,1.2539,1.2628,1.1703,1.1337,1.1126,1.0317,1.0870,0.8515,0.8700,0.8708,0.8874,0.7390,0.9095,1.0553,0.9578,0.7935,0.0000,0.8274,0.6350,1.0213,1.1584,1.0256,1.0958,1.2252,0.9391,1.1263,1.0079,1.0563,0.7715,0.8648,1.0879,0.8996,0.8762,1.0665,0.8944
pollock_3,0.8163,0.9436,1.0707,0.9822,1.0825,1.0108,0.8074,0.9579,0.9446,1.0441,0.9016,1.0667,1.0755,0.9383,1.0888,0.9610,1.0111,1.1071,0.9621,0.9850,1.0385,0.8894,0.8785,1.0144,0.7682,1.0163,1.2569,0.9215,0.9692,1.0163,1.0138,1.0292,1.2098,1.1437,1.1961,1.0589,1.0679,1.1905,0.9624,0.9517,0.9792,1.3948,1.0077,1.0147,1.1780,1.3045,1.0422,0.9672,1.0837,1.0643,1.1564,1.0837,1.0271,1.0865,1.1036,1.1237,0.7601,0.8683,1.0466,1.0292,1.2053,1.0459,1.0700,0.9490,0.9262,1.0389,1.0273,0.9422,1.0223,0.9547,0.9061,1.0533,1.0817,1.1622,1.1421,1.0514,1.1006,1.0596,1.0285,1.1289,1.0987,1.1980,0.9062,1.1781,0.9320,0.9276,0.8443,0.9042,0.9852,0.9313,0.8099,0.9260,0.9675,1.0294,0.8745,0.8952,0.8064,0.8719,0.8818,0.8962,0.8338,0.9618,1.0307,0.9649,0.6763,0.8274,0.0000,0.8809,1.0384,0.9087,0.9497,1.1486,1.0530,1.0678,1.0452,1.1646,1.1897,0.8790,0.8850,1.0098,0.8672,0.9407,1.1609,0.8604
pollock_4,0.9777,1.1142,1.0861,1.0467,1.0981,1.0313,0.9869,1.1693,0.9920,1.1787,0.9818,1.1728,1.2656,1.2411,1.1789,1.0898,0.7902,0.9685,0.8336,0.4651,1.1546,1.0032,0.9636,1.0423,0.8357,1.0552,0.9381,1.0209,1.0922,0.9574,1.1683,1.0000,0.9721,1.0144,1.1244,0.6515,0.6157,1.1047,0.9721,1.0878,1.0954,1.1373,0.9959,1.0045,1.1352,1.1021,1.1469,1.1644,0.9103,1.0637,1.1783,1.2444,0.8705,0.9368,0.9437,1.0727,0.9091,0.7427,1.0406,1.0891,0.9285,1.0692,0.9340,0.3597,0.9561,0.8688,0.7995,1.0236,0.9658,1.0370,0.7556,0.9946,1.0560,1.1436,1.1392,1.0874,1.0907,1.0600,1.0986,1.0746,1.0924,1.1495,1.1613,1.2233,1.1061,1.1837,1.0293,1.0669,1.1940,1.2114,1.1537,1.0740,1.1955,1.1134,1.1693,0.9387,0.9570,1.0832,0.7852,0.8798,0.6335,0.8200,0.8320,0.8378,0.8928,0.6350,0.8809,0.0000,1.0102,0.8991,0.9700,1.0983,1.2151,1.0496,1.1065,1.1554,1.1620,0.7381,1.1352,1.1135,1.1697,1.0565,1.1662,1.1692
shsp_1,1.0881,1.1025,0.9992,1.1972,1.1183,1.2003,1.0201,1.1555,1.2055,1.1885,1.0744,0.9698,1.1206,1.0634,1.0597,0.9701,1.0375,0.6854,1.2155,1.0434,1.0109,0.9699,1.1304,1.0668,1.0479,1.1047,0.7465,1.1883,1.1530,1.2610,0.9840,1.1403,0.8258,1.1228,1.1159,1.0884,0.9731,0.8398,0.9741,0.9041,1.2994,0.8716,1.2037,1.1300,0.7907,0.6967,0.9394,1.2032,0.8835,0.7656,0.9621,1.1119,1.0244,0.7717,0.9070,0.6812,1.1358,1.1178,0.9001,1.1007,0.8379,1.0522,0.8139,0.9841,1.1888,0.8594,0.9135,0.9824,0.9810,0.9037,0.9540,1.1939,0.7361,0.9936,0.9657,0.9268,1.0306,1.1340,0.9861,1.0314,0.9029,0.7208,0.8909,0.8004,1.0430,1.0305,1.2135,1.1585,1.0159,1.0998,1.1175,1.0642,1.0904,0.9485,1.1256,0.9296,1.0254,0.9185,0.9901,0.8536,1.0217,0.7364,0.7104,0.8959,1.1786,1.0213,1.0384,1.0102,0.0000,0.7900,0.8442,0.7853,1.0977,1.1606,1.1447,1.0053,0.9539,1.0022,1.0964,0.9644,1.0425,1.1164,0.9291,1.0478
shsp_2,1.1264,1.2387,1.1500,1.2398,1.2304,1.2127,0.9851,1.0047,1.2760,1.2296,1.1719,0.9259,1.1300,1.1628,0.9745,0.9444,1.1543,0.9113,1.1489,1.0336,1.1484,0.8770,1.2823,0.9864,1.1627,1.0357,1.0444,1.2842,1.1815,1.1335,0.9368,1.2078,0.8418,1.0581,1.1475,0.9591,1.0364,0.8261,0.9795,0.9339,1.1810,1.1205,1.2920,1.2777,1.0758,0.8439,0.8815,1.0970,1.0539,0.9792,0.9036,1.0017,0.9226,0.8289,0.9806,0.7828,1.1322,0.8517,0.9685,0.9306,1.0456,1.1142,0.7670,0.9477,1.2532,0.9176,0.8977,1.0105,1.1133,0.8148,1.0294,1.0758,0.8073,0.9765,0.8895,0.7118,1.1602,0.9603,0.8767,0.9443,1.0637,0.9892,1.0575,1.0293,0.6280,0.8286,0.9900,1.1315,0.8203,0.8876,0.8812,0.9154,0.9501,1.1137,1.0731,1.0392,1.0336,1.0004,0.9420,0.8297,0.9532,0.7496,0.7043,0.8328,1.0857,1.1584,0.9087,0.8991,0.7900,-0.0000,0.9384,0.8197,1.1128,1.0838,0.9512,1.2251,1.1716,1.0553,1.2541,1.1802,1.2603,1.1632,1.1470,1.2575
shsp_3,1.0239,1.0023,0.9868,1.0522,1.0330,0.9974,0.9051,1.0828,0.8037,0.8852,0.8257,0.8245,0.9903,0.8545,0.9240,0.9363,1.1306,1.0657,1.1157,1.0262,1.1948,1.1246,1.2089,1.1447,1.2091,1.1154,1.1990,1.0023,1.0599,1.1819,1.1487,1.0644,1.0466,1.0298,1.0263,1.1309,1.0881,1.0286,1.0729,1.1383,1.0293,1.2327,1.0047,1.0913,1.0782,1.1594,1.0167,0.8788,1.1709,1.1198,1.1685,1.1632,1.0617,0.9816,1.0412,1.0611,1.0545,1.0577,0.9804,0.9975,1.0732,1.0548,0.9848,0.9014,1.0078,0.5836,0.6836,0.7850,1.0090,0.7670,0.9985,0.8137,1.1585,1.1283,0.9341,0.9251,1.0423,0.9838,0.8832,0.8897,1.0548,1.0857,0.7821,0.9894,1.1646,1.1549,1.1261,0.9327,1.0330,0.9806,1.0862,1.0006,1.0303,0.8280,0.8734,0.9583,0.9429,1.0977,1.1530,0.9325,0.9971,0.9755,0.9481,1.0796,0.8668,1.0256,0.9497,0.9700,0.8442,0.9384,0.0000,0.8335,0.9724,0.9511,0.8902,1.0758,1.1255,1.0774,1.0337,0.9040,1.0409,1.0155,1.1526,1.0372
shsp_4,1.1262,1.0614,0.9025,1.0706,0.8748,0.9772,0.8513,0.8723,1.0443,0.8690,0.9405,0.9146,1.0109,1.0274,1.1601,1.0890,0.9883,0.9349,1.1488,1.0413,1.1775,1.0312,1.2032,0.9155,1.0189,1.0754,0.8567,1.1355,1.2513,1.1875,1.0652,1.1756,0.6929,0.8329,0.9913,1.0964,1.0980,0.7993,0.7724,0.8686,1.0195,0.9251,0.9798,1.1272,1.0491,0.8845,1.0717,1.1414,0.8561,0.8340,0.7507,0.8178,1.0282,0.7885,0.9565,0.8902,1.2168,1.0920,1.1277,1.0547,0.9381,0.9735,0.8899,1.1597,1.1955,0.9242,0.9054,1.1961,1.0819,0.9148,0.9909,1.0626,0.9752,0.9909,1.0100,0.8842,1.0158,1.0469,0.9051,1.0973,1.2133,0.8927,0.9487,1.0415,0.8903,1.0060,1.0245,1.0119,0.8627,0.9666,1.0943,1.0411,0.9507,1.0013,0.9537,1.2397,1.1824,1.1840,1.2418,1.1661,1.0007,0.9610,1.0771,1.0850,0.9647,1.0958,1.1486,1.0983,0.7853,0.8197,0.8335,-0.0000,1.0516,0.8328,0.9692,0.8349,0.8369,0.9634,1.1870,0.9688,1.1900,1.1216,0.8212,1.1927
poe_goldbug_1,1.0657,1.0779,1.1760,1.0539,0.7595,0.7003,0.7725,0.6503,0.9829,0.6889,0.8720,0.9456,0.8901,0.8824,0.9055,0.8021,1.0976,1.2575,1.1520,1.2185,1.1440,1.0025,1.0917,1.0011,1.1487,1.0489,1.4104,1.1017,0.9942,1.0972,0.8805,0.9856,1.0763,0.9728,1.0138,1.2348,1.4261,1.1136,0.9242,1.0728,0.9025,1.1942,0.9516,1.1944,1.1072,1.0802,1.1072,0.8591,1.3810,1.3072,1.2389,0.7824,1.2029,1.0675,1.1020,1.2090,1.0321,0.8435,1.0919,0.4762,1.2379,1.1837,1.3753,1.2340,0.9809,1.1668,1.2062,1.0370,1.2138,1.1074,1.2583,1.1513,1.2531,0.8583,0.7738,1.0274,0.8960,0.7039,0.7076,0.6007,0.8901,1.1209,0.7999,1.1518,1.0300,0.6979,0.8852,1.0850,0.6279,0.7056,0.7725,0.6606,0.6947,0.9917,0.8880,0.9497,1.1432,1.0394,1.2179,1.2187,1.1552,1.1731,1.1367,1.0892,1.0643,1.2252,1.0530,1.2151,1.0977,1.1128,0.9724,1.0516,0.0000,0.7297,0.7120,1.0522,1.0675,1.1343,0.9470,0.9454,0.9461,0.9656,1.0651,0.9524
poe_goldbug_2,0.9155,0.9278,1.1282,0.8671,0.9638,1.0423,0.9489,0.8072,1.1402,0.9599,0.8559,0.9893,0.9472,1.0590,0.8320,0.8685,1.0197,1.0487,1.0292,1.0710,1.1050,0.8486,1.0040,0.8332,0.8445,0.8745,1.0435,0.9668,0.9245,1.1175,0.8449,0.9764,1.1486,0.9832,1.1355,1.2508,1.1693,1.3031,0.9472,1.1160,0.8415,1.0450,0.9433,1.1228,1.0218,1.0764,1.0459,0.8403,1.2132,1.0213,1.2238,0.8628,1.1656,1.0298,0.9422,1.1662,1.0198,1.1511,1.0195,0.8782,1.0278,1.1050,1.1995,1.0228,0.8762,1.0392,1.0395,1.1057,0.9263,0.9124,0.9221,1.0898,1.2342,1.0985,1.0802,1.1525,1.0099,0.9788,0.9294,0.9222,1.0399,1.0477,1.0438,1.0614,0.8864,0.7890,0.8921,1.0028,0.8077,0.8250,1.0394,0.8442,1.0649,1.3197,0.9961,1.2257,1.1319,1.0701,1.1809,1.0827,0.7350,1.0228,1.1743,1.0635,0.9718,0.9391,1.0678,1.0496,1.1606,1.0838,0.9511,0.8328,0.7297,0.0000,0.6391,0.8257,0.8037,1.0555,0.8067,1.0157,0.8819,0.7984,0.7773,0.8807
poe_letters_1,0.8789,0.8223,0.9562,1.0079,0.6419,0.6710,0.7062,0.7808,0.7957,0.7200,0.8246,0.9456,0.9953,0.9851,0.8519,0.8974,1.2680,1.3319,1.2630,1.1787,1.0500,0.9891,1.2093,0.8931,1.0351,0.9855,1.1207,0.8991,0.9471,1.1526,0.6448,1.0283,1.1643,1.0990,0.7755,1.1826,1.3081,1.1746,1.2127,1.2451,0.9797,1.1968,1.2054,1.0577,1.2059,1.2088,1.0186,0.5889,1.3653,1.2941,1.1576,0.7350,1.2910,1.3251,1.2273,1.3405,0.9411,0.9251,0.9945,0.7812,1.1984,1.1542,1.0939,1.0802,0.8061,1.1087,1.0468,0.7549,1.0302,1.0092,1.1594,0.9065,1.2455,1.2508,1.0860,1.2043,1.2414,0.8781,0.9908,0.7067,1.1535,0.9929,0.9702,0.9510,1.0600,0.8994,1.0188,1.0023,0.6633,0.7361,0.9890,0.6375,0.6953,0.9663,0.6384,1.1388,1.1469,1.0716,1.1532,1.1527,0.8827,1.2229,1.3214,1.2631,1.1258,1.1263,1.0452,1.1065,1.1447,0.9512,0.8902,0.9692,0.7120,0.6391,-0.0000,0.9187,0.9824,1.1689,0.6737,0.9735,0.7701,0.6893,1.0027,0.7748
beale_letters,0.9305,0.6604,0.7870,0.6633,0.6865,0.9138,0.9574,0.8035,0.7028,0.6441,0.6905,1.0194,1.0274,1.0766,0.9969,1.1192,1.0881,0.9094,1.0597,1.1311,0.7945,0.9753,0.9823,0.9283,1.1184,1.0645,0.9066,0.8331,0.8584,0.9013,1.0137,0.8704,1.1501,0.9420,0.8686,1.2030,1.1577,1.1482,1.1266,1.0909,0.9095,0.9668,0.9274,0.7902,0.8554,1.0032,0.8264,0.9212,1.0595,0.9375,1.0024,0.9203,1.1418,1.0572,1.1128,1.0297,0.9775,1.3064,0.9807,1.0142,1.0892,1.1482,1.2767,1.1835,0.8347,1.0721,1.1811,1.1050,0.7950,0.9190,1.0009,0.9877,1.1494,1.1699,1.1447,1.2338,1.1762,1.1896,1.0573,1.0826,1.0395,0.9704,1.1385,0.9194,1.0030,0.9913,1.0276,0.7456,0.9261,0.9791,1.0961,0.8489,0.8468,0.9939,0.7040,1.2656,1.2434,1.1603,1.0832,1.1982,0.8429,1.1557,1.2027,1.0728,0.9523,1.0079,1.1646,1.1554,1.0053,1.2251,1.0758,0.8349,1.0522,0.8257,0.9187,-0.0000,0.0465,0.9565,0.6552,0.7672,0.7465,0.6819,0.0798,0.7480
beale_letter1,0.9320,0.7016,0.8085,0.7074,0.7905,1.0111,1.0248,0.8387,0.8360,0.7615,0.7966,0.9798,1.0107,1.1120,0.9661,1.1194,1.0684,0.8294,1.0914,1.1311,0.7852,0.9267,1.0053,0.9062,1.0961,1.0268,0.8519,0.8754,0.8818,0.8884,0.9647,0.8778,1.0873,0.9270,0.9120,1.2529,1.1433,1.1006,1.1140,1.0352,0.9297,0.8931,0.9296,0.8059,0.7706,0.9056,0.7656,0.9214,1.0388,0.9050,0.9912,0.8903,1.0874,0.9585,1.0360,0.9531,1.0325,1.3382,0.9552,1.0648,1.0156,1.1688,1.2578,1.1829,0.9264,1.0181,1.1373,1.1231,0.8049,0.9094,0.9612,1.0447,1.0527,1.1176,1.1190,1.1919,1.1306,1.2237,1.0471,1.1339,0.9825,0.8903,1.1024,0.9287,0.9337,0.9473,1.0222,0.7925,0.9817,1.0268,1.1053,0.8954,0.9306,1.0720,0.8241,1.2294,1.2792,1.1736,1.0948,1.1863,0.8493,1.1096,1.1607,1.0559,0.9773,1.0563,1.1897,1.1620,0.9539,1.1716,1.1255,0.8369,1.0675,0.8037,0.9824,0.0465,-0.0000,0.9831,0.6992,0.7431,0.7437,0.7566,0.0142,0.7452
beale_b2,0.9068,0.8903,1.0287,1.1790,1.0576,1.0553,1.1174,1.1341,0.9943,1.0297,1.0264,1.1091,1.0734,1.1806,1.0655,1.0564,0.8835,0.9441,0.7719,0.7439,0.9504,0.9983,0.8876,1.0315,0.9560,1.1579,1.0135,1.1006,1.0486,1.0175,1.2226,1.0135,0.9495,1.0164,1.0740,0.8854,0.7602,1.1013,0.9634,0.9563,1.0988,1.1192,0.8994,1.0118,1.1023,1.0768,1.0727,1.1130,0.6020,0.8047,0.9685,1.0981,0.9551,0.8209,1.0660,0.9225,0.9142,0.9116,1.0776,1.0825,0.8786,0.8258,0.9963,0.6513,0.9417,0.8248,1.0444,1.0638,1.0098,0.9295,0.8521,0.9377,1.0219,1.1810,1.1115,1.1538,1.0457,0.9613,1.1509,1.1186,1.1455,1.1780,1.1400,1.1146,1.0677,1.1046,0.8971,0.9935,1.0536,1.1208,1.0045,1.0513,1.1542,1.1379,1.0929,0.9290,0.8451,0.9756,0.8090,0.9703,0.8022,0.7812,0.9406,0.8762,0.9385,0.7715,0.8790,0.7381,1.0022,1.0553,1.0774,0.9634,1.1343,1.0555,1.1689,0.9565,0.9831,0.0000,1.0987,1.0415,1.1073,1.0574,0.9839,1.1062
narrative,0.8214,0.7967,1.0469,0.8510,0.7691,0.8356,1.0358,0.9578,0.8158,0.8064,0.6975,0.9139,0.9283,0.7927,0.8426,0.7796,1.1489,1.2884,1.1322,1.2546,0.9449,0.9811,1.1042,1.0934,1.0375,1.0887,0.9274,0.7053,0.8478,1.1009,0.8404,0.9520,1.4162,1.0781,0.8220,1.1969,1.3064,1.2646,1.2833,1.2243,0.9086,1.1492,1.1245,0.8512,1.0023,1.2499,0.9694,0.7181,1.2172,1.3045,1.2128,1.0189,1.2418,1.3457,1.2207,1.3183,0.8673,1.1412,0.9459,0.9679,1.0552,0.9946,1.0008,1.2135,0.7403,1.0636,1.0832,0.6892,0.7187,0.8540,1.0727,0.9586,1.1264,1.1761,1.0786,1.2951,1.0913,1.0296,1.0678,0.9305,0.8988,0.9689,0.7406,0.7629,1.0448,0.9759,1.1890,0.9477,0.9484,0.9702,0.9760,0.7749,0.7823,0.8595,0.7821,0.8658,0.8421,0.6807,1.0323,0.9826,0.9856,1.1297,1.1960,1.0828,1.1166,0.8648,0.8850,1.1352,1.0964,1.2541,1.0337,1.1870,0.9470,0.8067,0.6737,0.6552,0.6992,1.0987,0.0000,0.5841,0.1758,0.1639,0.7136,0.1759
morriss,0.8521,1.0236,0.9270,1.1728,0.8855,1.0025,1.0122,0.8860,0.8734,0.8483,0.7154,0.8020,1.0020,0.8161,0.8734,0.8757,0.9857,1.1298,1.2180,1.1682,0.9365,0.9215,1.1452,1.0940,1.2124,1.0472,0.8666,0.9719,0.9878,1.0707,0.8131,1.0743,1.1932,1.0960,0.9602,1.2937,1.1996,0.8962,1.2046,1.1334,1.0245,1.0840,1.1199,1.0370,0.9326,1.1086,0.9635,0.8539,1.0387,1.0090,1.0116,0.8764,0.9877,0.9166,1.0108,1.1311,0.8738,1.0289,0.8856,1.0600,0.9689,0.9239,0.8701,1.1853,1.0611,1.0605,1.0681,0.7634,1.0136,0.9611,1.1917,1.1307,0.9585,0.9620,0.9395,1.0752,0.9744,0.9032,0.9374,0.9796,0.9232,0.8855,0.6880,1.0309,1.0453,0.9930,1.2232,1.0675,1.0171,1.0393,0.8556,0.8204,0.8252,0.9233,0.9479,0.6982,0.8611,0.9221,1.0407,1.0482,1.0887,1.1964,1.0469,1.2625,1.1967,1.0879,1.0098,1.1135,0.9644,1.1802,0.9040,0.9688,0.9454,1.0157,0.9735,0.7672,0.7431,1.0415,0.5841,0.0000,0.6132,0.6949,0.7232,0.6150
narrative_A,0.7882,0.8043,1.1166,0.8969,0.9025,0.9184,1.1142,1.0016,0.9153,0.9088,0.8533,0.8704,0.7265,0.8464,0.8649,0.8023,1.1514,1.2753,1.1565,1.2679,0.9433,1.1033,1.1788,1.0584,1.0072,0.9700,0.8979,0.7650,0.7417,1.0747,0.7830,0.9987,1.3756,1.0739,0.8948,1.2707,1.2646,1.1602,1.1832,1.0847,0.8279,1.1562,1.1096,0.8310,1.0748,1.2230,0.9243,0.8358,1.2599,1.2556,1.1988,1.0069,1.1425,1.2339,1.0580,1.2512,0.8067,1.1229,0.9629,1.0152,0.9517,0.9509,0.9540,1.1751,0.9097,1.0392,1.0501,0.6838,0.8566,0.9882,1.1041,1.0841,1.1161,1.1341,1.0678,1.2544,1.0907,1.0464,1.0306,0.9713,0.8642,0.9431,0.6109,0.8064,1.0608,0.9910,1.0835,0.9628,1.0212,0.9984,0.9571,0.8631,0.8966,0.9972,0.8946,0.7874,0.7578,0.6696,0.9462,0.9318,0.8855,1.0111,1.0962,1.0007,1.0741,0.8996,0.8672,1.1697,1.0425,1.2603,1.0409,1.1900,0.9461,0.8819,0.7701,0.7465,0.7437,1.1073,0.1758,0.6132,0.0000,0.6215,0.7402,0.0009
narrative_B,0.9132,0.8573,0.9637,0.8563,0.7170,0.8103,0.9478,0.9295,0.7810,0.7719,0.6477,0.9847,1.1478,0.8099,0.8736,0.8312,1.0967,1.2047,1.0644,1.1567,0.9649,0.8691,0.9971,1.0960,1.0543,1.1741,0.9803,0.7459,1.0014,1.0925,0.9494,0.9228,1.3164,1.0562,0.8110,1.0596,1.2445,1.2773,1.2856,1.2845,1.0173,1.0926,1.0973,0.9204,0.9313,1.1924,1.0233,0.6983,1.1032,1.2501,1.1553,1.0243,1.2572,1.3384,1.3046,1.2769,0.9704,1.1118,0.9475,0.9329,1.1369,1.0387,1.0459,1.1794,0.6630,1.0660,1.0875,0.7983,0.6791,0.7728,1.0180,0.8509,1.0943,1.1579,1.0627,1.2359,1.0615,1.0034,1.0812,0.9141,0.9662,1.0043,0.9529,0.8000,1.0144,0.9694,1.2279,0.9504,0.8951,0.9529,1.0024,0.7648,0.7443,0.7730,0.7460,0.9865,0.9765,0.7982,1.1049,1.0377,1.0874,1.2012,1.2272,1.1346,1.1188,0.8762,0.9407,1.0565,1.1164,1.1632,1.0155,1.1216,0.9656,0.7984,0.6893,0.6819,0.7566,1.0574,0.1639,0.6949,0.6215,0.0000,0.7835,0.6208
beale_letters_2000,0.9513,0.7153,0.8262,0.7603,0.8666,1.0801,1.0644,0.8610,0.8989,0.8075,0.8405,0.9415,1.0103,1.1203,0.9453,1.1241,1.0591,0.8012,1.1089,1.1183,0.8030,0.8912,1.0038,0.8694,1.0736,1.0026,0.8226,0.9188,0.9054,0.9018,0.9550,0.8983,1.0623,0.9191,0.9430,1.2714,1.1270,1.0782,1.0932,1.0188,0.9374,0.8759,0.9447,0.8381,0.7660,0.8770,0.7530,0.9223,1.0154,0.8747,0.9937,0.8617,1.0734,0.9197,0.9823,0.9226,1.0492,1.3320,0.9639,1.0727,0.9813,1.1618,1.2234,1.1763,0.9472,0.9976,1.1165,1.1246,0.8244,0.9127,0.9419,1.0964,1.0185,1.1009,1.1019,1.1572,1.1176,1.2327,1.0582,1.1576,0.9896,0.8661,1.0804,0.9345,0.9132,0.9333,1.0250,0.8153,1.0047,1.0389,1.0935,0.9224,0.9560,1.0867,0.8761,1.2127,1.2620,1.1506,1.0885,1.1685,0.8302,1.0936,1.1369,1.0478,0.9929,1.0665,1.1609,1.1662,0.9291,1.1470,1.1526,0.8212,1.0651,0.7773,1.0027,0.0798,0.0142,0.9839,0.7136,0.7232,0.7402,0.7835,-0.0000,0.7409
narrative_2000,0.7897,0.7997,1.1237,0.8975,0.9096,0.9265,1.1206,1.0102,0.9155,0.9110,0.8503,0.8749,0.7237,0.8430,0.8660,0.8063,1.1532,1.2786,1.1544,1.2732,0.9427,1.0995,1.1730,1.0501,1.0062,0.9716,0.8989,0.7697,0.7386,1.0762,0.7876,0.9969,1.3848,1.0800,0.9028,1.2767,1.2659,1.1670,1.1858,1.0884,0.8284,1.1588,1.1038,0.8361,1.0778,1.2268,0.9194,0.8381,1.2540,1.2563,1.1987,1.0112,1.1455,1.2356,1.0544,1.2528,0.8070,1.1266,0.9599,1.0128,0.9406,0.9463,0.9477,1.1776,0.9087,1.0304,1.0443,0.6874,0.8600,0.9834,1.0991,1.0805,1.1133,1.1340,1.0648,1.2525,1.0847,1.0517,1.0350,0.9734,0.8536,0.9420,0.6067,0.8045,1.0533,0.9892,1.0801,0.9619,1.0261,1.0014,0.9464,0.8682,0.9007,0.9997,0.9013,0.7894,0.7579,0.6664,0.9426,0.9271,0.8814,1.0037,1.0839,0.9920,1.0705,0.8944,0.8604,1.1692,1.0478,1.2575,1.0372,1.1927,0.9524,0.8807,0.7748,0.7480,0.7452,1.1062,0.1759,0.6150,0.0009,0.6208,0.7409,0.0000
