,jefferson_1,jefferson_2,jefferson_3,jefferson_4,randolph_1,randolph_2,randolph_3,randolph_4,jackson_1,jackson_2,jackson_3,jackson_4,jqadams_1,jqadams_2,jqadams_3,jqadams_4,ejames_1,ejames_2,ejames_3,ejames_4,flint_1,flint_2,flint_3,flint_4,hall_1,hall_2,hall_3,hall_4,paulding_1,paulding_2,paulding_3,paulding_4,pike_1,pike_2,pike_3,pike_4,biddle_1,biddle_2,biddle_3,biddle_4,gregg_1,gregg_2,gregg_3,gregg_4,pattie_1,pattie_2,pattie_3,pattie_4,tjames_1,tjames_2,tjames_3,tjames_4,irving_1,irving_2,irving_3,irving_4,bagby_1,bagby_2,bagby_3,bagby_4,cooke_1,cooke_2,cooke_3,cooke_4,cooke_lee_1,cooke_lee_2,cooke_lee_3,cooke_lee_4,davis_1,davis_2,davis_3,davis_4,page_1,page_2,page_3,page_4,cable_1,cable_2,cable_3,cable_4,eggleston_1,eggleston_2,eggleston_3,eggleston_4,twain_1,twain_2,twain_3,twain_4,twain_letters_1,twain_letters_2,twain_letters_3,twain_letters_4,lee_1,lee_2,lee_3,lee_4,cabell_1,cabell_2,cabell_3,cabell_4,christian_1,christian_2,christian_3,christian_4,pollock_1,pollock_2,pollock_3,pollock_4,shsp_1,shsp_2,shsp_3,shsp_4,poe_goldbug_1,poe_goldbug_2,poe_letters_1,beale_letters,beale_letter1,beale_b2,narrative,morriss,narrative_A,narrative_B,beale_letters_2000,narrative_2000
jefferson_1,0.0000,0.8059,0.8717,0.9446,0.8973,0.9303,0.9659,0.9783,0.9165,0.9414,0.9245,1.0013,0.9465,0.9981,0.9454,0.9459,1.1554,1.1643,1.0564,1.0736,0.9803,1.0397,1.0477,1.0318,1.1072,1.0904,1.0424,0.9341,0.8298,0.9947,1.0185,0.8928,1.1483,1.1050,0.9764,1.0509,1.0648,1.1091,1.1694,1.0786,0.9612,1.0292,1.0483,0.9681,1.0549,1.1336,0.9964,0.9627,1.1471,1.1440,1.1069,1.0227,1.0228,1.0524,1.1248,1.1320,0.8596,0.9806,0.8838,0.9513,0.9907,1.0539,1.1253,1.0330,0.8677,1.0529,1.0898,0.9384,0.9397,0.9482,1.0398,0.9649,1.0458,0.9892,1.0262,1.0871,0.9538,0.9280,1.0155,0.9600,0.9088,0.9735,0.9404,1.0118,0.9470,0.9577,1.0178,0.9715,0.9751,0.8799,1.0196,0.9031,0.9560,0.9666,0.9661,0.8636,1.0014,0.9680,1.0098,1.0110,1.0529,1.0750,1.0614,1.0881,1.0625,1.0265,1.0500,1.0297,1.0079,1.1469,1.0157,1.1081,0.9704,0.9690,0.8786,0.9921,0.9784,1.0583,0.9694,0.9449,0.9979,0.9539,0.9821,1.0000
jefferson_2,0.8059,-0.0000,0.7333,0.8627,1.0093,1.0465,1.0539,1.0142,0.8422,0.9864,0.8997,1.0082,0.8035,0.8522,0.8501,0.9930,1.0804,1.0707,1.0574,1.0549,1.0035,1.0455,1.0332,1.0514,1.0336,0.9361,0.9864,0.9272,1.0947,0.9775,1.0538,1.0633,1.0605,1.1022,0.8321,1.0002,1.0651,1.0915,1.1312,1.1164,1.0119,1.0136,1.0182,0.8783,1.0145,1.1104,0.9721,1.0420,1.0522,1.1369,1.0561,1.0251,1.0247,1.0540,1.1170,1.1118,1.0522,1.0754,1.0325,1.0792,1.0380,1.0007,1.0580,0.9911,0.8639,1.0271,1.0479,0.9367,0.8832,0.9081,0.8695,0.8967,1.0615,1.0430,1.0959,1.1306,1.0888,1.0242,1.1102,1.0073,0.9321,0.9801,1.0276,0.9722,1.0745,1.1117,1.0158,0.9995,1.0094,1.0120,1.0853,1.0236,0.9495,0.8583,0.9194,0.9657,1.0464,0.9915,1.0359,1.0404,1.0240,1.0345,1.0160,1.0464,0.8704,0.9404,0.9541,1.0510,0.9927,1.0421,0.9626,1.0327,1.0496,1.0249,0.9095,0.9018,0.9198,1.0355,0.9296,1.0293,0.9433,0.9420,0.9249,0.9426
jefferson_3,0.8717,0.7333,-0.0000,0.8069,0.9688,1.0897,1.0436,1.0581,0.9319,1.0345,0.8839,1.0053,0.9332,0.8997,0.7933,0.8903,0.9478,1.0559,0.9804,1.0717,0.9360,0.9313,1.0103,1.0594,0.9704,1.0056,0.9654,0.9303,1.0071,0.9599,1.0223,0.9622,1.0761,1.0540,0.9034,1.0246,0.9979,1.0259,0.9981,0.9977,0.9376,0.9434,0.9659,0.9300,1.0137,1.0316,1.0159,1.0487,1.0133,1.0785,1.0440,1.0759,0.9761,1.0215,1.0526,1.0584,1.0331,1.0887,0.9820,1.0592,0.9895,1.0588,1.1156,1.0666,0.8949,1.0486,0.9931,1.0630,0.8295,0.8443,0.8045,0.8556,1.1077,1.1486,1.1350,1.1084,1.0452,1.0870,1.0575,0.9932,0.9754,0.8830,1.0106,0.9884,1.1513,1.0966,1.1054,0.9109,1.0133,1.0089,1.1664,1.0857,1.0189,0.9614,0.9896,0.9976,0.9929,1.0618,1.0538,1.1126,1.0535,1.0700,1.0701,1.0818,0.9777,1.0053,1.0178,1.0815,1.0025,1.1463,1.0517,1.0276,1.0324,1.0215,0.9591,0.8567,0.8440,1.0386,0.8722,0.9483,0.9542,0.8416,0.8583,0.9508
jefferson_4,0.9446,0.8627,0.8069,-0.0000,1.0016,1.0330,1.1020,1.0164,0.8201,0.9709,0.8397,0.9873,0.9082,0.8656,0.8967,0.9514,1.0399,1.0737,1.0157,1.0989,0.9806,1.0875,1.0004,1.0901,0.9514,1.0134,1.0184,0.8042,0.8946,0.8263,0.8728,0.9695,1.1277,1.0808,0.9603,0.9880,1.0176,1.0919,1.0735,1.0821,0.8767,0.9826,0.9259,0.9282,1.0397,1.1234,1.0197,0.9645,1.1322,1.0715,1.1424,1.0105,1.0002,1.1045,1.1149,1.0685,0.9170,1.0757,0.9850,1.0098,1.0558,1.0350,1.1004,1.0658,0.9398,1.0307,1.0549,1.0438,0.7210,0.8802,0.8225,0.8125,1.1075,1.0681,1.1326,1.1373,1.0174,1.0954,1.0585,1.0508,0.9431,0.9977,1.0392,0.9833,1.0719,1.0391,1.0510,0.8103,0.9752,1.0407,1.0902,0.9768,0.9900,1.0291,0.9444,1.0991,1.0459,1.1101,1.0817,1.1143,1.0336,1.1340,1.0786,1.1068,0.9561,0.9625,1.0110,1.0443,1.0135,1.0923,1.0004,1.0745,1.0514,0.9943,1.0605,0.9337,0.9589,1.0243,0.8891,1.1081,0.9568,0.8658,0.9701,0.9552
randolph_1,0.8973,1.0093,0.9688,1.0016,0.0000,0.5641,0.5618,0.7529,0.8291,0.6729,0.8376,1.0264,1.0307,1.0038,0.9998,0.9059,1.1164,1.1516,1.0680,1.0908,1.0448,1.1179,1.0745,1.0457,1.0732,1.0844,1.0160,0.8892,0.9633,1.0352,0.9600,1.0289,1.1406,1.0861,0.8553,1.0504,1.1324,1.0937,1.1284,1.1169,1.0322,1.0932,1.0442,1.0296,1.0660,1.1534,1.0412,0.9655,1.0983,1.1368,1.0764,1.0068,1.0963,1.1277,1.2198,1.1714,0.9811,0.9950,1.0116,0.9357,1.0243,1.0722,1.1151,1.0919,0.9502,1.1150,1.0891,0.9960,1.0691,1.0730,1.1446,0.9853,1.0890,1.0510,1.0500,1.0892,1.0282,0.9571,1.0486,0.7970,1.0948,0.9915,1.0824,1.1062,1.0885,1.0010,1.0612,1.0150,0.8266,0.7441,0.9527,0.7837,0.6584,0.9005,0.6729,1.1352,0.9900,1.0404,1.0509,1.0702,1.0329,1.0965,1.0805,1.0118,1.0666,1.0915,1.0672,1.0232,1.0596,1.0772,1.0268,1.0381,0.8640,1.0184,0.7740,0.8889,0.9347,1.0572,0.8974,0.9527,0.9759,0.8612,0.9847,0.9780
randolph_2,0.9303,1.0465,1.0897,1.0330,0.5641,0.0000,0.6020,0.8245,0.7693,0.7120,0.7520,1.1110,1.0176,0.9988,1.0173,0.8666,1.1405,1.1904,1.1228,1.0961,1.0785,1.1007,1.0937,0.9764,1.1411,1.0649,1.0978,0.9544,0.9479,1.0415,0.9871,0.9612,1.0723,1.0357,0.9140,1.0482,1.1324,0.9724,1.0823,1.0915,1.0507,1.1263,1.1093,1.0808,1.1260,1.1127,1.0552,0.9038,1.1012,1.1093,1.0550,1.0035,1.0782,1.0899,1.1114,1.0884,1.0092,0.9848,1.0441,0.8539,1.0796,1.0602,1.1413,1.0776,0.9787,1.1250,1.1362,1.0361,1.0899,1.0266,1.1822,0.9699,1.1158,0.9923,0.9349,1.0568,1.0405,0.9201,0.9563,0.8378,1.0938,1.0607,1.0232,1.1165,1.0783,0.9645,1.0575,1.0479,0.8062,0.8431,0.9296,0.7862,0.7657,0.8900,0.7284,1.0643,1.0209,1.1103,1.0489,1.0289,1.1101,1.1131,1.1149,1.0046,1.0232,1.1521,1.0164,1.0216,1.1355,1.0285,1.0472,0.9486,0.7311,0.9785,0.8191,0.8837,0.9451,1.0952,0.9129,0.8698,0.9361,0.9224,0.9921,0.9369
randolph_3,0.9659,1.0539,1.0436,1.1020,0.5618,0.6020,0.0000,0.7344,0.8651,0.7980,0.8395,1.0114,1.0493,1.0370,1.0026,0.8887,1.1140,1.1038,1.0660,1.0556,1.0942,1.0761,1.1227,1.0199,1.0905,1.0288,1.0841,1.0708,0.9782,1.0774,0.9477,0.9906,1.0255,0.9245,0.9040,1.0373,1.0996,1.0232,1.0489,1.0913,1.0337,1.1255,1.0648,1.0759,1.0784,1.0767,1.0641,0.9771,1.0523,1.1105,1.0580,1.0042,1.1663,1.0988,1.1255,1.1014,0.9770,1.0008,1.0006,0.9411,1.0837,1.0668,1.0629,1.0519,0.9096,1.0965,1.0589,1.0204,1.1128,1.0172,1.1313,1.0157,1.0797,1.0463,1.0551,0.9896,1.0177,0.9289,1.0698,0.8872,1.0584,1.0797,1.0831,1.1339,1.1005,1.0591,1.0615,1.0167,0.8807,0.8393,0.9687,0.8196,0.8222,0.9652,0.7629,1.1196,1.0901,1.0923,1.0765,1.0607,1.0412,1.0284,1.0344,0.9808,0.9847,1.1359,1.0065,0.8885,1.0603,0.9096,1.0773,0.9447,0.8764,1.0021,0.8550,0.9368,0.9710,1.0633,0.9454,0.9153,0.9757,0.9367,1.0179,0.9752
randolph_4,0.9783,1.0142,1.0581,1.0164,0.7529,0.8245,0.7344,-0.0000,1.0053,0.8573,0.8962,1.0149,0.9582,1.0303,0.9856,0.9900,1.0911,1.0701,1.0948,1.0973,0.9865,1.0776,1.0787,1.0469,1.1079,0.9195,1.1850,0.9413,0.9092,0.9743,0.9153,1.0079,1.0284,1.0587,0.9667,1.0368,1.1371,1.0422,1.0424,1.0496,0.9277,1.0814,1.0198,0.9391,1.0823,1.0527,1.0766,0.9675,1.0848,1.0757,1.1566,0.9873,1.0559,1.1054,1.1304,1.0618,0.9223,1.0020,0.8634,0.8923,1.0375,1.0271,1.1317,1.1176,1.0050,1.1436,1.1303,0.9875,1.0599,1.1290,1.1277,1.0612,1.1024,0.9904,1.0131,1.1056,1.0210,0.8984,0.9223,0.8730,1.0262,1.0819,0.9843,1.0714,0.9634,0.8900,0.9997,0.9144,0.8861,0.8393,0.8477,0.8088,0.8439,1.0222,0.8563,1.0362,0.9997,0.9924,0.9949,0.9819,1.0409,1.1154,1.1076,1.0916,0.9773,1.1764,1.0420,1.0772,1.0830,1.0133,1.0456,0.9670,0.8545,0.9755,0.9343,1.0108,1.0339,1.0405,0.9976,1.0627,0.9870,1.0083,1.0503,0.9902
jackson_1,0.9165,0.8422,0.9319,0.8201,0.8291,0.7693,0.8651,1.0053,-0.0000,0.7772,0.6887,0.9541,0.9027,0.8057,0.9679,0.8710,1.0811,1.1460,1.0802,1.0720,1.0187,1.0801,1.0636,0.9986,1.0754,1.0374,1.0357,0.8693,1.0531,1.0091,1.1054,0.9967,1.0690,1.0116,0.8465,0.9927,1.0201,1.0534,1.1144,1.0968,1.0233,1.0439,1.0015,0.9856,1.1207,1.1550,1.0629,0.9785,1.0365,1.1136,1.0673,1.0035,1.0700,1.1786,1.1575,1.1766,1.0311,1.0428,1.0385,1.0174,1.0879,0.9648,1.0966,0.9317,0.9257,1.0064,1.0517,0.9090,0.9371,0.8429,1.0087,0.8470,1.0902,1.0651,1.0811,1.1524,1.0389,1.0512,1.0604,0.9687,1.0909,1.0508,1.0066,1.0587,1.1449,1.1077,1.0792,0.9493,1.0079,0.9931,1.0210,0.9434,0.9108,0.9293,0.8569,1.1269,1.0372,1.0931,0.9849,1.0278,1.0414,1.0808,1.0794,1.0383,0.9838,0.9690,1.0446,0.9147,1.1285,1.0533,0.9714,0.9942,1.0303,1.0183,0.9868,0.8389,0.9018,1.0216,0.8837,0.9731,0.9472,0.8662,0.9233,0.9468
jackson_2,0.9414,0.9864,1.0345,0.9709,0.6729,0.7120,0.7980,0.8573,0.7772,0.0000,0.7600,0.9182,0.9518,0.9607,0.9875,1.0041,1.1370,1.1516,1.1058,1.0643,1.0163,1.1799,1.0489,1.0406,1.1454,1.0962,1.0895,0.9480,1.0129,1.0379,1.0006,1.0292,1.1299,1.0725,0.9247,1.0825,1.1106,1.0621,1.0789,1.1451,1.0299,1.0923,1.1088,1.0512,1.0296,1.1561,1.0389,0.9833,1.0659,1.1570,1.1218,0.9185,1.1026,1.1509,1.1698,1.1542,0.9207,1.0573,0.9764,0.7933,1.1036,1.0589,1.1502,1.0445,0.9551,1.0191,1.0923,0.9650,1.0455,1.0043,1.0578,0.9648,1.1757,1.0253,0.9784,1.1064,1.0777,0.9584,1.0294,0.7921,1.1178,1.0337,1.0186,1.0746,1.0848,0.9563,0.9886,0.9334,0.8338,0.8201,0.9204,0.8030,0.7302,0.8601,0.6999,1.0611,1.1187,1.0976,1.1135,1.0442,1.0231,1.1496,1.0865,1.0919,1.0165,1.0452,0.9782,1.0047,1.0311,1.0691,0.9828,0.9257,0.8915,1.0131,0.7752,0.8712,0.9232,1.0160,0.9153,0.9512,0.9837,0.8821,0.9390,0.9852
jackson_3,0.9245,0.8997,0.8839,0.8397,0.8376,0.7520,0.8395,0.8962,0.6887,0.7600,-0.0000,0.8839,0.8805,0.9760,0.9099,0.9350,1.1335,1.1350,1.0932,1.0988,1.0159,0.9869,1.0477,1.0261,1.0890,1.0470,1.0566,0.8770,0.9438,1.0280,0.9965,0.9552,1.1363,1.0717,0.9625,1.0164,1.0808,1.1149,1.1519,1.1501,0.9854,1.0854,1.0657,0.9908,1.0928,1.1206,1.0777,0.9488,1.0605,1.1181,1.1288,1.0813,1.1263,1.1304,1.1719,1.1261,0.9629,1.1046,0.9706,1.0259,1.1642,1.0266,1.1811,1.0472,0.9407,1.0967,1.1265,0.9365,0.9737,0.8574,0.9836,0.8217,1.1502,1.0978,1.0870,1.1455,1.0487,1.0299,1.0077,0.9056,1.0718,1.0463,0.9783,1.1031,1.1344,1.0567,1.0683,0.9336,0.9750,0.9718,1.0005,0.8944,0.8540,0.9622,0.8404,1.0487,0.9441,0.9376,0.8713,0.9038,1.0480,1.0635,1.0096,1.0196,1.0486,0.9587,0.9958,1.0116,1.0840,1.0748,1.0333,0.9837,0.9149,0.9948,0.9002,0.8438,0.8960,1.0784,0.7862,0.9167,0.8532,0.8001,0.9129,0.8474
jackson_4,1.0013,1.0082,1.0053,0.9873,1.0264,1.1110,1.0114,1.0149,0.9541,0.9182,0.8839,0.0000,0.8749,1.0376,0.8959,0.9429,1.0884,1.0046,1.0908,0.9681,1.0938,1.0409,1.0590,1.0097,1.0037,1.0103,0.9628,0.9971,0.9630,0.9954,0.9254,1.0714,0.9855,0.9886,0.9425,1.0393,0.9817,0.9030,1.0649,1.0436,1.0070,0.9439,1.0888,0.9878,0.9281,0.8924,0.9926,0.9426,0.9838,0.9111,0.9249,0.9432,1.0036,1.0081,1.0668,1.0691,1.0204,1.0042,1.0434,1.0399,1.0008,1.0132,0.9561,1.0193,0.9745,0.9907,1.0111,0.9521,1.0201,0.9570,0.9359,0.9908,1.0730,1.0659,1.0562,0.9759,1.0262,0.9845,1.0046,1.0063,1.0619,1.0338,0.9086,0.9584,1.0860,1.0013,1.0167,1.0388,1.0218,1.0301,1.0581,1.0843,1.0282,1.0507,1.0136,0.9984,0.9762,1.0349,1.0476,1.0899,1.0095,1.0200,1.0277,1.0693,1.0639,1.1186,1.1198,1.0429,1.0106,0.9772,0.9755,1.0119,1.0440,1.0372,1.0561,0.9903,1.0180,0.9642,0.9755,0.9329,0.9971,0.9642,1.0197,0.9985
jqadams_1,0.9465,0.8035,0.9332,0.9082,1.0307,1.0176,1.0493,0.9582,0.9027,0.9518,0.8805,0.8749,-0.0000,0.6932,0.8082,0.7886,1.0636,1.1116,1.0413,1.0193,1.0512,1.0794,1.0342,0.9272,1.0670,1.0718,0.9671,0.9802,0.9916,1.0029,1.0763,1.0547,1.0583,1.0500,0.8975,1.0272,0.9588,1.0421,1.1091,1.0849,0.8590,1.0579,1.0020,1.0071,1.0306,1.0672,0.9573,0.9439,1.0550,1.0980,1.0711,1.0121,1.0642,1.1460,1.1049,1.1091,1.0197,1.1153,1.0252,1.1182,0.9934,1.0045,1.1324,0.9043,0.9077,1.0063,1.0516,0.9792,0.8295,0.8603,0.9282,0.8197,1.0969,1.1128,1.1249,1.1108,1.0438,1.1012,1.1064,1.0332,0.9366,1.0230,0.8453,0.9783,1.1744,1.1064,0.9865,0.9421,1.0710,1.0838,1.1118,1.0477,1.0052,0.9747,0.9785,0.9815,0.9955,0.9660,1.0136,0.9798,1.0147,0.9772,0.9513,0.9025,0.9846,1.0364,1.0321,1.0392,1.0621,1.0773,0.9783,0.9819,1.0056,1.0606,1.0166,0.9251,0.8986,0.9019,0.9609,1.0518,0.9121,1.0199,0.8923,0.9105
jqadams_2,0.9981,0.8522,0.8997,0.8656,1.0038,0.9988,1.0370,1.0303,0.8057,0.9607,0.9760,1.0376,0.6932,-0.0000,0.7428,0.7064,1.0214,1.0893,1.0006,1.0833,1.0069,1.0073,1.0475,1.0129,1.0409,1.0704,1.0834,0.8690,1.0944,0.9876,1.0522,1.1090,1.0172,0.9663,0.8808,0.9728,1.0023,1.0211,1.0835,1.0311,0.9565,1.0415,0.9315,1.0219,1.0749,1.0463,0.8598,0.9222,1.0626,1.1229,1.1179,1.0218,1.0736,1.1321,1.1151,1.0970,1.1219,1.0249,1.0325,1.0623,1.0562,0.9467,1.0830,0.9764,0.9286,1.0046,0.9914,0.9247,0.7778,0.7829,0.9712,0.7879,1.0522,0.9872,1.0631,1.1156,1.0297,1.0556,1.0295,0.9870,0.9528,1.0528,0.9191,0.9884,1.0869,1.1031,1.0600,1.0192,1.0389,1.0960,1.0282,1.0708,1.0147,0.9713,1.0225,1.0427,1.0467,1.0234,1.0849,1.0404,1.0799,1.0948,1.0721,1.0472,1.0297,1.0119,1.0302,1.1005,1.0709,0.9882,0.9829,1.0313,0.9736,1.0532,0.9887,0.9808,0.9874,1.0659,0.9162,0.9358,0.9484,0.9162,0.9921,0.9431
jqadams_3,0.9454,0.8501,0.7933,0.8967,0.9998,1.0173,1.0026,0.9856,0.9679,0.9875,0.9099,0.8959,0.8082,0.7428,-0.0000,0.7583,1.0998,1.0886,0.9982,1.0729,1.1117,1.0115,1.1094,1.0905,1.0382,1.0003,0.9353,0.9713,1.0395,0.9565,1.0257,1.0526,1.1119,0.9222,0.9061,0.9777,1.0363,1.0343,1.0746,1.0768,0.9905,0.9666,1.0432,1.0755,0.9550,0.9867,0.9409,0.8753,1.0960,1.0823,1.1453,1.0355,1.0024,1.0243,1.0335,1.1108,1.0474,1.0346,1.0822,1.0082,1.0224,0.9709,1.0502,0.9645,0.8875,1.0171,0.9999,0.9653,0.8331,0.8413,0.9331,0.8330,1.0645,1.0033,1.0291,1.0916,1.0275,1.0148,0.9813,0.9872,1.0077,0.9888,0.9578,1.0065,1.1823,1.0634,1.0286,0.9845,0.9778,1.0713,1.0762,0.9877,1.0781,1.0307,1.0116,1.0264,0.9958,1.0441,1.0818,1.1323,1.1140,1.0585,1.0705,1.0662,1.0756,1.0529,1.0394,1.0749,1.0409,1.0658,1.0126,1.0882,0.9810,1.0016,0.9184,0.9827,0.9498,1.0495,0.9583,1.0132,0.9692,0.9630,0.9400,0.9698
jqadams_4,0.9459,0.9930,0.8903,0.9514,0.9059,0.8666,0.8887,0.9900,0.8710,1.0041,0.9350,0.9429,0.7886,0.7064,0.7583,0.0000,1.0643,1.0911,1.0608,1.0899,1.0653,0.9803,1.1029,1.0395,1.0507,1.0389,1.0851,1.0162,1.0396,1.0925,0.9934,1.1199,1.0358,0.9606,0.9566,1.0778,1.0394,1.0454,1.1038,1.0888,1.0584,1.0907,1.0846,1.1290,1.0731,1.1002,0.9478,0.9383,1.1037,1.1125,1.0730,1.0055,1.0674,1.0790,1.0680,1.0882,1.0796,1.0078,1.0566,0.9974,1.0105,1.0155,1.0453,1.0122,0.9752,1.0549,0.9661,0.9874,0.8976,0.7961,0.9846,0.8952,1.0452,1.0231,0.9906,1.0318,0.9945,1.0145,0.9506,0.9070,0.9906,1.0052,0.9356,1.0519,1.0718,1.0316,1.0697,1.0276,0.9708,1.0070,0.9834,0.9737,1.0598,1.0357,1.0276,0.9720,1.0690,0.9981,1.1161,1.0840,1.0144,1.0586,1.0441,1.0131,1.0220,1.0212,1.0177,1.0237,1.0486,1.0057,0.9919,1.0313,0.9610,0.9186,0.9751,0.9997,0.9988,1.0146,0.8840,0.9046,0.9594,0.8554,1.0112,0.9615
ejames_1,1.1554,1.0804,0.9478,1.0399,1.1164,1.1405,1.1140,1.0911,1.0811,1.1370,1.1335,1.0884,1.0636,1.0214,1.0998,1.0643,0.0000,0.6955,0.6750,0.8470,0.8371,0.8430,0.7893,0.9286,0.8160,0.9022,0.9778,0.9318,1.0132,1.0477,1.1241,0.8209,0.9288,0.8902,1.0859,0.9139,0.8452,0.9463,0.6572,0.7776,0.9337,0.8631,0.7450,0.9369,1.0011,0.9568,1.0449,1.1183,0.9179,0.8413,0.9196,1.0920,0.9752,0.9168,0.8322,0.8859,1.1261,1.0083,1.0524,1.1856,1.0445,1.0870,1.0147,0.9464,1.1304,0.9879,0.9289,1.1267,0.9291,1.1011,0.9679,1.0796,1.0481,1.1649,1.1497,1.0564,1.0852,1.1354,1.0682,1.1200,1.0706,1.1036,1.0592,1.0165,1.0727,1.1387,1.0264,0.9185,1.1927,1.1712,1.1674,1.1970,1.1260,1.1628,1.1057,1.0749,1.0180,1.0599,0.9785,1.0155,1.0098,1.0480,1.0839,1.0464,0.8981,0.8037,1.0261,0.9832,1.0143,1.0482,0.9562,1.0127,1.0583,0.9735,1.1600,0.9912,0.9839,0.9383,1.0802,1.0127,1.0856,1.0466,0.9733,1.0877
ejames_2,1.1643,1.0707,1.0559,1.0737,1.1516,1.1904,1.1038,1.0701,1.1460,1.1516,1.1350,1.0046,1.1116,1.0893,1.0886,1.0911,0.6955,0.0000,0.8359,0.8788,0.9929,0.8381,0.8251,0.8980,0.9886,0.9141,0.9695,1.1177,1.0993,1.0350,1.0814,1.0058,0.7921,0.8806,1.1409,0.9369,0.8850,0.8854,0.6678,0.7683,0.9824,0.7781,0.7802,0.9926,0.8750,0.7992,0.9092,1.0390,0.9146,0.8331,0.8874,1.0094,0.9280,0.8194,0.8295,0.7263,1.1099,1.0408,1.0664,1.1070,1.0412,0.9773,0.9602,1.0380,1.1443,0.9495,0.8942,1.0943,0.9863,1.1086,0.9260,1.0650,0.9828,1.1036,1.1395,1.0331,1.0643,1.1479,1.0725,1.1079,1.0576,1.0746,1.1510,1.0023,1.0317,1.0690,1.0258,1.0304,1.1883,1.1409,1.1758,1.1930,1.1439,1.0852,1.1849,1.0389,1.0967,1.0812,1.0423,1.0178,0.9788,0.9967,1.0119,1.0134,0.9454,0.9705,1.0785,1.0300,0.9430,1.0114,0.9692,0.9543,1.0821,0.9407,1.1967,0.9666,0.9309,0.8063,1.0737,0.9962,1.0883,1.0340,0.9151,1.0910
ejames_3,1.0564,1.0574,0.9804,1.0157,1.0680,1.1228,1.0660,1.0948,1.0802,1.1058,1.0932,1.0908,1.0413,1.0006,0.9982,1.0608,0.6750,0.8359,0.0000,0.8599,0.9216,0.8017,0.6645,0.9689,0.8520,0.8979,0.9951,0.9002,0.9957,0.9656,1.0933,0.9162,0.9487,0.8658,1.0374,0.8223,0.7965,1.0516,0.7337,0.8312,0.8916,0.9627,0.5912,0.9127,1.0654,1.0305,1.1057,1.1106,0.8535,0.9533,1.0062,1.1044,0.9391,0.9573,0.8744,0.9570,1.0053,1.0569,1.0804,1.1384,1.1019,1.0241,1.0956,0.9323,1.0772,0.9948,0.9988,1.0834,0.9610,1.0266,0.9362,1.0820,1.1077,1.1959,1.1299,1.1361,1.1306,1.1465,1.1114,1.1312,1.0559,1.1432,1.0933,1.0468,1.0642,1.1514,1.0111,0.8589,1.1793,1.1460,1.1754,1.1631,1.1187,1.1137,1.1020,1.0701,1.0130,1.0009,1.0356,1.0422,1.0296,1.0594,1.0489,1.0173,0.9221,0.7616,1.0030,1.0039,1.0297,1.0235,1.0321,1.0388,1.0932,1.0439,1.1307,1.0850,1.0889,0.8944,1.0934,1.0961,1.1015,1.0528,1.0855,1.1020
ejames_4,1.0736,1.0549,1.0717,1.0989,1.0908,1.0961,1.0556,1.0973,1.0720,1.0643,1.0988,0.9681,1.0193,1.0833,1.0729,1.0899,0.8470,0.8788,0.8599,0.0000,1.0658,1.0429,0.9068,1.0175,0.9344,0.9466,0.8925,1.0255,1.1075,1.0416,1.1120,0.9968,0.9272,0.8923,1.0029,0.7670,0.5599,0.9625,0.9311,0.9236,1.0683,1.0328,0.9435,0.9509,0.9206,0.9096,1.0949,1.0716,0.7994,0.8548,0.9146,1.0626,0.8631,0.9830,1.0480,1.0239,1.0394,0.9224,1.1052,1.1703,0.9269,0.9655,0.9543,0.6997,1.0467,0.9879,1.0133,0.9366,0.9678,1.0259,0.9263,1.0127,1.0803,1.1590,1.1448,1.0641,1.0710,1.0301,1.0683,1.0859,1.1046,1.1173,1.0764,1.0761,1.0696,1.1498,1.0555,1.1104,1.1508,1.1605,1.1597,1.1649,1.1467,1.0925,1.1210,1.0374,0.9958,1.0512,0.9928,0.9753,0.9481,0.9653,0.9454,0.9855,0.9998,0.9234,1.0296,0.8188,1.0499,1.0192,0.9831,1.0413,1.1115,1.0707,1.1212,1.0346,1.0195,0.9287,1.1149,1.0864,1.0857,1.1011,1.0110,1.0865
flint_1,0.9803,1.0035,0.9360,0.9806,1.0448,1.0785,1.0942,0.9865,1.0187,1.0163,1.0159,1.0938,1.0512,1.0069,1.1117,1.0653,0.8371,0.9929,0.9216,1.0658,0.0000,0.7784,0.8326,0.8276,0.8991,0.9785,1.0000,0.9261,0.9522,0.8667,1.0540,0.8188,1.0845,1.0999,0.9876,1.0362,1.0314,1.0783,0.9712,0.9750,0.9353,0.8850,0.9249,0.9255,1.0075,0.9885,0.9183,0.8658,0.9695,0.9856,1.0473,1.0291,0.9736,1.0086,0.9206,0.9618,0.9575,0.9730,0.9689,1.0199,1.0563,1.1154,1.1084,1.0780,1.0483,1.0551,1.0567,1.0577,1.0133,1.0802,1.0301,1.0949,1.0728,1.0168,0.9996,1.0188,1.0243,1.1291,1.0824,1.0645,0.9509,1.0468,1.0366,0.9250,0.9884,0.9912,1.0221,0.9325,0.9882,0.9776,1.0282,1.0223,0.9987,1.0171,0.9660,1.0524,0.9974,1.0022,0.9896,1.0661,1.0308,0.9978,1.0705,1.0331,0.9622,0.9095,1.0642,1.0840,1.0906,1.1155,1.0743,1.1446,1.0414,0.9685,1.0024,0.9244,0.9228,0.9928,0.8916,0.9306,0.9284,0.8961,0.9259,0.9317
flint_2,1.0397,1.0455,0.9313,1.0875,1.1179,1.1007,1.0761,1.0776,1.0801,1.1799,0.9869,1.0409,1.0794,1.0073,1.0115,0.9803,0.8430,0.8381,0.8017,1.0429,0.7784,0.0000,0.7858,0.8486,0.8686,0.9504,1.0363,0.9940,0.9605,1.0315,0.9679,0.9347,0.9347,0.9945,1.0575,1.0116,0.9686,1.0321,0.8977,0.8833,0.9124,0.9964,0.9033,0.9833,0.9827,0.9464,0.9462,1.0134,0.8877,0.9388,1.0056,1.0720,1.0256,0.9503,0.8903,0.9698,1.0347,1.0080,1.0161,1.0540,0.9876,1.1144,1.0475,1.1243,1.0774,0.9994,0.9924,1.0676,1.0638,1.0993,1.0545,1.0946,1.0431,1.0317,1.0057,1.0360,0.9625,1.0386,0.9964,1.0673,1.0107,1.0522,1.0219,1.0132,0.9547,1.0214,1.0572,0.9233,1.1444,1.0516,0.9952,1.0818,1.1225,1.1553,1.0624,0.9429,1.0017,0.9876,0.9673,0.9687,0.9918,1.0068,1.0766,1.0308,1.0539,1.0078,1.0196,1.0610,0.9884,1.0758,1.0500,1.0584,1.0354,0.9942,1.0078,1.0653,1.0490,1.0153,1.0449,1.0181,1.0448,1.0291,1.0399,1.0455
flint_3,1.0477,1.0332,1.0103,1.0004,1.0745,1.0937,1.1227,1.0787,1.0636,1.0489,1.0477,1.0590,1.0342,1.0475,1.1094,1.1029,0.7893,0.8251,0.6645,0.9068,0.8326,0.7858,0.0000,0.8298,0.9323,0.9371,1.0008,0.8311,0.9689,0.9490,1.0325,0.8088,0.9979,1.0106,1.1414,0.9470,0.8276,1.0359,0.7754,0.8326,0.8812,0.9601,0.7318,0.8632,1.0508,1.0226,1.0527,1.1045,0.8880,0.8935,1.0362,1.1451,0.9674,0.9577,0.9255,0.9862,0.9632,1.0094,1.0477,1.1098,0.9708,0.9856,1.0558,0.9936,1.0092,1.0515,1.0093,1.0815,0.9543,1.0844,0.9472,1.0917,1.1136,1.1161,1.1724,1.1335,1.0381,1.1504,1.1412,1.1802,1.0597,1.1199,1.0506,1.0586,1.0397,1.0243,0.9667,0.9618,1.1147,1.0599,1.1162,1.0782,1.0820,1.0824,1.0263,1.0997,0.9986,0.9321,0.9774,1.0198,1.0094,1.0641,1.0380,1.0314,0.9003,0.9349,0.9574,1.0214,1.0442,1.1423,1.0677,1.1109,1.0510,0.9348,1.1030,1.0868,1.0872,0.9695,1.0793,1.0612,1.0843,1.0464,1.0849,1.0850
flint_4,1.0318,1.0514,1.0594,1.0901,1.0457,0.9764,1.0199,1.0469,0.9986,1.0406,1.0261,1.0097,0.9272,1.0129,1.0905,1.0395,0.9286,0.8980,0.9689,1.0175,0.8276,0.8486,0.8298,0.0000,0.9630,0.9125,0.9208,1.0543,0.9555,0.9757,0.9480,0.8441,0.8812,1.0098,1.0509,1.0947,1.0283,0.9966,0.8463,0.9224,1.0456,0.9992,0.9839,1.1027,0.9295,0.9633,0.9057,0.8974,0.9568,0.9752,0.9329,0.9809,1.0736,1.0603,0.9765,0.9950,1.0866,0.9932,0.9882,1.0487,1.0091,1.0089,1.0425,1.0473,1.0189,1.0334,0.9367,1.0507,1.1488,1.0605,1.0721,1.0463,1.0653,1.0523,1.0227,1.0587,1.1226,1.1450,1.0571,1.0774,1.0715,1.0734,1.0805,1.0541,0.9314,0.9863,1.0002,1.0347,1.0903,0.9839,0.9944,1.0703,1.0259,1.1183,1.0669,0.9790,1.0046,1.0358,0.9873,0.9644,0.9655,0.9663,0.9713,0.9156,0.9905,0.9710,1.0106,1.0941,1.0478,1.0537,1.0625,1.0061,0.9841,0.9916,1.0544,0.9171,0.9212,0.9426,1.0786,0.9948,1.0321,1.0938,0.9221,1.0319
hall_1,1.1072,1.0336,0.9704,0.9514,1.0732,1.1411,1.0905,1.1079,1.0754,1.1454,1.0890,1.0037,1.0670,1.0409,1.0382,1.0507,0.8160,0.9886,0.8520,0.9344,0.8991,0.8686,0.9323,0.9630,0.0000,0.8492,0.8180,0.9183,1.0427,1.0395,1.0330,0.9432,1.0244,1.0486,1.0384,0.9263,0.9534,1.1179,0.9133,0.9482,0.9626,0.9213,0.8767,0.9345,1.0179,1.0361,1.0544,1.0672,0.8956,1.0066,1.0189,1.0135,0.8850,0.9764,0.8788,0.9111,0.9376,0.9917,1.0641,1.1080,0.9828,0.9598,0.9508,0.9608,1.0027,0.9489,0.9465,1.0479,0.9864,1.0308,0.9487,1.0246,1.0836,1.0814,1.1321,1.0916,0.9791,1.1213,1.0483,1.0887,1.0802,1.0131,1.1315,1.0706,1.1091,1.1122,1.0236,0.9413,1.1090,1.1436,1.1380,1.1470,1.1573,1.1128,1.0695,1.0032,0.9398,1.0381,0.9554,0.9941,0.9151,0.9797,0.9680,0.9571,0.9325,0.8233,0.9414,0.9887,0.9611,0.9746,1.0293,0.9917,1.0528,1.0013,1.0504,1.0614,1.0363,0.9363,1.0268,1.0635,0.9912,1.0502,1.0357,0.9898
hall_2,1.0904,0.9361,1.0056,1.0134,1.0844,1.0649,1.0288,0.9195,1.0374,1.0962,1.0470,1.0103,1.0718,1.0704,1.0003,1.0389,0.9022,0.9141,0.8979,0.9466,0.9785,0.9504,0.9371,0.9125,0.8492,0.0000,0.9998,0.9502,0.9747,1.0127,0.9284,0.9961,0.8278,0.9791,1.0334,0.9356,0.9802,0.9248,0.8924,0.8189,1.0351,0.9894,0.9920,1.0042,0.9118,0.9759,1.1227,0.9948,0.8373,0.9659,0.9209,1.0172,0.9279,1.0387,0.9923,1.0395,0.9896,1.0642,1.0540,1.0706,1.0120,0.9269,1.0226,1.0576,1.1058,1.0061,1.0547,1.0647,1.0077,1.0922,0.9353,1.0813,1.0365,1.1041,1.0842,1.0571,0.9724,1.0203,1.0167,1.0775,1.0078,1.0503,1.0198,1.0379,0.9389,0.9507,1.0117,0.9346,1.1518,1.1152,1.0669,1.1002,1.1078,1.1240,1.0784,1.0623,1.0098,1.0606,0.9924,0.9859,1.0473,1.0050,1.0848,1.0394,0.9867,0.9337,1.0125,1.0460,1.0212,1.0214,1.0409,0.9982,1.0506,0.9234,1.0448,1.0309,1.0337,1.0221,1.0384,1.0592,0.9816,1.0774,1.0327,0.9836
hall_3,1.0424,0.9864,0.9654,1.0184,1.0160,1.0978,1.0841,1.1850,1.0357,1.0895,1.0566,0.9628,0.9671,1.0834,0.9353,1.0851,0.9778,0.9695,0.9951,0.8925,1.0000,1.0363,1.0008,0.9208,0.8180,0.9998,0.0000,0.9766,1.0166,0.9503,1.0143,1.0043,1.0457,0.9386,1.0085,1.0373,0.9152,0.9674,1.0639,0.9878,1.0179,0.8454,1.0275,1.0048,0.8532,0.9230,0.9703,1.0809,0.8545,0.9174,0.8959,1.0304,0.9039,0.9509,0.9584,0.9523,0.9350,1.0663,1.1188,1.0886,0.9539,1.0176,0.9035,0.9423,1.0080,1.0004,0.9623,1.0484,0.9913,0.9333,0.9859,0.9390,0.9964,1.0640,1.1117,1.0575,1.0396,1.1210,1.0392,1.1479,0.9913,0.9478,1.0664,0.9290,1.0724,1.1174,1.0834,1.0744,1.1492,1.1379,1.0821,1.1373,1.0915,1.0664,1.0756,1.0032,0.9603,0.9920,0.9847,0.9851,0.9001,1.0272,0.9907,0.9602,1.0494,0.9869,0.9715,1.0267,0.8653,0.9922,0.9540,0.9614,1.1736,1.0681,1.0718,0.8903,0.8529,0.8711,0.9463,0.9855,0.9264,0.9839,0.8392,0.9285
hall_4,0.9341,0.9272,0.9303,0.8042,0.8892,0.9544,1.0708,0.9413,0.8693,0.9480,0.8770,0.9971,0.9802,0.8690,0.9713,1.0162,0.9318,1.1177,0.9002,1.0255,0.9261,0.9940,0.8311,1.0543,0.9183,0.9502,0.9766,-0.0000,0.8940,0.9051,1.0330,0.9658,1.1925,1.0911,0.9285,0.9654,1.0086,1.0805,1.0590,1.0235,0.7507,1.0565,0.8870,0.7800,1.1437,1.1105,1.0666,0.9933,1.0759,1.1756,1.1394,1.1191,1.0066,1.1362,1.1356,1.1353,0.8495,1.0579,0.9606,1.0818,1.0262,1.0892,1.0831,1.0319,0.9854,1.0722,1.0243,1.0210,0.8668,0.9770,0.9307,0.9856,1.0941,1.1071,1.2193,1.2131,1.0444,1.0505,1.1087,1.0542,0.8907,0.9220,0.9342,0.9557,1.1031,1.1831,0.9760,0.8674,0.9904,1.0758,1.1250,1.0170,0.9836,1.0475,0.8954,1.0062,0.9609,0.9948,1.0235,1.0045,1.0241,1.1086,1.0973,1.0815,0.9497,0.8669,0.9416,1.0562,1.0164,1.0701,0.9955,1.0965,0.9966,1.0406,0.9414,0.9641,0.9869,1.0806,0.8575,0.9937,0.9253,0.8453,0.9926,0.9288
paulding_1,0.8298,1.0947,1.0071,0.8946,0.9633,0.9479,0.9782,0.9092,1.0531,1.0129,0.9438,0.9630,0.9916,1.0944,1.0395,1.0396,1.0132,1.0993,0.9957,1.1075,0.9522,0.9605,0.9689,0.9555,1.0427,0.9747,1.0166,0.8940,-0.0000,0.8589,0.8877,0.6431,1.1474,1.0758,1.0150,1.0604,1.0946,1.0454,1.0365,1.0647,0.9205,1.0625,0.9999,1.0034,1.0099,1.0498,0.9933,0.9720,1.1426,1.1466,1.1472,1.0090,1.0517,1.0560,1.0037,1.0995,0.7725,0.9847,0.8585,0.9443,0.9754,1.0826,1.0868,1.0964,1.0075,1.1265,1.1016,1.0308,1.0499,1.1523,1.1287,1.0721,0.9965,0.9815,0.9870,1.0211,0.8458,0.9379,0.9589,0.9457,0.9452,1.0200,0.9360,0.9927,0.9443,0.8669,0.9348,0.8949,0.9310,0.9108,0.9091,0.8755,0.9873,1.0492,0.9485,0.9910,0.9650,1.0354,0.9541,1.0608,1.0404,1.1144,1.1279,1.1208,1.0527,1.0846,1.0423,1.0897,1.0462,1.1275,1.0866,1.1030,0.9034,1.0269,0.9545,1.0107,1.0034,1.0479,1.0023,1.0169,1.0313,0.9746,1.0218,1.0321
paulding_2,0.9947,0.9775,0.9599,0.8263,1.0352,1.0415,1.0774,0.9743,1.0091,1.0379,1.0280,0.9954,1.0029,0.9876,0.9565,1.0925,1.0477,1.0350,0.9656,1.0416,0.8667,1.0315,0.9490,0.9757,1.0395,1.0127,0.9503,0.9051,0.8589,-0.0000,0.9056,0.8245,1.0490,1.0998,1.0127,1.0210,1.0205,1.0598,1.1025,1.0649,0.9027,0.8980,0.9662,0.8856,1.0151,1.0468,1.0346,1.0194,0.9857,1.0082,1.0556,1.0229,0.8572,0.9273,0.8814,1.0100,0.8820,1.0337,0.9098,0.9902,1.0756,0.9922,1.0638,1.0453,1.0182,1.0345,1.0647,1.0627,0.9728,1.0172,0.9871,1.0745,1.0633,0.9511,1.0274,1.0646,0.9416,1.0596,1.0299,1.0623,0.8913,1.0400,1.0282,1.0165,0.9485,0.9214,0.8756,0.9080,0.9868,0.9760,1.0617,1.0412,1.0521,0.9794,0.9625,1.0410,1.0697,1.0649,1.0118,1.0863,0.9904,1.0594,1.0744,1.0874,1.0121,1.0208,0.9930,1.0773,1.1637,1.1174,1.1201,1.0508,1.0250,1.0906,0.9988,0.9297,0.9336,1.0015,1.0079,1.0886,0.9886,1.0229,0.9344,0.9853
paulding_3,1.0185,1.0538,1.0223,0.8728,0.9600,0.9871,0.9477,0.9153,1.1054,1.0006,0.9965,0.9254,1.0763,1.0522,1.0257,0.9934,1.1241,1.0814,1.0933,1.1120,1.0540,0.9679,1.0325,0.9480,1.0330,0.9284,1.0143,1.0330,0.8877,0.9056,-0.0000,0.9977,1.0111,1.1098,1.0037,1.1388,1.1259,1.0234,1.0575,1.0687,0.9612,1.0486,1.1581,1.0635,0.9626,1.0415,0.9833,0.9468,1.0946,1.0127,0.9996,0.9286,1.0023,1.0859,1.0928,0.9794,0.9029,0.9461,0.9075,0.9002,0.9946,0.9642,1.0367,1.1262,1.0074,1.0538,1.0309,0.9871,1.0718,1.0826,1.0109,1.1020,0.9548,0.9471,0.9262,1.0340,0.9788,0.9297,0.9090,0.9858,0.9188,0.9872,0.9869,1.0379,0.9300,0.8772,0.8988,0.9776,0.9722,0.8780,0.9202,0.9030,0.9643,1.0475,1.0075,1.0743,1.0415,1.0206,1.0029,1.0276,0.9710,1.0317,1.0073,1.0602,1.0774,1.0655,1.0144,1.1496,0.9970,1.0221,1.1371,1.0331,0.9369,1.0476,0.9127,1.0246,1.0285,0.9896,0.8910,0.9763,0.9111,0.9112,1.0334,0.9111
paulding_4,0.8928,1.0633,0.9622,0.9695,1.0289,0.9612,0.9906,1.0079,0.9967,1.0292,0.9552,1.0714,1.0547,1.1090,1.0526,1.1199,0.8209,1.0058,0.9162,0.9968,0.8188,0.9347,0.8088,0.8441,0.9432,0.9961,1.0043,0.9658,0.6431,0.8245,0.9977,-0.0000,1.0410,1.0404,1.0524,0.9597,1.0283,1.0964,0.8691,0.9764,0.9113,0.9606,0.8972,0.9103,1.0006,1.0916,1.0344,1.0749,1.0131,0.9959,1.0540,1.0437,0.9928,1.0414,0.8942,1.0667,0.9340,1.0313,0.9368,1.0143,1.0363,1.0669,1.0743,1.0461,1.0180,1.0686,1.0136,1.0636,1.0295,1.0674,1.0768,1.0451,1.0970,1.0344,1.0552,1.0410,0.9385,1.0767,1.0619,1.0795,0.9997,1.0197,1.0524,1.0363,1.0689,0.9630,1.0046,0.8045,1.0403,0.9445,1.0660,0.9978,1.0186,1.1012,0.9890,1.0372,0.9745,1.0628,1.0185,1.0716,1.0245,1.0484,1.1226,1.0926,0.9229,0.9897,1.0103,1.0910,1.0737,1.1584,1.0811,1.0743,0.9466,0.9681,0.9467,0.9642,0.9566,1.0170,1.0066,1.0148,0.9866,1.0227,0.9674,0.9846
pike_1,1.1483,1.0605,1.0761,1.1277,1.1406,1.0723,1.0255,1.0284,1.0690,1.1299,1.1363,0.9855,1.0583,1.0172,1.1119,1.0358,0.9288,0.7921,0.9487,0.9272,1.0845,0.9347,0.9979,0.8812,1.0244,0.8278,1.0457,1.1925,1.1474,1.0490,1.0111,1.0410,0.0000,0.6984,0.9022,0.9040,0.9446,0.7446,0.6840,0.6402,1.1970,0.9885,0.9806,1.0844,0.9200,0.8078,0.9738,1.0583,0.7796,0.7825,0.8369,0.9969,0.9675,0.8723,0.8323,0.7895,1.1531,1.0215,1.0890,1.0867,0.9948,1.1169,0.9947,1.0419,1.1817,1.0052,0.9451,1.1436,1.0975,1.1119,1.0052,1.0542,1.0070,0.9869,1.0220,0.9702,1.0744,1.0838,1.0678,1.0789,1.1295,1.0777,1.1474,1.0992,0.9035,0.9770,1.0588,1.0314,1.0960,1.1017,1.0845,1.1171,1.1092,1.0250,1.1477,1.0920,1.0761,1.0861,1.0729,1.0480,0.9929,0.9666,0.9586,1.0319,1.0061,1.0886,1.0812,0.9862,1.0415,0.9741,0.9836,0.9369,1.0404,1.0166,1.1398,1.1035,1.0786,0.8666,1.1386,1.1036,1.1235,1.1033,1.0593,1.1268
pike_2,1.1050,1.1022,1.0540,1.0808,1.0861,1.0357,0.9245,1.0587,1.0116,1.0725,1.0717,0.9886,1.0500,0.9663,0.9222,0.9606,0.8902,0.8806,0.8658,0.8923,1.0999,0.9945,1.0106,1.0098,1.0486,0.9791,0.9386,1.0911,1.0758,1.0998,1.1098,1.0404,0.6984,-0.0000,0.9628,0.7336,0.9463,0.8884,0.9080,0.8923,1.0583,1.0033,1.0294,1.0369,0.9117,0.8614,0.9502,1.0394,0.8742,0.9601,0.8906,1.0264,0.9526,0.9919,0.9345,0.9967,1.1007,1.0093,1.0763,1.0678,0.9761,1.0165,1.0049,1.0145,1.1447,0.9967,0.9525,1.0913,1.0590,0.9593,1.0953,0.9730,1.0110,1.0073,1.0631,1.0309,1.0551,1.0194,1.0082,1.0541,1.0964,1.0500,1.0956,1.0179,0.9798,1.0719,1.0175,1.0286,1.0652,1.0654,1.0973,1.0970,1.0554,1.1073,1.0610,1.1189,1.0604,1.0837,1.1020,1.1070,1.0521,0.9820,0.9690,1.0074,1.0336,1.0128,1.1001,0.8663,1.0814,0.9817,1.0037,1.0321,1.0933,0.9256,1.0854,0.9614,0.9653,0.9714,1.0377,1.0171,1.0402,1.0220,0.9576,1.0434
pike_3,0.9764,0.8321,0.9034,0.9603,0.8553,0.9140,0.9040,0.9667,0.8465,0.9247,0.9625,0.9425,0.8975,0.8808,0.9061,0.9566,1.0859,1.1409,1.0374,1.0029,0.9876,1.0575,1.1414,1.0509,1.0384,1.0334,1.0085,0.9285,1.0150,1.0127,1.0037,1.0524,0.9022,0.9628,0.0000,0.8108,0.9921,0.9239,1.1555,1.0224,1.1126,1.0163,1.0728,0.9002,0.8947,1.0370,0.9558,0.8885,0.9336,1.0516,0.9627,0.8600,1.0476,1.1321,1.1547,1.0964,1.0564,1.0179,1.0643,1.0920,1.0108,1.0511,1.0311,1.0336,1.0107,1.0137,1.0945,0.9375,0.9854,1.0238,1.0236,0.8841,0.9451,1.0307,1.0302,1.0616,1.0812,0.9876,1.0807,0.9365,1.0423,0.9757,1.1020,1.0024,1.0693,1.0520,1.0304,0.9899,0.9635,1.0867,1.0710,0.9674,0.9034,0.9250,0.8820,1.0611,1.0166,1.0535,1.0846,1.0936,1.0896,1.1106,1.1223,1.1105,1.0807,1.1038,1.0878,1.0622,1.0449,1.0294,1.0258,1.0252,1.0028,1.0532,0.9852,0.9403,0.9627,0.9565,0.8711,1.0175,0.9223,0.8696,0.9619,0.9250
pike_4,1.0509,1.0002,1.0246,0.9880,1.0504,1.0482,1.0373,1.0368,0.9927,1.0825,1.0164,1.0393,1.0272,0.9728,0.9777,1.0778,0.9139,0.9369,0.8223,0.7670,1.0362,1.0116,0.9470,1.0947,0.9263,0.9356,1.0373,0.9654,1.0604,1.0210,1.1388,0.9597,0.9040,0.7336,0.8108,0.0000,0.8471,0.9567,0.9738,0.8918,1.0066,1.0091,0.8700,0.9083,1.0134,1.0013,1.0882,1.0937,0.8865,0.9843,0.9234,1.0528,0.9878,1.1042,1.0289,1.0908,1.0009,0.9938,1.0823,1.1522,0.9904,0.9845,0.9750,0.8145,1.0613,1.0415,1.0158,0.9881,0.9092,0.9988,0.9802,0.9534,1.0202,1.1331,1.1357,1.1051,1.0224,1.0939,1.1300,1.0569,1.0482,1.0868,1.1431,1.0775,1.0486,1.1478,1.0327,0.9487,1.1106,1.1373,1.1469,1.1046,1.0986,1.0388,1.0554,1.0824,0.9154,1.0647,0.9858,1.0367,1.0705,1.0308,1.0184,1.0373,1.0136,0.9140,0.9961,0.8897,1.0195,1.0290,1.0352,1.0241,1.0089,0.9912,1.0813,1.0881,1.1063,0.9814,1.0866,1.0870,1.0620,1.0786,1.1137,1.0627
biddle_1,1.0648,1.0651,0.9979,1.0176,1.1324,1.1324,1.0996,1.1371,1.0201,1.1106,1.0808,0.9817,0.9588,1.0023,1.0363,1.0394,0.8452,0.8850,0.7965,0.5599,1.0314,0.9686,0.8276,1.0283,0.9534,0.9802,0.9152,1.0086,1.0946,1.0205,1.1259,1.0283,0.9446,0.9463,0.9921,0.8471,0.0000,0.9584,0.8937,0.8596,1.0232,0.9177,0.9198,0.9610,0.9479,0.9179,1.0425,1.1223,0.7775,0.8714,0.9433,1.0742,0.8438,0.9685,0.9597,0.9707,1.0751,1.0428,1.1213,1.1997,0.9653,1.0011,1.0025,0.7736,1.0597,0.9902,1.0027,1.0055,0.8644,0.9404,0.8524,0.9690,1.0524,1.1275,1.1356,1.0679,1.0960,1.1496,1.0962,1.1470,1.0472,1.0212,1.0921,1.0230,1.1036,1.1490,1.0799,1.0088,1.1619,1.1745,1.1860,1.2009,1.2068,1.0402,1.0972,1.0614,1.0205,0.9857,0.9479,0.9676,0.9235,0.9908,0.9903,0.9996,1.0029,0.9325,1.0481,0.9381,1.0348,1.0416,1.0221,0.9921,1.2114,1.1060,1.1703,0.9744,0.9375,0.9502,1.0852,1.0382,1.0817,1.0582,0.9370,1.0771
biddle_2,1.1091,1.0915,1.0259,1.0919,1.0937,0.9724,1.0232,1.0422,1.0534,1.0621,1.1149,0.9030,1.0421,1.0211,1.0343,1.0454,0.9463,0.8854,1.0516,0.9625,1.0783,1.0321,1.0359,0.9966,1.1179,0.9248,0.9674,1.0805,1.0454,1.0598,1.0234,1.0964,0.7446,0.8884,0.9239,0.9567,0.9584,-0.0000,0.8807,0.8123,1.0589,0.9040,1.0659,1.0282,0.8376,0.7490,0.9371,1.0150,0.8822,0.8274,0.7652,0.9953,0.9446,0.8800,0.8994,0.7868,1.1499,1.0362,1.1206,1.0827,0.9772,1.0566,0.8981,1.0285,1.1495,1.0290,1.0271,1.0579,1.0587,1.0677,1.0590,1.0386,0.9177,1.0072,1.0512,0.9756,1.0416,1.0759,1.0587,1.1020,1.0677,1.0600,1.0486,1.0136,1.0034,1.0669,1.0636,1.0361,1.0873,1.0685,1.0126,1.0558,1.1019,0.9976,1.0610,0.9961,0.9688,1.0691,1.0494,1.0694,1.1159,1.0303,1.0062,1.0329,1.0686,1.0069,1.1012,1.0233,0.9772,0.8831,1.0186,0.9263,1.0991,1.1011,1.1389,1.0942,1.0775,0.9058,1.1476,0.9815,1.1265,1.1148,1.0573,1.1293
biddle_3,1.1694,1.1312,0.9981,1.0735,1.1284,1.0823,1.0489,1.0424,1.1144,1.0789,1.1519,1.0649,1.1091,1.0835,1.0746,1.1038,0.6572,0.6678,0.7337,0.9311,0.9712,0.8977,0.7754,0.8463,0.9133,0.8924,1.0639,1.0590,1.0365,1.1025,1.0575,0.8691,0.6840,0.9080,1.1555,0.9738,0.8937,0.8807,0.0000,0.5331,1.0255,0.8566,0.6979,1.0031,0.9953,0.8180,1.0260,1.1531,0.9761,0.8877,0.8907,0.9470,0.9956,0.8792,0.8496,0.8419,1.1009,1.1088,1.1244,1.0297,1.0422,1.0465,1.0071,1.0481,1.1524,0.9860,0.9061,1.1575,0.9538,1.0843,0.9835,1.1262,1.0686,1.1088,1.1009,1.0245,1.0721,1.1579,1.0783,1.1521,1.1262,1.1208,1.1110,1.0841,1.0585,1.0870,1.0111,0.9520,1.1080,1.1112,1.1349,1.1223,1.1241,1.0947,1.1581,1.1096,1.0843,1.0429,1.0992,1.0587,1.0272,1.0215,1.0535,1.0376,0.8569,0.9483,0.9810,1.0514,1.0270,0.9811,1.0364,0.9377,0.9967,0.9171,1.1252,1.0718,1.0596,0.9231,1.1010,1.0537,1.0807,1.0839,1.0434,1.0806
biddle_4,1.0786,1.1164,0.9977,1.0821,1.1169,1.0915,1.0913,1.0496,1.0968,1.1451,1.1501,1.0436,1.0849,1.0311,1.0768,1.0888,0.7776,0.7683,0.8312,0.9236,0.9750,0.8833,0.8326,0.9224,0.9482,0.8189,0.9878,1.0235,1.0647,1.0649,1.0687,0.9764,0.6402,0.8923,1.0224,0.8918,0.8596,0.8123,0.5331,-0.0000,0.8899,0.9101,0.8587,0.9238,0.9497,0.8407,0.9867,1.0886,0.8875,0.7824,0.7821,0.9433,0.9344,0.8492,0.8436,0.8481,1.0867,1.0945,1.1582,1.1459,0.9884,1.0558,1.0172,1.0833,1.1504,1.0347,1.0359,1.1565,1.0424,1.0956,1.0058,1.1006,1.0014,1.0694,1.1298,1.0285,1.1214,1.1724,1.0757,1.1142,1.0446,1.0259,1.0456,1.0315,1.0077,1.0414,1.0306,1.0139,1.1510,1.1332,1.1735,1.1478,1.0780,1.0886,1.1421,1.0984,1.0474,1.0486,1.0795,1.0616,0.9917,1.0382,1.0677,1.0450,1.0165,0.9927,1.0644,1.0578,1.0354,0.9804,1.0277,0.9388,1.0473,1.0077,1.0955,1.0178,1.0044,0.9268,1.1010,1.0205,1.0455,1.1165,0.9899,1.0470
gregg_1,0.9612,1.0119,0.9376,0.8767,1.0322,1.0507,1.0337,0.9277,1.0233,1.0299,0.9854,1.0070,0.8590,0.9565,0.9905,1.0584,0.9337,0.9824,0.8916,1.0683,0.9353,0.9124,0.8812,1.0456,0.9626,1.0351,1.0179,0.7507,0.9205,0.9027,0.9612,0.9113,1.1970,1.0583,1.1126,1.0066,1.0232,1.0589,1.0255,0.8899,0.0000,0.8736,0.7932,0.7913,1.0938,1.0925,1.0886,0.9746,1.0222,0.9791,1.1256,0.9826,0.9834,1.0552,0.9999,1.0446,0.8956,1.0742,0.9632,1.0829,1.0385,1.0053,1.1039,1.0251,1.0421,1.0730,1.0062,1.0560,0.9659,0.9812,0.9505,1.0221,1.0636,1.0485,1.0831,1.1065,0.9855,1.0774,1.0724,1.1055,0.9350,1.0095,0.8794,0.9410,1.1459,1.1254,0.9125,0.9066,1.0535,1.0866,1.1017,1.0333,1.0545,1.1322,1.0166,0.9935,0.9785,0.9600,1.0392,1.0535,1.0044,1.0348,1.1113,1.0574,0.9782,0.8918,0.9629,1.0989,1.0164,1.1046,1.0175,1.0279,0.9870,0.9658,0.9426,0.9168,0.9103,1.0364,0.9107,0.9237,0.8970,0.9551,0.8945,0.8965
gregg_2,1.0292,1.0136,0.9434,0.9826,1.0932,1.1263,1.1255,1.0814,1.0439,1.0923,1.0854,0.9439,1.0579,1.0415,0.9666,1.0907,0.8631,0.7781,0.9627,1.0328,0.8850,0.9964,0.9601,0.9992,0.9213,0.9894,0.8454,1.0565,1.0625,0.8980,1.0486,0.9606,0.9885,1.0033,1.0163,1.0091,0.9177,0.9040,0.8566,0.9101,0.8736,0.0000,0.8181,0.9730,0.8494,0.8024,0.9916,1.0266,0.9650,0.8395,0.9503,1.0024,0.9378,0.9270,0.8504,0.8360,1.1330,1.1366,0.9801,1.0828,1.0784,1.0282,0.9329,1.0670,1.1020,0.9216,0.9498,1.0613,0.9701,1.0044,0.9236,1.0466,0.9606,1.0405,1.0680,0.9868,1.1122,1.1268,1.1470,1.1683,1.0037,0.8845,1.0897,0.9212,1.0748,1.0627,1.0689,0.9897,1.0793,1.1106,1.1733,1.1501,1.1190,1.0240,1.1115,1.0129,1.0103,0.9916,1.0370,1.0612,1.0863,1.0557,1.0362,1.0620,0.9503,0.9433,1.1044,1.0953,0.9493,1.0292,1.0244,0.9890,1.1111,0.9588,1.0899,0.8694,0.8288,0.9954,1.0292,0.9356,1.0552,0.9948,0.8097,1.0587
gregg_3,1.0483,1.0182,0.9659,0.9259,1.0442,1.1093,1.0648,1.0198,1.0015,1.1088,1.0657,1.0888,1.0020,0.9315,1.0432,1.0846,0.7450,0.7802,0.5912,0.9435,0.9249,0.9033,0.7318,0.9839,0.8767,0.9920,1.0275,0.8870,0.9999,0.9662,1.1581,0.8972,0.9806,1.0294,1.0728,0.8700,0.9198,1.0659,0.6979,0.8587,0.7932,0.8181,0.0000,0.7284,1.1114,1.0191,1.0921,1.0940,0.9318,1.0246,0.9893,1.0226,0.8981,0.9977,0.9149,0.9786,1.0037,1.1390,0.9703,1.1060,1.1013,1.0550,1.1305,1.0146,1.0678,0.9980,1.0256,1.0529,0.9303,0.9920,0.9464,1.0097,1.0427,1.1176,1.1307,1.1018,1.0603,1.1646,1.1286,1.1276,1.0275,1.1228,1.0996,1.0932,1.0938,1.1362,0.9982,0.8839,1.1138,1.1819,1.1798,1.1282,1.1041,1.0737,1.0788,1.0640,1.0291,1.0152,1.0516,1.0301,1.0176,1.0661,1.0702,1.0340,0.8886,0.7898,1.0292,1.0437,1.0337,1.0987,0.9885,1.0451,0.9817,0.9166,1.1175,1.0264,1.0246,0.9175,1.0917,1.0770,1.0788,1.0711,1.0185,1.0797
gregg_4,0.9681,0.8783,0.9300,0.9282,1.0296,1.0808,1.0759,0.9391,0.9856,1.0512,0.9908,0.9878,1.0071,1.0219,1.0755,1.1290,0.9369,0.9926,0.9127,0.9509,0.9255,0.9833,0.8632,1.1027,0.9345,1.0042,1.0048,0.7800,1.0034,0.8856,1.0635,0.9103,1.0844,1.0369,0.9002,0.9083,0.9610,1.0282,1.0031,0.9238,0.7913,0.9730,0.7284,0.0000,0.9734,0.9983,1.0959,1.0598,0.9656,0.9487,0.9314,1.0978,0.8657,0.9605,0.9742,1.0309,0.9461,1.0702,1.0046,1.1654,1.0454,0.9606,1.0568,1.0579,0.9343,1.0767,1.0747,1.0116,0.8752,1.0271,0.9973,1.0434,0.9792,1.0883,1.1535,1.0979,1.0245,1.1450,1.1398,1.0935,0.9696,1.0395,1.0108,1.0422,1.1212,1.1164,0.9185,0.9469,1.0285,1.0653,1.0690,1.1088,0.9639,1.0445,0.9665,1.0250,1.0140,0.9919,0.9891,1.0479,1.0143,1.1173,1.0995,1.0489,0.9498,0.8528,0.9758,1.0755,0.9711,1.0636,1.0551,1.0428,1.0867,1.0388,1.0392,0.9541,0.9839,0.9831,0.9696,1.0303,0.9517,0.9969,1.0059,0.9553
pattie_1,1.0549,1.0145,1.0137,1.0397,1.0660,1.1260,1.0784,1.0823,1.1207,1.0296,1.0928,0.9281,1.0306,1.0749,0.9550,1.0731,1.0011,0.8750,1.0654,0.9206,1.0075,0.9827,1.0508,0.9295,1.0179,0.9118,0.8532,1.1437,1.0099,1.0151,0.9626,1.0006,0.9200,0.9117,0.8947,1.0134,0.9479,0.8376,0.9953,0.9497,1.0938,0.8494,1.1114,0.9734,0.0000,0.6283,0.7625,1.0175,0.8628,0.8459,0.9031,0.9493,0.9547,0.9131,0.9064,0.9051,1.1072,1.0565,1.0953,1.0732,0.9588,1.0541,0.9147,1.0619,1.0797,1.0045,0.9997,0.9941,1.0842,0.9895,1.0142,0.9500,0.9060,1.0367,1.0218,0.9917,0.9964,0.9935,1.0039,1.0002,0.9422,0.9347,1.0436,0.9463,1.0197,1.0565,1.0741,1.0460,1.0717,1.0146,1.0801,1.0962,1.0340,1.0497,1.0378,0.9916,1.0878,1.0771,1.1288,1.0730,1.0929,1.0884,1.0675,1.0780,1.1051,1.0933,1.0774,1.0846,0.9555,1.0421,1.0155,0.9725,1.0827,1.0348,1.1565,1.0347,1.0048,0.9518,1.0670,1.0173,1.0673,1.0429,0.9980,1.0701
pattie_2,1.1336,1.1104,1.0316,1.1234,1.1534,1.1127,1.0767,1.0527,1.1550,1.1561,1.1206,0.8924,1.0672,1.0463,0.9867,1.1002,0.9568,0.7992,1.0305,0.9096,0.9885,0.9464,1.0226,0.9633,1.0361,0.9759,0.9230,1.1105,1.0498,1.0468,1.0415,1.0916,0.8078,0.8614,1.0370,1.0013,0.9179,0.7490,0.8180,0.8407,1.0925,0.8024,1.0191,0.9983,0.6283,0.0000,0.7700,1.0487,0.8739,0.8317,0.7982,0.9478,0.9831,0.7861,0.8322,0.7345,1.1771,1.0575,1.0803,1.0653,0.9493,1.0576,0.9109,1.0804,1.1045,1.0118,0.9165,1.0365,1.0736,0.9889,1.0301,1.0384,0.8938,1.0100,1.0207,0.9331,1.0306,1.1043,1.0371,1.0649,1.0391,0.9621,1.0331,0.9692,1.0360,1.0999,1.0738,1.0541,1.0629,1.0581,1.0981,1.1296,1.0768,1.0676,1.1792,0.9848,1.0396,1.1387,1.0912,1.0987,1.0940,1.0673,1.0311,1.0756,1.0912,1.0905,1.0744,1.0654,1.0015,0.9549,1.0483,0.9384,1.0669,0.9915,1.1299,0.9761,0.9276,1.0099,1.1189,1.0423,1.1099,1.0849,0.9215,1.1094
pattie_3,0.9964,0.9721,1.0159,1.0197,1.0412,1.0552,1.0641,1.0766,1.0629,1.0389,1.0777,0.9926,0.9573,0.8598,0.9409,0.9478,1.0449,0.9092,1.1057,1.0949,0.9183,0.9462,1.0527,0.9057,1.0544,1.1227,0.9703,1.0666,0.9933,1.0346,0.9833,1.0344,0.9738,0.9502,0.9558,1.0882,1.0425,0.9371,1.0260,0.9867,1.0886,0.9916,1.0921,1.0959,0.7625,0.7700,0.0000,0.8854,0.9908,0.9953,0.9607,0.8985,0.9887,1.0044,1.0094,0.9186,1.1101,0.9727,1.0412,1.0180,0.9857,1.0423,0.9742,1.0838,0.9804,0.9889,0.9475,1.0352,0.9889,0.9518,0.9726,0.9737,0.9524,1.0016,0.9706,0.9012,1.0863,0.9590,1.0214,1.0287,1.0152,0.9854,1.0524,0.9685,0.9622,1.0490,1.0577,1.1096,1.0626,0.9940,0.9780,1.0717,1.0026,1.0507,1.0135,0.9701,1.0115,1.0326,1.0499,1.0570,1.0280,1.0828,1.0305,1.0733,1.0765,1.1121,0.9806,1.0935,0.9941,0.9696,0.9719,1.0167,1.0719,1.0368,1.0266,0.8963,0.8523,1.0302,1.0282,0.9944,1.0164,1.0292,0.8453,1.0136
pattie_4,0.9627,1.0420,1.0487,0.9645,0.9655,0.9038,0.9771,0.9675,0.9785,0.9833,0.9488,0.9426,0.9439,0.9222,0.8753,0.9383,1.1183,1.0390,1.1106,1.0716,0.8658,1.0134,1.1045,0.8974,1.0672,0.9948,1.0809,0.9933,0.9720,1.0194,0.9468,1.0749,1.0583,1.0394,0.8885,1.0937,1.1223,1.0150,1.1531,1.0886,0.9746,1.0266,1.0940,1.0598,1.0175,1.0487,0.8854,0.0000,1.1192,1.0240,1.0934,0.8091,1.0279,1.0660,1.0546,1.0686,1.0132,0.9085,0.9455,0.9423,1.1094,1.0864,1.0612,1.0813,0.9274,1.0829,1.0664,0.9139,1.0535,1.0317,1.0461,0.9584,1.0359,0.9776,0.9878,0.9615,0.9915,0.9071,0.9961,0.8823,1.0506,1.0813,0.9526,1.0344,0.9729,0.9693,1.0213,1.1048,0.9433,0.9928,0.8671,0.9171,0.8855,0.9812,0.9305,0.9615,1.0165,1.0734,1.1003,1.0687,1.0907,1.0542,1.1014,1.0346,1.0721,1.1086,1.0286,1.0724,1.1074,1.0299,0.9948,1.0362,0.9059,0.9023,0.8535,0.8867,0.9002,1.1038,0.8766,0.8998,0.9522,0.8504,0.9061,0.9524
tjames_1,1.1471,1.0522,1.0133,1.1322,1.0983,1.1012,1.0523,1.0848,1.0365,1.0659,1.0605,0.9838,1.0550,1.0626,1.0960,1.1037,0.9179,0.9146,0.8535,0.7994,0.9695,0.8877,0.8880,0.9568,0.8956,0.8373,0.8545,1.0759,1.1426,0.9857,1.0946,1.0131,0.7796,0.8742,0.9336,0.8865,0.7775,0.8822,0.9761,0.8875,1.0222,0.9650,0.9318,0.9656,0.8628,0.8739,0.9908,1.1192,0.0000,0.7270,0.8111,1.0135,0.8616,1.0056,0.9641,1.0009,1.0734,1.0901,1.0918,1.1546,0.9435,1.0219,0.9046,0.9180,1.0880,1.0037,1.0265,1.0237,0.9714,1.0072,0.8759,1.0444,1.0481,1.1521,1.1246,1.0531,0.9504,1.0845,1.1723,1.1066,1.0521,1.0487,1.0772,1.0614,1.0783,1.1156,1.0338,1.0744,1.1766,1.1537,1.1455,1.1577,1.1130,1.1016,1.1053,1.0993,0.9774,1.0347,1.0057,0.9584,0.9536,0.9877,0.9773,0.9500,1.0613,0.8501,1.0923,0.9428,0.9968,1.0612,1.0345,0.8858,1.1831,1.0876,1.1463,0.9872,0.9866,0.8579,1.0865,0.9907,1.0814,1.0605,0.9786,1.0775
tjames_2,1.1440,1.1369,1.0785,1.0715,1.1368,1.1093,1.1105,1.0757,1.1136,1.1570,1.1181,0.9111,1.0980,1.1229,1.0823,1.1125,0.8413,0.8331,0.9533,0.8548,0.9856,0.9388,0.8935,0.9752,1.0066,0.9659,0.9174,1.1756,1.1466,1.0082,1.0127,0.9959,0.7825,0.9601,1.0516,0.9843,0.8714,0.8274,0.8877,0.7824,0.9791,0.8395,1.0246,0.9487,0.8459,0.8317,0.9953,1.0240,0.7270,0.0000,0.7438,0.9022,0.9820,0.8580,0.9197,0.8946,1.1597,1.0146,1.0600,1.0989,0.9736,0.9537,0.8617,1.0024,1.1597,0.9853,1.0007,1.0233,1.0266,1.0879,0.9150,1.0809,0.9997,1.0702,1.0877,0.9682,1.0553,1.1297,1.0513,1.1779,1.0889,1.0515,1.0491,1.0247,0.9865,0.9722,0.9945,1.0402,1.1374,1.0307,1.0224,1.1000,1.0667,1.1242,1.1205,1.0769,1.0116,1.0713,1.0111,1.0149,0.9379,0.9512,1.0141,1.0427,1.0466,0.9766,1.0837,1.0278,0.9667,1.0412,1.0238,0.8911,1.1025,1.0630,1.1300,1.0008,0.9920,0.8818,1.1313,0.9601,1.0968,1.1166,0.9852,1.0992
tjames_3,1.1069,1.0561,1.0440,1.1424,1.0764,1.0550,1.0580,1.1566,1.0673,1.1218,1.1288,0.9249,1.0711,1.1179,1.1453,1.0730,0.9196,0.8874,1.0062,0.9146,1.0473,1.0056,1.0362,0.9329,1.0189,0.9209,0.8959,1.1394,1.1472,1.0556,0.9996,1.0540,0.8369,0.8906,0.9627,0.9234,0.9433,0.7652,0.8907,0.7821,1.1256,0.9503,0.9893,0.9314,0.9031,0.7982,0.9607,1.0934,0.8111,0.7438,0.0000,0.8787,1.0139,0.9639,0.9197,0.8336,1.1769,1.0490,1.0637,1.0548,0.9097,0.8858,0.8436,1.0928,1.1501,0.9362,1.0000,1.0499,1.0502,1.0456,1.0035,1.0555,0.9157,1.0366,0.9837,0.9176,1.0590,1.0121,0.9639,1.0887,1.1249,0.9576,1.1147,0.9980,0.9745,0.9925,1.0004,1.0793,1.0950,1.0351,1.0060,1.0775,1.0621,1.0561,1.1427,1.0980,0.9770,1.0972,0.9959,1.0903,1.0136,1.0388,1.0258,0.9622,1.1149,0.9868,1.0625,1.0856,0.9909,0.9964,1.0176,0.9226,1.0918,1.0603,1.0933,0.9464,0.9379,0.9249,1.1835,1.0062,1.1617,1.1384,0.9211,1.1628
tjames_4,1.0227,1.0251,1.0759,1.0105,1.0068,1.0035,1.0042,0.9873,1.0035,0.9185,1.0813,0.9432,1.0121,1.0218,1.0355,1.0055,1.0920,1.0094,1.1044,1.0626,1.0291,1.0720,1.1451,0.9809,1.0135,1.0172,1.0304,1.1191,1.0090,1.0229,0.9286,1.0437,0.9969,1.0264,0.8600,1.0528,1.0742,0.9953,0.9470,0.9433,0.9826,1.0024,1.0226,1.0978,0.9493,0.9478,0.8985,0.8091,1.0135,0.9022,0.8787,-0.0000,1.0133,1.0493,0.9919,1.0573,1.0317,1.0525,1.0308,0.8978,1.0360,0.9982,0.9116,1.0766,1.0447,1.0565,1.1187,1.0255,1.0501,1.1282,1.0288,1.0576,1.0039,0.9089,0.9629,0.9253,0.9974,0.9663,0.9773,0.9300,1.0072,0.9606,1.0313,0.9691,0.9628,0.9128,1.0325,1.0777,0.9381,0.9973,0.8547,0.8737,0.8595,0.9276,0.9562,0.9980,1.0909,1.1470,1.0680,1.1029,0.9920,0.9924,1.0752,1.0797,1.1245,1.0923,1.0442,1.0924,1.0762,0.9970,1.0843,0.9441,0.9507,0.9722,0.9501,0.9828,0.9667,0.9629,1.0254,0.8982,0.9885,1.0506,0.9517,0.9839
irving_1,1.0228,1.0247,0.9761,1.0002,1.0963,1.0782,1.1663,1.0559,1.0700,1.1026,1.1263,1.0036,1.0642,1.0736,1.0024,1.0674,0.9752,0.9280,0.9391,0.8631,0.9736,1.0256,0.9674,1.0736,0.8850,0.9279,0.9039,1.0066,1.0517,0.8572,1.0023,0.9928,0.9675,0.9526,1.0476,0.9878,0.8438,0.9446,0.9956,0.9344,0.9834,0.9378,0.8981,0.8657,0.9547,0.9831,0.9887,1.0279,0.8616,0.9820,1.0139,1.0133,0.0000,0.7926,0.8166,0.8960,0.9803,0.9591,1.0879,1.1215,0.9144,0.9615,0.9305,0.9560,1.0453,1.0425,1.0478,1.0700,1.0232,0.9830,0.9379,1.0111,1.0490,1.0729,1.0649,1.0945,0.9196,1.1448,1.0432,1.0943,0.9988,1.0492,1.0078,1.0357,1.1104,1.0862,0.9540,0.9660,1.0432,1.1150,1.0998,1.1216,0.9930,0.9911,1.0872,0.9780,0.9654,0.9797,1.0257,0.9682,1.0440,1.0796,1.0548,1.0693,0.9501,1.0067,0.9656,1.0658,1.0344,1.0116,1.0451,1.0233,1.1061,1.0167,1.0603,1.0330,1.0234,1.0170,0.9952,1.0349,0.9532,1.0357,1.0211,0.9568
irving_2,1.0524,1.0540,1.0215,1.1045,1.1277,1.0899,1.0988,1.1054,1.1786,1.1509,1.1304,1.0081,1.1460,1.1321,1.0243,1.0790,0.9168,0.8194,0.9573,0.9830,1.0086,0.9503,0.9577,1.0603,0.9764,1.0387,0.9509,1.1362,1.0560,0.9273,1.0859,1.0414,0.8723,0.9919,1.1321,1.1042,0.9685,0.8800,0.8792,0.8492,1.0552,0.9270,0.9977,0.9605,0.9131,0.7861,1.0044,1.0660,1.0056,0.8580,0.9639,1.0493,0.7926,-0.0000,0.5034,0.5414,1.1001,0.9255,1.0804,0.9816,0.9344,1.0063,0.8816,1.0586,1.1175,0.9777,0.8754,1.1577,1.0773,0.9409,1.0278,1.0854,0.9133,0.9537,0.9277,0.9031,1.0321,1.0503,0.9575,1.1182,1.0336,1.0292,1.1332,1.0332,1.0100,1.0121,1.0391,1.0812,1.0728,1.0276,1.0096,1.0728,1.1306,1.0379,1.1642,0.9632,1.0665,1.0356,1.0470,1.0964,1.0735,0.9705,0.9843,1.0284,1.0501,1.0879,1.0279,1.0586,1.0103,0.9805,0.9675,1.0256,1.0521,0.9733,1.1370,1.0504,1.0238,1.0259,1.1095,1.0122,1.0636,1.1131,1.0136,1.0650
irving_3,1.1248,1.1170,1.0526,1.1149,1.2198,1.1114,1.1255,1.1304,1.1575,1.1698,1.1719,1.0668,1.1049,1.1151,1.0335,1.0680,0.8322,0.8295,0.8744,1.0480,0.9206,0.8903,0.9255,0.9765,0.8788,0.9923,0.9584,1.1356,1.0037,0.8814,1.0928,0.8942,0.8323,0.9345,1.1547,1.0289,0.9597,0.8994,0.8496,0.8436,0.9999,0.8504,0.9149,0.9742,0.9064,0.8322,1.0094,1.0546,0.9641,0.9197,0.9197,0.9919,0.8166,0.5034,0.0000,0.6372,1.0326,0.9917,1.0093,1.0253,1.0124,1.0485,0.9253,1.0678,1.1005,0.9721,0.9220,1.0917,1.0862,1.0761,1.0691,1.1289,0.9007,0.9295,1.0078,0.9344,1.0399,1.1288,1.0120,1.0879,1.0561,1.0151,1.1462,0.9811,0.9748,1.0418,1.0140,0.9536,1.0512,1.0901,1.0641,1.1084,1.1077,1.0779,1.1999,0.9734,1.0582,1.0326,1.0391,1.0464,1.0576,1.0056,1.0345,1.0275,1.0212,1.0127,1.0076,1.0746,1.0070,1.0015,1.0233,0.9988,1.0976,0.9282,1.1589,1.0672,1.0376,1.0242,1.0843,0.9293,1.0069,1.1260,1.0097,1.0083
irving_4,1.1320,1.1118,1.0584,1.0685,1.1714,1.0884,1.1014,1.0618,1.1766,1.1542,1.1261,1.0691,1.1091,1.0970,1.1108,1.0882,0.8859,0.7263,0.9570,1.0239,0.9618,0.9698,0.9862,0.9950,0.9111,1.0395,0.9523,1.1353,1.0995,1.0100,0.9794,1.0667,0.7895,0.9967,1.0964,1.0908,0.9707,0.7868,0.8419,0.8481,1.0446,0.8360,0.9786,1.0309,0.9051,0.7345,0.9186,1.0686,1.0009,0.8946,0.8336,1.0573,0.8960,0.5414,0.6372,0.0000,1.0955,0.9913,1.0856,0.9921,0.9703,1.0553,0.8908,1.0695,1.1498,0.9982,0.9131,1.0795,1.0444,0.9790,1.0557,1.0647,0.8329,1.0163,0.9335,0.9622,1.0966,1.0820,1.0152,1.1532,1.0437,0.9891,1.1627,0.9571,0.8912,0.9772,1.0323,1.0092,1.0489,1.0298,1.0676,1.1145,1.1316,1.0683,1.1839,1.0431,1.0847,1.0635,1.1023,1.0422,1.0638,1.0175,0.9769,1.0086,1.0264,0.9852,1.0263,1.0865,0.9981,0.9531,0.9679,0.9944,1.0742,0.9975,1.1210,1.0228,0.9964,0.9867,1.0867,1.0049,1.0471,1.0926,0.9770,1.0431
bagby_1,0.8596,1.0522,1.0331,0.9170,0.9811,1.0092,0.9770,0.9223,1.0311,0.9207,0.9629,1.0204,1.0197,1.1219,1.0474,1.0796,1.1261,1.1099,1.0053,1.0394,0.9575,1.0347,0.9632,1.0866,0.9376,0.9896,0.9350,0.8495,0.7725,0.8820,0.9029,0.9340,1.1531,1.1007,1.0564,1.0009,1.0751,1.1499,1.1009,1.0867,0.8956,1.1330,1.0037,0.9461,1.1072,1.1771,1.1101,1.0132,1.0734,1.1597,1.1769,1.0317,0.9803,1.1001,1.0326,1.0955,0.0000,0.9294,0.8583,0.9399,1.0399,0.9907,1.0632,0.9753,0.8479,1.1242,1.1830,0.9741,1.0223,1.0898,1.1005,1.0596,1.0338,1.0220,1.0618,1.0995,0.9424,0.9504,0.9579,1.0247,0.8016,1.0458,0.9541,0.9907,1.0258,0.9756,0.9126,0.9379,0.8857,0.8681,0.9081,0.9550,0.9267,0.9530,0.8525,0.9234,0.9585,0.9094,0.9643,0.9964,0.9232,1.0527,1.0972,1.0740,0.8940,1.0002,0.9670,1.0430,1.0843,1.0476,1.0950,1.1315,0.9983,1.0337,0.8731,1.0176,1.0509,0.9687,0.8632,1.0154,0.8793,0.8968,1.0546,0.8807
bagby_2,0.9806,1.0754,1.0887,1.0757,0.9950,0.9848,1.0008,1.0020,1.0428,1.0573,1.1046,1.0042,1.1153,1.0249,1.0346,1.0078,1.0083,1.0408,1.0569,0.9224,0.9730,1.0080,1.0094,0.9932,0.9917,1.0642,1.0663,1.0579,0.9847,1.0337,0.9461,1.0313,1.0215,1.0093,1.0179,0.9938,1.0428,1.0362,1.1088,1.0945,1.0742,1.1366,1.1390,1.0702,1.0565,1.0575,0.9727,0.9085,1.0901,1.0146,1.0490,1.0525,0.9591,0.9255,0.9917,0.9913,0.9294,-0.0000,1.0009,0.9398,0.9232,0.9992,0.9651,0.9821,1.0386,1.0376,1.0405,1.0273,1.0732,1.1401,1.0913,1.0457,0.9434,0.8874,0.9026,0.9187,0.9519,0.8735,0.9028,0.9294,1.0706,1.0736,1.0744,1.0608,0.8419,0.7733,0.9757,1.1347,0.9266,0.8735,0.7811,0.9369,0.9891,1.0451,0.9668,0.9660,0.9997,1.0166,1.0074,1.0148,1.0544,1.0381,1.0199,1.0311,1.0671,1.0783,1.0413,1.0046,1.0758,1.0352,1.0408,1.0484,0.8792,1.0528,1.0002,1.1296,1.1456,1.0287,1.0757,1.0854,1.0658,1.0579,1.1539,1.0674
bagby_3,0.8838,1.0325,0.9820,0.9850,1.0116,1.0441,1.0006,0.8634,1.0385,0.9764,0.9706,1.0434,1.0252,1.0325,1.0822,1.0566,1.0524,1.0664,1.0804,1.1052,0.9689,1.0161,1.0477,0.9882,1.0641,1.0540,1.1188,0.9606,0.8585,0.9098,0.9075,0.9368,1.0890,1.0763,1.0643,1.0823,1.1213,1.1206,1.1244,1.1582,0.9632,0.9801,0.9703,1.0046,1.0953,1.0803,1.0412,0.9455,1.0918,1.0600,1.0637,1.0308,1.0879,1.0804,1.0093,1.0856,0.8583,1.0009,0.0000,0.9132,1.0206,1.0211,1.0669,1.1013,0.9901,1.0267,1.1472,0.9625,1.0873,1.0239,1.0138,1.0769,0.9518,0.8826,0.9678,0.9954,1.0207,0.9821,1.0250,1.0104,0.9228,0.9672,0.9595,0.9494,0.9221,0.8580,1.0171,0.9764,0.9425,0.9334,0.9099,0.9620,0.9603,0.9921,0.9602,0.9406,0.9718,0.9225,0.9681,0.8980,0.9776,1.0103,1.0044,1.0180,1.0069,0.9429,0.9401,1.0536,1.0318,1.0227,1.0234,0.9801,0.9522,1.0431,0.9689,0.9655,0.9543,1.0558,0.9595,0.9507,1.0173,0.9204,0.9497,1.0177
bagby_4,0.9513,1.0792,1.0592,1.0098,0.9357,0.8539,0.9411,0.8923,1.0174,0.7933,1.0259,1.0399,1.1182,1.0623,1.0082,0.9974,1.1856,1.1070,1.1384,1.1703,1.0199,1.0540,1.1098,1.0487,1.1080,1.0706,1.0886,1.0818,0.9443,0.9902,0.9002,1.0143,1.0867,1.0678,1.0920,1.1522,1.1997,1.0827,1.0297,1.1459,1.0829,1.0828,1.1060,1.1654,1.0732,1.0653,1.0180,0.9423,1.1546,1.0989,1.0548,0.8978,1.1215,0.9816,1.0253,0.9921,0.9399,0.9398,0.9132,-0.0000,0.9884,1.0161,1.0697,1.1608,1.0191,1.0742,1.0668,1.0812,1.1402,1.0940,1.0921,1.1409,1.0445,0.8096,0.7205,0.9213,0.8700,0.7727,0.6723,0.7503,1.0300,1.0022,0.9648,1.0088,0.8338,0.7036,0.8736,1.0310,0.7600,0.7523,0.7496,0.7486,0.9033,0.9983,0.8867,0.9733,1.1762,1.1427,1.1691,1.1660,1.0480,1.1096,1.1423,1.0872,1.0900,1.1596,1.0808,1.1073,1.0396,1.0319,1.0272,1.0271,0.7423,0.8792,0.8982,0.9960,1.0113,1.1033,0.9952,0.9416,1.0254,0.9690,1.0122,1.0222
cooke_1,0.9907,1.0380,0.9895,1.0558,1.0243,1.0796,1.0837,1.0375,1.0879,1.1036,1.1642,1.0008,0.9934,1.0562,1.0224,1.0105,1.0445,1.0412,1.1019,0.9269,1.0563,0.9876,0.9708,1.0091,0.9828,1.0120,0.9539,1.0262,0.9754,1.0756,0.9946,1.0363,0.9948,0.9761,1.0108,0.9904,0.9653,0.9772,1.0422,0.9884,1.0385,1.0784,1.1013,1.0454,0.9588,0.9493,0.9857,1.1094,0.9435,0.9736,0.9097,1.0360,0.9144,0.9344,1.0124,0.9703,1.0399,0.9232,1.0206,0.9884,0.0000,0.7340,0.8275,0.9350,1.0188,0.9754,0.9563,1.0200,0.9784,1.0308,1.0544,1.0014,0.9259,0.9772,0.9391,0.9904,0.9537,0.9579,0.9333,1.0634,0.9660,0.9269,0.9079,0.9363,0.9163,1.0365,1.0760,1.1241,1.0543,1.0530,0.9958,1.1265,1.1247,0.9754,1.0937,0.9507,0.9603,1.0302,0.9803,0.9616,1.0380,0.9586,0.9353,1.0097,1.0905,0.9993,1.0681,1.0244,1.0269,1.0059,1.0175,1.0701,1.1178,0.9994,1.0641,1.0355,0.9920,1.0723,1.0803,0.9993,1.0224,1.1054,0.9868,1.0179
cooke_2,1.0539,1.0007,1.0588,1.0350,1.0722,1.0602,1.0668,1.0271,0.9648,1.0589,1.0266,1.0132,1.0045,0.9467,0.9709,1.0155,1.0870,0.9773,1.0241,0.9655,1.1154,1.1144,0.9856,1.0089,0.9598,0.9269,1.0176,1.0892,1.0826,0.9922,0.9642,1.0669,1.1169,1.0165,1.0511,0.9845,1.0011,1.0566,1.0465,1.0558,1.0053,1.0282,1.0550,0.9606,1.0541,1.0576,1.0423,1.0864,1.0219,0.9537,0.8858,0.9982,0.9615,1.0063,1.0485,1.0553,0.9907,0.9992,1.0211,1.0161,0.7340,-0.0000,0.8485,0.7929,0.9108,0.9089,0.9487,1.0445,0.9593,1.0025,1.0120,0.9698,0.9831,0.9747,0.9721,0.9989,0.9928,1.0066,0.8283,1.0297,1.0482,1.0697,0.9798,0.9912,1.0228,1.0200,0.9198,1.0785,1.0065,1.0064,1.0170,1.0194,1.0496,0.9690,1.0959,0.9031,0.9121,0.9740,0.9143,0.9962,0.9725,0.9929,0.9955,1.0171,1.0604,0.9490,1.0866,1.0660,1.0240,0.9963,1.0591,1.0216,1.0667,1.0782,1.0859,1.0564,1.0524,0.9563,1.0866,0.9876,1.0155,1.1217,1.0505,1.0145
cooke_3,1.1253,1.0580,1.1156,1.1004,1.1151,1.1413,1.0629,1.1317,1.0966,1.1502,1.1811,0.9561,1.1324,1.0830,1.0502,1.0453,1.0147,0.9602,1.0956,0.9543,1.1084,1.0475,1.0558,1.0425,0.9508,1.0226,0.9035,1.0831,1.0868,1.0638,1.0367,1.0743,0.9947,1.0049,1.0311,0.9750,1.0025,0.8981,1.0071,1.0172,1.1039,0.9329,1.1305,1.0568,0.9147,0.9109,0.9742,1.0612,0.9046,0.8617,0.8436,0.9116,0.9305,0.8816,0.9253,0.8908,1.0632,0.9651,1.0669,1.0697,0.8275,0.8485,-0.0000,0.9134,1.0003,0.9032,0.8838,0.9707,1.0613,1.0309,0.9880,1.0475,0.8822,0.9560,0.9904,0.8421,1.0133,0.9843,1.0296,1.0584,1.0272,0.9053,1.0439,0.9203,0.9711,1.0091,1.0376,1.1248,1.0558,1.1040,1.0030,1.0701,1.0394,0.9376,1.0469,0.9924,0.9351,1.0431,1.0408,1.0247,1.0342,0.9518,0.9773,1.0339,1.0068,1.0414,1.0594,0.9863,0.8769,0.8595,0.9603,0.9998,1.0956,1.1309,1.0601,1.0762,1.0720,0.9463,1.0783,1.0130,1.0560,1.0712,1.0685,1.0529
cooke_4,1.0330,0.9911,1.0666,1.0658,1.0919,1.0776,1.0519,1.1176,0.9317,1.0445,1.0472,1.0193,0.9043,0.9764,0.9645,1.0122,0.9464,1.0380,0.9323,0.6997,1.0780,1.1243,0.9936,1.0473,0.9608,1.0576,0.9423,1.0319,1.0964,1.0453,1.1262,1.0461,1.0419,1.0145,1.0336,0.8145,0.7736,1.0285,1.0481,1.0833,1.0251,1.0670,1.0146,1.0579,1.0619,1.0804,1.0838,1.0813,0.9180,1.0024,1.0928,1.0766,0.9560,1.0586,1.0678,1.0695,0.9753,0.9821,1.1013,1.1608,0.9350,0.7929,0.9134,0.0000,0.9268,0.9168,0.9532,0.9069,0.9525,0.9582,0.9371,0.9035,1.0753,1.1587,1.1360,1.0824,1.0901,1.0780,1.1004,1.0521,1.0694,1.0733,1.0214,1.0907,1.1572,1.1809,1.0832,1.0870,1.1502,1.1616,1.1761,1.1256,1.0979,1.0089,1.1132,1.0054,0.9130,0.9044,0.7857,0.8903,0.8601,0.8559,0.8758,0.9442,0.9561,0.8312,1.0017,0.7175,1.0387,0.9523,0.9699,0.9815,1.0856,1.1010,1.0683,1.0682,1.0577,0.9315,1.1131,1.0410,1.0669,1.1158,1.0520,1.0679
cooke_lee_1,0.8677,0.8639,0.8949,0.9398,0.9502,0.9787,0.9096,1.0050,0.9257,0.9551,0.9407,0.9745,0.9077,0.9286,0.8875,0.9752,1.1304,1.1443,1.0772,1.0467,1.0483,1.0774,1.0092,1.0189,1.0027,1.1058,1.0080,0.9854,1.0075,1.0182,1.0074,1.0180,1.1817,1.1447,1.0107,1.0613,1.0597,1.1495,1.1524,1.1504,1.0421,1.1020,1.0678,0.9343,1.0797,1.1045,0.9804,0.9274,1.0880,1.1597,1.1501,1.0447,1.0453,1.1175,1.1005,1.1498,0.8479,1.0386,0.9901,1.0191,1.0188,0.9108,1.0003,0.9268,0.0000,0.9243,0.9858,0.7692,0.8553,0.8533,0.9896,0.8957,1.0637,1.0676,1.0651,1.0097,1.0099,1.0019,1.0288,0.9858,0.9464,0.9683,0.8872,0.9401,1.0879,1.0884,1.0220,1.0053,1.0425,1.0439,1.0270,0.9912,0.8386,0.8464,0.9112,0.8923,0.9829,0.9890,1.0102,1.0032,1.0652,1.0573,1.0715,1.0161,1.0035,1.0903,0.9959,0.9863,0.9968,1.0616,0.9349,1.0520,1.0764,0.9982,0.9557,0.9971,0.9931,1.0072,0.9855,1.0158,1.0085,0.9694,1.0126,1.0079
cooke_lee_2,1.0529,1.0271,1.0486,1.0307,1.1150,1.1250,1.0965,1.1436,1.0064,1.0191,1.0967,0.9907,1.0063,1.0046,1.0171,1.0549,0.9879,0.9495,0.9948,0.9879,1.0551,0.9994,1.0515,1.0334,0.9489,1.0061,1.0004,1.0722,1.1265,1.0345,1.0538,1.0686,1.0052,0.9967,1.0137,1.0415,0.9902,1.0290,0.9860,1.0347,1.0730,0.9216,0.9980,1.0767,1.0045,1.0118,0.9889,1.0829,1.0037,0.9853,0.9362,1.0565,1.0425,0.9777,0.9721,0.9982,1.1242,1.0376,1.0267,1.0742,0.9754,0.9089,0.9032,0.9168,0.9243,0.0000,0.5367,0.9444,0.9738,0.9160,0.9199,0.9498,1.0233,1.0979,1.0188,0.9823,1.0777,1.1098,1.0625,1.0764,1.0942,0.8973,0.9882,0.9858,1.0381,1.0754,1.0554,0.9943,1.1270,1.1795,1.1278,1.0936,1.1429,0.9416,1.0913,0.9517,1.0477,1.0350,1.0129,1.0576,0.9747,1.0225,0.9387,0.9828,1.0169,0.9706,1.0089,0.9736,0.7068,0.9152,0.7354,0.9263,1.1033,0.9738,1.1063,0.9928,0.9616,0.8266,1.0529,1.0540,1.0195,1.0650,0.9455,1.0202
cooke_lee_3,1.0898,1.0479,0.9931,1.0549,1.0891,1.1362,1.0589,1.1303,1.0517,1.0923,1.1265,1.0111,1.0516,0.9914,0.9999,0.9661,0.9289,0.8942,0.9988,1.0133,1.0567,0.9924,1.0093,0.9367,0.9465,1.0547,0.9623,1.0243,1.1016,1.0647,1.0309,1.0136,0.9451,0.9525,1.0945,1.0158,1.0027,1.0271,0.9061,1.0359,1.0062,0.9498,1.0256,1.0747,0.9997,0.9165,0.9475,1.0664,1.0265,1.0007,1.0000,1.1187,1.0478,0.8754,0.9220,0.9131,1.1830,1.0405,1.1472,1.0668,0.9563,0.9487,0.8838,0.9532,0.9858,0.5367,-0.0000,0.9139,0.9391,0.9407,1.0221,1.0046,0.9814,1.0882,1.0095,0.9402,1.0877,1.1117,1.0699,1.0625,1.0715,0.9453,0.9680,1.0117,1.0920,1.1543,1.0355,1.0545,1.1203,1.1339,1.1433,1.1072,1.1360,1.0095,1.1298,0.9424,1.0842,1.0207,1.0542,1.0400,0.9603,1.0197,0.9566,0.9682,0.9491,1.0329,1.0061,0.9575,0.8337,0.9677,0.7338,0.9545,1.0717,0.9417,1.0776,1.0753,1.0504,1.0460,1.0333,1.0374,1.0019,1.0506,1.0355,1.0023
cooke_lee_4,0.9384,0.9367,1.0630,1.0438,0.9960,1.0361,1.0204,0.9875,0.9090,0.9650,0.9365,0.9521,0.9792,0.9247,0.9653,0.9874,1.1267,1.0943,1.0834,0.9366,1.0577,1.0676,1.0815,1.0507,1.0479,1.0647,1.0484,1.0210,1.0308,1.0627,0.9871,1.0636,1.1436,1.0913,0.9375,0.9881,1.0055,1.0579,1.1575,1.1565,1.0560,1.0613,1.0529,1.0116,0.9941,1.0365,1.0352,0.9139,1.0237,1.0233,1.0499,1.0255,1.0700,1.1577,1.0917,1.0795,0.9741,1.0273,0.9625,1.0812,1.0200,1.0445,0.9707,0.9069,0.7692,0.9444,0.9139,0.0000,1.0332,0.9840,1.0265,0.9513,1.0031,1.0576,1.0320,1.0633,1.0377,0.9898,1.0472,1.0150,1.0493,0.9836,0.8021,0.9731,1.0882,1.1176,1.0095,1.0659,1.0529,1.0227,1.0909,0.9905,0.9334,0.8478,0.9817,0.8218,0.9129,0.9498,0.9323,0.8787,1.0186,1.0256,0.9938,1.0351,1.0504,1.0280,0.9607,0.9578,0.9278,1.0438,0.9369,0.9868,1.0119,1.0081,0.9024,1.0997,1.0997,1.0825,0.9660,0.9358,0.9419,1.0005,1.0980,0.9431
davis_1,0.9397,0.8832,0.8295,0.7210,1.0691,1.0899,1.1128,1.0599,0.9371,1.0455,0.9737,1.0201,0.8295,0.7778,0.8331,0.8976,0.9291,0.9863,0.9610,0.9678,1.0133,1.0638,0.9543,1.1488,0.9864,1.0077,0.9913,0.8668,1.0499,0.9728,1.0718,1.0295,1.0975,1.0590,0.9854,0.9092,0.8644,1.0587,0.9538,1.0424,0.9659,0.9701,0.9303,0.8752,1.0842,1.0736,0.9889,1.0535,0.9714,1.0266,1.0502,1.0501,1.0232,1.0773,1.0862,1.0444,1.0223,1.0732,1.0873,1.1402,0.9784,0.9593,1.0613,0.9525,0.8553,0.9738,0.9391,1.0332,0.0000,0.8502,0.7056,0.8318,1.0399,1.1291,1.1626,1.1208,1.0225,1.1472,1.1254,1.1332,0.9510,1.0058,1.0428,0.9524,1.1103,1.1294,1.0577,0.9750,1.0899,1.1258,1.1592,1.1107,1.1155,1.0046,1.0592,1.0964,1.0189,1.0329,1.0532,1.0191,1.0439,1.0218,1.0239,0.9970,0.9676,0.9236,1.0013,0.9838,0.9841,1.0689,0.9366,1.0499,1.1124,1.0199,1.0146,0.9728,0.9665,0.9931,0.9550,1.0768,0.9772,0.9505,0.9698,0.9797
davis_2,0.9482,0.9081,0.8443,0.8802,1.0730,1.0266,1.0172,1.1290,0.8429,1.0043,0.8574,0.9570,0.8603,0.7829,0.8413,0.7961,1.1011,1.1086,1.0266,1.0259,1.0802,1.0993,1.0844,1.0605,1.0308,1.0922,0.9333,0.9770,1.1523,1.0172,1.0826,1.0674,1.1119,0.9593,1.0238,0.9988,0.9404,1.0677,1.0843,1.0956,0.9812,1.0044,0.9920,1.0271,0.9895,0.9889,0.9518,1.0317,1.0072,1.0879,1.0456,1.1282,0.9830,0.9409,1.0761,0.9790,1.0898,1.1401,1.0239,1.0940,1.0308,1.0025,1.0309,0.9582,0.8533,0.9160,0.9407,0.9840,0.8502,0.0000,0.8554,0.5099,1.0642,1.1573,1.1202,1.1562,1.1084,1.1289,1.0981,1.0650,0.9736,0.9063,0.9623,0.9853,1.1828,1.1521,1.0837,0.9931,0.9902,1.0760,1.1255,1.0126,1.0868,1.0494,1.0603,0.9989,1.0818,1.0074,1.1188,1.0515,1.0219,1.0312,0.9372,1.0007,0.9812,0.9581,0.9427,0.9478,1.0149,0.9340,0.8800,1.0088,1.0974,0.9744,1.0219,0.8942,0.8667,0.9662,0.8387,0.9518,0.9268,0.8145,0.8778,0.9157
davis_3,1.0398,0.8695,0.8045,0.8225,1.1446,1.1822,1.1313,1.1277,1.0087,1.0578,0.9836,0.9359,0.9282,0.9712,0.9331,0.9846,0.9679,0.9260,0.9362,0.9263,1.0301,1.0545,0.9472,1.0721,0.9487,0.9353,0.9859,0.9307,1.1287,0.9871,1.0109,1.0768,1.0052,1.0953,1.0236,0.9802,0.8524,1.0590,0.9835,1.0058,0.9505,0.9236,0.9464,0.9973,1.0142,1.0301,0.9726,1.0461,0.8759,0.9150,1.0035,1.0288,0.9379,1.0278,1.0691,1.0557,1.1005,1.0913,1.0138,1.0921,1.0544,1.0120,0.9880,0.9371,0.9896,0.9199,1.0221,1.0265,0.7056,0.8554,0.0000,0.8053,1.0524,1.1700,1.1883,1.1849,1.0207,1.1364,1.1561,1.1286,0.9537,1.0259,1.0427,1.0193,1.1133,1.0867,0.9636,0.9936,1.1356,1.1445,1.2108,1.1544,1.1561,1.0456,1.1505,1.0989,1.0228,0.9995,1.0328,1.0025,0.9274,0.9102,0.9048,0.9118,0.9329,0.8692,0.9279,0.9433,0.9353,1.0436,1.0257,0.9286,1.1258,1.0398,1.0325,0.9666,0.9594,0.9074,0.9586,1.0589,0.9557,0.9760,0.9540,0.9567
davis_4,0.9649,0.8967,0.8556,0.8125,0.9853,0.9699,1.0157,1.0612,0.8470,0.9648,0.8217,0.9908,0.8197,0.7879,0.8330,0.8952,1.0796,1.0650,1.0820,1.0127,1.0949,1.0946,1.0917,1.0463,1.0246,1.0813,0.9390,0.9856,1.0721,1.0745,1.1020,1.0451,1.0542,0.9730,0.8841,0.9534,0.9690,1.0386,1.1262,1.1006,1.0221,1.0466,1.0097,1.0434,0.9500,1.0384,0.9737,0.9584,1.0444,1.0809,1.0555,1.0576,1.0111,1.0854,1.1289,1.0647,1.0596,1.0457,1.0769,1.1409,1.0014,0.9698,1.0475,0.9035,0.8957,0.9498,1.0046,0.9513,0.8318,0.5099,0.8053,0.0000,1.0808,1.1442,1.1126,1.1289,1.0995,1.1381,1.1410,1.0408,1.0230,0.9939,1.0512,0.9892,1.1519,1.1203,1.1070,0.9747,0.9889,1.0515,1.0889,0.9906,1.0962,0.8880,1.0194,1.0682,1.0131,1.0900,1.0886,1.0436,1.0007,1.0282,0.9780,0.9811,1.0052,0.9956,1.0312,0.9187,1.0141,1.0366,0.9328,0.9469,1.0736,1.0785,0.9956,0.9449,0.9490,0.9602,0.9528,0.9967,1.0221,0.9054,0.9557,1.0215
page_1,1.0458,1.0615,1.1077,1.1075,1.0890,1.1158,1.0797,1.1024,1.0902,1.1757,1.1502,1.0730,1.0969,1.0522,1.0645,1.0452,1.0481,0.9828,1.1077,1.0803,1.0728,1.0431,1.1136,1.0653,1.0836,1.0365,0.9964,1.0941,0.9965,1.0633,0.9548,1.0970,1.0070,1.0110,0.9451,1.0202,1.0524,0.9177,1.0686,1.0014,1.0636,0.9606,1.0427,0.9792,0.9060,0.8938,0.9524,1.0359,1.0481,0.9997,0.9157,1.0039,1.0490,0.9133,0.9007,0.8329,1.0338,0.9434,0.9518,1.0445,0.9259,0.9831,0.8822,1.0753,1.0637,1.0233,0.9814,1.0031,1.0399,1.0642,1.0524,1.0808,0.0000,0.6615,0.7812,0.6457,0.9329,1.0034,0.9250,1.0278,0.8651,0.7667,1.0036,0.9120,0.8428,0.9138,0.9210,1.0606,0.9993,1.0541,0.9736,1.0310,1.0027,0.8859,1.1334,0.9474,1.0405,0.9833,1.0184,0.9545,1.0634,0.9435,0.9887,1.0341,1.0925,1.0615,1.0211,1.0935,0.9507,0.9797,1.0988,1.0425,1.0747,1.0737,1.1573,1.0929,1.0469,1.0565,1.0887,0.9643,1.0364,1.1056,1.0267,1.0382
page_2,0.9892,1.0430,1.1486,1.0681,1.0510,0.9923,1.0463,0.9904,1.0651,1.0253,1.0978,1.0659,1.1128,0.9872,1.0033,1.0231,1.1649,1.1036,1.1959,1.1590,1.0168,1.0317,1.1161,1.0523,1.0814,1.1041,1.0640,1.1071,0.9815,0.9511,0.9471,1.0344,0.9869,1.0073,1.0307,1.1331,1.1275,1.0072,1.1088,1.0694,1.0485,1.0405,1.1176,1.0883,1.0367,1.0100,1.0016,0.9776,1.1521,1.0702,1.0366,0.9089,1.0729,0.9537,0.9295,1.0163,1.0220,0.8874,0.8826,0.8096,0.9772,0.9747,0.9560,1.1587,1.0676,1.0979,1.0882,1.0576,1.1291,1.1573,1.1700,1.1442,0.6615,0.0000,0.5242,0.5812,0.8767,0.7716,0.7677,0.9473,0.9089,0.8729,0.9663,0.9488,0.8043,0.7480,0.9033,1.0622,0.9072,0.9583,0.8061,0.9591,0.9665,0.9347,0.9478,1.0144,1.0539,0.9841,0.9976,1.0175,1.0674,1.0392,1.0751,1.0701,1.0748,1.1973,1.0723,1.1263,1.0277,0.9773,1.0617,1.0125,0.9294,1.0610,1.0510,1.0709,1.0637,1.1134,1.0846,0.8911,1.0696,1.0683,1.0606,1.0659
page_3,1.0262,1.0959,1.1350,1.1326,1.0500,0.9349,1.0551,1.0131,1.0811,0.9784,1.0870,1.0562,1.1249,1.0631,1.0291,0.9906,1.1497,1.1395,1.1299,1.1448,0.9996,1.0057,1.1724,1.0227,1.1321,1.0842,1.1117,1.2193,0.9870,1.0274,0.9262,1.0552,1.0220,1.0631,1.0302,1.1357,1.1356,1.0512,1.1009,1.1298,1.0831,1.0680,1.1307,1.1535,1.0218,1.0207,0.9706,0.9878,1.1246,1.0877,0.9837,0.9629,1.0649,0.9277,1.0078,0.9335,1.0618,0.9026,0.9678,0.7205,0.9391,0.9721,0.9904,1.1360,1.0651,1.0188,1.0095,1.0320,1.1626,1.1202,1.1883,1.1126,0.7812,0.5242,0.0000,0.6229,0.8098,0.7004,0.7520,0.8115,0.9855,0.9569,0.9687,1.0338,0.8036,0.8236,0.9809,1.1045,0.9291,0.8269,0.7111,0.9114,0.9728,0.9087,0.9056,0.9190,1.0155,1.0007,0.9677,0.9806,1.0986,1.0967,1.0957,1.0569,1.1593,1.1644,1.0353,1.1306,0.9681,1.0283,0.9932,1.0182,0.8786,1.0256,1.0023,1.0703,1.0554,1.0580,1.0996,0.9450,1.0925,1.0707,1.0422,1.0870
page_4,1.0871,1.1306,1.1084,1.1373,1.0892,1.0568,0.9896,1.1056,1.1524,1.1064,1.1455,0.9759,1.1108,1.1156,1.0916,1.0318,1.0564,1.0331,1.1361,1.0641,1.0188,1.0360,1.1335,1.0587,1.0916,1.0571,1.0575,1.2131,1.0211,1.0646,1.0340,1.0410,0.9702,1.0309,1.0616,1.1051,1.0679,0.9756,1.0245,1.0285,1.1065,0.9868,1.1018,1.0979,0.9917,0.9331,0.9012,0.9615,1.0531,0.9682,0.9176,0.9253,1.0945,0.9031,0.9344,0.9622,1.0995,0.9187,0.9954,0.9213,0.9904,0.9989,0.8421,1.0824,1.0097,0.9823,0.9402,1.0633,1.1208,1.1562,1.1849,1.1289,0.6457,0.5812,0.6229,0.0000,0.8941,0.8045,0.7947,0.9049,0.9797,0.9485,0.9735,0.9947,0.8539,0.8945,1.0350,1.1015,0.9599,0.9908,0.8451,1.0439,1.0098,1.0006,1.0421,0.9766,1.0265,1.0028,0.9416,0.9377,1.0021,0.9683,1.0113,1.0211,1.0848,1.1628,0.9857,1.0519,0.9952,0.9269,1.0655,1.0414,0.9884,1.0286,1.1008,1.1015,1.0813,1.0998,1.1223,0.9925,1.1098,1.0904,1.0740,1.1105
cable_1,0.9538,1.0888,1.0452,1.0174,1.0282,1.0405,1.0177,1.0210,1.0389,1.0777,1.0487,1.0262,1.0438,1.0297,1.0275,0.9945,1.0852,1.0643,1.1306,1.0710,1.0243,0.9625,1.0381,1.1226,0.9791,0.9724,1.0396,1.0444,0.8458,0.9416,0.9788,0.9385,1.0744,1.0551,1.0812,1.0224,1.0960,1.0416,1.0721,1.1214,0.9855,1.1122,1.0603,1.0245,0.9964,1.0306,1.0863,0.9915,0.9504,1.0553,1.0590,0.9974,0.9196,1.0321,1.0399,1.0966,0.9424,0.9519,1.0207,0.8700,0.9537,0.9928,1.0133,1.0901,1.0099,1.0777,1.0877,1.0377,1.0225,1.1084,1.0207,1.0995,0.9329,0.8767,0.8098,0.8941,-0.0000,0.7561,0.8250,0.8340,0.8471,1.0619,0.8950,1.0114,0.9200,0.9049,0.9326,1.0464,1.0155,0.9190,0.8813,0.9500,1.0705,1.0717,1.0089,0.9353,0.9178,0.9926,1.0064,1.0337,1.0472,1.0214,1.0781,1.0470,1.0574,1.1024,0.9637,1.0315,0.9617,1.1170,1.1101,1.0173,0.9449,0.9599,1.0130,1.1184,1.1304,1.0645,0.9900,0.9613,0.9700,1.0121,1.1335,0.9699
cable_2,0.9280,1.0242,1.0870,1.0954,0.9571,0.9201,0.9289,0.8984,1.0512,0.9584,1.0299,0.9845,1.1012,1.0556,1.0148,1.0145,1.1354,1.1479,1.1465,1.0301,1.1291,1.0386,1.1504,1.1450,1.1213,1.0203,1.1210,1.0505,0.9379,1.0596,0.9297,1.0767,1.0838,1.0194,0.9876,1.0939,1.1496,1.0759,1.1579,1.1724,1.0774,1.1268,1.1646,1.1450,0.9935,1.1043,0.9590,0.9071,1.0845,1.1297,1.0121,0.9663,1.1448,1.0503,1.1288,1.0820,0.9504,0.8735,0.9821,0.7727,0.9579,1.0066,0.9843,1.0780,1.0019,1.1098,1.1117,0.9898,1.1472,1.1289,1.1364,1.1381,1.0034,0.7716,0.7004,0.8045,0.7561,0.0000,0.7179,0.6877,1.0109,1.0527,0.9349,1.0821,0.8423,0.8483,0.9491,1.1003,0.9058,0.8071,0.7248,0.9382,0.8785,1.0971,0.9021,0.9650,0.9582,1.0003,1.0407,1.0144,1.1155,1.0160,1.0587,1.0779,1.1221,1.1794,0.9880,0.9983,1.0819,0.9790,1.0169,1.0224,0.7991,0.9799,0.9355,1.1443,1.1747,1.0727,1.0797,1.0876,1.0930,1.0390,1.1724,1.0948
cable_3,1.0155,1.1102,1.0575,1.0585,1.0486,0.9563,1.0698,0.9223,1.0604,1.0294,1.0077,1.0046,1.1064,1.0295,0.9813,0.9506,1.0682,1.0725,1.1114,1.0683,1.0824,0.9964,1.1412,1.0571,1.0483,1.0167,1.0392,1.1087,0.9589,1.0299,0.9090,1.0619,1.0678,1.0082,1.0807,1.1300,1.0962,1.0587,1.0783,1.0757,1.0724,1.1470,1.1286,1.1398,1.0039,1.0371,1.0214,0.9961,1.1723,1.0513,0.9639,0.9773,1.0432,0.9575,1.0120,1.0152,0.9579,0.9028,1.0250,0.6723,0.9333,0.8283,1.0296,1.1004,1.0288,1.0625,1.0699,1.0472,1.1254,1.0981,1.1561,1.1410,0.9250,0.7677,0.7520,0.7947,0.8250,0.7179,0.0000,0.8163,0.9711,1.0796,0.9644,1.0198,0.8149,0.7908,0.8822,1.0525,0.9238,0.8450,0.7307,0.8768,1.0123,1.0155,1.0203,0.9109,1.0442,1.0547,1.0461,1.0319,1.0560,1.0588,1.0910,1.0642,1.1150,1.2086,1.0531,1.1105,1.0502,0.9935,1.0277,1.0396,0.8781,0.9660,1.0339,1.1007,1.0897,1.0803,1.0684,1.0100,1.0459,1.0650,1.0914,1.0461
cable_4,0.9600,1.0073,0.9932,1.0508,0.7970,0.8378,0.8872,0.8730,0.9687,0.7921,0.9056,1.0063,1.0332,0.9870,0.9872,0.9070,1.1200,1.1079,1.1312,1.0859,1.0645,1.0673,1.1802,1.0774,1.0887,1.0775,1.1479,1.0542,0.9457,1.0623,0.9858,1.0795,1.0789,1.0541,0.9365,1.0569,1.1470,1.1020,1.1521,1.1142,1.1055,1.1683,1.1276,1.0935,1.0002,1.0649,1.0287,0.8823,1.1066,1.1779,1.0887,0.9300,1.0943,1.1182,1.0879,1.1532,1.0247,0.9294,1.0104,0.7503,1.0634,1.0297,1.0584,1.0521,0.9858,1.0764,1.0625,1.0150,1.1332,1.0650,1.1286,1.0408,1.0278,0.9473,0.8115,0.9049,0.8340,0.6877,0.8163,0.0000,1.0147,1.0496,0.9475,1.0897,0.9718,0.9288,1.0354,1.0344,0.8451,0.8867,0.8506,0.8392,0.8460,0.9645,0.8636,0.9420,1.0061,1.0872,1.0973,1.0349,1.0222,1.1084,1.1121,1.0449,1.1334,1.1610,1.0413,1.0620,1.0536,0.9761,1.0562,1.0226,0.7605,0.9521,0.8512,1.0144,1.0367,1.0402,0.9625,1.0299,0.9990,0.9421,1.0590,1.0016
eggleston_1,0.9088,0.9321,0.9754,0.9431,1.0948,1.0938,1.0584,1.0262,1.0909,1.1178,1.0718,1.0619,0.9366,0.9528,1.0077,0.9906,1.0706,1.0576,1.0559,1.1046,0.9509,1.0107,1.0597,1.0715,1.0802,1.0078,0.9913,0.8907,0.9452,0.8913,0.9188,0.9997,1.1295,1.0964,1.0423,1.0482,1.0472,1.0677,1.1262,1.0446,0.9350,1.0037,1.0275,0.9696,0.9422,1.0391,1.0152,1.0506,1.0521,1.0889,1.1249,1.0072,0.9988,1.0336,1.0561,1.0437,0.8016,1.0706,0.9228,1.0300,0.9660,1.0482,1.0272,1.0694,0.9464,1.0942,1.0715,1.0493,0.9510,0.9736,0.9537,1.0230,0.8651,0.9089,0.9855,0.9797,0.8471,1.0109,0.9711,1.0147,0.0000,0.8329,0.8463,0.8057,0.9040,0.9927,0.9506,0.9823,1.0026,0.9628,0.9840,0.9995,1.0178,0.9801,0.9896,0.9653,0.9811,0.9596,1.0124,1.0209,1.0758,0.9469,1.0150,0.9967,0.9892,0.9544,1.0451,1.1101,1.0265,1.0482,1.1204,1.1313,1.0074,1.0335,1.0004,0.9832,0.9633,1.0796,0.8823,0.9844,0.9001,0.9076,0.9867,0.8958
eggleston_2,0.9735,0.9801,0.8830,0.9977,0.9915,1.0607,1.0797,1.0819,1.0508,1.0337,1.0463,1.0338,1.0230,1.0528,0.9888,1.0052,1.1036,1.0746,1.1432,1.1173,1.0468,1.0522,1.1199,1.0734,1.0131,1.0503,0.9478,0.9220,1.0200,1.0400,0.9872,1.0197,1.0777,1.0500,0.9757,1.0868,1.0212,1.0600,1.1208,1.0259,1.0095,0.8845,1.1228,1.0395,0.9347,0.9621,0.9854,1.0813,1.0487,1.0515,0.9576,0.9606,1.0492,1.0292,1.0151,0.9891,1.0458,1.0736,0.9672,1.0022,0.9269,1.0697,0.9053,1.0733,0.9683,0.8973,0.9453,0.9836,1.0058,0.9063,1.0259,0.9939,0.7667,0.8729,0.9569,0.9485,1.0619,1.0527,1.0796,1.0496,0.8329,-0.0000,0.8299,0.6568,0.9907,0.9950,0.9780,1.0248,0.8983,0.9930,0.9713,0.9685,0.9945,0.9334,0.9988,1.0135,1.0978,1.0270,1.1048,1.0942,1.1024,1.0421,0.9764,1.0686,1.0687,1.0789,1.0596,1.0811,0.8237,0.9938,0.9292,1.0498,1.0350,1.0173,0.9192,0.9616,0.9285,1.0724,0.9462,0.9236,0.9724,0.9411,0.9112,0.9687
eggleston_3,0.9404,1.0276,1.0106,1.0392,1.0824,1.0232,1.0831,0.9843,1.0066,1.0186,0.9783,0.9086,0.8453,0.9191,0.9578,0.9356,1.0592,1.1510,1.0933,1.0764,1.0366,1.0219,1.0506,1.0805,1.1315,1.0198,1.0664,0.9342,0.9360,1.0282,0.9869,1.0524,1.1474,1.0956,1.1020,1.1431,1.0921,1.0486,1.1110,1.0456,0.8794,1.0897,1.0996,1.0108,1.0436,1.0331,1.0524,0.9526,1.0772,1.0491,1.1147,1.0313,1.0078,1.1332,1.1462,1.1627,0.9541,1.0744,0.9595,0.9648,0.9079,0.9798,1.0439,1.0214,0.8872,0.9882,0.9680,0.8021,1.0428,0.9623,1.0427,1.0512,1.0036,0.9663,0.9687,0.9735,0.8950,0.9349,0.9644,0.9475,0.8463,0.8299,0.0000,0.7542,0.9999,0.9610,0.8836,1.0552,0.9959,1.0234,0.9218,1.0204,0.9616,0.9538,1.0308,0.8545,0.9421,0.9120,1.0157,0.9904,1.0970,1.0842,1.0952,1.0779,1.0374,1.0945,0.9567,1.0521,0.9394,1.0405,0.9303,1.0588,0.9074,0.9625,0.9281,0.9823,0.9651,1.0893,0.8315,0.8864,0.8004,0.9202,0.9644,0.7965
eggleston_4,1.0118,0.9722,0.9884,0.9833,1.1062,1.1165,1.1339,1.0714,1.0587,1.0746,1.1031,0.9584,0.9783,0.9884,1.0065,1.0519,1.0165,1.0023,1.0468,1.0761,0.9250,1.0132,1.0586,1.0541,1.0706,1.0379,0.9290,0.9557,0.9927,1.0165,1.0379,1.0363,1.0992,1.0179,1.0024,1.0775,1.0230,1.0136,1.0841,1.0315,0.9410,0.9212,1.0932,1.0422,0.9463,0.9692,0.9685,1.0344,1.0614,1.0247,0.9980,0.9691,1.0357,1.0332,0.9811,0.9571,0.9907,1.0608,0.9494,1.0088,0.9363,0.9912,0.9203,1.0907,0.9401,0.9858,1.0117,0.9731,0.9524,0.9853,1.0193,0.9892,0.9120,0.9488,1.0338,0.9947,1.0114,1.0821,1.0198,1.0897,0.8057,0.6568,0.7542,0.0000,0.9592,1.0420,1.0129,1.0223,0.9940,1.1287,0.9519,1.0799,1.0338,0.9615,1.0207,0.8979,1.0025,0.9537,1.0447,0.9045,1.0999,0.9681,1.0570,1.0487,1.0382,1.0150,1.0551,1.0488,0.8803,1.0213,0.9525,1.0258,1.0557,1.0548,0.9575,0.9555,0.9662,1.0268,0.9104,0.8698,0.9381,0.9165,0.9621,0.9387
twain_1,0.9470,1.0745,1.1513,1.0719,1.0885,1.0783,1.1005,0.9634,1.1449,1.0848,1.1344,1.0860,1.1744,1.0869,1.1823,1.0718,1.0727,1.0317,1.0642,1.0696,0.9884,0.9547,1.0397,0.9314,1.1091,0.9389,1.0724,1.1031,0.9443,0.9485,0.9300,1.0689,0.9035,0.9798,1.0693,1.0486,1.1036,1.0034,1.0585,1.0077,1.1459,1.0748,1.0938,1.1212,1.0197,1.0360,0.9622,0.9729,1.0783,0.9865,0.9745,0.9628,1.1104,1.0100,0.9748,0.8912,1.0258,0.8419,0.9221,0.8338,0.9163,1.0228,0.9711,1.1572,1.0879,1.0381,1.0920,1.0882,1.1103,1.1828,1.1133,1.1519,0.8428,0.8043,0.8036,0.8539,0.9200,0.8423,0.8149,0.9718,0.9040,0.9907,0.9999,0.9592,0.0000,0.6475,0.8901,1.0243,0.9310,0.8861,0.7506,0.9086,0.9851,1.0321,0.9859,0.9245,1.0559,1.1193,1.0685,1.0214,1.0881,0.9786,1.0494,1.0138,1.0628,1.0833,0.9942,1.0983,1.0158,0.9718,1.0407,0.9762,0.9476,0.9262,0.9966,1.0858,1.0788,1.0357,1.1044,1.0907,1.0853,1.0850,1.0619,1.0844
twain_2,0.9577,1.1117,1.0966,1.0391,1.0010,0.9645,1.0591,0.8900,1.1077,0.9563,1.0567,1.0013,1.1064,1.1031,1.0634,1.0316,1.1387,1.0690,1.1514,1.1498,0.9912,1.0214,1.0243,0.9863,1.1122,0.9507,1.1174,1.1831,0.8669,0.9214,0.8772,0.9630,0.9770,1.0719,1.0520,1.1478,1.1490,1.0669,1.0870,1.0414,1.1254,1.0627,1.1362,1.1164,1.0565,1.0999,1.0490,0.9693,1.1156,0.9722,0.9925,0.9128,1.0862,1.0121,1.0418,0.9772,0.9756,0.7733,0.8580,0.7036,1.0365,1.0200,1.0091,1.1809,1.0884,1.0754,1.1543,1.1176,1.1294,1.1521,1.0867,1.1203,0.9138,0.7480,0.8236,0.8945,0.9049,0.8483,0.7908,0.9288,0.9927,0.9950,0.9610,1.0420,0.6475,0.0000,0.8154,0.9961,0.8057,0.7272,0.7246,0.7375,0.9657,0.9894,0.9476,1.0442,1.1464,1.1156,1.0696,1.0987,0.9703,0.9844,1.0711,1.0363,1.0387,1.1513,1.0591,1.1260,1.0459,1.0158,1.0523,1.0125,0.8733,0.9685,1.0019,1.0659,1.0472,1.0903,1.0704,1.0641,1.0900,1.0272,1.0488,1.0899
twain_3,1.0178,1.0158,1.1054,1.0510,1.0612,1.0575,1.0615,0.9997,1.0792,0.9886,1.0683,1.0167,0.9865,1.0600,1.0286,1.0697,1.0264,1.0258,1.0111,1.0555,1.0221,1.0572,0.9667,1.0002,1.0236,1.0117,1.0834,0.9760,0.9348,0.8756,0.8988,1.0046,1.0588,1.0175,1.0304,1.0327,1.0799,1.0636,1.0111,1.0306,0.9125,1.0689,0.9982,0.9185,1.0741,1.0738,1.0577,1.0213,1.0338,0.9945,1.0004,1.0325,0.9540,1.0391,1.0140,1.0323,0.9126,0.9757,1.0171,0.8736,1.0760,0.9198,1.0376,1.0832,1.0220,1.0554,1.0355,1.0095,1.0577,1.0837,0.9636,1.1070,0.9210,0.9033,0.9809,1.0350,0.9326,0.9491,0.8822,1.0354,0.9506,0.9780,0.8836,1.0129,0.8901,0.8154,-0.0000,0.9674,0.9491,0.8723,0.9011,0.9354,0.9864,0.9803,1.0615,1.0536,1.0591,1.0742,1.0691,1.0818,1.0251,1.0090,1.0655,0.9980,0.9589,1.0557,0.9836,1.0615,1.0756,0.9908,1.0457,1.0602,0.9961,0.9565,0.9530,1.0342,1.0401,1.0256,1.0304,0.9994,1.0423,1.0086,1.0293,1.0375
twain_4,0.9715,0.9995,0.9109,0.8103,1.0150,1.0479,1.0167,0.9144,0.9493,0.9334,0.9336,1.0388,0.9421,1.0192,0.9845,1.0276,0.9185,1.0304,0.8589,1.1104,0.9325,0.9233,0.9618,1.0347,0.9413,0.9346,1.0744,0.8674,0.8949,0.9080,0.9776,0.8045,1.0314,1.0286,0.9899,0.9487,1.0088,1.0361,0.9520,1.0139,0.9066,0.9897,0.8839,0.9469,1.0460,1.0541,1.1096,1.1048,1.0744,1.0402,1.0793,1.0777,0.9660,1.0812,0.9536,1.0092,0.9379,1.1347,0.9764,1.0310,1.1241,1.0785,1.1248,1.0870,1.0053,0.9943,1.0545,1.0659,0.9750,0.9931,0.9936,0.9747,1.0606,1.0622,1.1045,1.1015,1.0464,1.1003,1.0525,1.0344,0.9823,1.0248,1.0552,1.0223,1.0243,0.9961,0.9674,-0.0000,0.9936,1.0308,1.0427,0.9289,0.9971,1.0229,0.9806,1.0554,1.0646,1.0458,1.0612,1.0542,1.0521,1.0452,1.0541,1.0786,0.9081,0.9299,0.9716,1.0774,1.0089,1.0298,0.9933,1.0261,1.1038,0.9947,0.9949,0.9214,0.9281,0.9827,0.9868,1.1257,0.9822,0.9957,0.9221,0.9849
twain_letters_1,0.9751,1.0094,1.0133,0.9752,0.8266,0.8062,0.8807,0.8861,1.0079,0.8338,0.9750,1.0218,1.0710,1.0389,0.9778,0.9708,1.1927,1.1883,1.1793,1.1508,0.9882,1.1444,1.1147,1.0903,1.1090,1.1518,1.1492,0.9904,0.9310,0.9868,0.9722,1.0403,1.0960,1.0652,0.9635,1.1106,1.1619,1.0873,1.1080,1.1510,1.0535,1.0793,1.1138,1.0285,1.0717,1.0629,1.0626,0.9433,1.1766,1.1374,1.0950,0.9381,1.0432,1.0728,1.0512,1.0489,0.8857,0.9266,0.9425,0.7600,1.0543,1.0065,1.0558,1.1502,1.0425,1.1270,1.1203,1.0529,1.0899,0.9902,1.1356,0.9889,0.9993,0.9072,0.9291,0.9599,1.0155,0.9058,0.9238,0.8451,1.0026,0.8983,0.9959,0.9940,0.9310,0.8057,0.9491,0.9936,-0.0000,0.6752,0.7823,0.6918,0.8117,0.9487,0.8310,1.0483,1.1208,1.0381,1.0943,1.1220,1.0241,1.0406,1.0170,1.0377,1.0946,1.0995,0.9699,1.1072,1.0053,0.8742,1.0835,1.0752,0.8434,0.8452,0.8642,0.9107,0.9337,1.1127,0.9371,0.9256,1.0121,0.8900,0.9397,1.0160
twain_letters_2,0.8799,1.0120,1.0089,1.0407,0.7441,0.8431,0.8393,0.8393,0.9931,0.8201,0.9718,1.0301,1.0838,1.0960,1.0713,1.0070,1.1712,1.1409,1.1460,1.1605,0.9776,1.0516,1.0599,0.9839,1.1436,1.1152,1.1379,1.0758,0.9108,0.9760,0.8780,0.9445,1.1017,1.0654,1.0867,1.1373,1.1745,1.0685,1.1112,1.1332,1.0866,1.1106,1.1819,1.0653,1.0146,1.0581,0.9940,0.9928,1.1537,1.0307,1.0351,0.9973,1.1150,1.0276,1.0901,1.0298,0.8681,0.8735,0.9334,0.7523,1.0530,1.0064,1.1040,1.1616,1.0439,1.1795,1.1339,1.0227,1.1258,1.0760,1.1445,1.0515,1.0541,0.9583,0.8269,0.9908,0.9190,0.8071,0.8450,0.8867,0.9628,0.9930,1.0234,1.1287,0.8861,0.7272,0.8723,1.0308,0.6752,0.0000,0.6877,0.7133,0.7878,0.9176,0.8218,1.0810,1.0786,1.0877,1.0707,1.0920,1.0404,1.0827,1.0669,1.0882,1.0315,1.1454,0.9713,1.1191,1.1039,0.9911,1.0202,1.1137,0.8934,0.9198,0.8601,0.9669,1.0081,1.0675,0.9593,1.0690,1.0293,0.9090,1.0239,1.0291
twain_letters_3,1.0196,1.0853,1.1664,1.0902,0.9527,0.9296,0.9687,0.8477,1.0210,0.9204,1.0005,1.0581,1.1118,1.0282,1.0762,0.9834,1.1674,1.1758,1.1754,1.1597,1.0282,0.9952,1.1162,0.9944,1.1380,1.0669,1.0821,1.1250,0.9091,1.0617,0.9202,1.0660,1.0845,1.0973,1.0710,1.1469,1.1860,1.0126,1.1349,1.1735,1.1017,1.1733,1.1798,1.0690,1.0801,1.0981,0.9780,0.8671,1.1455,1.0224,1.0060,0.8547,1.0998,1.0096,1.0641,1.0676,0.9081,0.7811,0.9099,0.7496,0.9958,1.0170,1.0030,1.1761,1.0270,1.1278,1.1433,1.0909,1.1592,1.1255,1.2108,1.0889,0.9736,0.8061,0.7111,0.8451,0.8813,0.7248,0.7307,0.8506,0.9840,0.9713,0.9218,0.9519,0.7506,0.7246,0.9011,1.0427,0.7823,0.6877,-0.0000,0.7080,0.8435,0.9834,0.8550,0.9311,1.0388,1.0216,0.9542,0.9127,1.0915,1.0504,1.0332,1.0481,1.1140,1.1724,1.0342,1.1154,1.0963,0.9939,1.0915,1.1334,0.9142,1.0015,0.9421,1.0679,1.0669,1.0599,0.9849,0.9813,1.0037,0.9729,1.0608,1.0017
twain_letters_4,0.9031,1.0236,1.0857,0.9768,0.7837,0.7862,0.8196,0.8088,0.9434,0.8030,0.8944,1.0843,1.0477,1.0708,0.9877,0.9737,1.1970,1.1930,1.1631,1.1649,1.0223,1.0818,1.0782,1.0703,1.1470,1.1002,1.1373,1.0170,0.8755,1.0412,0.9030,0.9978,1.1171,1.0970,0.9674,1.1046,1.2009,1.0558,1.1223,1.1478,1.0333,1.1501,1.1282,1.1088,1.0962,1.1296,1.0717,0.9171,1.1577,1.1000,1.0775,0.8737,1.1216,1.0728,1.1084,1.1145,0.9550,0.9369,0.9620,0.7486,1.1265,1.0194,1.0701,1.1256,0.9912,1.0936,1.1072,0.9905,1.1107,1.0126,1.1544,0.9906,1.0310,0.9591,0.9114,1.0439,0.9500,0.9382,0.8768,0.8392,0.9995,0.9685,1.0204,1.0799,0.9086,0.7375,0.9354,0.9289,0.6918,0.7133,0.7080,0.0000,0.8103,0.9409,0.8326,0.9946,1.0846,1.0623,1.0641,1.1322,1.0571,1.1016,1.1300,1.0741,1.0197,1.0637,1.0095,1.0941,1.0596,0.9492,1.0249,1.0337,0.8456,0.9360,0.7588,0.9808,1.0037,1.0319,0.9813,0.9615,1.0095,0.9619,1.0080,1.0135
lee_1,0.9560,0.9495,1.0189,0.9900,0.6584,0.7657,0.8222,0.8439,0.9108,0.7302,0.8540,1.0282,1.0052,1.0147,1.0781,1.0598,1.1260,1.1439,1.1187,1.1467,0.9987,1.1225,1.0820,1.0259,1.1573,1.1078,1.0915,0.9836,0.9873,1.0521,0.9643,1.0186,1.1092,1.0554,0.9034,1.0986,1.2068,1.1019,1.1241,1.0780,1.0545,1.1190,1.1041,0.9639,1.0340,1.0768,1.0026,0.8855,1.1130,1.0667,1.0621,0.8595,0.9930,1.1306,1.1077,1.1316,0.9267,0.9891,0.9603,0.9033,1.1247,1.0496,1.0394,1.0979,0.8386,1.1429,1.1360,0.9334,1.1155,1.0868,1.1561,1.0962,1.0027,0.9665,0.9728,1.0098,1.0705,0.8785,1.0123,0.8460,1.0178,0.9945,0.9616,1.0338,0.9851,0.9657,0.9864,0.9971,0.8117,0.7878,0.8435,0.8103,0.0000,0.8203,0.6496,0.9823,1.0008,1.0152,1.0265,1.0008,1.1196,1.1316,1.1278,1.1160,1.0881,1.1119,1.0489,1.0882,1.0657,0.9824,1.0516,0.9847,0.8413,1.0634,0.7878,0.9404,0.9812,1.0551,0.9207,0.9565,0.9644,0.9084,0.9992,0.9651
lee_2,0.9666,0.8583,0.9614,1.0291,0.9005,0.8900,0.9652,1.0222,0.9293,0.8601,0.9622,1.0507,0.9747,0.9713,1.0307,1.0357,1.1628,1.0852,1.1137,1.0925,1.0171,1.1553,1.0824,1.1183,1.1128,1.1240,1.0664,1.0475,1.0492,0.9794,1.0475,1.1012,1.0250,1.1073,0.9250,1.0388,1.0402,0.9976,1.0947,1.0886,1.1322,1.0240,1.0737,1.0445,1.0497,1.0676,1.0507,0.9812,1.1016,1.1242,1.0561,0.9276,0.9911,1.0379,1.0779,1.0683,0.9530,1.0451,0.9921,0.9983,0.9754,0.9690,0.9376,1.0089,0.8464,0.9416,1.0095,0.8478,1.0046,1.0494,1.0456,0.8880,0.8859,0.9347,0.9087,1.0006,1.0717,1.0971,1.0155,0.9645,0.9801,0.9334,0.9538,0.9615,1.0321,0.9894,0.9803,1.0229,0.9487,0.9176,0.9834,0.9409,0.8203,-0.0000,0.8802,0.9605,1.0081,0.9734,1.0009,0.9808,1.1202,1.0217,1.0286,1.0587,1.0132,1.0654,0.9585,1.0704,0.9256,1.0494,0.9023,0.9633,1.0283,1.1098,0.9274,1.0032,1.0269,1.0483,0.9609,0.9700,0.9851,0.9524,1.0192,0.9862
lee_3,0.9661,0.9194,0.9896,0.9444,0.6729,0.7284,0.7629,0.8563,0.8569,0.6999,0.8404,1.0136,0.9785,1.0225,1.0116,1.0276,1.1057,1.1849,1.1020,1.1210,0.9660,1.0624,1.0263,1.0669,1.0695,1.0784,1.0756,0.8954,0.9485,0.9625,1.0075,0.9890,1.1477,1.0610,0.8820,1.0554,1.0972,1.0610,1.1581,1.1421,1.0166,1.1115,1.0788,0.9665,1.0378,1.1792,1.0135,0.9305,1.1053,1.1205,1.1427,0.9562,1.0872,1.1642,1.1999,1.1839,0.8525,0.9668,0.9602,0.8867,1.0937,1.0959,1.0469,1.1132,0.9112,1.0913,1.1298,0.9817,1.0592,1.0603,1.1505,1.0194,1.1334,0.9478,0.9056,1.0421,1.0089,0.9021,1.0203,0.8636,0.9896,0.9988,1.0308,1.0207,0.9859,0.9476,1.0615,0.9806,0.8310,0.8218,0.8550,0.8326,0.6496,0.8802,-0.0000,1.0485,1.0151,1.0439,1.0583,1.0451,1.0407,1.2126,1.1618,1.0798,1.0520,1.0644,1.0541,1.0994,1.1151,1.0588,1.0239,0.9871,0.9072,1.0249,0.7926,0.9400,0.9840,1.0736,0.9345,0.9892,0.9836,0.9123,1.0044,0.9849
lee_4,0.8636,0.9657,0.9976,1.0991,1.1352,1.0643,1.1196,1.0362,1.1269,1.0611,1.0487,0.9984,0.9815,1.0427,1.0264,0.9720,1.0749,1.0389,1.0701,1.0374,1.0524,0.9429,1.0997,0.9790,1.0032,1.0623,1.0032,1.0062,0.9910,1.0410,1.0743,1.0372,1.0920,1.1189,1.0611,1.0824,1.0614,0.9961,1.1096,1.0984,0.9935,1.0129,1.0640,1.0250,0.9916,0.9848,0.9701,0.9615,1.0993,1.0769,1.0980,0.9980,0.9780,0.9632,0.9734,1.0431,0.9234,0.9660,0.9406,0.9733,0.9507,0.9031,0.9924,1.0054,0.8923,0.9517,0.9424,0.8218,1.0964,0.9989,1.0989,1.0682,0.9474,1.0144,0.9190,0.9766,0.9353,0.9650,0.9109,0.9420,0.9653,1.0135,0.8545,0.8979,0.9245,1.0442,1.0536,1.0554,1.0483,1.0810,0.9311,0.9946,0.9823,0.9605,1.0485,0.0000,0.8360,0.8767,0.9302,0.8607,1.0914,1.0134,0.9734,1.0225,1.1083,1.0832,0.9465,1.0660,0.9075,1.0134,1.0182,1.0716,0.9387,1.0685,1.0257,1.1119,1.0933,1.0393,0.9820,0.9173,0.9417,1.0257,1.0935,0.9439
cabell_1,1.0014,1.0464,0.9929,1.0459,0.9900,1.0209,1.0901,0.9997,1.0372,1.1187,0.9441,0.9762,0.9955,1.0467,0.9958,1.0690,1.0180,1.0967,1.0130,0.9958,0.9974,1.0017,0.9986,1.0046,0.9398,1.0098,0.9603,0.9609,0.9650,1.0697,1.0415,0.9745,1.0761,1.0604,1.0166,0.9154,1.0205,0.9688,1.0843,1.0474,0.9785,1.0103,1.0291,1.0140,1.0878,1.0396,1.0115,1.0165,0.9774,1.0116,0.9770,1.0909,0.9654,1.0665,1.0582,1.0847,0.9585,0.9997,0.9718,1.1762,0.9603,0.9121,0.9351,0.9130,0.9829,1.0477,1.0842,0.9129,1.0189,1.0818,1.0228,1.0131,1.0405,1.0539,1.0155,1.0265,0.9178,0.9582,1.0442,1.0061,0.9811,1.0978,0.9421,1.0025,1.0559,1.1464,1.0591,1.0646,1.1208,1.0786,1.0388,1.0846,1.0008,1.0081,1.0151,0.8360,-0.0000,0.6563,0.6343,0.7053,0.8806,0.9010,0.9822,0.9550,1.0393,0.9648,0.9322,1.0255,1.0391,1.1062,1.0957,1.0741,1.0583,1.0897,1.0588,1.0123,1.0349,1.0357,0.9530,0.9977,0.8742,1.0426,1.0463,0.8774
cabell_2,0.9680,0.9915,1.0618,1.1101,1.0404,1.1103,1.0923,0.9924,1.0931,1.0976,0.9376,1.0349,0.9660,1.0234,1.0441,0.9981,1.0599,1.0812,1.0009,1.0512,1.0022,0.9876,0.9321,1.0358,1.0381,1.0606,0.9920,0.9948,1.0354,1.0649,1.0206,1.0628,1.0861,1.0837,1.0535,1.0647,0.9857,1.0691,1.0429,1.0486,0.9600,0.9916,1.0152,0.9919,1.0771,1.1387,1.0326,1.0734,1.0347,1.0713,1.0972,1.1470,0.9797,1.0356,1.0326,1.0635,0.9094,1.0166,0.9225,1.1427,1.0302,0.9740,1.0431,0.9044,0.9890,1.0350,1.0207,0.9498,1.0329,1.0074,0.9995,1.0900,0.9833,0.9841,1.0007,1.0028,0.9926,1.0003,1.0547,1.0872,0.9596,1.0270,0.9120,0.9537,1.1193,1.1156,1.0742,1.0458,1.0381,1.0877,1.0216,1.0623,1.0152,0.9734,1.0439,0.8767,0.6563,0.0000,0.6181,0.5255,0.8684,0.8206,0.8032,0.8244,0.9095,0.9121,0.8960,0.9951,1.0248,1.0587,1.0897,1.0793,1.0798,1.0563,1.0065,1.0284,1.0482,1.0442,0.9043,0.9833,0.8437,0.9943,1.0395,0.8439
cabell_3,1.0098,1.0359,1.0538,1.0817,1.0509,1.0489,1.0765,0.9949,0.9849,1.1135,0.8713,1.0476,1.0136,1.0849,1.0818,1.1161,0.9785,1.0423,1.0356,0.9928,0.9896,0.9673,0.9774,0.9873,0.9554,0.9924,0.9847,1.0235,0.9541,1.0118,1.0029,1.0185,1.0729,1.1020,1.0846,0.9858,0.9479,1.0494,1.0992,1.0795,1.0392,1.0370,1.0516,0.9891,1.1288,1.0912,1.0499,1.1003,1.0057,1.0111,0.9959,1.0680,1.0257,1.0470,1.0391,1.1023,0.9643,1.0074,0.9681,1.1691,0.9803,0.9143,1.0408,0.7857,1.0102,1.0129,1.0542,0.9323,1.0532,1.1188,1.0328,1.0886,1.0184,0.9976,0.9677,0.9416,1.0064,1.0407,1.0461,1.0973,1.0124,1.1048,1.0157,1.0447,1.0685,1.0696,1.0691,1.0612,1.0943,1.0707,0.9542,1.0641,1.0265,1.0009,1.0583,0.9302,0.6343,0.6181,-0.0000,0.5988,0.7759,0.7865,0.8510,0.9116,1.0600,0.8796,0.9255,0.9086,1.0184,1.0272,1.1142,1.0024,1.1231,1.1020,1.0198,0.9952,1.0215,1.0169,0.9334,0.9881,0.8304,1.0525,1.0107,0.8329
cabell_4,1.0110,1.0404,1.1126,1.1143,1.0702,1.0289,1.0607,0.9819,1.0278,1.0442,0.9038,1.0899,0.9798,1.0404,1.1323,1.0840,1.0155,1.0178,1.0422,0.9753,1.0661,0.9687,1.0198,0.9644,0.9941,0.9859,0.9851,1.0045,1.0608,1.0863,1.0276,1.0716,1.0480,1.1070,1.0936,1.0367,0.9676,1.0694,1.0587,1.0616,1.0535,1.0612,1.0301,1.0479,1.0730,1.0987,1.0570,1.0687,0.9584,1.0149,1.0903,1.1029,0.9682,1.0964,1.0464,1.0422,0.9964,1.0148,0.8980,1.1660,0.9616,0.9962,1.0247,0.8903,1.0032,1.0576,1.0400,0.8787,1.0191,1.0515,1.0025,1.0436,0.9545,1.0175,0.9806,0.9377,1.0337,1.0144,1.0319,1.0349,1.0209,1.0942,0.9904,0.9045,1.0214,1.0987,1.0818,1.0542,1.1220,1.0920,0.9127,1.1322,1.0008,0.9808,1.0451,0.8607,0.7053,0.5255,0.5988,0.0000,0.8521,0.8526,0.8677,0.8126,0.9558,0.9509,0.9086,0.9274,1.0458,0.9680,1.0562,1.0314,1.0750,1.1169,1.0120,1.0592,1.0741,1.0298,0.9644,0.9912,0.8655,1.0687,1.0690,0.8663
christian_1,1.0529,1.0240,1.0535,1.0336,1.0329,1.1101,1.0412,1.0409,1.0414,1.0231,1.0480,1.0095,1.0147,1.0799,1.1140,1.0144,1.0098,0.9788,1.0296,0.9481,1.0308,0.9918,1.0094,0.9655,0.9151,1.0473,0.9001,1.0241,1.0404,0.9904,0.9710,1.0245,0.9929,1.0521,1.0896,1.0705,0.9235,1.1159,1.0272,0.9917,1.0044,1.0863,1.0176,1.0143,1.0929,1.0940,1.0280,1.0907,0.9536,0.9379,1.0136,0.9920,1.0440,1.0735,1.0576,1.0638,0.9232,1.0544,0.9776,1.0480,1.0380,0.9725,1.0342,0.8601,1.0652,0.9747,0.9603,1.0186,1.0439,1.0219,0.9274,1.0007,1.0634,1.0674,1.0986,1.0021,1.0472,1.1155,1.0560,1.0222,1.0758,1.1024,1.0970,1.0999,1.0881,0.9703,1.0251,1.0521,1.0241,1.0404,1.0915,1.0571,1.1196,1.1202,1.0407,1.0914,0.8806,0.8684,0.7759,0.8521,-0.0000,0.7176,0.7920,0.6704,0.9418,0.9486,0.9393,0.8376,1.0171,0.9903,1.0159,0.9735,1.0868,1.0323,1.0341,0.9533,0.9586,0.8836,0.9490,0.9855,0.9264,0.9880,0.9456,0.9286
christian_2,1.0750,1.0345,1.0700,1.1340,1.0965,1.1131,1.0284,1.1154,1.0808,1.1496,1.0635,1.0200,0.9772,1.0948,1.0585,1.0586,1.0480,0.9967,1.0594,0.9653,0.9978,1.0068,1.0641,0.9663,0.9797,1.0050,1.0272,1.1086,1.1144,1.0594,1.0317,1.0484,0.9666,0.9820,1.1106,1.0308,0.9908,1.0303,1.0215,1.0382,1.0348,1.0557,1.0661,1.1173,1.0884,1.0673,1.0828,1.0542,0.9877,0.9512,1.0388,0.9924,1.0796,0.9705,1.0056,1.0175,1.0527,1.0381,1.0103,1.1096,0.9586,0.9929,0.9518,0.8559,1.0573,1.0225,1.0197,1.0256,1.0218,1.0312,0.9102,1.0282,0.9435,1.0392,1.0967,0.9683,1.0214,1.0160,1.0588,1.1084,0.9469,1.0421,1.0842,0.9681,0.9786,0.9844,1.0090,1.0452,1.0406,1.0827,1.0504,1.1016,1.1316,1.0217,1.2126,1.0134,0.9010,0.8206,0.7865,0.8526,0.7176,-0.0000,0.4922,0.5879,0.8998,0.9349,0.9871,0.6888,0.9565,0.9023,1.0349,0.9934,1.1220,1.0933,1.0991,1.0129,0.9964,0.9436,0.9760,0.9750,0.8876,1.0664,0.9833,0.8865
christian_3,1.0614,1.0160,1.0701,1.0786,1.0805,1.1149,1.0344,1.1076,1.0794,1.0865,1.0096,1.0277,0.9513,1.0721,1.0705,1.0441,1.0839,1.0119,1.0489,0.9454,1.0705,1.0766,1.0380,0.9713,0.9680,1.0848,0.9907,1.0973,1.1279,1.0744,1.0073,1.1226,0.9586,0.9690,1.1223,1.0184,0.9903,1.0062,1.0535,1.0677,1.1113,1.0362,1.0702,1.0995,1.0675,1.0311,1.0305,1.1014,0.9773,1.0141,1.0258,1.0752,1.0548,0.9843,1.0345,0.9769,1.0972,1.0199,1.0044,1.1423,0.9353,0.9955,0.9773,0.8758,1.0715,0.9387,0.9566,0.9938,1.0239,0.9372,0.9048,0.9780,0.9887,1.0751,1.0957,1.0113,1.0781,1.0587,1.0910,1.1121,1.0150,0.9764,1.0952,1.0570,1.0494,1.0711,1.0655,1.0541,1.0170,1.0669,1.0332,1.1300,1.1278,1.0286,1.1618,0.9734,0.9822,0.8032,0.8510,0.8677,0.7920,0.4922,-0.0000,0.5328,0.9095,0.9066,0.9446,0.5353,0.9140,0.8460,1.0152,1.0293,1.1230,1.0986,1.1660,1.0670,1.0443,0.9136,1.0537,1.0418,1.0160,1.0695,1.0503,1.0114
christian_4,1.0881,1.0464,1.0818,1.1068,1.0118,1.0046,0.9808,1.0916,1.0383,1.0919,1.0196,1.0693,0.9025,1.0472,1.0662,1.0131,1.0464,1.0134,1.0173,0.9855,1.0331,1.0308,1.0314,0.9156,0.9571,1.0394,0.9602,1.0815,1.1208,1.0874,1.0602,1.0926,1.0319,1.0074,1.1105,1.0373,0.9996,1.0329,1.0376,1.0450,1.0574,1.0620,1.0340,1.0489,1.0780,1.0756,1.0733,1.0346,0.9500,1.0427,0.9622,1.0797,1.0693,1.0284,1.0275,1.0086,1.0740,1.0311,1.0180,1.0872,1.0097,1.0171,1.0339,0.9442,1.0161,0.9828,0.9682,1.0351,0.9970,1.0007,0.9118,0.9811,1.0341,1.0701,1.0569,1.0211,1.0470,1.0779,1.0642,1.0449,0.9967,1.0686,1.0779,1.0487,1.0138,1.0363,0.9980,1.0786,1.0377,1.0882,1.0481,1.0741,1.1160,1.0587,1.0798,1.0225,0.9550,0.8244,0.9116,0.8126,0.6704,0.5879,0.5328,0.0000,0.8818,0.9035,0.9172,0.7086,0.9998,0.9114,1.0819,0.9898,1.0484,1.1174,1.1451,1.0576,1.0415,0.9348,1.0319,1.0592,0.9916,1.0579,1.0323,0.9907
pollock_1,1.0625,0.8704,0.9777,0.9561,1.0666,1.0232,0.9847,0.9773,0.9838,1.0165,1.0486,1.0639,0.9846,1.0297,1.0756,1.0220,0.8981,0.9454,0.9221,0.9998,0.9622,1.0539,0.9003,0.9905,0.9325,0.9867,1.0494,0.9497,1.0527,1.0121,1.0774,0.9229,1.0061,1.0336,1.0807,1.0136,1.0029,1.0686,0.8569,1.0165,0.9782,0.9503,0.8886,0.9498,1.1051,1.0912,1.0765,1.0721,1.0613,1.0466,1.1149,1.1245,0.9501,1.0501,1.0212,1.0264,0.8940,1.0671,1.0069,1.0900,1.0905,1.0604,1.0068,0.9561,1.0035,1.0169,0.9491,1.0504,0.9676,0.9812,0.9329,1.0052,1.0925,1.0748,1.1593,1.0848,1.0574,1.1221,1.1150,1.1334,0.9892,1.0687,1.0374,1.0382,1.0628,1.0387,0.9589,0.9081,1.0946,1.0315,1.1140,1.0197,1.0881,1.0132,1.0520,1.1083,1.0393,0.9095,1.0600,0.9558,0.9418,0.8998,0.9095,0.8818,0.0000,0.8374,0.8226,0.8992,1.0554,0.9747,0.9953,0.9761,1.0043,0.9468,0.9995,1.0717,1.0869,0.9690,0.9455,1.0530,0.9309,0.9783,1.0856,0.9302
pollock_2,1.0265,0.9404,1.0053,0.9625,1.0915,1.1521,1.1359,1.1764,0.9690,1.0452,0.9587,1.1186,1.0364,1.0119,1.0529,1.0212,0.8037,0.9705,0.7616,0.9234,0.9095,1.0078,0.9349,0.9710,0.8233,0.9337,0.9869,0.8669,1.0846,1.0208,1.0655,0.9897,1.0886,1.0128,1.1038,0.9140,0.9325,1.0069,0.9483,0.9927,0.8918,0.9433,0.7898,0.8528,1.0933,1.0905,1.1121,1.1086,0.8501,0.9766,0.9868,1.0923,1.0067,1.0879,1.0127,0.9852,1.0002,1.0783,0.9429,1.1596,0.9993,0.9490,1.0414,0.8312,1.0903,0.9706,1.0329,1.0280,0.9236,0.9581,0.8692,0.9956,1.0615,1.1973,1.1644,1.1628,1.1024,1.1794,1.2086,1.1610,0.9544,1.0789,1.0945,1.0150,1.0833,1.1513,1.0557,0.9299,1.0995,1.1454,1.1724,1.0637,1.1119,1.0654,1.0644,1.0832,0.9648,0.9121,0.8796,0.9509,0.9486,0.9349,0.9066,0.9035,0.8374,0.0000,0.8559,0.8388,1.0088,0.9624,0.9361,0.9906,1.0952,1.0398,1.0224,0.9736,0.9893,0.9403,0.9528,1.0559,0.9512,0.9711,0.9892,0.9527
pollock_3,1.0500,0.9541,1.0178,1.0110,1.0672,1.0164,1.0065,1.0420,1.0446,0.9782,0.9958,1.1198,1.0321,1.0302,1.0394,1.0177,1.0261,1.0785,1.0030,1.0296,1.0642,1.0196,0.9574,1.0106,0.9414,1.0125,0.9715,0.9416,1.0423,0.9930,1.0144,1.0103,1.0812,1.1001,1.0878,0.9961,1.0481,1.1012,0.9810,1.0644,0.9629,1.1044,1.0292,0.9758,1.0774,1.0744,0.9806,1.0286,1.0923,1.0837,1.0625,1.0442,0.9656,1.0279,1.0076,1.0263,0.9670,1.0413,0.9401,1.0808,1.0681,1.0866,1.0594,1.0017,0.9959,1.0089,1.0061,0.9607,1.0013,0.9427,0.9279,1.0312,1.0211,1.0723,1.0353,0.9857,0.9637,0.9880,1.0531,1.0413,1.0451,1.0596,0.9567,1.0551,0.9942,1.0591,0.9836,0.9716,0.9699,0.9713,1.0342,1.0095,1.0489,0.9585,1.0541,0.9465,0.9322,0.8960,0.9255,0.9086,0.9393,0.9871,0.9446,0.9172,0.8226,0.8559,-0.0000,1.0217,0.8743,0.9162,0.9921,0.9710,1.0192,1.0090,0.9577,0.9561,0.9708,1.0301,0.9191,1.0650,0.8391,1.0219,0.9588,0.8417
pollock_4,1.0297,1.0510,1.0815,1.0443,1.0232,1.0216,0.8885,1.0772,0.9147,1.0047,1.0116,1.0429,1.0392,1.1005,1.0749,1.0237,0.9832,1.0300,1.0039,0.8188,1.0840,1.0610,1.0214,1.0941,0.9887,1.0460,1.0267,1.0562,1.0897,1.0773,1.1496,1.0910,0.9862,0.8663,1.0622,0.8897,0.9381,1.0233,1.0514,1.0578,1.0989,1.0953,1.0437,1.0755,1.0846,1.0654,1.0935,1.0724,0.9428,1.0278,1.0856,1.0924,1.0658,1.0586,1.0746,1.0865,1.0430,1.0046,1.0536,1.1073,1.0244,1.0660,0.9863,0.7175,0.9863,0.9736,0.9575,0.9578,0.9838,0.9478,0.9433,0.9187,1.0935,1.1263,1.1306,1.0519,1.0315,0.9983,1.1105,1.0620,1.1101,1.0811,1.0521,1.0488,1.0983,1.1260,1.0615,1.0774,1.1072,1.1191,1.1154,1.0941,1.0882,1.0704,1.0994,1.0660,1.0255,0.9951,0.9086,0.9274,0.8376,0.6888,0.5353,0.7086,0.8992,0.8388,1.0217,-0.0000,1.0135,0.8856,0.9355,0.9498,1.1409,1.0835,1.0780,1.0497,1.0429,0.9198,1.0613,1.0485,1.0546,1.0457,1.0553,1.0543
shsp_1,1.0079,0.9927,1.0025,1.0135,1.0596,1.1355,1.0603,1.0830,1.1285,1.0311,1.0840,1.0106,1.0621,1.0709,1.0409,1.0486,1.0143,0.9430,1.0297,1.0499,1.0906,0.9884,1.0442,1.0478,0.9611,1.0212,0.8653,1.0164,1.0462,1.1637,0.9970,1.0737,1.0415,1.0814,1.0449,1.0195,1.0348,0.9772,1.0270,1.0354,1.0164,0.9493,1.0337,0.9711,0.9555,1.0015,0.9941,1.1074,0.9968,0.9667,0.9909,1.0762,1.0344,1.0103,1.0070,0.9981,1.0843,1.0758,1.0318,1.0396,1.0269,1.0240,0.8769,1.0387,0.9968,0.7068,0.8337,0.9278,0.9841,1.0149,0.9353,1.0141,0.9507,1.0277,0.9681,0.9952,0.9617,1.0819,1.0502,1.0536,1.0265,0.8237,0.9394,0.8803,1.0158,1.0459,1.0756,1.0089,1.0053,1.1039,1.0963,1.0596,1.0657,0.9256,1.1151,0.9075,1.0391,1.0248,1.0184,1.0458,1.0171,0.9565,0.9140,0.9998,1.0554,1.0088,0.8743,1.0135,-0.0000,0.9042,0.7770,0.8445,1.0141,1.0435,1.0479,1.0494,1.0460,0.9556,1.0730,1.0264,1.0323,1.0847,1.0394,1.0341
shsp_2,1.1469,1.0421,1.1463,1.0923,1.0772,1.0285,0.9096,1.0133,1.0533,1.0691,1.0748,0.9772,1.0773,0.9882,1.0658,1.0057,1.0482,1.0114,1.0235,1.0192,1.1155,1.0758,1.1423,1.0537,0.9746,1.0214,0.9922,1.0701,1.1275,1.1174,1.0221,1.1584,0.9741,0.9817,1.0294,1.0290,1.0416,0.8831,0.9811,0.9804,1.1046,1.0292,1.0987,1.0636,1.0421,0.9549,0.9696,1.0299,1.0612,1.0412,0.9964,0.9970,1.0116,0.9805,1.0015,0.9531,1.0476,1.0352,1.0227,1.0319,1.0059,0.9963,0.8595,0.9523,1.0616,0.9152,0.9677,1.0438,1.0689,0.9340,1.0436,1.0366,0.9797,0.9773,1.0283,0.9269,1.1170,0.9790,0.9935,0.9761,1.0482,0.9938,1.0405,1.0213,0.9718,1.0158,0.9908,1.0298,0.8742,0.9911,0.9939,0.9492,0.9824,1.0494,1.0588,1.0134,1.1062,1.0587,1.0272,0.9680,0.9903,0.9023,0.8460,0.9114,0.9747,0.9624,0.9162,0.8856,0.9042,-0.0000,0.9154,0.8499,1.0602,0.9724,1.0053,1.0248,0.9931,0.9460,1.0411,0.9599,1.0674,1.0021,0.9811,1.0615
shsp_3,1.0157,0.9626,1.0517,1.0004,1.0268,1.0472,1.0773,1.0456,0.9714,0.9828,1.0333,0.9755,0.9783,0.9829,1.0126,0.9919,0.9562,0.9692,1.0321,0.9831,1.0743,1.0500,1.0677,1.0625,1.0293,1.0409,0.9540,0.9955,1.0866,1.1201,1.1371,1.0811,0.9836,1.0037,1.0258,1.0352,1.0221,1.0186,1.0364,1.0277,1.0175,1.0244,0.9885,1.0551,1.0155,1.0483,0.9719,0.9948,1.0345,1.0238,1.0176,1.0843,1.0451,0.9675,1.0233,0.9679,1.0950,1.0408,1.0234,1.0272,1.0175,1.0591,0.9603,0.9699,0.9349,0.7354,0.7338,0.9369,0.9366,0.8800,1.0257,0.9328,1.0988,1.0617,0.9932,1.0655,1.1101,1.0169,1.0277,1.0562,1.1204,0.9292,0.9303,0.9525,1.0407,1.0523,1.0457,0.9933,1.0835,1.0202,1.0915,1.0249,1.0516,0.9023,1.0239,1.0182,1.0957,1.0897,1.1142,1.0562,1.0159,1.0349,1.0152,1.0819,0.9953,0.9361,0.9921,0.9355,0.7770,0.9154,0.0000,0.9585,1.0527,0.9034,1.0071,1.0237,1.0323,0.9273,1.0806,1.0446,1.0927,1.0407,1.0340,1.0888
shsp_4,1.1081,1.0327,1.0276,1.0745,1.0381,0.9486,0.9447,0.9670,0.9942,0.9257,0.9837,1.0119,0.9819,1.0313,1.0882,1.0313,1.0127,0.9543,1.0388,1.0413,1.1446,1.0584,1.1109,1.0061,0.9917,0.9982,0.9614,1.0965,1.1030,1.0508,1.0331,1.0743,0.9369,1.0321,1.0252,1.0241,0.9921,0.9263,0.9377,0.9388,1.0279,0.9890,1.0451,1.0428,0.9725,0.9384,1.0167,1.0362,0.8858,0.8911,0.9226,0.9441,1.0233,1.0256,0.9988,0.9944,1.1315,1.0484,0.9801,1.0271,1.0701,1.0216,0.9998,0.9815,1.0520,0.9263,0.9545,0.9868,1.0499,1.0088,0.9286,0.9469,1.0425,1.0125,1.0182,1.0414,1.0173,1.0224,1.0396,1.0226,1.1313,1.0498,1.0588,1.0258,0.9762,1.0125,1.0602,1.0261,1.0752,1.1137,1.1334,1.0337,0.9847,0.9633,0.9871,1.0716,1.0741,1.0793,1.0024,1.0314,0.9735,0.9934,1.0293,0.9898,0.9761,0.9906,0.9710,0.9498,0.8445,0.8499,0.9585,0.0000,0.9523,0.9604,1.0383,0.9657,0.9414,0.9369,1.0768,0.8987,1.0846,1.0422,0.9410,1.0860
poe_goldbug_1,0.9704,1.0496,1.0324,1.0514,0.8640,0.7311,0.8764,0.8545,1.0303,0.8915,0.9149,1.0440,1.0056,0.9736,0.9810,0.9610,1.0583,1.0821,1.0932,1.1115,1.0414,1.0354,1.0510,0.9841,1.0528,1.0506,1.1736,0.9966,0.9034,1.0250,0.9369,0.9466,1.0404,1.0933,1.0028,1.0089,1.2114,1.0991,0.9967,1.0473,0.9870,1.1111,0.9817,1.0867,1.0827,1.0669,1.0719,0.9059,1.1831,1.1025,1.0918,0.9507,1.1061,1.0521,1.0976,1.0742,0.9983,0.8792,0.9522,0.7423,1.1178,1.0667,1.0956,1.0856,1.0764,1.1033,1.0717,1.0119,1.1124,1.0974,1.1258,1.0736,1.0747,0.9294,0.8786,0.9884,0.9449,0.7991,0.8781,0.7605,1.0074,1.0350,0.9074,1.0557,0.9476,0.8733,0.9961,1.1038,0.8434,0.8934,0.9142,0.8456,0.8413,1.0283,0.9072,0.9387,1.0583,1.0798,1.1231,1.0750,1.0868,1.1220,1.1230,1.0484,1.0043,1.0952,1.0192,1.1409,1.0141,1.0602,1.0527,0.9523,0.0000,0.8963,0.8178,1.0103,1.0373,1.0852,0.8975,0.9690,0.9198,0.9133,1.0687,0.9222
poe_goldbug_2,0.9690,1.0249,1.0215,0.9943,1.0184,0.9785,1.0021,0.9755,1.0183,1.0131,0.9948,1.0372,1.0606,1.0532,1.0016,0.9186,0.9735,0.9407,1.0439,1.0707,0.9685,0.9942,0.9348,0.9916,1.0013,0.9234,1.0681,1.0406,1.0269,1.0906,1.0476,0.9681,1.0166,0.9256,1.0532,0.9912,1.1060,1.1011,0.9171,1.0077,0.9658,0.9588,0.9166,1.0388,1.0348,0.9915,1.0368,0.9023,1.0876,1.0630,1.0603,0.9722,1.0167,0.9733,0.9282,0.9975,1.0337,1.0528,1.0431,0.8792,0.9994,1.0782,1.1309,1.1010,0.9982,0.9738,0.9417,1.0081,1.0199,0.9744,1.0398,1.0785,1.0737,1.0610,1.0256,1.0286,0.9599,0.9799,0.9660,0.9521,1.0335,1.0173,0.9625,1.0548,0.9262,0.9685,0.9565,0.9947,0.8452,0.9198,1.0015,0.9360,1.0634,1.1098,1.0249,1.0685,1.0897,1.0563,1.1020,1.1169,1.0323,1.0933,1.0986,1.1174,0.9468,1.0398,1.0090,1.0835,1.0435,0.9724,0.9034,0.9604,0.8963,-0.0000,0.9088,0.9350,0.9396,1.0651,0.8827,0.9312,0.9434,0.8682,0.9252,0.9442
poe_letters_1,0.8786,0.9095,0.9591,1.0605,0.7740,0.8191,0.8550,0.9343,0.9868,0.7752,0.9002,1.0561,1.0166,0.9887,0.9184,0.9751,1.1600,1.1967,1.1307,1.1212,1.0024,1.0078,1.1030,1.0544,1.0504,1.0448,1.0718,0.9414,0.9545,0.9988,0.9127,0.9467,1.1398,1.0854,0.9852,1.0813,1.1703,1.1389,1.1252,1.0955,0.9426,1.0899,1.1175,1.0392,1.1565,1.1299,1.0266,0.8535,1.1463,1.1300,1.0933,0.9501,1.0603,1.1370,1.1589,1.1210,0.8731,1.0002,0.9689,0.8982,1.0641,1.0859,1.0601,1.0683,0.9557,1.1063,1.0776,0.9024,1.0146,1.0219,1.0325,0.9956,1.1573,1.0510,1.0023,1.1008,1.0130,0.9355,1.0339,0.8512,1.0004,0.9192,0.9281,0.9575,0.9966,1.0019,0.9530,0.9949,0.8642,0.8601,0.9421,0.7588,0.7878,0.9274,0.7926,1.0257,1.0588,1.0065,1.0198,1.0120,1.0341,1.0991,1.1660,1.1451,0.9995,1.0224,0.9577,1.0780,1.0479,1.0053,1.0071,1.0383,0.8178,0.9088,0.0000,0.9122,0.9762,1.0857,0.8220,0.9772,0.8732,0.8378,0.9865,0.8705
beale_letters,0.9921,0.9018,0.8567,0.9337,0.8889,0.8837,0.9368,1.0108,0.8389,0.8712,0.8438,0.9903,0.9251,0.9808,0.9827,0.9997,0.9912,0.9666,1.0850,1.0346,0.9244,1.0653,1.0868,0.9171,1.0614,1.0309,0.8903,0.9641,1.0107,0.9297,1.0246,0.9642,1.1035,0.9614,0.9403,1.0881,0.9744,1.0942,1.0718,1.0178,0.9168,0.8694,1.0264,0.9541,1.0347,0.9761,0.8963,0.8867,0.9872,1.0008,0.9464,0.9828,1.0330,1.0504,1.0672,1.0228,1.0176,1.1296,0.9655,0.9960,1.0355,1.0564,1.0762,1.0682,0.9971,0.9928,1.0753,1.0997,0.9728,0.8942,0.9666,0.9449,1.0929,1.0709,1.0703,1.1015,1.1184,1.1443,1.1007,1.0144,0.9832,0.9616,0.9823,0.9555,1.0858,1.0659,1.0342,0.9214,0.9107,0.9669,1.0679,0.9808,0.9404,1.0032,0.9400,1.1119,1.0123,1.0284,0.9952,1.0592,0.9533,1.0129,1.0670,1.0576,1.0717,0.9736,0.9561,1.0497,1.0494,1.0248,1.0237,0.9657,1.0103,0.9350,0.9122,-0.0000,0.0593,0.9738,0.6225,0.7303,0.7367,0.6508,0.0968,0.7328
beale_letter1,0.9784,0.9198,0.8440,0.9589,0.9347,0.9451,0.9710,1.0339,0.9018,0.9232,0.8960,1.0180,0.8986,0.9874,0.9498,0.9988,0.9839,0.9309,1.0889,1.0195,0.9228,1.0490,1.0872,0.9212,1.0363,1.0337,0.8529,0.9869,1.0034,0.9336,1.0285,0.9566,1.0786,0.9653,0.9627,1.1063,0.9375,1.0775,1.0596,1.0044,0.9103,0.8288,1.0246,0.9839,1.0048,0.9276,0.8523,0.9002,0.9866,0.9920,0.9379,0.9667,1.0234,1.0238,1.0376,0.9964,1.0509,1.1456,0.9543,1.0113,0.9920,1.0524,1.0720,1.0577,0.9931,0.9616,1.0504,1.0997,0.9665,0.8667,0.9594,0.9490,1.0469,1.0637,1.0554,1.0813,1.1304,1.1747,1.0897,1.0367,0.9633,0.9285,0.9651,0.9662,1.0788,1.0472,1.0401,0.9281,0.9337,1.0081,1.0669,1.0037,0.9812,1.0269,0.9840,1.0933,1.0349,1.0482,1.0215,1.0741,0.9586,0.9964,1.0443,1.0415,1.0869,0.9893,0.9708,1.0429,1.0460,0.9931,1.0323,0.9414,1.0373,0.9396,0.9762,0.0593,0.0000,0.9697,0.6764,0.7346,0.7802,0.6953,0.0229,0.7759
beale_b2,1.0583,1.0355,1.0386,1.0243,1.0572,1.0952,1.0633,1.0405,1.0216,1.0160,1.0784,0.9642,0.9019,1.0659,1.0495,1.0146,0.9383,0.8063,0.8944,0.9287,0.9928,1.0153,0.9695,0.9426,0.9363,1.0221,0.8711,1.0806,1.0479,1.0015,0.9896,1.0170,0.8666,0.9714,0.9565,0.9814,0.9502,0.9058,0.9231,0.9268,1.0364,0.9954,0.9175,0.9831,0.9518,1.0099,1.0302,1.1038,0.8579,0.8818,0.9249,0.9629,1.0170,1.0259,1.0242,0.9867,0.9687,1.0287,1.0558,1.1033,1.0723,0.9563,0.9463,0.9315,1.0072,0.8266,1.0460,1.0825,0.9931,0.9662,0.9074,0.9602,1.0565,1.1134,1.0580,1.0998,1.0645,1.0727,1.0803,1.0402,1.0796,1.0724,1.0893,1.0268,1.0357,1.0903,1.0256,0.9827,1.1127,1.0675,1.0599,1.0319,1.0551,1.0483,1.0736,1.0393,1.0357,1.0442,1.0169,1.0298,0.8836,0.9436,0.9136,0.9348,0.9690,0.9403,1.0301,0.9198,0.9556,0.9460,0.9273,0.9369,1.0852,1.0651,1.0857,0.9738,0.9697,-0.0000,0.9348,1.0138,0.9463,0.9473,0.9782,0.9379
narrative,0.9694,0.9296,0.8722,0.8891,0.8974,0.9129,0.9454,0.9976,0.8837,0.9153,0.7862,0.9755,0.9609,0.9162,0.9583,0.8840,1.0802,1.0737,1.0934,1.1149,0.8916,1.0449,1.0793,1.0786,1.0268,1.0384,0.9463,0.8575,1.0023,1.0079,0.8910,1.0066,1.1386,1.0377,0.8711,1.0866,1.0852,1.1476,1.1010,1.1010,0.9107,1.0292,1.0917,0.9696,1.0670,1.1189,1.0282,0.8766,1.0865,1.1313,1.1835,1.0254,0.9952,1.1095,1.0843,1.0867,0.8632,1.0757,0.9595,0.9952,1.0803,1.0866,1.0783,1.1131,0.9855,1.0529,1.0333,0.9660,0.9550,0.8387,0.9586,0.9528,1.0887,1.0846,1.0996,1.1223,0.9900,1.0797,1.0684,0.9625,0.8823,0.9462,0.8315,0.9104,1.1044,1.0704,1.0304,0.9868,0.9371,0.9593,0.9849,0.9813,0.9207,0.9609,0.9345,0.9820,0.9530,0.9043,0.9334,0.9644,0.9490,0.9760,1.0537,1.0319,0.9455,0.9528,0.9191,1.0613,1.0730,1.0411,1.0806,1.0768,0.8975,0.8827,0.8220,0.6225,0.6764,0.9348,0.0000,0.7016,0.2009,0.1693,0.7152,0.1970
morriss,0.9449,1.0293,0.9483,1.1081,0.9527,0.8698,0.9153,1.0627,0.9731,0.9512,0.9167,0.9329,1.0518,0.9358,1.0132,0.9046,1.0127,0.9962,1.0961,1.0864,0.9306,1.0181,1.0612,0.9948,1.0635,1.0592,0.9855,0.9937,1.0169,1.0886,0.9763,1.0148,1.1036,1.0171,1.0175,1.0870,1.0382,0.9815,1.0537,1.0205,0.9237,0.9356,1.0770,1.0303,1.0173,1.0423,0.9944,0.8998,0.9907,0.9601,1.0062,0.8982,1.0349,1.0122,0.9293,1.0049,1.0154,1.0854,0.9507,0.9416,0.9993,0.9876,1.0130,1.0410,1.0158,1.0540,1.0374,0.9358,1.0768,0.9518,1.0589,0.9967,0.9643,0.8911,0.9450,0.9925,0.9613,1.0876,1.0100,1.0299,0.9844,0.9236,0.8864,0.8698,1.0907,1.0641,0.9994,1.1257,0.9256,1.0690,0.9813,0.9615,0.9565,0.9700,0.9892,0.9173,0.9977,0.9833,0.9881,0.9912,0.9855,0.9750,1.0418,1.0592,1.0530,1.0559,1.0650,1.0485,1.0264,0.9599,1.0446,0.8987,0.9690,0.9312,0.9772,0.7303,0.7346,1.0138,0.7016,-0.0000,0.7532,0.7599,0.7225,0.7461
narrative_A,0.9979,0.9433,0.9542,0.9568,0.9759,0.9361,0.9757,0.9870,0.9472,0.9837,0.8532,0.9971,0.9121,0.9484,0.9692,0.9594,1.0856,1.0883,1.1015,1.0857,0.9284,1.0448,1.0843,1.0321,0.9912,0.9816,0.9264,0.9253,1.0313,0.9886,0.9111,0.9866,1.1235,1.0402,0.9223,1.0620,1.0817,1.1265,1.0807,1.0455,0.8970,1.0552,1.0788,0.9517,1.0673,1.1099,1.0164,0.9522,1.0814,1.0968,1.1617,0.9885,0.9532,1.0636,1.0069,1.0471,0.8793,1.0658,1.0173,1.0254,1.0224,1.0155,1.0560,1.0669,1.0085,1.0195,1.0019,0.9419,0.9772,0.9268,0.9557,1.0221,1.0364,1.0696,1.0925,1.1098,0.9700,1.0930,1.0459,0.9990,0.9001,0.9724,0.8004,0.9381,1.0853,1.0900,1.0423,0.9822,1.0121,1.0293,1.0037,1.0095,0.9644,0.9851,0.9836,0.9417,0.8742,0.8437,0.8304,0.8655,0.9264,0.8876,1.0160,0.9916,0.9309,0.9512,0.8391,1.0546,1.0323,1.0674,1.0927,1.0846,0.9198,0.9434,0.8732,0.7367,0.7802,0.9463,0.2009,0.7532,0.0000,0.6709,0.8078,0.0017
narrative_B,0.9539,0.9420,0.8416,0.8658,0.8612,0.9224,0.9367,1.0083,0.8662,0.8821,0.8001,0.9642,1.0199,0.9162,0.9630,0.8554,1.0466,1.0340,1.0528,1.1011,0.8961,1.0291,1.0464,1.0938,1.0502,1.0774,0.9839,0.8453,0.9746,1.0229,0.9112,1.0227,1.1033,1.0220,0.8696,1.0786,1.0582,1.1148,1.0839,1.1165,0.9551,0.9948,1.0711,0.9969,1.0429,1.0849,1.0292,0.8504,1.0605,1.1166,1.1384,1.0506,1.0357,1.1131,1.1260,1.0926,0.8968,1.0579,0.9204,0.9690,1.1054,1.1217,1.0712,1.1158,0.9694,1.0650,1.0506,1.0005,0.9505,0.8145,0.9760,0.9054,1.1056,1.0683,1.0707,1.0904,1.0121,1.0390,1.0650,0.9421,0.9076,0.9411,0.9202,0.9165,1.0850,1.0272,1.0086,0.9957,0.8900,0.9090,0.9729,0.9619,0.9084,0.9524,0.9123,1.0257,1.0426,0.9943,1.0525,1.0687,0.9880,1.0664,1.0695,1.0579,0.9783,0.9711,1.0219,1.0457,1.0847,1.0021,1.0407,1.0422,0.9133,0.8682,0.8378,0.6508,0.6953,0.9473,0.1693,0.7599,0.6709,0.0000,0.7306,0.6632
beale_letters_2000,0.9821,0.9249,0.8583,0.9701,0.9847,0.9921,1.0179,1.0503,0.9233,0.9390,0.9129,1.0197,0.8923,0.9921,0.9400,1.0112,0.9733,0.9151,1.0855,1.0110,0.9259,1.0399,1.0849,0.9221,1.0357,1.0327,0.8392,0.9926,1.0218,0.9344,1.0334,0.9674,1.0593,0.9576,0.9619,1.1137,0.9370,1.0573,1.0434,0.9899,0.8945,0.8097,1.0185,1.0059,0.9980,0.9215,0.8453,0.9061,0.9786,0.9852,0.9211,0.9517,1.0211,1.0136,1.0097,0.9770,1.0546,1.1539,0.9497,1.0122,0.9868,1.0505,1.0685,1.0520,1.0126,0.9455,1.0355,1.0980,0.9698,0.8778,0.9540,0.9557,1.0267,1.0606,1.0422,1.0740,1.1335,1.1724,1.0914,1.0590,0.9867,0.9112,0.9644,0.9621,1.0619,1.0488,1.0293,0.9221,0.9397,1.0239,1.0608,1.0080,0.9992,1.0192,1.0044,1.0935,1.0463,1.0395,1.0107,1.0690,0.9456,0.9833,1.0503,1.0323,1.0856,0.9892,0.9588,1.0553,1.0394,0.9811,1.0340,0.9410,1.0687,0.9252,0.9865,0.0968,0.0229,0.9782,0.7152,0.7225,0.8078,0.7306,-0.0000,0.8048
narrative_2000,1.0000,0.9426,0.9508,0.9552,0.9780,0.9369,0.9752,0.9902,0.9468,0.9852,0.8474,0.9985,0.9105,0.9431,0.9698,0.9615,1.0877,1.0910,1.1020,1.0865,0.9317,1.0455,1.0850,1.0319,0.9898,0.9836,0.9285,0.9288,1.0321,0.9853,0.9111,0.9846,1.1268,1.0434,0.9250,1.0627,1.0771,1.1293,1.0806,1.0470,0.8965,1.0587,1.0797,0.9553,1.0701,1.1094,1.0136,0.9524,1.0775,1.0992,1.1628,0.9839,0.9568,1.0650,1.0083,1.0431,0.8807,1.0674,1.0177,1.0222,1.0179,1.0145,1.0529,1.0679,1.0079,1.0202,1.0023,0.9431,0.9797,0.9157,0.9567,1.0215,1.0382,1.0659,1.0870,1.1105,0.9699,1.0948,1.0461,1.0016,0.8958,0.9687,0.7965,0.9387,1.0844,1.0899,1.0375,0.9849,1.0160,1.0291,1.0017,1.0135,0.9651,0.9862,0.9849,0.9439,0.8774,0.8439,0.8329,0.8663,0.9286,0.8865,1.0114,0.9907,0.9302,0.9527,0.8417,1.0543,1.0341,1.0615,1.0888,1.0860,0.9222,0.9442,0.8705,0.7328,0.7759,0.9379,0.1970,0.7461,0.0017,0.6632,0.8048,-0.0000
