,jefferson_1,jefferson_2,jefferson_3,jefferson_4,randolph_1,randolph_2,randolph_3,randolph_4,jackson_1,jackson_2,jackson_3,jackson_4,jqadams_1,jqadams_2,jqadams_3,jqadams_4,ejames_1,ejames_2,ejames_3,ejames_4,flint_1,flint_2,flint_3,flint_4,hall_1,hall_2,hall_3,hall_4,paulding_1,paulding_2,paulding_3,paulding_4,pike_1,pike_2,pike_3,pike_4,biddle_1,biddle_2,biddle_3,biddle_4,gregg_1,gregg_2,gregg_3,gregg_4,pattie_1,pattie_2,pattie_3,pattie_4,tjames_1,tjames_2,tjames_3,tjames_4,irving_1,irving_2,irving_3,irving_4,bagby_1,bagby_2,bagby_3,bagby_4,cooke_1,cooke_2,cooke_3,cooke_4,cooke_lee_1,cooke_lee_2,cooke_lee_3,cooke_lee_4,davis_1,davis_2,davis_3,davis_4,page_1,page_2,page_3,page_4,cable_1,cable_2,cable_3,cable_4,eggleston_1,eggleston_2,eggleston_3,eggleston_4,twain_1,twain_2,twain_3,twain_4,twain_letters_1,twain_letters_2,twain_letters_3,twain_letters_4,lee_1,lee_2,lee_3,lee_4,cabell_1,cabell_2,cabell_3,cabell_4,christian_1,christian_2,christian_3,christian_4,pollock_1,pollock_2,pollock_3,pollock_4,shsp_1,shsp_2,shsp_3,shsp_4,poe_goldbug_1,poe_goldbug_2,poe_letters_1,beale_letters,beale_letter1,beale_b2,narrative,morriss,narrative_A,narrative_B,beale_letters_2000,narrative_2000
jefferson_1,0.0000,0.7090,0.7811,0.8743,0.8820,0.9296,0.9380,0.8307,0.8204,0.8645,0.7569,0.7774,0.7238,0.8329,0.7941,0.8484,0.9314,0.9337,1.0006,0.9326,0.7717,0.8510,0.8211,0.8815,0.8154,0.8363,0.8210,0.8381,0.7450,0.7972,0.7889,0.7192,1.0699,0.9100,0.8612,0.8693,1.0296,1.0148,1.0602,0.9818,0.7679,0.8662,0.8710,0.8558,0.8742,1.0435,0.8358,0.7995,0.9113,0.9425,0.9432,0.8827,0.8330,0.8914,0.9202,0.9701,0.7910,0.8685,0.8194,0.9401,0.7564,0.8014,0.9019,0.9754,0.7831,0.9249,0.8431,0.7989,0.8332,0.8290,0.8654,0.8267,0.8982,0.9711,0.9392,0.9831,0.7433,0.9375,0.9161,0.8739,0.8491,0.8429,0.8009,0.8437,0.8525,0.9817,0.8277,0.8486,0.8585,0.8465,0.9495,0.8348,0.9205,0.8054,0.8412,0.8582,0.8041,0.8388,0.8714,0.8397,0.8650,0.9217,0.9056,0.9644,0.8767,0.8005,0.7557,1.0477,0.7785,0.9144,0.8250,0.8348,0.8636,0.7938,0.8948,0.8525,0.8592,1.2034,0.7419,1.0579,0.8314,0.8198,0.8828,0.8314
jefferson_2,0.7090,0.0000,0.7144,0.8543,0.9470,1.0051,0.9976,0.8315,0.7878,0.8682,0.7536,0.7914,0.6955,0.7981,0.7461,0.8803,0.8667,0.8896,0.9933,0.9581,0.8110,0.8442,0.8514,0.8857,0.8034,0.7995,0.7835,0.8430,0.8078,0.8044,0.8615,0.8027,1.0217,0.9436,0.8270,0.8363,1.0006,1.0411,1.0445,1.0544,0.7520,0.8849,0.8918,0.7925,0.8389,1.0476,0.8339,0.8254,0.8859,0.9843,0.9357,0.8941,0.8506,0.9112,0.9175,0.9560,0.8596,0.9327,0.8592,1.0075,0.8095,0.7617,0.8608,0.9572,0.7515,0.9585,0.8827,0.8434,0.8029,0.7980,0.7382,0.7704,0.9774,1.0082,1.0298,1.0508,0.8364,0.9816,0.9802,0.9001,0.8941,0.8788,0.8717,0.8069,0.9355,1.0658,0.8557,0.8599,0.8950,0.9141,1.0189,0.9309,0.8765,0.7828,0.8432,0.8848,0.8516,0.8774,0.9092,0.8515,0.8987,0.9492,0.9547,1.0079,0.8025,0.7687,0.7795,1.0571,0.8055,0.8946,0.8117,0.8211,0.9255,0.8655,0.8943,0.7328,0.7550,1.1283,0.7477,1.1173,0.8213,0.8150,0.7740,0.8149
jefferson_3,0.7811,0.7144,0.0000,0.8666,1.0194,1.0958,1.0416,0.9210,0.8586,0.9653,0.8206,0.8452,0.8362,0.7985,0.8180,0.8848,0.8632,0.8724,0.9947,0.9767,0.8418,0.8233,0.8654,0.9338,0.7847,0.8016,0.8465,0.8868,0.8728,0.8542,0.8976,0.8662,1.0585,0.9268,0.8343,0.8570,0.9828,1.0168,0.9800,0.9797,0.8208,0.8135,0.8726,0.8448,0.8814,0.9530,0.8946,0.8389,0.8769,0.9190,0.9114,0.9292,0.8676,0.8782,0.9103,0.9305,0.9280,0.9707,0.8739,1.0054,0.8130,0.8403,0.8930,1.0159,0.8450,0.9881,0.8887,0.8762,0.7881,0.8086,0.7712,0.7757,0.9640,1.1276,1.0765,1.0445,0.8969,1.0902,1.0237,0.9895,0.9599,0.8609,0.9420,0.8284,1.0036,1.1159,0.9556,0.8842,0.9441,0.9877,1.1426,1.0090,0.9781,0.8930,0.9433,0.9112,0.8661,0.9736,0.9708,0.9143,0.9674,0.9858,1.0064,1.0499,0.8984,0.8578,0.8603,1.1243,0.8204,0.9730,0.9192,0.8469,0.9812,0.8957,0.9848,0.8090,0.7946,1.2124,0.7987,1.0792,0.9020,0.8502,0.8131,0.8978
jefferson_4,0.8743,0.8543,0.8666,0.0000,1.0075,1.1332,1.1697,0.9077,0.8655,0.9821,0.9511,0.9449,0.8331,0.8883,0.8812,0.9784,0.9760,1.0228,1.0105,1.0265,0.9382,1.0471,0.9069,1.0599,0.8710,0.9510,0.9662,0.7614,0.8472,0.8451,1.0054,0.8966,1.2166,1.0759,0.9347,0.8932,1.0730,1.1812,1.1136,1.1052,0.8375,1.0076,0.8760,0.8728,1.0401,1.1695,1.0135,0.9554,1.0709,1.0686,1.1586,1.0389,0.9455,1.0774,1.0652,1.1027,0.8759,0.9670,0.9890,1.0728,0.9053,0.9183,1.0488,1.0142,0.9044,1.0821,1.0338,1.0104,0.7194,0.8901,0.8700,0.8667,1.0897,1.1247,1.1465,1.1809,0.9021,1.1075,1.0616,0.9977,1.0211,1.0385,1.0033,0.9541,1.0793,1.1335,1.0015,0.8434,0.9645,1.0647,1.1251,0.9936,1.0453,1.0156,0.9880,1.0389,0.9868,1.0793,1.0175,1.0142,1.0245,1.1410,1.1029,1.1226,0.9749,0.9365,0.8754,1.1319,0.9296,1.0978,0.9708,1.0145,1.0359,0.9400,1.0805,0.9484,0.9564,1.1967,0.8780,1.3367,0.9563,0.8988,0.9810,0.9551
randolph_1,0.8820,0.9470,1.0194,1.0075,0.0000,0.8014,0.8011,0.7821,0.9188,0.8494,0.8147,1.0209,0.9181,0.9976,0.9682,0.9672,1.0767,1.1368,1.1844,1.1179,1.0139,1.0985,1.0308,1.0885,0.9842,0.9959,1.0357,0.9395,0.9061,0.9791,0.9368,0.9209,1.3252,1.0748,0.9354,1.0168,1.2510,1.2140,1.2210,1.1756,0.8938,1.0587,0.9936,0.9842,1.0822,1.2370,1.0564,0.9112,1.1103,1.1338,1.1548,1.0092,1.0988,1.0986,1.1558,1.1591,0.9737,1.0142,1.0206,1.0227,0.9517,0.9781,1.1402,1.1925,0.9643,1.1448,1.0981,0.9703,1.0170,1.0442,1.0924,0.9835,1.1308,1.2067,1.1310,1.2186,0.9604,1.0264,1.1037,0.8975,1.1161,1.0299,1.0537,1.0698,1.0954,1.1585,1.0455,1.0200,0.8757,0.9184,1.0140,0.8823,0.8421,0.9340,0.7983,1.1354,0.9908,1.1070,1.0567,1.0988,1.0509,1.1439,1.1228,1.0745,1.0535,1.0166,1.0092,1.2376,1.0235,1.0773,1.0198,0.9747,0.9414,1.0116,0.9547,0.9355,0.9694,1.3632,0.8801,1.1840,0.9584,0.9196,1.0107,0.9548
randolph_2,0.9296,1.0051,1.0958,1.1332,0.8014,0.0000,0.7611,0.8583,0.8923,0.8445,0.8303,1.0306,0.9709,1.0291,1.0205,0.9458,1.1033,1.1520,1.2052,1.1805,1.0440,1.0663,1.0636,1.0271,1.0346,1.0308,1.1129,0.9863,0.9222,1.0358,0.9812,0.9070,1.2425,1.0690,0.9778,1.0357,1.2447,1.1867,1.1787,1.1675,0.9661,1.1359,1.1405,1.0532,1.0944,1.1945,1.0575,0.9128,1.1140,1.1075,1.1060,1.0107,1.0789,1.0891,1.1378,1.1233,1.0289,1.0354,1.0759,1.0341,0.9831,1.0072,1.1059,1.1865,0.9499,1.1495,1.0959,1.0348,1.0924,1.0158,1.1446,0.9756,1.1918,1.1696,1.0740,1.1463,0.9346,1.0533,1.0577,0.9747,1.1548,1.0582,1.0453,1.0713,1.1248,1.1658,1.0545,1.0568,0.8920,0.9441,1.0354,0.9219,0.8991,0.9388,0.8705,1.1028,1.0397,1.1617,1.1174,1.0492,1.1186,1.1628,1.1376,1.1223,1.0718,1.1015,0.9650,1.2444,1.0765,1.0459,1.0575,0.9452,0.9196,1.0165,0.9629,0.9919,1.0292,1.3977,0.9462,1.2255,1.0520,0.9856,1.0597,1.0476
randolph_3,0.9380,0.9976,1.0416,1.1697,0.8011,0.7611,0.0000,0.8640,0.9162,0.8609,0.8420,0.9843,0.9952,1.0539,1.0147,0.9496,1.0960,1.1162,1.2353,1.1459,1.1011,1.0290,1.1151,1.0529,1.0279,1.0159,1.1253,1.0592,0.9483,1.0625,0.9713,0.9789,1.1890,0.9904,1.0059,1.0594,1.2454,1.1850,1.1774,1.2134,1.0139,1.1349,1.1200,1.0872,1.0780,1.1850,1.0511,0.9641,1.0691,1.1102,1.1346,0.9710,1.1165,1.1017,1.1276,1.1644,0.9537,1.0299,1.0066,1.0689,0.9829,1.0263,1.0919,1.1902,0.9483,1.1930,1.0811,1.0400,1.1262,1.0306,1.0916,1.0090,1.1252,1.1934,1.1417,1.1092,1.0164,1.0282,1.0960,0.9491,1.1575,1.0769,1.0587,1.0993,1.1019,1.2289,1.0471,1.0213,0.9359,0.9117,1.0424,0.9398,0.9201,0.9842,0.9426,1.1405,1.0615,1.1617,1.1045,1.0617,1.0273,1.0938,1.1003,1.0950,1.0390,1.0659,0.9381,1.1552,1.0178,0.9255,1.0288,0.9152,0.9540,0.9911,0.9818,0.9916,1.0293,1.3776,0.9713,1.1954,1.0813,0.9949,1.0670,1.0765
randolph_4,0.8307,0.8315,0.9210,0.9077,0.7821,0.8583,0.8640,0.0000,0.9098,0.8192,0.8093,0.8309,0.8108,0.8904,0.9142,0.9056,0.9679,0.9485,1.1085,1.0332,0.9185,0.9500,0.9371,0.9483,0.8760,0.8107,0.9962,0.8754,0.7292,0.8094,0.8370,0.8193,1.1067,0.9520,0.9271,0.9407,1.1401,1.0171,1.0289,1.0281,0.7742,0.9901,0.9549,0.9058,0.9536,1.0805,0.9631,0.8255,1.0139,1.0084,1.0530,0.8818,0.9552,0.9375,0.9809,0.9632,0.7916,0.9031,0.8209,0.8653,0.8669,0.8402,0.9875,1.0911,0.8764,1.0652,0.9781,0.9336,0.9283,0.9595,0.9674,0.9482,0.9628,1.0288,1.0078,1.0630,0.8337,0.9015,0.8766,0.8539,0.9869,0.9763,0.9134,0.9517,0.9402,0.9534,0.8589,0.8740,0.7707,0.8135,0.8792,0.8560,0.8580,0.9287,0.8455,0.9659,0.8841,0.9443,0.8881,0.9233,0.9233,1.0153,1.0288,1.0446,0.9452,0.9689,0.8744,1.1827,0.8747,0.8988,0.8987,0.8424,0.8371,0.8589,0.9728,0.8756,0.8868,1.2620,0.8465,1.1572,0.9141,0.8910,0.9117,0.9150
jackson_1,0.8204,0.7878,0.8586,0.8655,0.9188,0.8923,0.9162,0.9098,0.0000,0.7882,0.6842,0.8676,0.7855,0.8238,0.8727,0.8769,0.9423,1.0184,1.0554,0.9676,0.8952,0.9315,0.8889,0.9011,0.8808,0.9230,0.9495,0.8415,0.8734,0.8958,0.9863,0.8558,1.1577,0.9546,0.8374,0.8499,0.9999,1.0803,1.1017,1.0893,0.8370,0.9885,0.9263,0.8565,1.0058,1.1109,0.9361,0.8786,0.9532,0.9876,1.0010,0.9599,0.9646,1.0245,1.0362,1.1003,0.9257,0.9532,0.9562,1.0674,0.8738,0.8525,1.0243,0.9587,0.8428,1.0092,0.9340,0.8508,0.8217,0.8270,0.8845,0.7800,1.0352,1.1205,1.1090,1.1147,0.8723,1.0564,1.0245,0.9424,1.0360,0.9753,0.9331,0.9651,1.0660,1.1437,0.9794,0.9092,0.9785,0.9955,1.0432,0.9539,0.9366,0.8504,0.8658,1.0356,0.9334,0.9915,0.9296,0.9434,0.9441,1.0272,0.9599,1.0586,0.9043,0.8852,0.8291,0.9730,0.9312,0.9868,0.8393,0.9002,0.9819,0.9408,0.9703,0.8338,0.8791,1.1899,0.8260,1.1217,0.9165,0.8638,0.9072,0.9143
jackson_2,0.8645,0.8682,0.9653,0.9821,0.8494,0.8445,0.8609,0.8192,0.7882,0.0000,0.7564,0.9055,0.8774,0.9687,0.9364,0.9918,1.0296,1.0894,1.1583,1.0343,0.9423,1.0518,0.9596,0.9976,1.0137,0.9881,1.0537,0.9590,0.8964,1.0017,0.9941,0.9111,1.2090,1.0168,0.9398,1.0132,1.1713,1.1443,1.1022,1.1404,0.8998,1.0703,1.0462,0.9687,1.0167,1.2056,1.0500,0.9155,1.0824,1.0925,1.1196,0.9095,1.0127,1.0790,1.1135,1.1619,0.8978,1.0134,0.9925,0.9210,0.9681,0.9237,1.1116,1.0760,0.9164,1.0942,1.0602,0.9649,1.0205,0.9597,1.0099,0.9338,1.1554,1.1257,1.0545,1.1619,0.9561,1.0714,1.0618,0.8542,1.1349,1.0249,0.9793,1.0091,1.0653,1.0661,1.0031,0.9590,0.8593,0.8713,0.9939,0.8352,0.8409,0.8817,0.7962,1.0345,1.0054,1.0538,1.0698,1.0168,1.0388,1.1087,1.0668,1.0680,0.9889,0.9760,0.8869,1.1421,0.9890,1.0023,0.9671,0.8857,0.8797,0.9376,0.9435,0.8534,0.9006,1.2650,0.8524,1.1370,0.9314,0.9003,0.9351,0.9295
jackson_3,0.7569,0.7536,0.8206,0.9511,0.8147,0.8303,0.8420,0.8093,0.6842,0.7564,0.0000,0.8320,0.7891,0.8641,0.8658,0.8579,0.9464,0.9237,1.0430,0.9797,0.8828,0.8013,0.8241,0.8644,0.8532,0.8735,0.9046,0.8382,0.7850,0.8790,0.8561,0.7758,1.1148,0.9580,0.8574,0.8767,1.0789,1.0783,1.0613,1.0703,0.7934,0.9894,0.8991,0.8758,0.9609,1.0678,0.9376,0.8097,0.9226,0.9527,1.0005,0.9171,0.9481,0.9343,0.9742,0.9952,0.8321,0.9648,0.8005,0.9980,0.8387,0.8182,0.9854,1.0161,0.7880,0.9967,0.9477,0.7633,0.8983,0.8125,0.9088,0.8429,0.9997,1.0534,1.0315,1.0550,0.8365,0.9874,0.9388,0.8348,1.0090,0.9089,0.8673,0.9092,1.0049,1.0656,0.9260,0.8194,0.8719,0.8589,0.9630,0.8622,0.8128,0.8290,0.8257,0.9078,0.8181,0.9096,0.8194,0.8168,0.9182,0.9886,0.9553,1.0152,0.8899,0.8226,0.7657,1.0995,0.8670,0.9631,0.8469,0.8295,0.8434,0.8694,0.8794,0.8158,0.8521,1.2469,0.7325,1.0323,0.7937,0.8112,0.8836,0.7920
jackson_4,0.7774,0.7914,0.8452,0.9449,1.0209,1.0306,0.9843,0.8309,0.8676,0.9055,0.8320,0.0000,0.7358,0.8565,0.7726,0.7984,0.8933,0.8530,1.0299,0.9453,0.8593,0.8272,0.8510,0.8577,0.8025,0.7686,0.7792,0.8661,0.7676,0.7887,0.7814,0.8108,0.9259,0.8189,0.8379,0.8317,0.9880,0.8952,0.9747,0.9248,0.8198,0.8481,0.8941,0.8901,0.8020,0.8888,0.8262,0.7886,0.8279,0.8340,0.8685,0.8048,0.7490,0.7943,0.8378,0.9154,0.8344,0.8976,0.8184,0.9907,0.7427,0.7579,0.8401,0.9553,0.8247,0.9316,0.8411,0.8327,0.8542,0.8273,0.8281,0.8715,0.9366,1.0391,0.9547,0.9703,0.7624,0.9797,0.8999,0.8959,0.9510,0.9182,0.8215,0.8184,0.9489,1.0149,0.9043,0.8784,0.9069,0.9293,1.0015,0.9440,0.9945,0.8664,0.9129,0.8863,0.8059,0.9056,0.9048,0.8854,0.8875,0.9202,0.8848,0.9914,0.9048,0.9044,0.8168,1.1142,0.8017,0.8552,0.8006,0.7884,0.8623,0.8311,1.0205,0.8623,0.8771,1.2085,0.7880,1.0374,0.8392,0.8738,0.9005,0.8395
jqadams_1,0.7238,0.6955,0.8362,0.8331,0.9181,0.9709,0.9952,0.8108,0.7855,0.8774,0.7891,0.7358,0.0000,0.6368,0.7392,0.7303,0.8290,0.8758,0.9450,0.8959,0.8627,0.8739,0.8351,0.8473,0.7672,0.7733,0.7977,0.7789,0.7769,0.8246,0.8487,0.8136,0.9855,0.8679,0.7922,0.7825,0.9514,0.9769,0.9889,0.9779,0.6881,0.9135,0.8606,0.8227,0.8801,0.9994,0.8032,0.8068,0.8613,0.8871,0.8976,0.8629,0.8430,0.9148,0.9395,0.9701,0.8549,0.9448,0.8531,1.0245,0.7320,0.7113,0.8871,0.8749,0.7563,0.9223,0.8190,0.8076,0.7066,0.7837,0.7199,0.7381,0.9259,1.0263,1.0254,1.0130,0.7636,0.9819,0.9623,0.9238,0.8400,0.9074,0.7966,0.8363,0.9971,1.0556,0.8622,0.7947,0.9455,0.9334,1.0211,0.9532,0.9134,0.8221,0.9009,0.8762,0.7699,0.8276,0.8724,0.8014,0.8745,0.8717,0.8394,0.8727,0.8436,0.7791,0.7704,1.0283,0.8459,0.8894,0.8469,0.8183,0.8701,0.8913,0.9935,0.8586,0.8546,1.1124,0.7587,1.1695,0.7861,0.8575,0.8721,0.7847
jqadams_2,0.8329,0.7981,0.7985,0.8883,0.9976,1.0291,1.0539,0.8904,0.8238,0.9687,0.8641,0.8565,0.6368,0.0000,0.7451,0.7048,0.8861,0.9073,1.0050,1.0355,0.9137,0.8956,0.9162,0.9082,0.8633,0.9131,0.9581,0.8614,0.8904,0.8994,0.9010,0.9403,1.0615,0.9222,0.8624,0.8395,1.0330,1.0240,1.0553,1.0039,0.8112,0.9553,0.8696,0.9296,0.9486,1.0488,0.8265,0.8132,0.9709,0.9902,1.0358,0.9373,0.9715,0.9722,0.9640,1.0309,0.9966,0.9335,0.9398,1.0728,0.8371,0.7961,0.9349,1.0018,0.8209,0.9659,0.8611,0.8175,0.7780,0.8307,0.8456,0.7836,0.9409,1.0259,1.0338,1.0286,0.8602,1.0066,0.9540,0.9419,0.9707,0.9364,0.8365,0.8743,1.0039,1.1214,0.9483,0.9624,0.9510,1.0137,1.0231,1.0353,1.0165,0.8782,1.0231,0.9266,0.8917,0.9106,0.9979,0.8939,0.9912,0.9957,0.9740,0.9896,0.9649,0.9060,0.8389,1.1724,0.8885,0.9214,0.8789,0.8765,0.9085,0.9209,1.0646,0.9109,0.9195,1.2400,0.7801,1.0837,0.8785,0.8325,0.9354,0.8728
jqadams_3,0.7941,0.7461,0.8180,0.8812,0.9682,1.0205,1.0147,0.9142,0.8727,0.9364,0.8658,0.7726,0.7392,0.7451,0.0000,0.7439,0.9730,0.9364,1.0199,0.9661,0.9560,0.8729,0.9197,0.9663,0.8389,0.8324,0.8298,0.8505,0.8666,0.8659,0.8998,0.8852,1.0934,0.8828,0.8176,0.8918,1.0208,1.0516,1.0956,1.0892,0.8573,0.8787,0.8967,0.8862,0.8654,1.0173,0.8650,0.8059,0.9946,0.9951,1.0226,0.9233,0.8764,0.8681,0.9380,0.9987,0.9025,0.9339,0.9553,1.0082,0.8157,0.8219,0.9503,0.9349,0.8018,0.9529,0.9225,0.8332,0.8228,0.8035,0.8578,0.7822,0.9669,1.0120,1.0043,1.0154,0.8760,0.9982,0.9767,0.9296,0.9898,0.9232,0.8934,0.8848,1.0553,1.1414,0.9592,0.9517,0.8876,1.0104,1.0574,0.9589,1.0396,0.9204,0.9826,0.9176,0.8832,0.9278,0.9536,0.9490,0.9704,1.0005,0.9666,1.0047,0.9419,0.9137,0.8356,1.1046,0.8787,0.9278,0.8873,0.8980,0.9422,0.8772,0.9975,0.8941,0.8969,1.1756,0.8259,1.1289,0.8720,0.8831,0.9063,0.8710
jqadams_4,0.8484,0.8803,0.8848,0.9784,0.9672,0.9458,0.9496,0.9056,0.8769,0.9918,0.8579,0.7984,0.7303,0.7048,0.7439,0.0000,0.9465,0.9507,1.0468,1.0422,0.9477,0.8979,0.9786,0.9111,0.8565,0.9088,0.9420,0.9015,0.8992,0.9887,0.8861,0.9668,1.0717,0.9255,0.8882,0.9202,1.0530,1.0586,1.0666,1.0993,0.8681,0.9890,0.9737,1.0122,0.9636,1.0440,0.8990,0.8209,0.9906,1.0599,1.0023,0.9227,0.9449,0.9612,0.9772,1.0143,0.9892,0.9236,0.9362,1.0594,0.8004,0.8492,0.8992,1.0034,0.8685,0.9752,0.8220,0.8736,0.8750,0.7957,0.9200,0.8402,0.9473,1.0783,1.0155,1.0132,0.8624,1.0057,0.9533,0.9261,0.9831,0.9446,0.9354,0.9363,0.9971,1.1271,1.0006,0.9485,0.9179,1.0011,1.0162,0.9931,1.0315,0.9165,1.0029,0.9232,0.9011,0.9674,1.0431,0.9462,1.0050,0.9694,0.9790,0.9949,0.9509,0.9136,0.8596,1.1023,0.8753,0.9434,0.9010,0.8896,0.9387,0.8492,1.1045,0.9625,0.9570,1.2326,0.8365,1.0730,0.9145,0.8484,0.9723,0.9135
ejames_1,0.9314,0.8667,0.8632,0.9760,1.0767,1.1033,1.0960,0.9679,0.9423,1.0296,0.9464,0.8933,0.8290,0.8861,0.9730,0.9465,0.0000,0.6903,0.7288,0.8000,0.8691,0.8189,0.7689,0.8847,0.7420,0.7865,0.8750,0.8984,0.8775,0.8905,1.0344,0.8156,0.9580,0.8146,0.9971,0.7543,0.8141,0.9665,0.7721,0.8268,0.8062,0.8470,0.7690,0.8398,0.8851,0.9461,0.9592,1.0129,0.7851,0.8052,0.8452,0.9751,0.8620,0.8309,0.8267,0.8428,1.0019,0.9048,0.9437,1.1609,0.8389,0.8797,0.8770,0.9151,0.9826,0.9249,0.8174,0.9790,0.8448,0.9327,0.7756,0.9139,0.9636,1.1379,1.0996,1.0279,0.8932,1.0623,1.0190,1.0132,1.0097,1.0131,0.9537,0.9108,0.9948,1.1415,0.9356,0.8973,1.0666,1.0735,1.1349,1.1157,1.0868,1.0355,1.0490,0.9760,0.8401,0.9566,0.9152,0.8513,0.9107,0.9321,0.9429,0.9694,0.8455,0.7283,0.8262,0.9655,0.8792,0.9233,0.8779,0.8365,0.9792,0.9105,1.1476,0.9296,0.9214,1.0044,0.9376,1.1948,0.9855,0.9696,0.9306,0.9856
ejames_2,0.9337,0.8896,0.8724,1.0228,1.1368,1.1520,1.1162,0.9485,1.0184,1.0894,0.9237,0.8530,0.8758,0.9073,0.9364,0.9507,0.6903,0.0000,0.8462,0.8389,0.8856,0.7802,0.7690,0.8066,0.7826,0.7559,0.9204,0.9609,0.9539,0.8594,0.9783,0.8705,0.8730,0.8390,1.0163,0.7816,0.8796,0.9147,0.7730,0.7602,0.8468,0.7675,0.8133,0.8728,0.8228,0.8256,0.8694,0.8963,0.8016,0.7944,0.8766,0.9307,0.8116,0.7747,0.7735,0.7157,0.9810,0.9487,0.9262,1.1416,0.8003,0.8182,0.8629,0.9644,0.9883,0.8810,0.7855,0.9558,0.8833,0.9376,0.7579,0.9186,0.9122,1.1096,1.1321,1.0287,0.9364,1.0979,1.0445,1.0180,1.0078,0.9861,0.9966,0.8942,0.9446,1.0837,0.9791,0.9107,1.0711,1.0635,1.1634,1.1716,1.0917,0.9773,1.1163,0.9560,0.8888,0.9875,0.9299,0.8565,0.9251,0.9090,0.9121,0.9688,0.8790,0.7938,0.8521,1.0779,0.8047,0.9285,0.9262,0.8299,0.9435,0.8252,1.1478,0.8680,0.8280,1.0370,0.8929,1.1359,0.9183,0.9648,0.8498,0.9189
ejames_3,1.0006,0.9933,0.9947,1.0105,1.1844,1.2052,1.2353,1.1085,1.0554,1.1583,1.0430,1.0299,0.9450,1.0050,1.0199,1.0468,0.7288,0.8462,0.0000,0.8658,1.0227,0.8950,0.7815,1.0262,0.8804,0.9523,1.0230,0.9098,1.0017,0.9928,1.1725,0.9539,1.0984,0.9749,1.1072,0.8053,0.8370,1.1632,0.8865,0.9718,0.8769,1.0161,0.7554,0.9099,1.0997,1.1307,1.0796,1.1162,0.9227,0.9777,1.0737,1.1270,0.9488,0.9768,0.9825,1.0159,1.0628,1.0476,1.1033,1.3013,0.9628,0.9813,1.0535,0.9241,1.0349,0.9732,0.9458,1.0478,0.9233,1.0001,0.8051,0.9989,1.1625,1.3474,1.2780,1.2446,1.0636,1.2098,1.1799,1.1653,1.0989,1.1753,1.1107,1.1074,1.1433,1.3170,1.0919,0.9377,1.2275,1.2134,1.3187,1.2647,1.2632,1.1372,1.1838,1.0780,0.9540,1.0450,1.0243,0.9730,1.0394,1.0803,1.0425,1.0828,0.9893,0.7789,0.9472,1.0760,1.0488,1.0642,1.0178,1.0241,1.1382,1.0612,1.2426,1.0710,1.0615,0.9862,1.0465,1.3365,1.0758,1.0778,1.0726,1.0731
ejames_4,0.9326,0.9581,0.9767,1.0265,1.1179,1.1805,1.1459,1.0332,0.9676,1.0343,0.9797,0.9453,0.8959,1.0355,0.9661,1.0422,0.8000,0.8389,0.8658,0.0000,1.0190,0.9551,0.8541,1.0096,0.8698,0.9118,0.9063,0.8950,1.0282,1.0255,1.0834,0.9469,1.0565,0.9564,1.0182,0.7417,0.6322,1.0617,1.0245,1.0049,0.8929,1.0175,0.9085,0.8909,1.0105,1.0323,1.0260,0.9838,0.8677,0.9191,0.9989,1.0697,0.8395,0.9459,1.1038,1.0098,0.9915,0.8228,1.0337,1.1963,0.8157,0.8745,0.9316,0.5663,0.9961,1.0129,0.9430,0.9652,0.9111,0.9213,0.7582,0.9124,1.0476,1.2276,1.1732,1.1030,0.9950,1.0608,1.0761,1.0490,1.0777,1.1085,0.9913,1.0172,1.0702,1.2576,1.0275,1.0725,1.1123,1.1725,1.1951,1.1765,1.1851,1.0491,1.1300,0.9939,0.8897,1.0114,0.9494,0.8986,0.9560,0.9564,0.9620,1.0100,0.9429,0.8253,0.8792,0.8063,0.9621,0.9759,0.9306,0.9953,1.0421,0.9936,1.1266,1.0152,1.0122,0.8814,1.0046,1.2092,1.0240,1.0410,1.0184,1.0229
flint_1,0.7717,0.8110,0.8418,0.9382,1.0139,1.0440,1.1011,0.9185,0.8952,0.9423,0.8828,0.8593,0.8627,0.9137,0.9560,0.9477,0.8691,0.8856,1.0227,1.0190,0.0000,0.7166,0.7681,0.7898,0.8240,0.8699,0.8762,0.8690,0.7773,0.7789,0.9584,0.7599,1.0841,0.9788,0.9010,0.8879,1.0409,1.0436,1.0367,0.9580,0.8306,0.8395,0.9367,0.8860,0.8808,0.9536,0.8592,0.8364,0.8696,0.8748,0.9220,0.9394,0.8436,0.9354,0.8883,0.9055,0.8976,0.9278,0.8900,1.0290,0.7965,0.8612,0.9672,1.0668,0.8812,1.0522,0.9579,0.8939,0.9002,0.9694,0.8780,0.9412,0.9495,1.0525,0.9994,1.0126,0.8227,1.0810,1.0305,0.9661,0.9474,0.9126,0.9350,0.8134,0.9713,1.0398,0.9247,0.8994,0.9290,0.9318,1.0450,0.9681,0.9932,0.9116,0.9552,0.9761,0.8429,0.9164,0.9424,0.9074,0.9347,0.9410,0.9739,1.0656,0.8673,0.8314,0.8560,1.1338,0.8742,1.0092,0.9805,0.9259,0.9546,0.8687,1.0223,0.8686,0.8683,1.2063,0.7803,1.0843,0.8333,0.8742,0.8950,0.8337
flint_2,0.8510,0.8442,0.8233,1.0471,1.0985,1.0663,1.0290,0.9500,0.9315,1.0518,0.8013,0.8272,0.8739,0.8956,0.8729,0.8979,0.8189,0.7802,0.8950,0.9551,0.7166,0.0000,0.6999,0.7344,0.8018,0.7989,0.8856,0.9019,0.8285,0.9017,0.8721,0.8577,0.9637,0.9093,0.9665,0.8629,0.9796,0.9845,0.9256,0.8920,0.8270,0.8573,0.8725,0.8789,0.8503,0.9047,0.8293,0.8486,0.8108,0.7912,0.8838,0.9087,0.8585,0.8579,0.8244,0.8437,0.9398,0.9359,0.8911,1.0851,0.8194,0.8819,0.8813,1.0377,0.9043,0.9567,0.8306,0.8852,0.8939,0.9436,0.8349,0.9316,0.9345,1.0696,1.0028,0.9571,0.8363,1.0195,0.9654,1.0084,0.9809,0.9335,0.8961,0.8609,0.9040,1.0558,0.9434,0.8725,0.9729,0.9879,1.0384,1.0428,1.0179,0.9636,1.0010,0.9349,0.8346,0.9126,0.8778,0.8275,0.9017,0.9114,0.9545,1.0066,0.9043,0.8413,0.7935,1.0765,0.8387,0.9231,0.9433,0.8364,0.8945,0.8596,1.0846,0.8918,0.8834,1.1724,0.8540,1.1023,0.9303,0.9069,0.9004,0.9288
flint_3,0.8211,0.8514,0.8654,0.9069,1.0308,1.0636,1.1151,0.9371,0.8889,0.9596,0.8241,0.8510,0.8351,0.9162,0.9197,0.9786,0.7689,0.7690,0.7815,0.8541,0.7681,0.6999,0.0000,0.7857,0.7450,0.7982,0.8711,0.8024,0.7964,0.8176,0.9516,0.7614,1.0453,0.8824,1.0390,0.7984,0.8337,1.0450,0.8240,0.8073,0.7384,0.8239,0.7390,0.8481,0.9295,0.9906,0.9382,0.9395,0.8394,0.8208,0.9458,0.9853,0.8276,0.9018,0.8816,0.9362,0.8753,0.9356,0.8814,1.1195,0.7733,0.7867,0.9561,0.9395,0.8813,0.9753,0.8988,0.9060,0.8594,0.9263,0.7701,0.9296,0.9827,1.1363,1.0965,1.0936,0.8700,1.0726,1.0333,0.9991,0.9838,0.9812,0.9038,0.9253,0.9635,1.0158,0.8758,0.8322,1.0069,0.9675,1.0897,1.0210,1.0377,0.9224,0.9756,0.9882,0.8301,0.9041,0.8656,0.8715,0.8534,0.9678,0.9301,1.0028,0.8012,0.7665,0.7604,1.0276,0.8619,0.9905,0.9220,0.9305,0.9433,0.8537,1.0862,0.9160,0.9109,1.1089,0.8794,1.1737,0.9534,0.9205,0.9256,0.9498
flint_4,0.8815,0.8857,0.9338,1.0599,1.0885,1.0271,1.0529,0.9483,0.9011,0.9976,0.8644,0.8577,0.8473,0.9082,0.9663,0.9111,0.8847,0.8066,1.0262,1.0096,0.7898,0.7344,0.7857,0.0000,0.8385,0.8787,0.9111,0.9831,0.8392,0.9294,0.9181,0.8547,1.0441,0.9591,1.0340,0.9629,1.0468,1.0530,0.9029,0.9460,0.8870,0.9282,0.9313,0.9969,0.9140,0.9623,0.8532,0.8617,0.8756,0.9292,0.8936,0.8918,0.9358,0.9217,0.9215,0.9613,0.9662,0.9383,0.9390,1.0727,0.8232,0.8490,0.9702,1.0058,0.9157,1.0108,0.8630,0.9293,1.0043,0.9420,0.8731,0.9334,1.0086,1.1117,1.0444,1.0742,0.9307,1.1142,1.0293,1.0040,1.0562,0.9886,0.9481,0.9454,0.9374,1.0492,0.9443,1.0054,1.0128,0.9887,1.0454,1.0308,1.0526,0.9821,1.0371,0.9150,0.8883,0.9893,0.9407,0.8778,0.8943,0.9392,0.9113,0.9405,0.9525,0.8669,0.8530,1.1649,0.8538,0.9125,0.9805,0.8378,0.9217,0.8804,1.0684,0.8935,0.8985,1.2586,0.8792,1.1308,0.9427,0.9711,0.9147,0.9394
hall_1,0.8154,0.8034,0.7847,0.8710,0.9842,1.0346,1.0279,0.8760,0.8808,1.0137,0.8532,0.8025,0.7672,0.8633,0.8389,0.8565,0.7420,0.7826,0.8804,0.8698,0.8240,0.8018,0.7450,0.8385,0.0000,0.6738,0.7301,0.8102,0.7824,0.8204,0.8894,0.8228,1.0504,0.8678,0.8963,0.7190,0.9030,1.0402,0.8699,0.8553,0.7352,0.7725,0.7874,0.8081,0.8220,0.9178,0.8948,0.8336,0.7647,0.8857,0.9163,0.8750,0.7736,0.8338,0.8122,0.8490,0.8406,0.8840,0.8876,1.0431,0.7159,0.7288,0.8560,0.9056,0.8284,0.9130,0.7983,0.8444,0.7985,0.8565,0.7099,0.8233,0.9132,1.0116,1.0337,1.0017,0.7382,1.0403,0.9215,0.9004,0.9355,0.8843,0.9214,0.8683,0.9572,1.1044,0.8499,0.8303,0.9787,0.9865,1.0221,1.0017,1.0102,0.8974,0.9465,0.8818,0.7119,0.8742,0.8584,0.7915,0.8363,0.8833,0.8483,0.8698,0.8127,0.7125,0.7294,0.9827,0.8054,0.8482,0.9292,0.7740,0.9040,0.8177,1.0307,0.8767,0.8525,1.1099,0.8037,1.1485,0.8643,0.8539,0.8700,0.8630
hall_2,0.8363,0.7995,0.8016,0.9510,0.9959,1.0308,1.0159,0.8107,0.9230,0.9881,0.8735,0.7686,0.7733,0.9131,0.8324,0.9088,0.7865,0.7559,0.9523,0.9118,0.8699,0.7989,0.7982,0.8787,0.6738,0.0000,0.8015,0.8183,0.7709,0.8049,0.8176,0.7942,0.9373,0.8414,0.9092,0.7755,0.9228,0.9257,0.8317,0.7904,0.7909,0.7929,0.8349,0.8254,0.8063,0.9436,0.9275,0.8734,0.7847,0.8323,0.7899,0.8442,0.7907,0.8626,0.8240,0.8699,0.8368,0.9703,0.8425,1.0392,0.7375,0.7401,0.8660,0.9951,0.9114,0.9384,0.8596,0.9102,0.8480,0.9274,0.7794,0.8900,0.8831,1.0565,1.0390,0.9899,0.7520,0.9911,0.9379,0.9692,0.8897,0.8777,0.9300,0.8500,0.9175,0.9894,0.8516,0.7980,0.9942,0.9671,1.0346,0.9636,1.0232,0.9384,0.9585,0.9237,0.8137,0.9657,0.9294,0.8716,0.8820,0.8636,0.9156,0.9410,0.8270,0.7937,0.7904,1.0672,0.8340,0.8740,0.8816,0.8373,0.8969,0.8144,1.0520,0.8818,0.8819,1.2082,0.8479,1.1720,0.9069,0.9410,0.8952,0.9063
hall_3,0.8210,0.7835,0.8465,0.9662,1.0357,1.1129,1.1253,0.9962,0.9495,1.0537,0.9046,0.7792,0.7977,0.9581,0.8298,0.9420,0.8750,0.9204,1.0230,0.9063,0.8762,0.8856,0.8711,0.9111,0.7301,0.8015,0.0000,0.8465,0.8515,0.8367,0.8852,0.8532,1.0783,0.8928,0.9366,0.8524,0.9452,0.9719,1.0638,0.9625,0.8480,0.7391,0.9132,0.8774,0.7787,0.9627,0.9064,0.9564,0.8141,0.8720,0.8545,0.9126,0.8056,0.8453,0.8884,0.8692,0.8608,1.0024,0.9478,1.1296,0.7690,0.7979,0.8075,0.9933,0.8859,0.9735,0.8985,0.9069,0.8717,0.8903,0.8349,0.8657,0.9374,1.0317,1.0812,1.0561,0.8641,1.1312,1.0644,1.1100,0.9024,0.8876,0.9362,0.8061,0.9514,1.1776,0.9518,0.9535,1.0630,1.0535,1.0755,1.0403,1.0556,0.9142,1.0135,0.9074,0.8257,0.9241,0.9182,0.8555,0.8778,0.9634,0.9179,0.9414,0.9355,0.8585,0.8416,1.0796,0.8039,0.9039,0.9598,0.8419,1.0592,0.9295,1.0610,0.8756,0.8716,1.2036,0.8459,1.1126,0.8903,0.9371,0.8741,0.8895
hall_4,0.8381,0.8430,0.8868,0.7614,0.9395,0.9863,1.0592,0.8754,0.8415,0.9590,0.8382,0.8661,0.7789,0.8614,0.8505,0.9015,0.8984,0.9609,0.9098,0.8950,0.8690,0.9019,0.8024,0.9831,0.8102,0.8183,0.8465,0.0000,0.8397,0.8354,0.9753,0.7987,1.2303,1.0230,0.9786,0.8657,1.0119,1.1173,1.0752,1.0486,0.7021,0.9876,0.8935,0.8158,1.0449,1.1071,1.0001,0.8850,0.9933,1.0685,1.0793,1.0147,0.9353,0.9856,1.0368,1.0906,0.7830,0.9438,0.9052,1.0983,0.8249,0.8884,0.9957,0.9561,0.8510,1.0291,0.9444,0.9362,0.7998,0.9010,0.8321,0.9253,1.0192,1.1109,1.1673,1.1467,0.8536,1.0737,1.0333,1.0141,0.9008,0.9378,0.9258,0.9232,1.0452,1.1886,0.9371,0.8663,0.9747,1.0458,1.1090,1.0073,1.0174,0.9916,0.9209,0.9105,0.8378,0.9223,0.9413,0.8792,0.9504,1.0150,1.0051,1.0343,0.8893,0.8350,0.7888,1.0766,0.9377,1.0124,0.8972,0.9211,0.9798,0.9493,0.9685,0.9197,0.9238,1.1737,0.8119,1.1615,0.8528,0.8651,0.9466,0.8527
paulding_1,0.7450,0.8078,0.8728,0.8472,0.9061,0.9222,0.9483,0.7292,0.8734,0.8964,0.7850,0.7676,0.7769,0.8904,0.8666,0.8992,0.8775,0.9539,1.0017,1.0282,0.7773,0.8285,0.7964,0.8392,0.7824,0.7709,0.8515,0.8397,0.0000,0.7208,0.7654,0.6521,1.1165,0.9144,0.8664,0.9048,1.0689,1.0223,0.9983,0.9476,0.7399,0.8830,0.8951,0.8590,0.8547,0.9515,0.8489,0.8074,0.9511,0.9555,0.9551,0.8679,0.8687,0.9038,0.8946,0.9439,0.7094,0.8935,0.7621,0.9074,0.7785,0.8039,0.9263,1.0799,0.8294,1.0004,0.9162,0.8965,0.8974,0.9623,0.9602,0.9221,0.8913,0.9641,0.8901,0.9305,0.6864,0.9143,0.8625,0.8447,0.9111,0.8725,0.8527,0.8467,0.8535,0.9203,0.7909,0.8338,0.8588,0.8476,0.8786,0.8523,0.9489,0.8495,0.8671,0.8941,0.7884,0.9271,0.8824,0.8708,0.8451,0.9689,0.9635,1.0069,0.8490,0.8808,0.8094,1.1346,0.8230,0.9233,0.8871,0.8808,0.8538,0.8813,0.9994,0.8633,0.8706,1.2625,0.7853,1.1384,0.8462,0.8639,0.9076,0.8443
paulding_2,0.7972,0.8044,0.8542,0.8451,0.9791,1.0358,1.0625,0.8094,0.8958,1.0017,0.8790,0.7887,0.8246,0.8994,0.8659,0.9887,0.8905,0.8594,0.9928,1.0255,0.7789,0.9017,0.8176,0.9294,0.8204,0.8049,0.8367,0.8354,0.7208,0.0000,0.8723,0.7603,1.0966,0.9363,0.9199,0.8489,1.0315,1.0082,1.0344,0.9884,0.7665,0.8371,0.8803,0.8092,0.8849,1.0292,0.9339,0.8737,0.8830,0.9680,0.9395,0.9219,0.8281,0.8439,0.8326,0.9039,0.7947,0.9523,0.8639,1.0205,0.8273,0.7818,0.9203,1.0351,0.8670,0.9492,0.9235,0.9259,0.8470,0.9437,0.8723,0.9157,0.9368,0.9786,0.9906,1.0220,0.8068,1.0247,0.9662,0.9796,0.9073,0.9331,0.8913,0.8777,0.9024,1.0194,0.8104,0.8323,0.9353,0.9492,1.0394,0.9846,1.0098,0.8949,0.9654,0.9437,0.8816,0.9941,0.9187,0.8926,0.8815,0.9583,0.9680,1.0040,0.8991,0.8714,0.8351,1.1474,0.9033,0.9398,0.9390,0.8661,0.9445,0.9150,1.0313,0.8901,0.9103,1.2186,0.8512,1.2154,0.9202,0.9494,0.9248,0.9143
paulding_3,0.7889,0.8615,0.8976,1.0054,0.9368,0.9812,0.9713,0.8370,0.9863,0.9941,0.8561,0.7814,0.8487,0.9010,0.8998,0.8861,1.0344,0.9783,1.1725,1.0834,0.9584,0.8721,0.9516,0.9181,0.8894,0.8176,0.8852,0.9753,0.7654,0.8723,0.0000,0.8776,1.0843,1.0032,0.9556,1.0235,1.1717,1.0238,1.1094,1.0598,0.8674,0.9876,1.0435,0.9346,0.8961,1.0564,0.9273,0.8492,1.0091,0.9742,0.9216,0.8425,0.9356,0.9569,0.9545,0.9398,0.8335,0.9145,0.8664,1.0006,0.7775,0.8157,0.9128,1.1206,0.8719,1.0378,0.9535,0.8873,0.9258,0.9908,0.9648,0.9676,0.8713,1.0146,0.9584,0.9811,0.8214,0.9360,0.8755,0.9138,0.9146,0.8613,0.8791,0.9113,0.9048,0.9203,0.8489,0.9363,0.9143,0.8302,0.9431,0.9231,0.9552,0.8804,0.9465,0.9541,0.8824,0.9445,0.9171,0.9566,0.9198,0.9502,0.9599,1.0631,0.9830,0.9552,0.8311,1.2666,0.8654,0.9541,1.0122,0.9003,0.8819,0.9020,0.9608,0.9266,0.9173,1.3541,0.8230,1.1072,0.9005,0.8728,0.9305,0.8963
paulding_4,0.7192,0.8027,0.8662,0.8966,0.9209,0.9070,0.9789,0.8193,0.8558,0.9111,0.7758,0.8108,0.8136,0.9403,0.8852,0.9668,0.8156,0.8705,0.9539,0.9469,0.7599,0.8577,0.7614,0.8547,0.8228,0.7942,0.8532,0.7987,0.6521,0.7603,0.8776,0.0000,1.1048,0.9235,0.9270,0.8260,1.0465,1.0786,0.9597,0.9033,0.7085,0.8680,0.8339,0.7563,0.8498,1.0120,0.9051,0.9142,0.8862,0.8973,0.9281,0.8875,0.8717,0.9385,0.9227,0.9304,0.8366,0.9440,0.8083,0.9752,0.7909,0.8151,0.9336,1.0532,0.8311,1.0282,0.9453,0.9003,0.8545,0.9086,0.8904,0.8850,0.9552,0.9759,0.9611,0.9661,0.7786,1.0296,0.9704,0.9624,0.9423,0.8564,0.8841,0.8470,0.9577,1.0063,0.8765,0.8150,0.9135,0.8765,1.0244,0.9453,0.9264,0.8741,0.9206,0.9581,0.8571,0.9753,0.9123,0.9166,0.8675,0.9397,1.0290,1.0138,0.8671,0.8094,0.8294,1.1346,0.8399,0.9603,0.8863,0.8785,0.8629,0.8107,0.9861,0.8336,0.8501,1.2404,0.8020,1.1286,0.8775,0.8664,0.8728,0.8717
pike_1,1.0699,1.0217,1.0585,1.2166,1.3252,1.2425,1.1890,1.1067,1.1577,1.2090,1.1148,0.9259,0.9855,1.0615,1.0934,1.0717,0.9580,0.8730,1.0984,1.0565,1.0841,0.9637,1.0453,1.0441,1.0504,0.9373,1.0783,1.2303,1.1165,1.0966,1.0843,1.1048,0.0000,0.8341,1.0404,0.9489,1.0604,0.9644,0.9265,0.9345,1.0954,1.0108,1.0264,1.0965,1.0023,0.9825,1.0389,1.0957,0.9278,0.9038,0.9344,1.0105,0.9736,0.9125,0.9359,0.8994,1.1354,1.0697,1.0888,1.2268,0.9227,1.0400,1.0287,1.1349,1.1374,1.0814,1.0111,1.1565,1.1236,1.1426,1.0049,1.0758,1.0456,1.1227,1.1584,1.1021,1.0425,1.2195,1.1369,1.1793,1.1750,1.1086,1.0954,1.0480,0.9826,1.1733,1.0978,1.0903,1.1269,1.1534,1.1984,1.2062,1.2225,1.0705,1.1797,1.1155,1.0898,1.1537,1.1308,1.0669,1.0936,1.0664,1.0004,1.1593,1.1070,1.0389,1.0364,1.2185,1.0134,1.0227,1.0427,0.9548,1.1159,0.9912,1.3040,1.1245,1.1056,1.2450,1.0998,1.4105,1.1692,1.1782,1.1059,1.1693
pike_2,0.9100,0.9436,0.9268,1.0759,1.0748,1.0690,0.9904,0.9520,0.9546,1.0168,0.9580,0.8189,0.8679,0.9222,0.8828,0.9255,0.8146,0.8390,0.9749,0.9564,0.9788,0.9093,0.8824,0.9591,0.8678,0.8414,0.8928,1.0230,0.9144,0.9363,1.0032,0.9235,0.8341,0.0000,0.9193,0.7961,1.0050,0.9486,0.9307,0.9440,0.9212,0.9228,0.9580,0.9745,0.8590,0.9917,0.9386,0.9595,0.8533,0.9240,0.9151,0.9617,0.8917,0.8459,0.8449,0.9324,1.0089,0.9583,0.9606,1.0673,0.8339,0.8797,0.9158,1.0208,0.9866,0.9884,0.8640,0.9921,0.9881,0.9369,0.9754,0.9395,0.9885,1.0697,1.0692,0.9990,0.8533,1.0392,1.0143,1.0059,1.0838,1.0312,1.0170,0.9331,0.9447,1.1384,0.9430,0.9709,1.0100,1.0228,1.1039,1.0455,1.0639,1.0113,1.0465,1.0812,0.9259,0.9928,1.0111,0.9717,1.0219,0.9752,0.9753,1.0270,0.9745,0.9139,0.9192,1.0714,0.9509,0.9401,0.9250,0.9010,0.9882,0.8560,1.1516,0.9472,0.9403,1.1894,0.9357,1.2155,0.9872,1.0204,0.9589,0.9879
pike_3,0.8612,0.8270,0.8343,0.9347,0.9354,0.9778,1.0059,0.9271,0.8374,0.9398,0.8574,0.8379,0.7922,0.8624,0.8176,0.8882,0.9971,1.0163,1.1072,1.0182,0.9010,0.9665,1.0390,1.0340,0.8963,0.9092,0.9366,0.9786,0.8664,0.9199,0.9556,0.9270,1.0404,0.9193,0.0000,0.7928,1.0681,1.0608,1.1543,1.1024,0.9514,0.9774,1.0366,0.8548,0.8828,1.0612,0.8483,0.7947,0.8932,0.9961,0.9985,0.8225,0.9243,1.0072,1.0278,1.0701,0.9869,0.9758,0.9345,1.0827,0.8534,0.9035,0.9340,1.0424,0.8910,0.9999,0.9502,0.8419,0.8966,0.9310,0.9232,0.8112,0.9528,1.0701,1.0575,1.0227,0.8708,1.0228,1.0279,0.8955,1.0118,0.9549,0.9563,0.9241,1.0609,1.1058,0.9745,0.9648,0.8879,1.0372,1.0615,0.9895,0.9409,0.8788,0.9128,0.9830,0.9221,1.0291,0.9915,0.9749,1.0133,1.0416,1.0616,1.0805,1.0347,0.9379,0.9101,1.1293,0.9092,0.9854,0.9474,0.8854,0.9679,0.9699,1.0257,0.8627,0.8725,1.1715,0.7799,1.1559,0.8907,0.8288,0.8948,0.8916
pike_4,0.8693,0.8363,0.8570,0.8932,1.0168,1.0357,1.0594,0.9407,0.8499,1.0132,0.8767,0.8317,0.7825,0.8395,0.8918,0.9202,0.7543,0.7816,0.8053,0.7417,0.8879,0.8629,0.7984,0.9629,0.7190,0.7755,0.8524,0.8657,0.9048,0.8489,1.0235,0.8260,0.9489,0.7961,0.7928,0.0000,0.7930,0.9851,0.9349,0.8909,0.8034,0.8962,0.7718,0.7499,0.8864,0.9763,0.9237,0.9085,0.7461,0.8515,0.9013,0.9375,0.8431,0.9140,0.8728,0.9676,0.8938,0.8841,0.9613,1.1195,0.7671,0.7651,0.8559,0.7970,0.8728,0.9451,0.8181,0.8534,0.7840,0.8651,0.7826,0.8484,0.9263,1.1196,1.0826,1.0438,0.8351,1.0601,1.0184,1.0001,0.9788,0.9698,0.9704,0.9377,0.9967,1.2077,0.9157,0.8418,1.0125,1.0411,1.0972,1.0437,1.0347,0.8965,0.9791,0.9435,0.7801,0.9418,0.8759,0.8712,0.9781,0.9260,0.9342,0.9444,0.8905,0.7527,0.7934,0.9146,0.8128,0.9048,0.9088,0.8913,1.0083,0.8984,1.0700,0.9594,0.9749,1.0049,0.8995,1.2281,0.9481,0.9751,0.9974,0.9480
biddle_1,1.0296,1.0006,0.9828,1.0730,1.2510,1.2447,1.2454,1.1401,0.9999,1.1713,1.0789,0.9880,0.9514,1.0330,1.0208,1.0530,0.8141,0.8796,0.8370,0.6322,1.0409,0.9796,0.8337,1.0468,0.9030,0.9228,0.9452,1.0119,1.0689,1.0315,1.1717,1.0465,1.0604,1.0050,1.0681,0.7930,0.0000,1.0629,0.9874,1.0000,0.9554,0.9611,0.9376,0.9427,1.0245,0.9905,1.0425,1.0945,0.8525,0.9232,1.0299,1.1160,0.8386,0.9531,1.0043,1.0120,1.0872,1.0193,1.0873,1.2836,0.8866,0.9445,0.9980,0.7478,1.0171,1.0249,0.9791,1.0309,0.8899,0.9759,0.7524,0.9783,1.0395,1.2707,1.2595,1.1623,1.0399,1.2139,1.1853,1.1705,1.0970,1.1271,1.0747,1.0502,1.1549,1.2836,1.0925,1.0416,1.2247,1.2147,1.3163,1.2770,1.2791,1.0752,1.2341,1.0819,0.9618,1.0630,0.9954,0.9465,1.0062,0.9998,1.0099,1.0520,0.9753,0.8637,0.9262,0.9527,0.9950,1.0880,1.0454,1.0243,1.2152,1.0769,1.2971,1.0605,1.0293,1.0695,1.0618,1.2968,1.1038,1.1033,1.0452,1.1029
biddle_2,1.0148,1.0411,1.0168,1.1812,1.2140,1.1867,1.1850,1.0171,1.0803,1.1443,1.0783,0.8952,0.9769,1.0240,1.0516,1.0586,0.9665,0.9147,1.1632,1.0617,1.0436,0.9845,1.0450,1.0530,1.0402,0.9257,0.9719,1.1173,1.0223,1.0082,1.0238,1.0786,0.9644,0.9486,1.0608,0.9851,1.0629,0.0000,1.0030,0.9648,1.0180,0.9290,1.1138,0.9777,0.9087,0.9351,1.0332,1.0230,0.9377,0.9317,0.9188,1.0462,0.8873,0.8886,0.9270,0.9028,1.1084,1.0750,1.0731,1.2183,0.8385,0.9033,0.9261,1.0951,1.1088,1.1004,0.9817,1.0935,1.0667,1.0886,1.0381,1.0538,0.9729,1.1433,1.1401,1.0536,0.9870,1.1492,1.1068,1.1400,1.1538,1.0980,1.0265,1.0513,1.1382,1.2180,1.0508,1.0411,1.1425,1.1545,1.1649,1.1380,1.2045,1.0029,1.1566,1.0588,0.9532,1.1148,1.0272,1.0368,1.1105,1.0816,1.0293,1.0972,1.1210,0.9918,1.0527,1.2181,0.9490,0.9175,1.0190,0.9327,1.1350,1.0926,1.3019,1.1176,1.0915,1.3334,1.0887,1.3088,1.1369,1.1640,1.0940,1.1373
biddle_3,1.0602,1.0445,0.9800,1.1136,1.2210,1.1787,1.1774,1.0289,1.1017,1.1022,1.0613,0.9747,0.9889,1.0553,1.0956,1.0666,0.7721,0.7730,0.8865,1.0245,1.0367,0.9256,0.8240,0.9029,0.8699,0.8317,1.0638,1.0752,0.9983,1.0344,1.1094,0.9597,0.9265,0.9307,1.1543,0.9349,0.9874,1.0030,0.0000,0.6741,0.9824,0.9412,0.8680,1.0148,1.0284,1.0219,1.0727,1.1074,0.9722,0.9138,0.9573,1.0137,0.9887,0.8651,0.8824,0.9352,1.0965,1.1474,1.0895,1.1582,0.9358,0.9503,1.0494,1.1442,1.1088,1.0667,0.9471,1.1077,0.9979,1.0647,0.9557,1.1066,1.0995,1.2458,1.2038,1.1331,1.0248,1.2167,1.1213,1.1476,1.1788,1.1267,1.0847,1.0752,1.1271,1.1968,1.0331,1.0366,1.1487,1.1315,1.2699,1.2115,1.2195,1.1231,1.2199,1.1404,0.9723,1.0888,1.0864,1.0059,1.0289,1.0488,1.0594,1.0861,0.9468,0.9432,0.9414,1.2075,0.9887,0.9951,1.0370,0.9301,1.0245,0.9523,1.2786,1.0635,1.0542,1.2343,1.0809,1.3187,1.1454,1.1240,1.0646,1.1447
biddle_4,0.9818,1.0544,0.9797,1.1052,1.1756,1.1675,1.2134,1.0281,1.0893,1.1404,1.0703,0.9248,0.9779,1.0039,1.0892,1.0993,0.8268,0.7602,0.9718,1.0049,0.9580,0.8920,0.8073,0.9460,0.8553,0.7904,0.9625,1.0486,0.9476,0.9884,1.0598,0.9033,0.9345,0.9440,1.1024,0.8909,1.0000,0.9648,0.6741,0.0000,0.8388,0.8605,0.9007,0.9189,0.9466,0.9055,0.9613,1.0644,0.8640,0.7975,0.8360,0.9781,0.9125,0.8590,0.8778,0.8863,1.0521,1.0986,1.0653,1.2634,0.8585,0.9383,0.9703,1.1693,1.0986,1.0636,0.9712,1.0734,0.9873,1.0676,0.9406,1.0706,0.9815,1.1909,1.1940,1.0927,0.9999,1.2165,1.1799,1.1762,1.0754,1.0408,1.0364,1.0096,1.0678,1.1602,1.0070,1.0016,1.1449,1.1361,1.2456,1.2380,1.1614,1.0627,1.1672,1.0670,0.9707,1.0819,1.0624,0.9933,1.0029,1.0458,1.0440,1.0909,0.9881,0.9308,0.9111,1.2400,0.9667,0.9778,1.0534,0.9638,1.0753,0.9861,1.2252,1.0110,0.9880,1.2875,0.9969,1.2517,1.0142,1.1097,1.0074,1.0152
gregg_1,0.7679,0.7520,0.8208,0.8375,0.8938,0.9661,1.0139,0.7742,0.8370,0.8998,0.7934,0.8198,0.6881,0.8112,0.8573,0.8681,0.8062,0.8468,0.8769,0.8929,0.8306,0.8270,0.7384,0.8870,0.7352,0.7909,0.8480,0.7021,0.7399,0.7665,0.8674,0.7085,1.0954,0.9212,0.9514,0.8034,0.9554,1.0180,0.9824,0.8388,0.0000,0.7862,0.7574,0.6958,0.9126,1.0081,0.9023,0.8405,0.8385,0.8958,0.9380,0.8602,0.7987,0.8823,0.8555,0.9078,0.7797,0.9298,0.8152,1.0478,0.7487,0.7720,0.9265,0.9124,0.8550,0.9218,0.8650,0.8559,0.8146,0.8446,0.7750,0.8755,0.9651,1.0433,1.0429,0.9885,0.7745,1.0046,0.9563,0.9573,0.8430,0.8662,0.7722,0.7783,1.0029,1.0825,0.8114,0.8118,0.9498,0.9376,1.0092,0.9775,0.9355,0.9253,0.9175,0.8948,0.7634,0.8598,0.8730,0.8503,0.8752,0.9050,0.9343,0.9860,0.8605,0.7387,0.7358,1.0942,0.8323,0.9052,0.8595,0.8586,0.8584,0.8296,0.9112,0.7967,0.7783,1.1415,0.7520,1.0405,0.7611,0.8351,0.7945,0.7547
gregg_2,0.8662,0.8849,0.8135,1.0076,1.0587,1.1359,1.1349,0.9901,0.9885,1.0703,0.9894,0.8481,0.9135,0.9553,0.8787,0.9890,0.8470,0.7675,1.0161,1.0175,0.8395,0.8573,0.8239,0.9282,0.7725,0.7929,0.7391,0.9876,0.8830,0.8371,0.9876,0.8680,1.0108,0.9228,0.9774,0.8962,0.9611,0.9290,0.9412,0.8605,0.7862,0.0000,0.8374,0.8781,0.7890,0.8791,0.9595,0.9168,0.8640,0.8086,0.9057,0.9884,0.7983,0.8760,0.7817,0.8398,0.9927,1.0864,0.9048,1.1381,0.8243,0.8809,0.8591,1.0972,0.9580,0.9257,0.8820,0.9542,0.9218,0.9474,0.8641,0.9394,0.9159,1.0386,1.0719,0.9894,0.9332,1.1533,1.1206,1.1100,0.9724,0.8380,0.9884,0.8427,0.9997,1.1358,0.9797,0.9170,1.0196,1.0387,1.1666,1.0846,1.0875,0.9731,1.0983,0.9713,0.8785,0.9961,0.9765,0.9317,0.9976,0.9740,0.9472,1.0770,0.8957,0.8274,0.9206,1.1758,0.8414,0.9672,0.9511,0.8891,1.0042,0.8708,1.1246,0.8702,0.8452,1.3147,0.8793,1.1456,0.9570,0.9192,0.8542,0.9578
gregg_3,0.8710,0.8918,0.8726,0.8760,0.9936,1.1405,1.1200,0.9549,0.9263,1.0462,0.8991,0.8941,0.8606,0.8696,0.8967,0.9737,0.7690,0.8133,0.7554,0.9085,0.9367,0.8725,0.7390,0.9313,0.7874,0.8349,0.9132,0.8935,0.8951,0.8803,1.0435,0.8339,1.0264,0.9580,1.0366,0.7718,0.9376,1.1138,0.8680,0.9007,0.7574,0.8374,0.0000,0.8033,0.9991,1.0489,1.0344,0.9492,0.9054,0.9343,0.9731,0.9997,0.8816,0.9133,0.9016,0.9578,0.9299,1.0668,0.9518,1.1234,0.8880,0.8612,1.0451,0.9878,0.9528,0.9676,0.9413,0.9381,0.8881,0.9048,0.8130,0.9307,1.0064,1.1502,1.1425,1.1367,0.9251,1.1187,1.0880,1.0716,1.0050,1.0417,0.9809,0.9795,1.0409,1.1984,0.9321,0.8332,1.0516,1.1124,1.1829,1.0729,1.1487,1.0016,1.0835,0.9867,0.8643,1.0012,0.9619,0.9127,0.9431,1.0308,1.0138,0.9799,0.8994,0.7199,0.8482,1.1090,0.8978,0.9870,0.8909,0.9580,0.9441,0.8884,1.1053,0.9501,0.9550,1.1214,0.9376,1.2097,0.9786,0.9954,0.9729,0.9771
gregg_4,0.8558,0.7925,0.8448,0.8728,0.9842,1.0532,1.0872,0.9058,0.8565,0.9687,0.8758,0.8901,0.8227,0.9296,0.8862,1.0122,0.8398,0.8728,0.9099,0.8909,0.8860,0.8789,0.8481,0.9969,0.8081,0.8254,0.8774,0.8158,0.8590,0.8092,0.9346,0.7563,1.0965,0.9745,0.8548,0.7499,0.9427,0.9777,1.0148,0.9189,0.6958,0.8781,0.8033,0.0000,0.8705,1.0173,0.9503,0.8781,0.8780,0.8803,0.8924,0.9811,0.8119,0.9106,0.8925,0.9399,0.8614,0.9567,0.9244,1.0927,0.8144,0.8118,0.9086,0.9787,0.8449,0.9985,0.9532,0.8772,0.7965,0.9055,0.8225,0.9219,0.8668,1.0965,1.1120,1.0640,0.8488,1.0470,1.0519,1.0021,0.9775,0.9490,0.9036,0.9075,1.0419,1.0877,0.8506,0.8344,0.9606,1.0283,1.0823,1.0507,1.0074,0.9547,0.9210,0.9283,0.8426,0.9316,0.8848,0.8910,0.9411,0.9899,0.9570,1.0173,0.8813,0.7619,0.8053,1.0833,0.8390,0.9733,0.9319,0.8609,0.9930,0.9466,0.9977,0.9026,0.9075,1.1152,0.8425,1.2061,0.8825,0.9014,0.9293,0.8818
pattie_1,0.8742,0.8389,0.8814,1.0401,1.0822,1.0944,1.0780,0.9536,1.0058,1.0167,0.9609,0.8020,0.8801,0.9486,0.8654,0.9636,0.8851,0.8228,1.0997,1.0105,0.8808,0.8503,0.9295,0.9140,0.8220,0.8063,0.7787,1.0449,0.8547,0.8849,0.8961,0.8498,1.0023,0.8590,0.8828,0.8864,1.0245,0.9087,1.0284,0.9466,0.9126,0.7890,0.9991,0.8705,0.0000,0.7786,0.7769,0.8938,0.8484,0.8792,0.8827,0.8943,0.8345,0.8929,0.8661,0.8868,1.0061,1.0141,0.9458,1.0549,0.7774,0.8489,0.7864,1.0739,0.9209,0.9516,0.8874,0.9114,0.9192,0.9186,0.8850,0.8465,0.8562,1.0592,1.0497,0.9893,0.8058,1.0332,1.0071,0.9725,0.9030,0.8493,0.9395,0.8487,0.9713,1.0993,0.9459,0.9332,1.0186,0.9899,1.0803,1.0514,1.0436,0.9330,1.0212,0.9596,0.9212,1.0419,1.0348,0.9457,1.0102,0.9972,0.9731,1.0391,0.9520,0.9373,0.8865,1.1659,0.8121,0.9403,0.9598,0.8499,0.9703,0.9049,1.1631,0.9210,0.9058,1.2673,0.8782,1.1725,0.9678,0.9082,0.9212,0.9680
pattie_2,1.0435,1.0476,0.9530,1.1695,1.2370,1.1945,1.1850,1.0805,1.1109,1.2056,1.0678,0.8888,0.9994,1.0488,1.0173,1.0440,0.9461,0.8256,1.1307,1.0323,0.9536,0.9047,0.9906,0.9623,0.9178,0.9436,0.9627,1.1071,0.9515,1.0292,1.0564,1.0120,0.9825,0.9917,1.0612,0.9763,0.9905,0.9351,1.0219,0.9055,1.0081,0.8791,1.0489,1.0173,0.7786,0.0000,0.8284,1.0133,0.9220,0.9336,0.9284,1.0451,0.9247,0.8282,0.8824,0.8626,1.1430,1.0709,1.0641,1.1999,0.8382,0.9708,0.9693,1.1743,1.0642,1.0297,0.8862,1.0280,1.0518,0.9880,0.9463,1.0184,0.9308,1.1185,1.1581,1.0389,0.9783,1.2025,1.1129,1.0933,1.0558,0.9570,0.9922,0.9380,1.0599,1.2269,1.0647,1.0585,1.0998,1.1116,1.1831,1.1636,1.1609,1.0885,1.2163,1.0121,0.9616,1.1665,1.0939,1.0464,1.0814,1.0462,1.0026,1.1002,1.0461,0.9967,0.9821,1.2071,0.9421,1.0006,1.0658,0.9285,1.0738,0.9783,1.2296,1.0391,0.9814,1.3730,1.0236,1.3010,1.0864,1.0783,0.9989,1.0871
pattie_3,0.8358,0.8339,0.8946,1.0135,1.0564,1.0575,1.0511,0.9631,0.9361,1.0500,0.9376,0.8262,0.8032,0.8265,0.8650,0.8990,0.9592,0.8694,1.0796,1.0260,0.8592,0.8293,0.9382,0.8532,0.8948,0.9275,0.9064,1.0001,0.8489,0.9339,0.9273,0.9051,1.0389,0.9386,0.8483,0.9237,1.0425,1.0332,1.0727,0.9613,0.9023,0.9595,1.0344,0.9503,0.7769,0.8284,0.0000,0.8402,0.9081,0.9464,0.9096,0.8840,0.8812,0.9051,0.9498,0.9077,0.9638,0.9228,0.9351,1.0327,0.7696,0.8813,0.8470,1.0572,0.8577,0.9904,0.8647,0.9046,0.8630,0.9059,0.8582,0.8881,0.8400,1.0393,0.9722,0.8896,0.8781,0.9723,0.9733,0.9336,0.9738,0.9436,0.9303,0.8523,0.9269,1.1072,0.9439,0.9894,0.9678,1.0180,1.0354,1.0348,1.0168,0.9226,1.0087,0.8884,0.9157,1.0018,0.9888,0.9504,0.9316,0.9884,0.9681,1.0249,0.9984,0.9850,0.8858,1.1837,0.8757,0.8848,0.9622,0.8632,0.9655,0.9258,1.0920,0.9068,0.8820,1.2743,0.8447,1.1741,0.9183,0.9336,0.8975,0.9110
pattie_4,0.7995,0.8254,0.8389,0.9554,0.9112,0.9128,0.9641,0.8255,0.8786,0.9155,0.8097,0.7886,0.8068,0.8132,0.8059,0.8209,1.0129,0.8963,1.1162,0.9838,0.8364,0.8486,0.9395,0.8617,0.8336,0.8734,0.9564,0.8850,0.8074,0.8737,0.8492,0.9142,1.0957,0.9595,0.7947,0.9085,1.0945,1.0230,1.1074,1.0644,0.8405,0.9168,0.9492,0.8781,0.8938,1.0133,0.8402,0.0000,0.9457,0.9752,1.0092,0.8295,0.8740,0.9593,0.9471,0.9952,0.9109,0.8386,0.8186,0.9731,0.8495,0.8338,0.8698,1.0215,0.8766,0.9750,0.8742,0.8364,0.8920,0.9226,0.8622,0.8664,0.9088,0.9556,0.9522,0.9584,0.7869,0.8892,0.8999,0.7929,1.0080,0.9220,0.8586,0.9063,0.9810,1.0037,0.8933,0.9581,0.8676,0.9319,0.8982,0.9173,0.9084,0.9017,0.9152,0.9449,0.8335,0.9607,0.9820,0.8624,0.9579,0.9662,0.9990,0.9881,0.9325,0.9173,0.8537,1.1244,0.9049,0.9024,0.8593,0.8655,0.8297,0.8149,0.8757,0.8262,0.8392,1.2406,0.7388,1.0991,0.8286,0.7927,0.8638,0.8287
tjames_1,0.9113,0.8859,0.8769,1.0709,1.1103,1.1140,1.0691,1.0139,0.9532,1.0824,0.9226,0.8279,0.8613,0.9709,0.9946,0.9906,0.7851,0.8016,0.9227,0.8677,0.8696,0.8108,0.8394,0.8756,0.7647,0.7847,0.8141,0.9933,0.9511,0.8830,1.0091,0.8862,0.9278,0.8533,0.8932,0.7461,0.8525,0.9377,0.9722,0.8640,0.8385,0.8640,0.9054,0.8780,0.8484,0.9220,0.9081,0.9457,0.0000,0.7409,0.7591,0.9147,0.8377,0.8309,0.8731,0.8953,0.9563,0.9993,0.9725,1.1526,0.7256,0.7868,0.8262,0.9370,0.9313,0.9444,0.9106,0.9504,0.9002,0.9119,0.7454,0.9135,0.9728,1.1697,1.1318,1.0311,0.8726,1.0891,1.1009,1.0283,0.9891,0.9692,0.9612,0.9228,1.0161,1.1357,0.9405,0.9790,1.0947,1.0610,1.1136,1.0836,1.0892,0.9512,1.0828,1.0119,0.8495,0.9885,0.9161,0.8332,0.9153,0.9045,0.9191,0.9663,0.9496,0.7535,0.8883,1.0563,0.8594,0.9319,0.9809,0.8123,1.0692,0.9152,1.1457,0.9074,0.9107,1.0934,0.9374,1.1897,0.9975,1.0090,0.9206,0.9942
tjames_2,0.9425,0.9843,0.9190,1.0686,1.1338,1.1075,1.1102,1.0084,0.9876,1.0925,0.9527,0.8340,0.8871,0.9902,0.9951,1.0599,0.8052,0.7944,0.9777,0.9191,0.8748,0.7912,0.8208,0.9292,0.8857,0.8323,0.8720,1.0685,0.9555,0.9680,0.9742,0.8973,0.9038,0.9240,0.9961,0.8515,0.9232,0.9317,0.9138,0.7975,0.8958,0.8086,0.9343,0.8803,0.8792,0.9336,0.9464,0.9752,0.7409,0.0000,0.7969,0.8609,0.8682,0.7904,0.8444,0.8655,1.0135,0.9932,0.9627,1.1529,0.8053,0.8420,0.8171,1.0171,0.9683,0.9840,0.9457,0.9563,0.9396,1.0188,0.8854,0.9857,0.9622,1.1368,1.1137,0.9973,0.9073,1.0869,1.0409,1.0984,1.0554,0.9485,1.0011,0.9648,0.9436,1.0789,0.9416,0.9605,1.0924,0.9772,1.0811,1.0410,1.0712,0.9715,1.0951,1.0053,0.8790,1.0348,0.9576,0.9237,0.9290,0.9386,0.9739,1.0520,0.9721,0.8686,0.8929,1.1253,0.8493,0.9704,0.9935,0.8186,1.0060,0.9116,1.1704,0.9432,0.9408,1.1917,0.9575,1.1755,1.0332,1.0323,0.9417,1.0323
tjames_3,0.9432,0.9357,0.9114,1.1586,1.1548,1.1060,1.1346,1.0530,1.0010,1.1196,1.0005,0.8685,0.8976,1.0358,1.0226,1.0023,0.8452,0.8766,1.0737,0.9989,0.9220,0.8838,0.9458,0.8936,0.9163,0.7899,0.8545,1.0793,0.9551,0.9395,0.9216,0.9281,0.9344,0.9151,0.9985,0.9013,1.0299,0.9188,0.9573,0.8360,0.9380,0.9057,0.9731,0.8924,0.8827,0.9284,0.9096,1.0092,0.7591,0.7969,0.0000,0.8965,0.9322,0.8715,0.8779,0.8536,1.0783,1.0347,1.0071,1.1162,0.8359,0.8466,0.8070,1.1383,1.0384,0.9738,0.9265,1.0185,1.0103,0.9751,0.9417,0.9903,0.9347,1.1326,1.0629,0.9641,0.8979,1.0701,1.0520,1.1011,1.0937,0.9344,1.0157,0.9179,0.9478,1.0778,0.9542,0.9833,1.0893,1.0114,1.1022,1.0505,1.1179,0.9919,1.0990,1.0315,0.9189,1.0911,1.0211,1.0081,1.0081,0.9893,0.9552,0.9827,1.0149,0.9181,0.9233,1.1936,0.8807,0.9597,0.9954,0.8447,1.0157,0.9343,1.1898,0.9144,0.9193,1.2989,1.0014,1.2154,1.0647,1.0642,0.9209,1.0633
tjames_4,0.8827,0.8941,0.9292,1.0389,1.0092,1.0107,0.9710,0.8818,0.9599,0.9095,0.9171,0.8048,0.8629,0.9373,0.9233,0.9227,0.9751,0.9307,1.1270,1.0697,0.9394,0.9087,0.9853,0.8918,0.8750,0.8442,0.9126,1.0147,0.8679,0.9219,0.8425,0.8875,1.0105,0.9617,0.8225,0.9375,1.1160,1.0462,1.0137,0.9781,0.8602,0.9884,0.9997,0.9811,0.8943,1.0451,0.8840,0.8295,0.9147,0.8609,0.8965,0.0000,0.9035,0.8782,0.9257,0.9939,0.9285,1.0127,0.9267,0.9602,0.8425,0.8233,0.8649,1.1391,0.9226,1.0090,0.9886,0.9827,0.9706,1.0425,0.9215,1.0004,0.9424,1.0157,0.9875,0.9721,0.8480,0.9733,0.9958,0.8904,1.0029,0.8889,0.9310,0.9145,0.9145,1.0070,0.9263,0.9926,0.9232,0.9702,0.9560,0.9142,0.9279,0.8955,0.9913,0.9726,0.9568,1.0943,1.0207,0.9845,0.9901,0.9779,1.0330,1.0514,1.0378,0.9738,0.8610,1.2555,0.9091,0.9263,1.0025,0.8415,0.8766,0.8571,1.0519,0.9000,0.8939,1.2956,0.8838,1.1196,0.9362,0.9791,0.9039,0.9297
irving_1,0.8330,0.8506,0.8676,0.9455,1.0988,1.0789,1.1165,0.9552,0.9646,1.0127,0.9481,0.7490,0.8430,0.9715,0.8764,0.9449,0.8620,0.8116,0.9488,0.8395,0.8436,0.8585,0.8276,0.9358,0.7736,0.7907,0.8056,0.9353,0.8687,0.8281,0.9356,0.8717,0.9736,0.8917,0.9243,0.8431,0.8386,0.8873,0.9887,0.9125,0.7987,0.7983,0.8816,0.8119,0.8345,0.9247,0.8812,0.8740,0.8377,0.8682,0.9322,0.9035,0.0000,0.7082,0.7816,0.8540,0.8789,0.9104,0.9423,1.0653,0.7182,0.7796,0.8244,0.8766,0.8678,0.9835,0.8859,0.9131,0.8724,0.8967,0.8130,0.9068,0.9363,1.0167,0.9908,1.0300,0.7839,1.0430,0.9715,0.9840,0.9614,0.9467,0.9090,0.8655,0.9992,1.1098,0.9230,0.8748,1.0107,1.0066,1.0859,1.0373,0.9731,0.8832,1.0351,0.8644,0.8029,0.9351,0.9315,0.8451,0.9366,0.9661,0.9164,1.0245,0.8938,0.8794,0.7852,1.0863,0.8667,0.9019,0.9388,0.8603,0.9459,0.9474,1.0773,0.9280,0.9162,1.1665,0.8769,1.1613,0.9100,0.9589,0.9311,0.9090
irving_2,0.8914,0.9112,0.8782,1.0774,1.0986,1.0891,1.1017,0.9375,1.0245,1.0790,0.9343,0.7943,0.9148,0.9722,0.8681,0.9612,0.8309,0.7747,0.9768,0.9459,0.9354,0.8579,0.9018,0.9217,0.8338,0.8626,0.8453,0.9856,0.9038,0.8439,0.9569,0.9385,0.9125,0.8459,1.0072,0.9140,0.9531,0.8886,0.8651,0.8590,0.8823,0.8760,0.9133,0.9106,0.8929,0.8282,0.9051,0.9593,0.8309,0.7904,0.8715,0.8782,0.7082,0.0000,0.6166,0.6261,0.9622,0.8980,0.9444,1.0611,0.6959,0.8113,0.8425,1.0179,0.9871,0.9158,0.8110,1.0148,0.9433,0.9041,0.8589,0.9760,0.8586,0.9895,0.9581,0.9426,0.8873,1.0449,0.9276,1.0459,0.9970,0.9272,0.9732,0.8766,0.9330,1.0592,0.9049,0.9719,1.0141,0.9572,1.0179,1.0227,1.0767,0.9309,1.0524,0.9361,0.8816,1.0187,0.9740,0.9200,0.9781,0.9200,0.8593,0.9443,0.9748,0.8993,0.8558,1.1402,0.8641,0.9070,0.8691,0.8284,0.9758,0.8831,1.1595,0.9458,0.9138,1.1838,0.9548,1.2086,0.9714,1.0471,0.9089,0.9688
irving_3,0.9202,0.9175,0.9103,1.0652,1.1558,1.1378,1.1276,0.9809,1.0362,1.1135,0.9742,0.8378,0.9395,0.9640,0.9380,0.9772,0.8267,0.7735,0.9825,1.1038,0.8883,0.8244,0.8816,0.9215,0.8122,0.8240,0.8884,1.0368,0.8946,0.8326,0.9545,0.9227,0.9359,0.8449,1.0278,0.8728,1.0043,0.9270,0.8824,0.8778,0.8555,0.7817,0.9016,0.8925,0.8661,0.8824,0.9498,0.9471,0.8731,0.8444,0.8779,0.9257,0.7816,0.6166,0.0000,0.7019,0.9921,0.9833,0.9204,1.0921,0.7653,0.8755,0.8756,1.1170,0.9937,0.9538,0.8362,1.0100,0.9460,0.9700,0.8980,0.9895,0.8974,0.9971,1.0270,1.0213,0.8887,1.1294,0.9930,1.0370,1.0008,0.8968,1.0031,0.8704,0.9294,1.0712,0.9370,0.9149,1.0126,0.9979,1.1211,1.0933,1.1166,0.9672,1.1415,0.9494,0.8927,0.9957,0.9861,0.9399,0.9666,0.9062,0.8818,0.9945,0.9489,0.8881,0.8402,1.2098,0.8427,0.8889,0.9459,0.8622,1.0101,0.8604,1.1710,0.9436,0.9264,1.3085,0.9297,1.1886,0.9507,1.0437,0.9248,0.9490
irving_4,0.9701,0.9560,0.9305,1.1027,1.1591,1.1233,1.1644,0.9632,1.1003,1.1619,0.9952,0.9154,0.9701,1.0309,0.9987,1.0143,0.8428,0.7157,1.0159,1.0098,0.9055,0.8437,0.9362,0.9613,0.8490,0.8699,0.8692,1.0906,0.9439,0.9039,0.9398,0.9304,0.8994,0.9324,1.0701,0.9676,1.0120,0.9028,0.9352,0.8863,0.9078,0.8398,0.9578,0.9399,0.8868,0.8626,0.9077,0.9952,0.8953,0.8655,0.8536,0.9939,0.8540,0.6261,0.7019,0.0000,1.0222,0.9807,0.9868,1.1048,0.7910,0.9225,0.8320,1.0649,1.0766,0.9632,0.8740,1.0240,0.9485,0.9523,0.9314,1.0060,0.8338,1.0570,1.0268,0.9820,0.9611,1.0740,1.0168,1.0985,1.0370,0.9785,1.0602,0.9025,0.8743,1.0715,0.9372,0.9658,1.0385,1.0268,1.0961,1.1386,1.1404,0.9942,1.1727,1.0141,0.9297,1.0654,1.0313,0.9251,1.0030,0.9638,0.9416,0.9914,1.0217,0.8972,0.9192,1.2089,0.9103,0.9336,0.9394,0.8894,1.0459,0.9080,1.2233,0.9807,0.9644,1.2416,0.9690,1.2383,1.0042,1.0285,0.9620,1.0023
bagby_1,0.7910,0.8596,0.9280,0.8759,0.9737,1.0289,0.9537,0.7916,0.9257,0.8978,0.8321,0.8344,0.8549,0.9966,0.9025,0.9892,1.0019,0.9810,1.0628,0.9915,0.8976,0.9398,0.8753,0.9662,0.8406,0.8368,0.8608,0.7830,0.7094,0.7947,0.8335,0.8366,1.1354,1.0089,0.9869,0.8938,1.0872,1.1084,1.0965,1.0521,0.7797,0.9927,0.9299,0.8614,1.0061,1.1430,0.9638,0.9109,0.9563,1.0135,1.0783,0.9285,0.8789,0.9622,0.9921,1.0222,0.0000,0.9057,0.8236,0.9719,0.8399,0.8303,0.9341,0.9933,0.7560,1.0700,1.0490,0.8935,0.8838,0.9983,0.9300,0.9574,0.9544,1.0677,1.0624,1.0711,0.7635,1.0062,0.9859,0.9270,0.8630,0.9859,0.8728,0.9079,0.9565,1.0573,0.8763,0.8735,0.8957,0.9119,0.9684,0.9105,0.9295,0.8643,0.8897,0.8875,0.7936,0.8747,0.8846,0.9097,0.8540,0.9856,1.0154,1.0682,0.8373,0.8438,0.7882,1.1387,0.9082,0.9492,0.9435,0.9623,0.9325,0.9061,0.9478,0.9395,0.9690,1.1847,0.7785,1.1428,0.8286,0.8707,0.9775,0.8291
bagby_2,0.8685,0.9327,0.9707,0.9670,1.0142,1.0354,1.0299,0.9031,0.9532,1.0134,0.9648,0.8976,0.9448,0.9335,0.9339,0.9236,0.9048,0.9487,1.0476,0.8228,0.9278,0.9359,0.9356,0.9383,0.8840,0.9703,1.0024,0.9438,0.8935,0.9523,0.9145,0.9440,1.0697,0.9583,0.9758,0.8841,1.0193,1.0750,1.1474,1.0986,0.9298,1.0864,1.0668,0.9567,1.0141,1.0709,0.9228,0.8386,0.9993,0.9932,1.0347,1.0127,0.9104,0.8980,0.9833,0.9807,0.9057,0.0000,0.9333,0.9470,0.7964,0.8808,0.8866,0.8701,0.9425,1.0325,0.9161,0.9293,1.0010,1.0051,0.9206,0.9439,0.9264,0.9616,0.9397,0.9428,0.8321,0.8721,0.8614,0.8640,1.0278,1.0255,0.9856,0.9785,0.8295,0.9097,0.9365,1.0697,0.8679,0.8914,0.7999,0.9570,1.0128,0.9854,0.9746,0.9430,0.8722,0.9686,0.9293,0.9255,0.9810,0.9843,1.0036,1.0005,0.9908,0.9511,0.8822,1.0210,0.9671,0.9587,0.9480,0.9092,0.8227,0.8977,1.0118,1.0707,1.0833,1.0173,0.9558,1.2043,0.9856,0.9987,1.0962,0.9847
bagby_3,0.8194,0.8592,0.8739,0.9890,1.0206,1.0759,1.0066,0.8209,0.9562,0.9925,0.8005,0.8184,0.8531,0.9398,0.9553,0.9362,0.9437,0.9262,1.1033,1.0337,0.8900,0.8911,0.8814,0.9390,0.8876,0.8425,0.9478,0.9052,0.7621,0.8639,0.8664,0.8083,1.0888,0.9606,0.9345,0.9613,1.0873,1.0731,1.0895,1.0653,0.8152,0.9048,0.9518,0.9244,0.9458,1.0641,0.9351,0.8186,0.9725,0.9627,1.0071,0.9267,0.9423,0.9444,0.9204,0.9868,0.8236,0.9333,0.0000,0.9452,0.8276,0.8746,0.8898,1.0896,0.9401,1.0602,0.9990,0.8672,0.9613,0.9346,0.8980,0.9438,0.8779,0.9379,0.9572,0.9838,0.8311,0.9987,0.9775,0.9578,0.8963,0.8633,0.8419,0.8532,0.9059,0.9791,0.9038,0.9035,0.8852,0.9307,0.9025,0.9208,0.9715,0.8914,0.9427,0.8742,0.8742,0.9386,0.9228,0.8505,0.8479,0.9504,0.9576,1.0170,0.9360,0.8388,0.8587,1.1553,0.8602,0.8918,0.8815,0.8887,0.8931,0.8882,1.0129,0.8749,0.8619,1.3178,0.7852,1.1056,0.8934,0.7904,0.8828,0.8929
bagby_4,0.9401,1.0075,1.0054,1.0728,1.0227,1.0341,1.0689,0.8653,1.0674,0.9210,0.9980,0.9907,1.0245,1.0728,1.0082,1.0594,1.1609,1.1416,1.3013,1.1963,1.0290,1.0851,1.1195,1.0727,1.0431,1.0392,1.1296,1.0983,0.9074,1.0205,1.0006,0.9752,1.2268,1.0673,1.0827,1.1195,1.2836,1.2183,1.1582,1.2634,1.0478,1.1381,1.1234,1.0927,1.0549,1.1999,1.0327,0.9731,1.1526,1.1529,1.1162,0.9602,1.0653,1.0611,1.0921,1.1048,0.9719,0.9470,0.9452,0.0000,0.9433,0.9495,1.0893,1.2336,1.0724,1.1649,1.1315,1.0666,1.1547,1.1067,1.0792,1.0971,1.1056,0.9912,0.8914,1.0454,0.8822,0.9512,0.8221,0.8309,1.1370,1.0070,0.9806,1.0079,0.9327,0.8944,0.9608,1.0904,0.8318,0.8353,0.8753,0.8607,1.0142,0.9946,1.0223,1.0664,1.1151,1.2125,1.1809,1.1389,1.0616,1.1739,1.1899,1.1935,1.0636,1.1334,1.0197,1.3107,1.0323,1.0730,0.9968,0.9801,0.7931,0.9215,1.0719,1.0362,1.0491,1.3799,1.0123,1.2551,1.0459,1.0508,1.0594,1.0407
cooke_1,0.7564,0.8095,0.8130,0.9053,0.9517,0.9831,0.9829,0.8669,0.8738,0.9681,0.8387,0.7427,0.7320,0.8371,0.8157,0.8004,0.8389,0.8003,0.9628,0.8157,0.7965,0.8194,0.7733,0.8232,0.7159,0.7375,0.7690,0.8249,0.7785,0.8273,0.7775,0.7909,0.9227,0.8339,0.8534,0.7671,0.8866,0.8385,0.9358,0.8585,0.7487,0.8243,0.8880,0.8144,0.7774,0.8382,0.7696,0.8495,0.7256,0.8053,0.8359,0.8425,0.7182,0.6959,0.7653,0.7910,0.8399,0.7964,0.8276,0.9433,0.0000,0.6002,0.6695,0.8557,0.7643,0.8022,0.7416,0.8632,0.7429,0.7864,0.7666,0.8348,0.7918,0.9426,0.8791,0.8760,0.7544,0.9605,0.8637,0.9413,0.8531,0.7573,0.8008,0.7489,0.8383,0.9838,0.8465,0.8716,0.9212,0.8881,0.9324,0.9595,0.9975,0.8167,0.9369,0.8422,0.7818,0.8852,0.8161,0.8078,0.7896,0.8022,0.7458,0.8273,0.8231,0.7582,0.7944,1.0260,0.7554,0.7998,0.8391,0.7971,0.9109,0.8012,1.0268,0.8569,0.8296,1.1330,0.8063,1.0872,0.8466,0.8935,0.8397,0.8376
cooke_2,0.8014,0.7617,0.8403,0.9183,0.9781,1.0072,1.0263,0.8402,0.8525,0.9237,0.8182,0.7579,0.7113,0.7961,0.8219,0.8492,0.8797,0.8182,0.9813,0.8745,0.8612,0.8819,0.7867,0.8490,0.7288,0.7401,0.7979,0.8884,0.8039,0.7818,0.8157,0.8151,1.0400,0.8797,0.9035,0.7651,0.9445,0.9033,0.9503,0.9383,0.7720,0.8809,0.8612,0.8118,0.8489,0.9708,0.8813,0.8338,0.7868,0.8420,0.8466,0.8233,0.7796,0.8113,0.8755,0.9225,0.8303,0.8808,0.8746,0.9495,0.6002,0.0000,0.7334,0.8683,0.7793,0.8340,0.7896,0.8709,0.8182,0.8321,0.7777,0.8204,0.8426,0.9407,0.9065,0.9419,0.7375,0.9084,0.8304,0.8673,0.9233,0.9123,0.8254,0.8485,0.9595,0.9977,0.7808,0.8689,0.9380,0.8427,0.9541,0.9012,0.9566,0.7896,0.9394,0.8200,0.7260,0.8867,0.8036,0.8253,0.8685,0.8699,0.8325,0.9023,0.8585,0.8088,0.7773,1.0747,0.8011,0.8577,0.8575,0.7901,0.9089,0.8642,1.0171,0.8718,0.8674,1.1153,0.7891,1.0986,0.8216,0.9099,0.8752,0.8157
cooke_3,0.9019,0.8608,0.8930,1.0488,1.1402,1.1059,1.0919,0.9875,1.0243,1.1116,0.9854,0.8401,0.8871,0.9349,0.9503,0.8992,0.8770,0.8629,1.0535,0.9316,0.9672,0.8813,0.9561,0.9702,0.8560,0.8660,0.8075,0.9957,0.9263,0.9203,0.9128,0.9336,1.0287,0.9158,0.9340,0.8559,0.9980,0.9261,1.0494,0.9703,0.9265,0.8591,1.0451,0.9086,0.7864,0.9693,0.8470,0.8698,0.8262,0.8171,0.8070,0.8649,0.8244,0.8425,0.8756,0.8320,0.9341,0.8866,0.8898,1.0893,0.6695,0.7334,0.0000,0.9528,0.8854,0.8958,0.7961,0.9015,0.9188,0.9522,0.8717,0.9123,0.8132,1.0265,0.9564,0.8394,0.8411,0.9537,0.9728,0.9825,0.9329,0.8395,0.8902,0.8349,0.8734,1.0477,0.9247,0.9461,0.9983,0.9808,0.9906,1.0105,1.0498,0.8581,1.0259,0.9020,0.8495,0.9927,1.0015,0.9011,0.9199,0.8695,0.9275,0.9788,0.9327,0.9167,0.8618,1.1169,0.7946,0.8277,0.8765,0.8419,1.0133,0.9300,1.0911,0.9975,0.9845,1.2070,0.9018,1.1588,0.9812,0.9448,0.9855,0.9767
cooke_4,0.9754,0.9572,1.0159,1.0142,1.1925,1.1865,1.1902,1.0911,0.9587,1.0760,1.0161,0.9553,0.8749,1.0018,0.9349,1.0034,0.9151,0.9644,0.9241,0.5663,1.0668,1.0377,0.9395,1.0058,0.9056,0.9951,0.9933,0.9561,1.0799,1.0351,1.1206,1.0532,1.1349,1.0208,1.0424,0.7970,0.7478,1.0951,1.1442,1.1693,0.9124,1.0972,0.9878,0.9787,1.0739,1.1743,1.0572,1.0215,0.9370,1.0171,1.1383,1.1391,0.8766,1.0179,1.1170,1.0649,0.9933,0.8701,1.0896,1.2336,0.8557,0.8683,0.9528,0.0000,0.9200,0.9606,0.9409,0.8738,0.9040,0.9193,0.7633,0.8735,1.0774,1.2842,1.2064,1.1678,1.0346,1.1137,1.1140,1.0661,1.1003,1.1464,1.0178,1.1000,1.1608,1.3235,1.0920,1.0917,1.1814,1.1773,1.2557,1.1653,1.1972,1.0685,1.1477,0.9797,0.8664,0.9990,0.8895,0.8707,0.9523,0.9241,0.9096,0.9775,0.9872,0.8240,0.8988,0.7505,0.9803,0.9744,0.9607,1.0245,1.1130,1.0389,1.1737,1.0836,1.0743,0.8498,1.0437,1.2409,1.0270,1.1059,1.0815,1.0255
cooke_lee_1,0.7831,0.7515,0.8450,0.9044,0.9643,0.9499,0.9483,0.8764,0.8428,0.9164,0.7880,0.8247,0.7563,0.8209,0.8018,0.8685,0.9826,0.9883,1.0349,0.9961,0.8812,0.9043,0.8813,0.9157,0.8284,0.9114,0.8859,0.8510,0.8294,0.8670,0.8719,0.8311,1.1374,0.9866,0.8910,0.8728,1.0171,1.1088,1.1088,1.0986,0.8550,0.9580,0.9528,0.8449,0.9209,1.0642,0.8577,0.8766,0.9313,0.9683,1.0384,0.9226,0.8678,0.9871,0.9937,1.0766,0.7560,0.9425,0.9401,1.0724,0.7643,0.7793,0.8854,0.9200,0.0000,0.9147,0.8830,0.7410,0.7530,0.8158,0.8251,0.8090,1.0160,1.0959,1.0543,1.0426,0.8578,0.9929,0.9885,0.9257,0.9117,0.9417,0.8438,0.8647,1.0070,1.1233,0.9286,0.8988,0.9491,0.9256,0.9996,0.9481,0.8745,0.7779,0.8654,0.8239,0.8293,0.9156,0.8789,0.9234,0.9469,0.9590,0.9742,1.0236,0.8987,0.8809,0.7855,1.0722,0.8671,0.9388,0.8808,0.8963,0.9527,0.9136,0.9738,0.8923,0.9054,1.1967,0.7668,1.1816,0.8876,0.8339,0.9366,0.8875
cooke_lee_2,0.9249,0.9585,0.9881,1.0821,1.1448,1.1495,1.1930,1.0652,1.0092,1.0942,0.9967,0.9316,0.9223,0.9659,0.9529,0.9752,0.9249,0.8810,0.9732,1.0129,1.0522,0.9567,0.9753,1.0108,0.9130,0.9384,0.9735,1.0291,1.0004,0.9492,1.0378,1.0282,1.0814,0.9884,0.9999,0.9451,1.0249,1.1004,1.0667,1.0636,0.9218,0.9257,0.9676,0.9985,0.9516,1.0297,0.9904,0.9750,0.9444,0.9840,0.9738,1.0090,0.9835,0.9158,0.9538,0.9632,1.0700,1.0325,1.0602,1.1649,0.8022,0.8340,0.8958,0.9606,0.9147,0.0000,0.7017,0.9115,0.9477,0.8531,0.8135,0.9177,0.9982,1.1763,1.0996,1.0619,0.9789,1.0999,1.0673,1.0368,1.1063,0.9710,0.9768,0.9879,1.0317,1.1874,1.0098,0.9866,1.1190,1.1656,1.1830,1.1157,1.1505,1.0021,1.1250,0.9355,0.9375,1.0810,0.9752,0.9700,0.9930,1.0258,0.9384,0.9994,1.0202,0.8930,0.8851,1.1021,0.8065,0.9716,0.8171,0.9275,1.0381,0.9453,1.1694,1.0146,0.9841,1.1648,0.9610,1.2752,1.0093,1.0104,0.9873,1.0071
cooke_lee_3,0.8431,0.8827,0.8887,1.0338,1.0981,1.0959,1.0811,0.9781,0.9340,1.0602,0.9477,0.8411,0.8190,0.8611,0.9225,0.8220,0.8174,0.7855,0.9458,0.9430,0.9579,0.8306,0.8988,0.8630,0.7983,0.8596,0.8985,0.9444,0.9162,0.9235,0.9535,0.9453,1.0111,0.8640,0.9502,0.8181,0.9791,0.9817,0.9471,0.9712,0.8650,0.8820,0.9413,0.9532,0.8874,0.8862,0.8647,0.8742,0.9106,0.9457,0.9265,0.9886,0.8859,0.8110,0.8362,0.8740,1.0490,0.9161,0.9990,1.1315,0.7416,0.7896,0.7961,0.9409,0.8830,0.7017,0.0000,0.8463,0.8896,0.8195,0.8008,0.8879,0.8535,1.0831,1.0059,0.9572,0.9031,1.0709,0.9482,1.0002,1.0144,0.9292,0.8829,0.9123,0.9841,1.1683,0.9552,0.9468,1.0401,1.0476,1.1199,1.0717,1.0702,0.9551,1.0480,0.8642,0.8871,0.9737,0.9451,0.8669,0.9683,0.9696,0.8799,0.9234,0.9566,0.8864,0.8672,1.0060,0.8458,0.9107,0.7939,0.8724,0.9474,0.8638,1.1017,0.9610,0.9460,1.2198,0.8828,1.1865,0.9047,0.9925,0.9613,0.9026
cooke_lee_4,0.7989,0.8434,0.8762,1.0104,0.9703,1.0348,1.0400,0.9336,0.8508,0.9649,0.7633,0.8327,0.8076,0.8175,0.8332,0.8736,0.9790,0.9558,1.0478,0.9652,0.8939,0.8852,0.9060,0.9293,0.8444,0.9102,0.9069,0.9362,0.8965,0.9259,0.8873,0.9003,1.1565,0.9921,0.8419,0.8534,1.0309,1.0935,1.1077,1.0734,0.8559,0.9542,0.9381,0.8772,0.9114,1.0280,0.9046,0.8364,0.9504,0.9563,1.0185,0.9827,0.9131,1.0148,1.0100,1.0240,0.8935,0.9293,0.8672,1.0666,0.8632,0.8709,0.9015,0.8738,0.7410,0.9115,0.8463,0.0000,0.9040,0.8767,0.8651,0.8648,0.9686,1.1048,1.0033,1.0594,0.8495,1.0051,0.9636,0.9268,0.9881,0.9457,0.7714,0.9241,1.0479,1.1499,0.8963,0.9307,0.9781,0.9371,1.0363,0.9430,0.9596,0.7947,0.9560,0.8677,0.8115,0.9183,0.8831,0.8852,0.9613,0.9989,0.9742,1.0267,0.9802,0.8884,0.8029,1.0490,0.8414,0.9465,0.8552,0.8917,0.9094,0.8799,0.9077,0.9438,0.9417,1.1818,0.7858,1.0510,0.8052,0.8619,0.9589,0.8053
davis_1,0.8332,0.8029,0.7881,0.7194,1.0170,1.0924,1.1262,0.9283,0.8217,1.0205,0.8983,0.8542,0.7066,0.7780,0.8228,0.8750,0.8448,0.8833,0.9233,0.9111,0.9002,0.8939,0.8594,1.0043,0.7985,0.8480,0.8717,0.7998,0.8974,0.8470,0.9258,0.8545,1.1236,0.9881,0.8966,0.7840,0.8899,1.0667,0.9979,0.9873,0.8146,0.9218,0.8881,0.7965,0.9192,1.0518,0.8630,0.8920,0.9002,0.9396,1.0103,0.9706,0.8724,0.9433,0.9460,0.9485,0.8838,1.0010,0.9613,1.1547,0.7429,0.8182,0.9188,0.9040,0.7530,0.9477,0.8896,0.9040,0.0000,0.7665,0.6532,0.7446,0.9612,1.1386,1.1398,1.1014,0.8550,1.0845,1.0719,1.0335,0.9083,0.9231,0.9190,0.8725,1.0060,1.1348,0.9879,0.8699,1.0072,1.0560,1.1720,1.0659,1.0941,0.9073,1.0188,0.9636,0.8614,0.9161,0.9067,0.8573,0.9268,0.9321,0.9681,0.9453,0.9248,0.7934,0.7758,1.0393,0.8520,0.9263,0.8793,0.9356,1.0722,0.9212,1.0411,0.8445,0.8504,1.0960,0.7781,1.2050,0.8489,0.8451,0.8653,0.8491
davis_2,0.8290,0.7980,0.8086,0.8901,1.0442,1.0158,1.0306,0.9595,0.8270,0.9597,0.8125,0.8273,0.7837,0.8307,0.8035,0.7957,0.9327,0.9376,1.0001,0.9213,0.9694,0.9436,0.9263,0.9420,0.8565,0.9274,0.8903,0.9010,0.9623,0.9437,0.9908,0.9086,1.1426,0.9369,0.9310,0.8651,0.9759,1.0886,1.0647,1.0676,0.8446,0.9474,0.9048,0.9055,0.9186,0.9880,0.9059,0.9226,0.9119,1.0188,0.9751,1.0425,0.8967,0.9041,0.9700,0.9523,0.9983,1.0051,0.9346,1.1067,0.7864,0.8321,0.9522,0.9193,0.8158,0.8531,0.8195,0.8767,0.7665,0.0000,0.7474,0.6076,0.9980,1.1912,1.1230,1.1060,0.9730,1.1054,1.0751,1.0461,1.0026,0.8791,0.8941,0.9215,1.0817,1.1927,0.9798,0.9480,0.9118,1.0245,1.1438,0.9886,1.0462,0.9393,1.0415,0.9145,0.8807,0.9093,0.9647,0.9010,0.9422,0.9836,0.9130,0.9240,0.9310,0.8455,0.8065,1.0216,0.8542,0.9054,0.8249,0.8764,1.0091,0.8994,1.0176,0.9227,0.9120,1.1391,0.8380,1.1411,0.8960,0.9145,0.9266,0.8945
davis_3,0.8654,0.7382,0.7712,0.8700,1.0924,1.1446,1.0916,0.9674,0.8845,1.0099,0.9088,0.8281,0.7199,0.8456,0.8578,0.9200,0.7756,0.7579,0.8051,0.7582,0.8780,0.8349,0.7701,0.8731,0.7099,0.7794,0.8349,0.8321,0.9602,0.8723,0.9648,0.8904,1.0049,0.9754,0.9232,0.7826,0.7524,1.0381,0.9557,0.9406,0.7750,0.8641,0.8130,0.8225,0.8850,0.9463,0.8582,0.8622,0.7454,0.8854,0.9417,0.9215,0.8130,0.8589,0.8980,0.9314,0.9300,0.9206,0.8980,1.0792,0.7666,0.7777,0.8717,0.7633,0.8251,0.8135,0.8008,0.8651,0.6532,0.7474,0.0000,0.7124,0.9365,1.1222,1.1282,1.0750,0.9070,1.0861,1.0682,0.9919,0.8700,0.9220,0.8835,0.8944,1.0249,1.1077,0.9517,0.8847,1.0332,1.0309,1.1575,1.0534,1.1111,0.9520,1.0859,0.9400,0.8105,0.9223,0.8562,0.7822,0.8078,0.8446,0.8273,0.8505,0.8255,0.6923,0.7586,0.9232,0.8206,0.9124,0.8756,0.8433,0.9845,0.8355,1.0324,0.8514,0.8333,0.9528,0.8492,1.1903,0.8577,0.9148,0.8486,0.8552
davis_4,0.8267,0.7704,0.7757,0.8667,0.9835,0.9756,1.0090,0.9482,0.7800,0.9338,0.8429,0.8715,0.7381,0.7836,0.7822,0.8402,0.9139,0.9186,0.9989,0.9124,0.9412,0.9316,0.9296,0.9334,0.8233,0.8900,0.8657,0.9253,0.9221,0.9157,0.9676,0.8850,1.0758,0.9395,0.8112,0.8484,0.9783,1.0538,1.1066,1.0706,0.8755,0.9394,0.9307,0.9219,0.8465,1.0184,0.8881,0.8664,0.9135,0.9857,0.9903,1.0004,0.9068,0.9760,0.9895,1.0060,0.9574,0.9439,0.9438,1.0971,0.8348,0.8204,0.9123,0.8735,0.8090,0.9177,0.8879,0.8648,0.7446,0.6076,0.7124,0.0000,1.0091,1.1430,1.1219,1.0817,0.8933,1.0747,1.0140,0.9892,0.9933,0.9139,0.9176,0.9235,1.0398,1.1657,0.9730,0.9134,0.9222,0.9983,1.0926,0.9962,1.0399,0.8531,0.9943,0.9842,0.8972,0.9787,0.9474,0.9471,0.9197,0.9609,0.9489,0.9553,0.9412,0.8638,0.8227,0.9809,0.8673,0.9211,0.8671,0.8601,1.0022,0.9427,1.0458,0.8696,0.8755,1.0886,0.8470,1.1389,0.9275,0.8861,0.9034,0.9275
page_1,0.8982,0.9774,0.9640,1.0897,1.1308,1.1918,1.1252,0.9628,1.0352,1.1554,0.9997,0.9366,0.9259,0.9409,0.9669,0.9473,0.9636,0.9122,1.1625,1.0476,0.9495,0.9345,0.9827,1.0086,0.9132,0.8831,0.9374,1.0192,0.8913,0.9368,0.8713,0.9552,1.0456,0.9885,0.9528,0.9263,1.0395,0.9729,1.0995,0.9815,0.9651,0.9159,1.0064,0.8668,0.8562,0.9308,0.8400,0.9088,0.9728,0.9622,0.9347,0.9424,0.9363,0.8586,0.8974,0.8338,0.9544,0.9264,0.8779,1.1056,0.7918,0.8426,0.8132,1.0774,1.0160,0.9982,0.8535,0.9686,0.9612,0.9980,0.9365,1.0091,0.0000,0.8649,0.9014,0.7882,0.8399,1.0395,0.9714,1.0173,0.8816,0.7831,0.9275,0.9153,0.8865,0.9970,0.8940,0.9659,0.9370,1.0110,0.9909,1.0351,1.0493,0.9137,1.0840,0.9207,0.9321,0.9850,1.0142,0.9197,1.0058,0.8716,0.8945,1.0254,1.0253,0.9398,0.8802,1.2149,0.8453,0.9172,1.0266,0.9614,1.0263,0.9788,1.2299,1.0333,0.9918,1.2856,0.9506,1.2032,0.9891,1.0457,0.9940,0.9862
page_2,0.9711,1.0082,1.1276,1.1247,1.2067,1.1696,1.1934,1.0288,1.1205,1.1257,1.0534,1.0391,1.0263,1.0259,1.0120,1.0783,1.1379,1.1096,1.3474,1.2276,1.0525,1.0696,1.1363,1.1117,1.0116,1.0565,1.0317,1.1109,0.9641,0.9786,1.0146,0.9759,1.1227,1.0697,1.0701,1.1196,1.2707,1.1433,1.2458,1.1909,1.0433,1.0386,1.1502,1.0965,1.0592,1.1185,1.0393,0.9556,1.1697,1.1368,1.1326,1.0157,1.0167,0.9895,0.9971,1.0570,1.0677,0.9616,0.9379,0.9912,0.9426,0.9407,1.0265,1.2842,1.0959,1.1763,1.0831,1.1048,1.1386,1.1912,1.1222,1.1430,0.8649,0.0000,0.6860,0.8010,0.8649,0.9539,0.8984,1.0304,1.0579,0.9736,1.0147,1.0389,0.9634,0.9560,0.9534,1.0602,0.9864,1.0511,0.9337,1.0899,1.1056,1.0288,1.0506,1.0286,0.9968,1.0445,1.0829,1.0203,1.0734,1.0988,1.1155,1.1310,1.1420,1.1658,1.0000,1.3410,1.0348,1.0313,1.0817,0.9901,0.9913,1.0536,1.1928,1.0760,1.0641,1.4780,1.0299,1.2142,1.0840,1.0903,1.0628,1.0828
page_3,0.9392,1.0298,1.0765,1.1465,1.1310,1.0740,1.1417,1.0078,1.1090,1.0545,1.0315,0.9547,1.0254,1.0338,1.0043,1.0155,1.0996,1.1321,1.2780,1.1732,0.9994,1.0028,1.0965,1.0444,1.0337,1.0390,1.0812,1.1673,0.8901,0.9906,0.9584,0.9611,1.1584,1.0692,1.0575,1.0826,1.2595,1.1401,1.2038,1.1940,1.0429,1.0719,1.1425,1.1120,1.0497,1.1581,0.9722,0.9522,1.1318,1.1137,1.0629,0.9875,0.9908,0.9581,1.0270,1.0268,1.0624,0.9397,0.9572,0.8914,0.8791,0.9065,0.9564,1.2064,1.0543,1.0996,1.0059,1.0033,1.1398,1.1230,1.1282,1.1219,0.9014,0.6860,0.0000,0.7940,0.8122,0.8629,0.8189,0.8740,1.0365,0.9742,1.0101,1.0180,0.9524,0.9566,0.9795,1.0568,0.9635,0.9222,0.8456,0.9813,1.0387,0.9702,0.9996,0.9868,0.9885,1.0701,1.0528,1.0289,1.1057,1.1097,1.0549,1.1451,1.1536,1.1441,1.0141,1.3243,0.9653,1.0166,0.9965,0.9959,0.8928,1.0045,1.1721,1.0775,1.0636,1.4428,1.0408,1.2346,1.0980,1.0801,1.0732,1.0914
page_4,0.9831,1.0508,1.0445,1.1809,1.2186,1.1463,1.1092,1.0630,1.1147,1.1619,1.0550,0.9703,1.0130,1.0286,1.0154,1.0132,1.0279,1.0287,1.2446,1.1030,1.0126,0.9571,1.0936,1.0742,1.0017,0.9899,1.0561,1.1467,0.9305,1.0220,0.9811,0.9661,1.1021,0.9990,1.0227,1.0438,1.1623,1.0536,1.1331,1.0927,0.9885,0.9894,1.1367,1.0640,0.9893,1.0389,0.8896,0.9584,1.0311,0.9973,0.9641,0.9721,1.0300,0.9426,1.0213,0.9820,1.0711,0.9428,0.9838,1.0454,0.8760,0.9419,0.8394,1.1678,1.0426,1.0619,0.9572,1.0594,1.1014,1.1060,1.0750,1.0817,0.7882,0.8010,0.7940,0.0000,0.8854,0.9677,0.9011,1.0137,1.0277,0.9844,0.9920,0.9624,0.9324,1.0436,0.9403,1.0337,0.9915,1.0383,0.9437,1.0718,1.1038,0.9853,1.0872,1.0186,0.9635,1.0625,1.0310,0.9568,1.0593,0.9657,1.0254,1.0939,1.0925,1.0898,0.9681,1.2381,0.9575,0.9312,1.0142,1.0062,1.0266,1.0003,1.2736,1.1009,1.0890,1.4060,1.0348,1.2202,1.0607,1.1089,1.0941,1.0575
cable_1,0.7433,0.8364,0.8969,0.9021,0.9604,0.9346,1.0164,0.8337,0.8723,0.9561,0.8365,0.7624,0.7636,0.8602,0.8760,0.8624,0.8932,0.9364,1.0636,0.9950,0.8227,0.8363,0.8700,0.9307,0.7382,0.7520,0.8641,0.8536,0.6864,0.8068,0.8214,0.7786,1.0425,0.8533,0.8708,0.8351,1.0399,0.9870,1.0248,0.9999,0.7745,0.9332,0.9251,0.8488,0.8058,0.9783,0.8781,0.7869,0.8726,0.9073,0.8979,0.8480,0.7839,0.8873,0.8887,0.9611,0.7635,0.8321,0.8311,0.8822,0.7544,0.7375,0.8411,1.0346,0.8578,0.9789,0.9031,0.8495,0.8550,0.9730,0.9070,0.8933,0.8399,0.8649,0.8122,0.8854,0.0000,0.7913,0.7618,0.8018,0.8339,0.8815,0.7641,0.8496,0.8762,0.9478,0.7957,0.8836,0.8408,0.8437,0.8318,0.8766,0.9418,0.8525,0.8686,0.8553,0.7470,0.9050,0.8919,0.8599,0.9247,0.9137,0.9550,1.0099,0.9109,0.9296,0.8120,1.1144,0.7648,0.9274,0.9085,0.8250,0.8131,0.8170,1.0185,0.9017,0.9086,1.2217,0.7992,1.1258,0.8737,0.8672,0.9249,0.8721
cable_2,0.9375,0.9816,1.0902,1.1075,1.0264,1.0533,1.0282,0.9015,1.0564,1.0714,0.9874,0.9797,0.9819,1.0066,0.9982,1.0057,1.0623,1.0979,1.2098,1.0608,1.0810,1.0195,1.0726,1.1142,1.0403,0.9911,1.1312,1.0737,0.9143,1.0247,0.9360,1.0296,1.2195,1.0392,1.0228,1.0601,1.2139,1.1492,1.2167,1.2165,1.0046,1.1533,1.1187,1.0470,1.0332,1.2025,0.9723,0.8892,1.0891,1.0869,1.0701,0.9733,1.0430,1.0449,1.1294,1.0740,1.0062,0.8721,0.9987,0.9512,0.9605,0.9084,0.9537,1.1137,0.9929,1.0999,1.0709,1.0051,1.0845,1.1054,1.0861,1.0747,1.0395,0.9539,0.8629,0.9677,0.7913,0.0000,0.8370,0.7635,1.0736,1.1003,0.9757,1.0572,0.9704,1.0237,0.9542,1.1023,0.9370,0.9328,0.8483,0.9980,0.9962,1.0422,0.9751,1.0581,0.9572,1.0204,1.0729,1.0399,1.0941,1.0566,1.1366,1.1539,1.1192,1.1336,0.9778,1.1995,1.0025,1.0546,0.9636,0.9600,0.8553,0.9645,1.0978,1.1097,1.1412,1.2669,1.0248,1.3225,1.1073,1.0470,1.1552,1.1060
cable_3,0.9161,0.9802,1.0237,1.0616,1.1037,1.0577,1.0960,0.8766,1.0245,1.0618,0.9388,0.8999,0.9623,0.9540,0.9767,0.9533,1.0190,1.0445,1.1799,1.0761,1.0305,0.9654,1.0333,1.0293,0.9215,0.9379,1.0644,1.0333,0.8625,0.9662,0.8755,0.9704,1.1369,1.0143,1.0279,1.0184,1.1853,1.1068,1.1213,1.1799,0.9563,1.1206,1.0880,1.0519,1.0071,1.1129,0.9733,0.8999,1.1009,1.0409,1.0520,0.9958,0.9715,0.9276,0.9930,1.0168,0.9859,0.8614,0.9775,0.8221,0.8637,0.8304,0.9728,1.1140,0.9885,1.0673,0.9482,0.9636,1.0719,1.0751,1.0682,1.0140,0.9714,0.8984,0.8189,0.9011,0.7618,0.8370,0.0000,0.8263,0.9977,1.0325,0.9229,0.9780,0.9157,0.9618,0.8749,1.0269,0.9158,0.9002,0.9118,0.9760,1.0647,1.0155,1.0517,0.9643,0.9417,1.0555,1.0694,1.0214,1.0262,1.0314,1.0599,1.1100,1.0543,1.1118,0.9457,1.2408,0.9366,0.9941,0.9680,0.9460,0.8638,0.9400,1.1460,1.0752,1.0775,1.3058,1.0006,1.2256,1.0219,1.0662,1.1014,1.0225
cable_4,0.8739,0.9001,0.9895,0.9977,0.8975,0.9747,0.9491,0.8539,0.9424,0.8542,0.8348,0.8959,0.9238,0.9419,0.9296,0.9261,1.0132,1.0180,1.1653,1.0490,0.9661,1.0084,0.9991,1.0040,0.9004,0.9692,1.1100,1.0141,0.8447,0.9796,0.9138,0.9624,1.1793,1.0059,0.8955,1.0001,1.1705,1.1400,1.1476,1.1762,0.9573,1.1100,1.0716,1.0021,0.9725,1.0933,0.9336,0.7929,1.0283,1.0984,1.1011,0.8904,0.9840,1.0459,1.0370,1.0985,0.9270,0.8640,0.9578,0.8309,0.9413,0.8673,0.9825,1.0661,0.9257,1.0368,1.0002,0.9268,1.0335,1.0461,0.9919,0.9892,1.0173,1.0304,0.8740,1.0137,0.8018,0.7635,0.8263,0.0000,1.0728,1.0411,0.9715,1.0091,1.0260,1.0068,0.9401,0.9779,0.8297,0.8762,0.8766,0.8753,0.9185,0.9676,0.9348,0.9493,0.9041,1.0590,1.0402,0.9925,0.9901,1.0818,1.0749,1.0956,1.0713,1.0198,0.9242,1.1530,0.9332,0.9611,0.9534,0.9162,0.7989,0.9133,0.9882,0.9915,1.0108,1.2494,0.8688,1.2284,0.9642,0.9281,1.0389,0.9630
eggleston_1,0.8491,0.8941,0.9599,1.0211,1.1161,1.1548,1.1575,0.9869,1.0360,1.1349,1.0090,0.9510,0.8400,0.9707,0.9898,0.9831,1.0097,1.0078,1.0989,1.0777,0.9474,0.9809,0.9838,1.0562,0.9355,0.8897,0.9024,0.9008,0.9111,0.9073,0.9146,0.9423,1.1750,1.0838,1.0118,0.9788,1.0970,1.1538,1.1788,1.0754,0.8430,0.9724,1.0050,0.9775,0.9030,1.0558,0.9738,1.0080,0.9891,1.0554,1.0937,1.0029,0.9614,0.9970,1.0008,1.0370,0.8630,1.0278,0.8963,1.1370,0.8531,0.9233,0.9329,1.1003,0.9117,1.1063,1.0144,0.9881,0.9083,1.0026,0.8700,0.9933,0.8816,1.0579,1.0365,1.0277,0.8339,1.0736,0.9977,1.0728,0.0000,0.8516,0.8890,0.8559,0.9607,1.1136,0.9635,0.9846,1.0208,1.0144,1.1009,1.0600,1.0727,0.9545,1.0543,0.9632,0.9340,0.9690,0.9865,0.9606,1.0435,0.9726,0.9584,1.0257,1.0002,0.9427,0.9151,1.2320,0.9009,1.0181,1.0420,1.0245,1.0066,0.9936,1.1392,1.0093,0.9880,1.3184,0.8980,1.1880,0.8951,0.9937,1.0168,0.8878
eggleston_2,0.8429,0.8788,0.8609,1.0385,1.0299,1.0582,1.0769,0.9763,0.9753,1.0249,0.9089,0.9182,0.9074,0.9364,0.9232,0.9446,1.0131,0.9861,1.1753,1.1085,0.9126,0.9335,0.9812,0.9886,0.8843,0.8777,0.8876,0.9378,0.8725,0.9331,0.8613,0.8564,1.1086,1.0312,0.9549,0.9698,1.1271,1.0980,1.1267,1.0408,0.8662,0.8380,1.0417,0.9490,0.8493,0.9570,0.9436,0.9220,0.9692,0.9485,0.9344,0.8889,0.9467,0.9272,0.8968,0.9785,0.9859,1.0255,0.8633,1.0070,0.7573,0.9123,0.8395,1.1464,0.9417,0.9710,0.9292,0.9457,0.9231,0.8791,0.9220,0.9139,0.7831,0.9736,0.9742,0.9844,0.8815,1.1003,1.0325,1.0411,0.8516,0.0000,0.8339,0.7178,0.9237,1.0660,0.9495,0.9700,0.8906,0.9580,1.0028,0.9665,0.9973,0.9108,1.0153,0.9602,0.9739,1.0035,1.0309,0.9829,1.0258,0.9244,0.9548,1.0659,0.9640,0.9640,0.8838,1.2341,0.8140,0.9362,0.9431,0.8678,0.9754,0.8986,1.0139,0.8847,0.8687,1.3698,0.8345,1.1140,0.9117,0.9032,0.8719,0.9064
eggleston_3,0.8009,0.8717,0.9420,1.0033,1.0537,1.0453,1.0587,0.9134,0.9331,0.9793,0.8673,0.8215,0.7966,0.8365,0.8934,0.9354,0.9537,0.9966,1.1107,0.9913,0.9350,0.8961,0.9038,0.9481,0.9214,0.9300,0.9362,0.9258,0.8527,0.8913,0.8791,0.8841,1.0954,1.0170,0.9563,0.9704,1.0747,1.0265,1.0847,1.0364,0.7722,0.9884,0.9809,0.9036,0.9395,0.9922,0.9303,0.8586,0.9612,1.0011,1.0157,0.9310,0.9090,0.9732,1.0031,1.0602,0.8728,0.9856,0.8419,0.9806,0.8008,0.8254,0.8902,1.0178,0.8438,0.9768,0.8829,0.7714,0.9190,0.8941,0.8835,0.9176,0.9275,1.0147,1.0101,0.9920,0.7641,0.9757,0.9229,0.9715,0.8890,0.8339,0.0000,0.7570,0.9553,1.0164,0.8699,0.9928,0.9599,0.9518,0.9990,0.9849,1.0153,0.8570,1.0090,0.8362,0.8240,0.8527,0.9274,0.8595,0.9780,0.9379,0.9772,0.9988,0.9643,0.9533,0.7767,1.1355,0.7878,0.9563,0.8534,0.8654,0.8687,0.8810,0.9886,0.9359,0.9181,1.2556,0.7989,1.0945,0.7974,0.9187,0.9373,0.7912
eggleston_4,0.8437,0.8069,0.8284,0.9541,1.0698,1.0713,1.0993,0.9517,0.9651,1.0091,0.9092,0.8184,0.8363,0.8743,0.8848,0.9363,0.9108,0.8942,1.1074,1.0172,0.8134,0.8609,0.9253,0.9454,0.8683,0.8500,0.8061,0.9232,0.8467,0.8777,0.9113,0.8470,1.0480,0.9331,0.9241,0.9377,1.0502,1.0513,1.0752,1.0096,0.7783,0.8427,0.9795,0.9075,0.8487,0.9380,0.8523,0.9063,0.9228,0.9648,0.9179,0.9145,0.8655,0.8766,0.8704,0.9025,0.9079,0.9785,0.8532,1.0079,0.7489,0.8485,0.8349,1.1000,0.8647,0.9879,0.9123,0.9241,0.8725,0.9215,0.8944,0.9235,0.9153,1.0389,1.0180,0.9624,0.8496,1.0572,0.9780,1.0091,0.8559,0.7178,0.7570,0.0000,0.9539,1.0685,0.9456,0.9233,0.9588,1.0283,1.0201,1.0098,1.0239,0.8838,0.9894,0.8793,0.8546,0.9164,0.9781,0.8805,1.0104,0.8655,0.9806,1.0119,0.9232,0.9243,0.8495,1.1813,0.7983,0.9435,0.8904,0.8582,0.9451,0.9285,1.0355,0.8820,0.8735,1.2755,0.7847,1.1466,0.8632,0.8667,0.8908,0.8627
twain_1,0.8525,0.9355,1.0036,1.0793,1.0954,1.1248,1.1019,0.9402,1.0660,1.0653,1.0049,0.9489,0.9971,1.0039,1.0553,0.9971,0.9948,0.9446,1.1433,1.0702,0.9713,0.9040,0.9635,0.9374,0.9572,0.9175,0.9514,1.0452,0.8535,0.9024,0.9048,0.9577,0.9826,0.9447,1.0609,0.9967,1.1549,1.1382,1.1271,1.0678,1.0029,0.9997,1.0409,1.0419,0.9713,1.0599,0.9269,0.9810,1.0161,0.9436,0.9478,0.9145,0.9992,0.9330,0.9294,0.8743,0.9565,0.8295,0.9059,0.9327,0.8383,0.9595,0.8734,1.1608,1.0070,1.0317,0.9841,1.0479,1.0060,1.0817,1.0249,1.0398,0.8865,0.9634,0.9524,0.9324,0.8762,0.9704,0.9157,1.0260,0.9607,0.9237,0.9553,0.9539,0.0000,0.7968,0.8562,0.9932,0.9184,0.9090,0.8413,0.9637,1.0358,0.9559,1.0020,0.9797,0.9573,1.0856,1.0492,0.9897,0.9656,0.9082,0.9932,0.9925,0.9901,1.0107,0.8780,1.2452,0.9032,0.9155,0.9981,0.9433,0.9851,0.8510,1.1316,1.0069,0.9985,1.2897,0.9623,1.2396,1.0289,1.0287,1.0002,1.0220
twain_2,0.9817,1.0658,1.1159,1.1335,1.1585,1.1658,1.2289,0.9534,1.1437,1.0661,1.0656,1.0149,1.0556,1.1214,1.1414,1.1271,1.1415,1.0837,1.3170,1.2576,1.0398,1.0558,1.0158,1.0492,1.1044,0.9894,1.1776,1.1886,0.9203,1.0194,0.9203,1.0063,1.1733,1.1384,1.1058,1.2077,1.2836,1.2180,1.1968,1.1602,1.0825,1.1358,1.1984,1.0877,1.0993,1.2269,1.1072,1.0037,1.1357,1.0789,1.0778,1.0070,1.1098,1.0592,1.0712,1.0715,1.0573,0.9097,0.9791,0.8944,0.9838,0.9977,1.0477,1.3235,1.1233,1.1874,1.1683,1.1499,1.1348,1.1927,1.1077,1.1657,0.9970,0.9560,0.9566,1.0436,0.9478,1.0237,0.9618,1.0068,1.1136,1.0660,1.0164,1.0685,0.7968,0.0000,0.8726,1.0728,0.9477,0.8729,0.8921,0.8839,1.0956,1.0494,1.0722,1.1402,1.1222,1.1703,1.1586,1.1003,1.0671,1.0774,1.1242,1.1820,1.0681,1.1311,1.0155,1.3869,1.0322,1.0689,1.0949,1.0394,0.9621,0.9681,1.2264,1.1084,1.0913,1.4674,1.0364,1.3420,1.1269,1.0683,1.1056,1.1216
twain_3,0.8277,0.8557,0.9556,1.0015,1.0455,1.0545,1.0471,0.8589,0.9794,1.0031,0.9260,0.9043,0.8622,0.9483,0.9592,1.0006,0.9356,0.9791,1.0919,1.0275,0.9247,0.9434,0.8758,0.9443,0.8499,0.8516,0.9518,0.9371,0.7909,0.8104,0.8489,0.8765,1.0978,0.9430,0.9745,0.9157,1.0925,1.0508,1.0331,1.0070,0.8114,0.9797,0.9321,0.8506,0.9459,1.0647,0.9439,0.8933,0.9405,0.9416,0.9542,0.9263,0.9230,0.9049,0.9370,0.9372,0.8763,0.9365,0.9038,0.9608,0.8465,0.7808,0.9247,1.0920,0.9286,1.0098,0.9552,0.8963,0.9879,0.9798,0.9517,0.9730,0.8940,0.9534,0.9795,0.9403,0.7957,0.9542,0.8749,0.9401,0.9635,0.9495,0.8699,0.9456,0.8562,0.8726,0.0000,0.8726,0.9185,0.8701,0.8916,0.8653,0.9693,0.8562,0.9937,1.0028,0.8878,1.0289,0.9727,0.9463,0.9032,0.9303,0.9689,0.9760,0.9191,0.9248,0.8081,1.1465,0.9001,0.8604,0.9159,0.9142,0.9133,0.8854,1.0032,0.9519,0.9628,1.2455,0.9304,1.2456,0.9985,1.0007,0.9724,0.9914
twain_4,0.8486,0.8599,0.8842,0.8434,1.0200,1.0568,1.0213,0.8740,0.9092,0.9590,0.8194,0.8784,0.7947,0.9624,0.9517,0.9485,0.8973,0.9107,0.9377,1.0725,0.8994,0.8725,0.8322,1.0054,0.8303,0.7980,0.9535,0.8663,0.8338,0.8323,0.9363,0.8150,1.0903,0.9709,0.9648,0.8418,1.0416,1.0411,1.0366,1.0016,0.8118,0.9170,0.8332,0.8344,0.9332,1.0585,0.9894,0.9581,0.9790,0.9605,0.9833,0.9926,0.8748,0.9719,0.9149,0.9658,0.8735,1.0697,0.9035,1.0904,0.8716,0.8689,0.9461,1.0917,0.8988,0.9866,0.9468,0.9307,0.8699,0.9480,0.8847,0.9134,0.9659,1.0602,1.0568,1.0337,0.8836,1.1023,1.0269,0.9779,0.9846,0.9700,0.9928,0.9233,0.9932,1.0728,0.8726,0.0000,0.9961,0.9758,1.0745,0.9288,0.9797,0.9336,0.9637,0.9956,0.9023,0.9869,0.9633,0.9289,0.9660,0.9867,0.9923,1.0785,0.8600,0.8538,0.7999,1.1488,0.8667,0.9153,0.9113,0.9018,1.0264,0.9399,1.0685,0.9000,0.9053,1.2157,0.8856,1.2760,0.9240,0.9604,0.9286,0.9232
twain_letters_1,0.8585,0.8950,0.9441,0.9645,0.8757,0.8920,0.9359,0.7707,0.9785,0.8593,0.8719,0.9069,0.9455,0.9510,0.8876,0.9179,1.0666,1.0711,1.2275,1.1123,0.9290,0.9729,1.0069,1.0128,0.9787,0.9942,1.0630,0.9747,0.8588,0.9353,0.9143,0.9135,1.1269,1.0100,0.8879,1.0125,1.2247,1.1425,1.1487,1.1449,0.9498,1.0196,1.0516,0.9606,1.0186,1.0998,0.9678,0.8676,1.0947,1.0924,1.0893,0.9232,1.0107,1.0141,1.0126,1.0385,0.8957,0.8679,0.8852,0.8318,0.9212,0.9380,0.9983,1.1814,0.9491,1.1190,1.0401,0.9781,1.0072,0.9118,1.0332,0.9222,0.9370,0.9864,0.9635,0.9915,0.8408,0.9370,0.9158,0.8297,1.0208,0.8906,0.9599,0.9588,0.9184,0.9477,0.9185,0.9961,0.0000,0.7527,0.8286,0.7359,0.8736,0.9255,0.8924,0.9852,0.9612,1.0067,1.0454,1.0159,0.9631,0.9893,1.0288,1.0807,1.0205,1.0184,0.8995,1.2568,0.9255,0.9222,0.9778,0.9196,0.8295,0.8624,0.9878,0.9224,0.9429,1.2964,0.8573,1.1679,0.9863,0.8555,0.9661,0.9858
twain_letters_2,0.8465,0.9141,0.9877,1.0647,0.9184,0.9441,0.9117,0.8135,0.9955,0.8713,0.8589,0.9293,0.9334,1.0137,1.0104,1.0011,1.0735,1.0635,1.2134,1.1725,0.9318,0.9879,0.9675,0.9887,0.9865,0.9671,1.0535,1.0458,0.8476,0.9492,0.8302,0.8765,1.1534,1.0228,1.0372,1.0411,1.2147,1.1545,1.1315,1.1361,0.9376,1.0387,1.1124,1.0283,0.9899,1.1116,1.0180,0.9319,1.0610,0.9772,1.0114,0.9702,1.0066,0.9572,0.9979,1.0268,0.9119,0.8914,0.9307,0.8353,0.8881,0.8427,0.9808,1.1773,0.9256,1.1656,1.0476,0.9371,1.0560,1.0245,1.0309,0.9983,1.0110,1.0511,0.9222,1.0383,0.8437,0.9328,0.9002,0.8762,1.0144,0.9580,0.9518,1.0283,0.9090,0.8729,0.8701,0.9758,0.7527,0.0000,0.8000,0.8199,0.8834,0.8977,0.8755,1.0685,0.9458,1.0957,1.0329,1.0308,1.0024,1.0608,1.0267,1.0846,0.9743,1.0319,0.9042,1.2982,0.9393,0.9801,0.9508,0.9666,0.8770,0.8736,1.0236,0.9726,0.9871,1.3712,0.9254,1.2392,0.9938,0.9703,1.0205,0.9878
twain_letters_3,0.9495,1.0189,1.1426,1.1251,1.0140,1.0354,1.0424,0.8792,1.0432,0.9939,0.9630,1.0015,1.0211,1.0231,1.0574,1.0162,1.1349,1.1634,1.3187,1.1951,1.0450,1.0384,1.0897,1.0454,1.0221,1.0346,1.0755,1.1090,0.8786,1.0394,0.9431,1.0244,1.1984,1.1039,1.0615,1.0972,1.3163,1.1649,1.2699,1.2456,1.0092,1.1666,1.1829,1.0823,1.0803,1.1831,1.0354,0.8982,1.1136,1.0811,1.1022,0.9560,1.0859,1.0179,1.1211,1.0961,0.9684,0.7999,0.9025,0.8753,0.9324,0.9541,0.9906,1.2557,0.9996,1.1830,1.1199,1.0363,1.1720,1.1438,1.1575,1.0926,0.9909,0.9337,0.8456,0.9437,0.8318,0.8483,0.9118,0.8766,1.1009,1.0028,0.9990,1.0201,0.8413,0.8921,0.8916,1.0745,0.8286,0.8000,0.0000,0.8599,0.9854,0.9606,0.9524,0.9964,0.9903,1.0899,1.0215,1.0433,1.0749,1.0671,1.0794,1.1014,1.1161,1.1101,0.9537,1.3096,1.0267,1.0407,1.0177,1.0521,0.9113,0.9933,1.0909,1.0807,1.1011,1.3618,0.9712,1.2371,1.0542,0.9992,1.1198,1.0482
twain_letters_4,0.8348,0.9309,1.0090,0.9936,0.8823,0.9219,0.9398,0.8560,0.9539,0.8352,0.8622,0.9440,0.9532,1.0353,0.9589,0.9931,1.1157,1.1716,1.2647,1.1765,0.9681,1.0428,1.0210,1.0308,1.0017,0.9636,1.0403,1.0073,0.8523,0.9846,0.9231,0.9453,1.2062,1.0455,0.9895,1.0437,1.2770,1.1380,1.2115,1.2380,0.9775,1.0846,1.0729,1.0507,1.0514,1.1636,1.0348,0.9173,1.0836,1.0410,1.0505,0.9142,1.0373,1.0227,1.0933,1.1386,0.9105,0.9570,0.9208,0.8607,0.9595,0.9012,1.0105,1.1653,0.9481,1.1157,1.0717,0.9430,1.0659,0.9886,1.0534,0.9962,1.0351,1.0899,0.9813,1.0718,0.8766,0.9980,0.9760,0.8753,1.0600,0.9665,0.9849,1.0098,0.9637,0.8839,0.8653,0.9288,0.7359,0.8199,0.8599,0.0000,0.8604,0.9185,0.8966,1.0020,0.9901,1.0596,1.0769,1.0959,1.0429,1.0606,1.0653,1.0926,0.9854,0.9732,0.9136,1.2380,0.9471,0.9865,0.9763,0.9012,0.8330,0.8981,0.9146,0.9767,1.0018,1.3601,0.9027,1.1996,0.9931,0.9361,1.0161,0.9944
lee_1,0.9205,0.8765,0.9781,1.0453,0.8421,0.8991,0.9201,0.8580,0.9366,0.8409,0.8128,0.9945,0.9134,1.0165,1.0396,1.0315,1.0868,1.0917,1.2632,1.1851,0.9932,1.0179,1.0377,1.0526,1.0102,1.0232,1.0556,1.0174,0.9489,1.0098,0.9552,0.9264,1.2225,1.0639,0.9409,1.0347,1.2791,1.2045,1.2195,1.1614,0.9355,1.0875,1.1487,1.0074,1.0436,1.1609,1.0168,0.9084,1.0892,1.0712,1.1179,0.9279,0.9731,1.0767,1.1166,1.1404,0.9295,1.0128,0.9715,1.0142,0.9975,0.9566,1.0498,1.1972,0.8745,1.1505,1.0702,0.9596,1.0941,1.0462,1.1111,1.0399,1.0493,1.1056,1.0387,1.1038,0.9418,0.9962,1.0647,0.9185,1.0727,0.9973,1.0153,1.0239,1.0358,1.0956,0.9693,0.9797,0.8736,0.8834,0.9854,0.8604,0.0000,0.8651,0.7575,0.9875,0.9992,1.0497,1.0655,1.0245,1.0956,1.1413,1.1289,1.1750,1.0715,1.0586,0.9359,1.2701,0.9973,1.0145,1.0257,0.8810,0.8809,0.9997,0.9472,0.9437,0.9660,1.4232,0.8786,1.2047,0.9420,0.9058,0.9948,0.9377
lee_2,0.8054,0.7828,0.8930,1.0156,0.9340,0.9388,0.9842,0.9287,0.8504,0.8817,0.8290,0.8664,0.8221,0.8782,0.9204,0.9165,1.0355,0.9773,1.1372,1.0491,0.9116,0.9636,0.9224,0.9821,0.8974,0.9384,0.9142,0.9916,0.8495,0.8949,0.8804,0.8741,1.0705,1.0113,0.8788,0.8965,1.0752,1.0029,1.1231,1.0627,0.9253,0.9731,1.0016,0.9547,0.9330,1.0885,0.9226,0.9017,0.9512,0.9715,0.9919,0.8955,0.8832,0.9309,0.9672,0.9942,0.8643,0.9854,0.8914,0.9946,0.8167,0.7896,0.8581,1.0685,0.7779,1.0021,0.9551,0.7947,0.9073,0.9393,0.9520,0.8531,0.9137,1.0288,0.9702,0.9853,0.8525,1.0422,1.0155,0.9676,0.9545,0.9108,0.8570,0.8838,0.9559,1.0494,0.8562,0.9336,0.9255,0.8977,0.9606,0.9185,0.8651,0.0000,0.8858,0.8763,0.8657,0.9630,0.9574,0.9091,0.9945,0.9457,0.9591,1.0067,0.9613,0.9551,0.8419,1.1712,0.8293,0.9691,0.8519,0.8777,0.9341,0.9671,1.0203,0.9248,0.9511,1.2857,0.7973,1.0939,0.8835,0.8525,0.9638,0.8770
lee_3,0.8412,0.8432,0.9433,0.9880,0.7983,0.8705,0.9426,0.8455,0.8658,0.7962,0.8257,0.9129,0.9009,1.0231,0.9826,1.0029,1.0490,1.1163,1.1838,1.1300,0.9552,1.0010,0.9756,1.0371,0.9465,0.9585,1.0135,0.9209,0.8671,0.9654,0.9465,0.9206,1.1797,1.0465,0.9128,0.9791,1.2341,1.1566,1.2199,1.1672,0.9175,1.0983,1.0835,0.9210,1.0212,1.2163,1.0087,0.9152,1.0828,1.0951,1.0990,0.9913,1.0351,1.0524,1.1415,1.1727,0.8897,0.9746,0.9427,1.0223,0.9369,0.9394,1.0259,1.1477,0.8654,1.1250,1.0480,0.9560,1.0188,1.0415,1.0859,0.9943,1.0840,1.0506,0.9996,1.0872,0.8686,0.9751,1.0517,0.9348,1.0543,1.0153,1.0090,0.9894,1.0020,1.0722,0.9937,0.9637,0.8924,0.8755,0.9524,0.8966,0.7575,0.8858,0.0000,1.0182,0.9493,1.0312,1.0108,1.0149,1.0060,1.1246,1.0990,1.1108,1.0383,0.9952,0.8922,1.2114,0.9832,1.0203,0.9708,0.9164,0.9398,1.0099,0.9308,0.9453,0.9795,1.3743,0.8860,1.2709,0.9811,0.9153,1.0264,0.9821
lee_4,0.8582,0.8848,0.9112,1.0389,1.1354,1.1028,1.1405,0.9659,1.0356,1.0345,0.9078,0.8863,0.8762,0.9266,0.9176,0.9232,0.9760,0.9560,1.0780,0.9939,0.9761,0.9349,0.9882,0.9150,0.8818,0.9237,0.9074,0.9105,0.8941,0.9437,0.9541,0.9581,1.1155,1.0812,0.9830,0.9435,1.0819,1.0588,1.1404,1.0670,0.8948,0.9713,0.9867,0.9283,0.9596,1.0121,0.8884,0.9449,1.0119,1.0053,1.0315,0.9726,0.8644,0.9361,0.9494,1.0141,0.8875,0.9430,0.8742,1.0664,0.8422,0.8200,0.9020,0.9797,0.8239,0.9355,0.8642,0.8677,0.9636,0.9145,0.9400,0.9842,0.9207,1.0286,0.9868,1.0186,0.8553,1.0581,0.9643,0.9493,0.9632,0.9602,0.8362,0.8793,0.9797,1.1402,1.0028,0.9956,0.9852,1.0685,0.9964,1.0020,0.9875,0.8763,1.0182,0.0000,0.7813,0.8558,0.8720,0.8487,1.0328,0.9574,0.9224,1.0320,1.0255,0.9259,0.8451,1.1184,0.8422,0.9397,0.9917,0.9580,0.8905,0.9817,1.1222,1.0070,0.9944,1.2088,0.8306,1.1440,0.8727,0.9148,1.0121,0.8727
cabell_1,0.8041,0.8516,0.8661,0.9868,0.9908,1.0397,1.0615,0.8841,0.9334,1.0054,0.8181,0.8059,0.7699,0.8917,0.8832,0.9011,0.8401,0.8888,0.9540,0.8897,0.8429,0.8346,0.8301,0.8883,0.7119,0.8137,0.8257,0.8378,0.7884,0.8816,0.8824,0.8571,1.0898,0.9259,0.9221,0.7801,0.9618,0.9532,0.9723,0.9707,0.7634,0.8785,0.8643,0.8426,0.9212,0.9616,0.9157,0.8335,0.8495,0.8790,0.9189,0.9568,0.8029,0.8816,0.8927,0.9297,0.7936,0.8722,0.8742,1.1151,0.7818,0.7260,0.8495,0.8664,0.8293,0.9375,0.8871,0.8115,0.8614,0.8807,0.8105,0.8972,0.9321,0.9968,0.9885,0.9635,0.7470,0.9572,0.9417,0.9041,0.9340,0.9739,0.8240,0.8546,0.9573,1.1222,0.8878,0.9023,0.9612,0.9458,0.9903,0.9901,0.9992,0.8657,0.9493,0.7813,0.0000,0.6394,0.6390,0.6254,0.8455,0.8365,0.8950,0.9111,0.8892,0.7702,0.7212,1.0131,0.8171,0.9242,0.9240,0.8990,0.9582,0.9350,1.0135,0.9153,0.9126,1.1205,0.7687,1.0793,0.7584,0.9039,0.9255,0.7575
cabell_2,0.8388,0.8774,0.9736,1.0793,1.1070,1.1617,1.1617,0.9443,0.9915,1.0538,0.9096,0.9056,0.8276,0.9106,0.9278,0.9674,0.9566,0.9875,1.0450,1.0114,0.9164,0.9126,0.9041,0.9893,0.8742,0.9657,0.9241,0.9223,0.9271,0.9941,0.9445,0.9753,1.1537,0.9928,1.0291,0.9418,1.0630,1.1148,1.0888,1.0819,0.8598,0.9961,1.0012,0.9316,1.0419,1.1665,1.0018,0.9607,0.9885,1.0348,1.0911,1.0943,0.9351,1.0187,0.9957,1.0654,0.8747,0.9686,0.9386,1.2125,0.8852,0.8867,0.9927,0.9990,0.9156,1.0810,0.9737,0.9183,0.9161,0.9093,0.9223,0.9787,0.9850,1.0445,1.0701,1.0625,0.9050,1.0204,1.0555,1.0590,0.9690,1.0035,0.8527,0.9164,1.0856,1.1703,1.0289,0.9869,1.0067,1.0957,1.0899,1.0596,1.0497,0.9630,1.0312,0.8558,0.6394,0.0000,0.6830,0.6051,0.9321,0.8722,0.8639,0.9143,0.8832,0.8295,0.7712,1.1043,0.8941,0.9659,0.9800,0.9690,1.0373,1.0130,1.0649,0.9774,1.0021,1.2427,0.8192,1.1644,0.8323,0.9247,1.0065,0.8324
cabell_3,0.8714,0.9092,0.9708,1.0175,1.0567,1.1174,1.1045,0.8881,0.9296,1.0698,0.8194,0.9048,0.8724,0.9979,0.9536,1.0431,0.9152,0.9299,1.0243,0.9494,0.9424,0.8778,0.8656,0.9407,0.8584,0.9294,0.9182,0.9413,0.8824,0.9187,0.9171,0.9123,1.1308,1.0111,0.9915,0.8759,0.9954,1.0272,1.0864,1.0624,0.8730,0.9765,0.9619,0.8848,1.0348,1.0939,0.9888,0.9820,0.9161,0.9576,1.0211,1.0207,0.9315,0.9740,0.9861,1.0313,0.8846,0.9293,0.9228,1.1809,0.8161,0.8036,1.0015,0.8895,0.8789,0.9752,0.9451,0.8831,0.9067,0.9647,0.8562,0.9474,1.0142,1.0829,1.0528,1.0310,0.8919,1.0729,1.0694,1.0402,0.9865,1.0309,0.9274,0.9781,1.0492,1.1586,0.9727,0.9633,1.0454,1.0329,1.0215,1.0769,1.0655,0.9574,1.0108,0.8720,0.6390,0.6830,0.0000,0.6469,0.8295,0.8766,0.8258,0.8919,0.9860,0.8151,0.7796,0.9899,0.8571,0.9613,0.9751,0.9985,1.0567,1.0038,1.0588,0.9180,0.9255,1.1403,0.8575,1.2177,0.8349,0.9739,0.9341,0.8342
cabell_4,0.8397,0.8515,0.9143,1.0142,1.0988,1.0492,1.0617,0.9233,0.9434,1.0168,0.8168,0.8854,0.8014,0.8939,0.9490,0.9462,0.8513,0.8565,0.9730,0.8986,0.9074,0.8275,0.8715,0.8778,0.7915,0.8716,0.8555,0.8792,0.8708,0.8926,0.9566,0.9166,1.0669,0.9717,0.9749,0.8712,0.9465,1.0368,1.0059,0.9933,0.8503,0.9317,0.9127,0.8910,0.9457,1.0464,0.9504,0.8624,0.8332,0.9237,1.0081,0.9845,0.8451,0.9200,0.9399,0.9251,0.9097,0.9255,0.8505,1.1389,0.8078,0.8253,0.9011,0.8707,0.9234,0.9700,0.8669,0.8852,0.8573,0.9010,0.7822,0.9471,0.9197,1.0203,1.0289,0.9568,0.8599,1.0399,1.0214,0.9925,0.9606,0.9829,0.8595,0.8805,0.9897,1.1003,0.9463,0.9289,1.0159,1.0308,1.0433,1.0959,1.0245,0.9091,1.0149,0.8487,0.6254,0.6051,0.6469,0.0000,0.8243,0.8111,0.8104,0.8481,0.9015,0.7911,0.7636,0.9591,0.8357,0.8615,0.9107,0.8876,0.9980,0.9574,1.0652,0.9431,0.9276,1.1572,0.8284,1.1491,0.8377,0.9342,0.9392,0.8364
christian_1,0.8650,0.8987,0.9674,1.0245,1.0509,1.1186,1.0273,0.9233,0.9441,1.0388,0.9182,0.8875,0.8745,0.9912,0.9704,1.0050,0.9107,0.9251,1.0394,0.9560,0.9347,0.9017,0.8534,0.8943,0.8363,0.8820,0.8778,0.9504,0.8451,0.8815,0.9198,0.8675,1.0936,1.0219,1.0133,0.9781,1.0062,1.1105,1.0289,1.0029,0.8752,0.9976,0.9431,0.9411,1.0102,1.0814,0.9316,0.9579,0.9153,0.9290,1.0081,0.9901,0.9366,0.9781,0.9666,1.0030,0.8540,0.9810,0.8479,1.0616,0.7896,0.8685,0.9199,0.9523,0.9469,0.9930,0.9683,0.9613,0.9268,0.9422,0.8078,0.9197,1.0058,1.0734,1.1057,1.0593,0.9247,1.0941,1.0262,0.9901,1.0435,1.0258,0.9780,1.0104,0.9656,1.0671,0.9032,0.9660,0.9631,1.0024,1.0749,1.0429,1.0956,0.9945,1.0060,1.0328,0.8455,0.9321,0.8295,0.8243,0.0000,0.8077,0.8625,0.7988,0.8822,0.8558,0.8048,0.9734,0.8828,0.8850,0.9299,0.8810,1.0251,0.9011,1.0643,0.9135,0.9092,1.1851,0.8410,1.1884,0.8906,0.9386,0.9094,0.8907
christian_2,0.9217,0.9492,0.9858,1.1410,1.1439,1.1628,1.0938,1.0153,1.0272,1.1087,0.9886,0.9202,0.8717,0.9957,1.0005,0.9694,0.9321,0.9090,1.0803,0.9564,0.9410,0.9114,0.9678,0.9392,0.8833,0.8636,0.9634,1.0150,0.9689,0.9583,0.9502,0.9397,1.0664,0.9752,1.0416,0.9260,0.9998,1.0816,1.0488,1.0458,0.9050,0.9740,1.0308,0.9899,0.9972,1.0462,0.9884,0.9662,0.9045,0.9386,0.9893,0.9779,0.9661,0.9200,0.9062,0.9638,0.9856,0.9843,0.9504,1.1739,0.8022,0.8699,0.8695,0.9241,0.9590,1.0258,0.9696,0.9989,0.9321,0.9836,0.8446,0.9609,0.8716,1.0988,1.1097,0.9657,0.9137,1.0566,1.0314,1.0818,0.9726,0.9244,0.9379,0.8655,0.9082,1.0774,0.9303,0.9867,0.9893,1.0608,1.0671,1.0606,1.1413,0.9457,1.1246,0.9574,0.8365,0.8722,0.8766,0.8111,0.8077,0.0000,0.6321,0.7004,0.8828,0.8478,0.8307,0.9797,0.8479,0.8707,0.9799,0.9038,1.0539,0.9813,1.1884,0.9345,0.9259,1.1758,0.9093,1.1806,0.9074,1.0263,0.9264,0.9039
christian_3,0.9056,0.9547,1.0064,1.1029,1.1228,1.1376,1.1003,1.0288,0.9599,1.0668,0.9553,0.8848,0.8394,0.9740,0.9666,0.9790,0.9429,0.9121,1.0425,0.9620,0.9739,0.9545,0.9301,0.9113,0.8483,0.9156,0.9179,1.0051,0.9635,0.9680,0.9599,1.0290,1.0004,0.9753,1.0616,0.9342,1.0099,1.0293,1.0594,1.0440,0.9343,0.9472,1.0138,0.9570,0.9731,1.0026,0.9681,0.9990,0.9191,0.9739,0.9552,1.0330,0.9164,0.8593,0.8818,0.9416,1.0154,1.0036,0.9576,1.1899,0.7458,0.8325,0.9275,0.9096,0.9742,0.9384,0.8799,0.9742,0.9681,0.9130,0.8273,0.9489,0.8945,1.1155,1.0549,1.0254,0.9550,1.1366,1.0599,1.0749,0.9584,0.9548,0.9772,0.9806,0.9932,1.1242,0.9689,0.9923,1.0288,1.0267,1.0794,1.0653,1.1289,0.9591,1.0990,0.9224,0.8950,0.8639,0.8258,0.8104,0.8625,0.6321,0.0000,0.6575,0.9098,0.8451,0.8447,0.9178,0.8343,0.8186,0.9629,0.9311,1.0241,0.9822,1.1775,1.0157,1.0008,1.2258,0.9697,1.2352,0.9613,1.0687,1.0029,0.9586
christian_4,0.9644,1.0079,1.0499,1.1226,1.0745,1.1223,1.0950,1.0446,1.0586,1.0680,1.0152,0.9914,0.8727,0.9896,1.0047,0.9949,0.9694,0.9688,1.0828,1.0100,1.0656,1.0066,1.0028,0.9405,0.8698,0.9410,0.9414,1.0343,1.0069,1.0040,1.0631,1.0138,1.1593,1.0270,1.0805,0.9444,1.0520,1.0972,1.0861,1.0909,0.9860,1.0770,0.9799,1.0173,1.0391,1.1002,1.0249,0.9881,0.9663,1.0520,0.9827,1.0514,1.0245,0.9443,0.9945,0.9914,1.0682,1.0005,1.0170,1.1935,0.8273,0.9023,0.9788,0.9775,1.0236,0.9994,0.9234,1.0267,0.9453,0.9240,0.8505,0.9553,1.0254,1.1310,1.1451,1.0939,1.0099,1.1539,1.1100,1.0956,1.0257,1.0659,0.9988,1.0119,0.9925,1.1820,0.9760,1.0785,1.0807,1.0846,1.1014,1.0926,1.1750,1.0067,1.1108,1.0320,0.9111,0.9143,0.8919,0.8481,0.7988,0.7004,0.6575,0.0000,0.9856,0.8567,0.8263,1.0041,0.9013,0.8803,1.0433,0.9022,1.0445,1.0496,1.2096,1.0165,1.0114,1.2622,1.0100,1.2780,0.9889,1.0959,1.0188,0.9852
pollock_1,0.8767,0.8025,0.8984,0.9749,1.0535,1.0718,1.0390,0.9452,0.9043,0.9889,0.8899,0.9048,0.8436,0.9649,0.9419,0.9509,0.8455,0.8790,0.9893,0.9429,0.8673,0.9043,0.8012,0.9525,0.8127,0.8270,0.9355,0.8893,0.8490,0.8991,0.9830,0.8671,1.1070,0.9745,1.0347,0.8905,0.9753,1.1210,0.9468,0.9881,0.8605,0.8957,0.8994,0.8813,0.9520,1.0461,0.9984,0.9325,0.9496,0.9721,1.0149,1.0378,0.8938,0.9748,0.9489,1.0217,0.8373,0.9908,0.9360,1.0636,0.8231,0.8585,0.9327,0.9872,0.8987,1.0202,0.9566,0.9802,0.9248,0.9310,0.8255,0.9412,1.0253,1.1420,1.1536,1.0925,0.9109,1.1192,1.0543,1.0713,1.0002,0.9640,0.9643,0.9232,0.9901,1.0681,0.9191,0.8600,1.0205,0.9743,1.1161,0.9854,1.0715,0.9613,1.0383,1.0255,0.8892,0.8832,0.9860,0.9015,0.8822,0.8828,0.9098,0.9856,0.0000,0.7558,0.7335,1.0315,0.9250,0.9530,0.9157,0.8893,0.9571,0.9006,1.0671,0.9315,0.9412,1.1597,0.8989,1.2029,0.9295,0.9598,0.9515,0.9289
pollock_2,0.8005,0.7687,0.8578,0.9365,1.0166,1.1015,1.0659,0.9689,0.8852,0.9760,0.8226,0.9044,0.7791,0.9060,0.9137,0.9136,0.7283,0.7938,0.7789,0.8253,0.8314,0.8413,0.7665,0.8669,0.7125,0.7937,0.8585,0.8350,0.8808,0.8714,0.9552,0.8094,1.0389,0.9139,0.9379,0.7527,0.8637,0.9918,0.9432,0.9308,0.7387,0.8274,0.7199,0.7619,0.9373,0.9967,0.9850,0.9173,0.7535,0.8686,0.9181,0.9738,0.8794,0.8993,0.8881,0.8972,0.8438,0.9511,0.8388,1.1334,0.7582,0.8088,0.9167,0.8240,0.8809,0.8930,0.8864,0.8884,0.7934,0.8455,0.6923,0.8638,0.9398,1.1658,1.1441,1.0898,0.9296,1.1336,1.1118,1.0198,0.9427,0.9640,0.9533,0.9243,1.0107,1.1311,0.9248,0.8538,1.0184,1.0319,1.1101,0.9732,1.0586,0.9551,0.9952,0.9259,0.7702,0.8295,0.8151,0.7911,0.8558,0.8478,0.8451,0.8567,0.7558,0.0000,0.7145,0.8516,0.8601,0.9036,0.8336,0.8532,1.0196,0.8979,1.0386,0.8850,0.8761,1.0520,0.8156,1.1502,0.8465,0.8906,0.8887,0.8443
pollock_3,0.7557,0.7795,0.8603,0.8754,1.0092,0.9650,0.9381,0.8744,0.8291,0.8869,0.7657,0.8168,0.7704,0.8389,0.8356,0.8596,0.8262,0.8521,0.9472,0.8792,0.8560,0.7935,0.7604,0.8530,0.7294,0.7904,0.8416,0.7888,0.8094,0.8351,0.8311,0.8294,1.0364,0.9192,0.9101,0.7934,0.9262,1.0527,0.9414,0.9111,0.7358,0.9206,0.8482,0.8053,0.8865,0.9821,0.8858,0.8537,0.8883,0.8929,0.9233,0.8610,0.7852,0.8558,0.8402,0.9192,0.7882,0.8822,0.8587,1.0197,0.7944,0.7773,0.8618,0.8988,0.7855,0.8851,0.8672,0.8029,0.7758,0.8065,0.7586,0.8227,0.8802,1.0000,1.0141,0.9681,0.8120,0.9778,0.9457,0.9242,0.9151,0.8838,0.7767,0.8495,0.8780,1.0155,0.8081,0.7999,0.8995,0.9042,0.9537,0.9136,0.9359,0.8419,0.8922,0.8451,0.7212,0.7712,0.7796,0.7636,0.8048,0.8307,0.8447,0.8263,0.7335,0.7145,0.0000,0.9958,0.7550,0.8114,0.8333,0.8466,0.9089,0.8701,0.9062,0.8363,0.8380,1.1067,0.7358,1.1218,0.7549,0.8306,0.8408,0.7536
pollock_4,1.0477,1.0571,1.1243,1.1319,1.2376,1.2444,1.1552,1.1827,0.9730,1.1421,1.0995,1.1142,1.0283,1.1724,1.1046,1.1023,0.9655,1.0779,1.0760,0.8063,1.1338,1.0765,1.0276,1.1649,0.9827,1.0672,1.0796,1.0766,1.1346,1.1474,1.2666,1.1346,1.2185,1.0714,1.1293,0.9146,0.9527,1.2181,1.2075,1.2400,1.0942,1.1758,1.1090,1.0833,1.1659,1.2071,1.1837,1.1244,1.0563,1.1253,1.1936,1.2555,1.0863,1.1402,1.2098,1.2089,1.1387,1.0210,1.1553,1.3107,1.0260,1.0747,1.1169,0.7505,1.0722,1.1021,1.0060,1.0490,1.0393,1.0216,0.9232,0.9809,1.2149,1.3410,1.3243,1.2381,1.1144,1.1995,1.2408,1.1530,1.2320,1.2341,1.1355,1.1813,1.2452,1.3869,1.1465,1.1488,1.2568,1.2982,1.3096,1.2380,1.2701,1.1712,1.2114,1.1184,1.0131,1.1043,0.9899,0.9591,0.9734,0.9797,0.9178,1.0041,1.0315,0.8516,0.9958,0.0000,1.0891,1.0653,1.0036,1.0775,1.2450,1.1436,1.2878,1.1378,1.1395,1.0643,1.0961,1.3239,1.1266,1.1242,1.1558,1.1260
shsp_1,0.7785,0.8055,0.8204,0.9296,1.0235,1.0765,1.0178,0.8747,0.9312,0.9890,0.8670,0.8017,0.8459,0.8885,0.8787,0.8753,0.8792,0.8047,1.0488,0.9621,0.8742,0.8387,0.8619,0.8538,0.8054,0.8340,0.8039,0.9377,0.8230,0.9033,0.8654,0.8399,1.0134,0.9509,0.9092,0.8128,0.9950,0.9490,0.9887,0.9667,0.8323,0.8414,0.8978,0.8390,0.8121,0.9421,0.8757,0.9049,0.8594,0.8493,0.8807,0.9091,0.8667,0.8641,0.8427,0.9103,0.9082,0.9671,0.8602,1.0323,0.7554,0.8011,0.7946,0.9803,0.8671,0.8065,0.8458,0.8414,0.8520,0.8542,0.8206,0.8673,0.8453,1.0348,0.9653,0.9575,0.7648,1.0025,0.9366,0.9332,0.9009,0.8140,0.7878,0.7983,0.9032,1.0322,0.9001,0.8667,0.9255,0.9393,1.0267,0.9471,0.9973,0.8293,0.9832,0.8422,0.8171,0.8941,0.8571,0.8357,0.8828,0.8479,0.8343,0.9013,0.9250,0.8601,0.7550,1.0891,0.0000,0.8226,0.8381,0.7882,0.8971,0.9178,1.0731,0.8658,0.8497,1.1894,0.8197,1.1270,0.9035,0.9213,0.8653,0.9034
shsp_2,0.9144,0.8946,0.9730,1.0978,1.0773,1.0459,0.9255,0.8988,0.9868,1.0023,0.9631,0.8552,0.8894,0.9214,0.9278,0.9434,0.9233,0.9285,1.0642,0.9759,1.0092,0.9231,0.9905,0.9125,0.8482,0.8740,0.9039,1.0124,0.9233,0.9398,0.9541,0.9603,1.0227,0.9401,0.9854,0.9048,1.0880,0.9175,0.9951,0.9778,0.9052,0.9672,0.9870,0.9733,0.9403,1.0006,0.8848,0.9024,0.9319,0.9704,0.9597,0.9263,0.9019,0.9070,0.8889,0.9336,0.9492,0.9587,0.8918,1.0730,0.7998,0.8577,0.8277,0.9744,0.9388,0.9716,0.9107,0.9465,0.9263,0.9054,0.9124,0.9211,0.9172,1.0313,1.0166,0.9312,0.9274,1.0546,0.9941,0.9611,1.0181,0.9362,0.9563,0.9435,0.9155,1.0689,0.8604,0.9153,0.9222,0.9801,1.0407,0.9865,1.0145,0.9691,1.0203,0.9397,0.9242,0.9659,0.9613,0.8615,0.8850,0.8707,0.8186,0.8803,0.9530,0.9036,0.8114,1.0653,0.8226,0.0000,0.8784,0.7702,0.9855,0.9520,1.0902,0.9156,0.9101,1.2262,0.9198,1.2071,1.0062,0.9642,0.9192,0.9990
shsp_3,0.8250,0.8117,0.9192,0.9708,1.0198,1.0575,1.0288,0.8987,0.8393,0.9671,0.8469,0.8006,0.8469,0.8789,0.8873,0.9010,0.8779,0.9262,1.0178,0.9306,0.9805,0.9433,0.9220,0.9805,0.9292,0.8816,0.9598,0.8972,0.8871,0.9390,1.0122,0.8863,1.0427,0.9250,0.9474,0.9088,1.0454,1.0190,1.0370,1.0534,0.8595,0.9511,0.8909,0.9319,0.9598,1.0658,0.9622,0.8593,0.9809,0.9935,0.9954,1.0025,0.9388,0.8691,0.9459,0.9394,0.9435,0.9480,0.8815,0.9968,0.8391,0.8575,0.8765,0.9607,0.8808,0.8171,0.7939,0.8552,0.8793,0.8249,0.8756,0.8671,1.0266,1.0817,0.9965,1.0142,0.9085,0.9636,0.9680,0.9534,1.0420,0.9431,0.8534,0.8904,0.9981,1.0949,0.9159,0.9113,0.9778,0.9508,1.0177,0.9763,1.0257,0.8519,0.9708,0.9917,0.9240,0.9800,0.9751,0.9107,0.9299,0.9799,0.9629,1.0433,0.9157,0.8336,0.8333,1.0036,0.8381,0.8784,0.0000,0.8532,0.9522,0.8667,1.0228,0.9301,0.9440,1.1657,0.8930,1.1651,0.9317,0.9373,0.9542,0.9310
shsp_4,0.8348,0.8211,0.8469,1.0145,0.9747,0.9452,0.9152,0.8424,0.9002,0.8857,0.8295,0.7884,0.8183,0.8765,0.8980,0.8896,0.8365,0.8299,1.0241,0.9953,0.9259,0.8364,0.9305,0.8378,0.7740,0.8373,0.8419,0.9211,0.8808,0.8661,0.9003,0.8785,0.9548,0.9010,0.8854,0.8913,1.0243,0.9327,0.9301,0.9638,0.8586,0.8891,0.9580,0.8609,0.8499,0.9285,0.8632,0.8655,0.8123,0.8186,0.8447,0.8415,0.8603,0.8284,0.8622,0.8894,0.9623,0.9092,0.8887,0.9801,0.7971,0.7901,0.8419,1.0245,0.8963,0.9275,0.8724,0.8917,0.9356,0.8764,0.8433,0.8601,0.9614,0.9901,0.9959,1.0062,0.8250,0.9600,0.9460,0.9162,1.0245,0.8678,0.8654,0.8582,0.9433,1.0394,0.9142,0.9018,0.9196,0.9666,1.0521,0.9012,0.8810,0.8777,0.9164,0.9580,0.8990,0.9690,0.9985,0.8876,0.8810,0.9038,0.9311,0.9022,0.8893,0.8532,0.8466,1.0775,0.7882,0.7702,0.8532,0.0000,0.8508,0.8415,1.0076,0.8518,0.8303,1.1889,0.8830,1.1136,0.9457,0.9320,0.8437,0.9450
poe_goldbug_1,0.8636,0.9255,0.9812,1.0359,0.9414,0.9196,0.9540,0.8371,0.9819,0.8797,0.8434,0.8623,0.8701,0.9085,0.9422,0.9387,0.9792,0.9435,1.1382,1.0421,0.9546,0.8945,0.9433,0.9217,0.9040,0.8969,1.0592,0.9798,0.8538,0.9445,0.8819,0.8629,1.1159,0.9882,0.9679,1.0083,1.2152,1.1350,1.0245,1.0753,0.8584,1.0042,0.9441,0.9930,0.9703,1.0738,0.9655,0.8297,1.0692,1.0060,1.0157,0.8766,0.9459,0.9758,1.0101,1.0459,0.9325,0.8227,0.8931,0.7931,0.9109,0.9089,1.0133,1.1130,0.9527,1.0381,0.9474,0.9094,1.0722,1.0091,0.9845,1.0022,1.0263,0.9913,0.8928,1.0266,0.8131,0.8553,0.8638,0.7989,1.0066,0.9754,0.8687,0.9451,0.9851,0.9621,0.9133,1.0264,0.8295,0.8770,0.9113,0.8330,0.8809,0.9341,0.9398,0.8905,0.9582,1.0373,1.0567,0.9980,1.0251,1.0539,1.0241,1.0445,0.9571,1.0196,0.9089,1.2450,0.8971,0.9855,0.9522,0.8508,0.0000,0.7878,0.9229,0.9599,0.9670,1.2891,0.8597,1.1623,0.9477,0.9022,0.9869,0.9443
poe_goldbug_2,0.7938,0.8655,0.8957,0.9400,1.0116,1.0165,0.9911,0.8589,0.9408,0.9376,0.8694,0.8311,0.8913,0.9209,0.8772,0.8492,0.9105,0.8252,1.0612,0.9936,0.8687,0.8596,0.8537,0.8804,0.8177,0.8144,0.9295,0.9493,0.8813,0.9150,0.9020,0.8107,0.9912,0.8560,0.9699,0.8984,1.0769,1.0926,0.9523,0.9861,0.8296,0.8708,0.8884,0.9466,0.9049,0.9783,0.9258,0.8149,0.9152,0.9116,0.9343,0.8571,0.9474,0.8831,0.8604,0.9080,0.9061,0.8977,0.8882,0.9215,0.8012,0.8642,0.9300,1.0389,0.9136,0.9453,0.8638,0.8799,0.9212,0.8994,0.8355,0.9427,0.9788,1.0536,1.0045,1.0003,0.8170,0.9645,0.9400,0.9133,0.9936,0.8986,0.8810,0.9285,0.8510,0.9681,0.8854,0.9399,0.8624,0.8736,0.9933,0.8981,0.9997,0.9671,1.0099,0.9817,0.9350,1.0130,1.0038,0.9574,0.9011,0.9813,0.9822,1.0496,0.9006,0.8979,0.8701,1.1436,0.9178,0.9520,0.8667,0.8415,0.7878,0.0000,0.9931,0.8477,0.8730,1.1908,0.8075,1.1023,0.8966,0.8528,0.8804,0.8905
poe_letters_1,0.8948,0.8943,0.9848,1.0805,0.9547,0.9629,0.9818,0.9728,0.9703,0.9435,0.8794,1.0205,0.9935,1.0646,0.9975,1.1045,1.1476,1.1478,1.2426,1.1266,1.0223,1.0846,1.0862,1.0684,1.0307,1.0520,1.0610,0.9685,0.9994,1.0313,0.9608,0.9861,1.3040,1.1516,1.0257,1.0700,1.2971,1.3019,1.2786,1.2252,0.9112,1.1246,1.1053,0.9977,1.1631,1.2296,1.0920,0.8757,1.1457,1.1704,1.1898,1.0519,1.0773,1.1595,1.1710,1.2233,0.9478,1.0118,1.0129,1.0719,1.0268,1.0171,1.0911,1.1737,0.9738,1.1694,1.1017,0.9077,1.0411,1.0176,1.0324,1.0458,1.2299,1.1928,1.1721,1.2736,1.0185,1.0978,1.1460,0.9882,1.1392,1.0139,0.9886,1.0355,1.1316,1.2264,1.0032,1.0685,0.9878,1.0236,1.0909,0.9146,0.9472,1.0203,0.9308,1.1222,1.0135,1.0649,1.0588,1.0652,1.0643,1.1884,1.1775,1.2096,1.0671,1.0386,0.9062,1.2878,1.0731,1.0902,1.0228,1.0076,0.9229,0.9931,0.0000,0.9379,0.9717,1.3413,0.8349,1.2008,0.9233,0.8834,0.9965,0.9187
beale_letters,0.8525,0.7328,0.8090,0.9484,0.9355,0.9919,0.9916,0.8756,0.8338,0.8534,0.8158,0.8623,0.8586,0.9109,0.8941,0.9625,0.9296,0.8680,1.0710,1.0152,0.8686,0.8918,0.9160,0.8935,0.8767,0.8818,0.8756,0.9197,0.8633,0.8901,0.9266,0.8336,1.1245,0.9472,0.8627,0.9594,1.0605,1.1176,1.0635,1.0110,0.7967,0.8702,0.9501,0.9026,0.9210,1.0391,0.9068,0.8262,0.9074,0.9432,0.9144,0.9000,0.9280,0.9458,0.9436,0.9807,0.9395,1.0707,0.8749,1.0362,0.8569,0.8718,0.9975,1.0836,0.8923,1.0146,0.9610,0.9438,0.8445,0.9227,0.8514,0.8696,1.0333,1.0760,1.0775,1.1009,0.9017,1.1097,1.0752,0.9915,1.0093,0.8847,0.9359,0.8820,1.0069,1.1084,0.9519,0.9000,0.9224,0.9726,1.0807,0.9767,0.9437,0.9248,0.9453,1.0070,0.9153,0.9774,0.9180,0.9431,0.9135,0.9345,1.0157,1.0165,0.9315,0.8850,0.8363,1.1378,0.8658,0.9156,0.9301,0.8518,0.9599,0.8477,0.9379,0.0000,0.1906,1.2250,0.6384,0.9608,0.7848,0.7091,0.2385,0.7800
beale_letter1,0.8592,0.7550,0.7946,0.9564,0.9694,1.0292,1.0293,0.8868,0.8791,0.9006,0.8521,0.8771,0.8546,0.9195,0.8969,0.9570,0.9214,0.8280,1.0615,1.0122,0.8683,0.8834,0.9109,0.8985,0.8525,0.8819,0.8716,0.9238,0.8706,0.9103,0.9173,0.8501,1.1056,0.9403,0.8725,0.9749,1.0293,1.0915,1.0542,0.9880,0.7783,0.8452,0.9550,0.9075,0.9058,0.9814,0.8820,0.8392,0.9107,0.9408,0.9193,0.8939,0.9162,0.9138,0.9264,0.9644,0.9690,1.0833,0.8619,1.0491,0.8296,0.8674,0.9845,1.0743,0.9054,0.9841,0.9460,0.9417,0.8504,0.9120,0.8333,0.8755,0.9918,1.0641,1.0636,1.0890,0.9086,1.1412,1.0775,1.0108,0.9880,0.8687,0.9181,0.8735,0.9985,1.0913,0.9628,0.9053,0.9429,0.9871,1.1011,1.0018,0.9660,0.9511,0.9795,0.9944,0.9126,1.0021,0.9255,0.9276,0.9092,0.9259,1.0008,1.0114,0.9412,0.8761,0.8380,1.1395,0.8497,0.9101,0.9440,0.8303,0.9670,0.8730,0.9717,0.1906,0.0000,1.2261,0.6811,0.9674,0.7892,0.7497,0.0923,0.7854
beale_b2,1.2034,1.1283,1.2124,1.1967,1.3632,1.3977,1.3776,1.2620,1.1899,1.2650,1.2469,1.2085,1.1124,1.2400,1.1756,1.2326,1.0044,1.0370,0.9862,0.8814,1.2063,1.1724,1.1089,1.2586,1.1099,1.2082,1.2036,1.1737,1.2625,1.2186,1.3541,1.2404,1.2450,1.1894,1.1715,1.0049,1.0695,1.3334,1.2343,1.2875,1.1415,1.3147,1.1214,1.1152,1.2673,1.3730,1.2743,1.2406,1.0934,1.1917,1.2989,1.2956,1.1665,1.1838,1.3085,1.2416,1.1847,1.0173,1.3178,1.3799,1.1330,1.1153,1.2070,0.8498,1.1967,1.1648,1.2198,1.1818,1.0960,1.1391,0.9528,1.0886,1.2856,1.4780,1.4428,1.4060,1.2217,1.2669,1.3058,1.2494,1.3184,1.3698,1.2556,1.2755,1.2897,1.4674,1.2455,1.2157,1.2964,1.3712,1.3618,1.3601,1.4232,1.2857,1.3743,1.2088,1.1205,1.2427,1.1403,1.1572,1.1851,1.1758,1.2258,1.2622,1.1597,1.0520,1.1067,1.0643,1.1894,1.2262,1.1657,1.1889,1.2891,1.1908,1.3413,1.2250,1.2261,0.0000,1.1963,1.4198,1.1715,1.2304,1.2321,1.1702
narrative,0.7419,0.7477,0.7987,0.8780,0.8801,0.9462,0.9713,0.8465,0.8260,0.8524,0.7325,0.7880,0.7587,0.7801,0.8259,0.8365,0.9376,0.8929,1.0465,1.0046,0.7803,0.8540,0.8794,0.8792,0.8037,0.8479,0.8459,0.8119,0.7853,0.8512,0.8230,0.8020,1.0998,0.9357,0.7799,0.8995,1.0618,1.0887,1.0809,0.9969,0.7520,0.8793,0.9376,0.8425,0.8782,1.0236,0.8447,0.7388,0.9374,0.9575,1.0014,0.8838,0.8769,0.9548,0.9297,0.9690,0.7785,0.9558,0.7852,1.0123,0.8063,0.7891,0.9018,1.0437,0.7668,0.9610,0.8828,0.7858,0.7781,0.8380,0.8492,0.8470,0.9506,1.0299,1.0408,1.0348,0.7992,1.0248,1.0006,0.8688,0.8980,0.8345,0.7989,0.7847,0.9623,1.0364,0.9304,0.8856,0.8573,0.9254,0.9712,0.9027,0.8786,0.7973,0.8860,0.8306,0.7687,0.8192,0.8575,0.8284,0.8410,0.9093,0.9697,1.0100,0.8989,0.8156,0.7358,1.0961,0.8197,0.9198,0.8930,0.8830,0.8597,0.8075,0.8349,0.6384,0.6811,1.1963,0.0000,0.8620,0.3694,0.3712,0.7021,0.3704
morriss,1.0579,1.1173,1.0792,1.3367,1.1840,1.2255,1.1954,1.1572,1.1217,1.1370,1.0323,1.0374,1.1695,1.0837,1.1289,1.0730,1.1948,1.1359,1.3365,1.2092,1.0843,1.1023,1.1737,1.1308,1.1485,1.1720,1.1126,1.1615,1.1384,1.2154,1.1072,1.1286,1.4105,1.2155,1.1559,1.2281,1.2968,1.3088,1.3187,1.2517,1.0405,1.1456,1.2097,1.2061,1.1725,1.3010,1.1741,1.0991,1.1897,1.1755,1.2154,1.1196,1.1613,1.2086,1.1886,1.2383,1.1428,1.2043,1.1056,1.2551,1.0872,1.0986,1.1588,1.2409,1.1816,1.2752,1.1865,1.0510,1.2050,1.1411,1.1903,1.1389,1.2032,1.2142,1.2346,1.2202,1.1258,1.3225,1.2256,1.2284,1.1880,1.1140,1.0945,1.1466,1.2396,1.3420,1.2456,1.2760,1.1679,1.2392,1.2371,1.1996,1.2047,1.0939,1.2709,1.1440,1.0793,1.1644,1.2177,1.1491,1.1884,1.1806,1.2352,1.2780,1.2029,1.1502,1.1218,1.3239,1.1270,1.2071,1.1651,1.1136,1.1623,1.1023,1.2008,0.9608,0.9674,1.4198,0.8620,0.0000,0.9152,0.9220,0.9855,0.9127
narrative_A,0.8314,0.8213,0.9020,0.9563,0.9584,1.0520,1.0813,0.9141,0.9165,0.9314,0.7937,0.8392,0.7861,0.8785,0.8720,0.9145,0.9855,0.9183,1.0758,1.0240,0.8333,0.9303,0.9534,0.9427,0.8643,0.9069,0.8903,0.8528,0.8462,0.9202,0.9005,0.8775,1.1692,0.9872,0.8907,0.9481,1.1038,1.1369,1.1454,1.0142,0.7611,0.9570,0.9786,0.8825,0.9678,1.0864,0.9183,0.8286,0.9975,1.0332,1.0647,0.9362,0.9100,0.9714,0.9507,1.0042,0.8286,0.9856,0.8934,1.0459,0.8466,0.8216,0.9812,1.0270,0.8876,1.0093,0.9047,0.8052,0.8489,0.8960,0.8577,0.9275,0.9891,1.0840,1.0980,1.0607,0.8737,1.1073,1.0219,0.9642,0.8951,0.9117,0.7974,0.8632,1.0289,1.1269,0.9985,0.9240,0.9863,0.9938,1.0542,0.9931,0.9420,0.8835,0.9811,0.8727,0.7584,0.8323,0.8349,0.8377,0.8906,0.9074,0.9613,0.9889,0.9295,0.8465,0.7549,1.1266,0.9035,1.0062,0.9317,0.9457,0.9477,0.8966,0.9233,0.7848,0.7892,1.1715,0.3694,0.9152,0.0000,0.7406,0.8049,0.0133
narrative_B,0.8198,0.8150,0.8502,0.8988,0.9196,0.9856,0.9949,0.8910,0.8638,0.9003,0.8112,0.8738,0.8575,0.8325,0.8831,0.8484,0.9696,0.9648,1.0778,1.0410,0.8742,0.9069,0.9205,0.9711,0.8539,0.9410,0.9371,0.8651,0.8639,0.9494,0.8728,0.8664,1.1782,1.0204,0.8288,0.9751,1.1033,1.1640,1.1240,1.1097,0.8351,0.9192,0.9954,0.9014,0.9082,1.0783,0.9336,0.7927,1.0090,1.0323,1.0642,0.9791,0.9589,1.0471,1.0437,1.0285,0.8707,0.9987,0.7904,1.0508,0.8935,0.9099,0.9448,1.1059,0.8339,1.0104,0.9925,0.8619,0.8451,0.9145,0.9148,0.8861,1.0457,1.0903,1.0801,1.1089,0.8672,1.0470,1.0662,0.9281,0.9937,0.9032,0.9187,0.8667,1.0287,1.0683,1.0007,0.9604,0.8555,0.9703,0.9992,0.9361,0.9058,0.8525,0.9153,0.9148,0.9039,0.9247,0.9739,0.9342,0.9386,1.0263,1.0687,1.0959,0.9598,0.8906,0.8306,1.1242,0.9213,0.9642,0.9373,0.9320,0.9022,0.8528,0.8834,0.7091,0.7497,1.2304,0.3712,0.9220,0.7406,0.0000,0.7712,0.7417
beale_letters_2000,0.8828,0.7740,0.8131,0.9810,1.0107,1.0597,1.0670,0.9117,0.9072,0.9351,0.8836,0.9005,0.8721,0.9354,0.9063,0.9723,0.9306,0.8498,1.0726,1.0184,0.8950,0.9004,0.9256,0.9147,0.8700,0.8952,0.8741,0.9466,0.9076,0.9248,0.9305,0.8728,1.1059,0.9589,0.8948,0.9974,1.0452,1.0940,1.0646,1.0074,0.7945,0.8542,0.9729,0.9293,0.9212,0.9989,0.8975,0.8638,0.9206,0.9417,0.9209,0.9039,0.9311,0.9089,0.9248,0.9620,0.9775,1.0962,0.8828,1.0594,0.8397,0.8752,0.9855,1.0815,0.9366,0.9873,0.9613,0.9589,0.8653,0.9266,0.8486,0.9034,0.9940,1.0628,1.0732,1.0941,0.9249,1.1552,1.1014,1.0389,1.0168,0.8719,0.9373,0.8908,1.0002,1.1056,0.9724,0.9286,0.9661,1.0205,1.1198,1.0161,0.9948,0.9638,1.0264,1.0121,0.9255,1.0065,0.9341,0.9392,0.9094,0.9264,1.0029,1.0188,0.9515,0.8887,0.8408,1.1558,0.8653,0.9192,0.9542,0.8437,0.9869,0.8804,0.9965,0.2385,0.0923,1.2321,0.7021,0.9855,0.8049,0.7712,0.0000,0.7993
narrative_2000,0.8314,0.8149,0.8978,0.9551,0.9548,1.0476,1.0765,0.9150,0.9143,0.9295,0.7920,0.8395,0.7847,0.8728,0.8710,0.9135,0.9856,0.9189,1.0731,1.0229,0.8337,0.9288,0.9498,0.9394,0.8630,0.9063,0.8895,0.8527,0.8443,0.9143,0.8963,0.8717,1.1693,0.9879,0.8916,0.9480,1.1029,1.1373,1.1447,1.0152,0.7547,0.9578,0.9771,0.8818,0.9680,1.0871,0.9110,0.8287,0.9942,1.0323,1.0633,0.9297,0.9090,0.9688,0.9490,1.0023,0.8291,0.9847,0.8929,1.0407,0.8376,0.8157,0.9767,1.0255,0.8875,1.0071,0.9026,0.8053,0.8491,0.8945,0.8552,0.9275,0.9862,1.0828,1.0914,1.0575,0.8721,1.1060,1.0225,0.9630,0.8878,0.9064,0.7912,0.8627,1.0220,1.1216,0.9914,0.9232,0.9858,0.9878,1.0482,0.9944,0.9377,0.8770,0.9821,0.8727,0.7575,0.8324,0.8342,0.8364,0.8907,0.9039,0.9586,0.9852,0.9289,0.8443,0.7536,1.1260,0.9034,0.9990,0.9310,0.9450,0.9443,0.8905,0.9187,0.7800,0.7854,1.1702,0.3704,0.9127,0.0133,0.7417,0.7993,0.0000
