,jefferson_1,jefferson_2,jefferson_3,jefferson_4,randolph_1,randolph_2,randolph_3,randolph_4,jackson_1,jackson_2,jackson_3,jackson_4,jqadams_1,jqadams_2,jqadams_3,jqadams_4,ejames_1,ejames_2,ejames_3,ejames_4,flint_1,flint_2,flint_3,flint_4,hall_1,hall_2,hall_3,hall_4,paulding_1,paulding_2,paulding_3,paulding_4,pike_1,pike_2,pike_3,pike_4,biddle_1,biddle_2,biddle_3,biddle_4,gregg_1,gregg_2,gregg_3,gregg_4,pattie_1,pattie_2,pattie_3,pattie_4,tjames_1,tjames_2,tjames_3,tjames_4,irving_1,irving_2,irving_3,irving_4,bagby_1,bagby_2,bagby_3,bagby_4,cooke_1,cooke_2,cooke_3,cooke_4,cooke_lee_1,cooke_lee_2,cooke_lee_3,cooke_lee_4,davis_1,davis_2,davis_3,davis_4,page_1,page_2,page_3,page_4,cable_1,cable_2,cable_3,cable_4,eggleston_1,eggleston_2,eggleston_3,eggleston_4,twain_1,twain_2,twain_3,twain_4,twain_letters_1,twain_letters_2,twain_letters_3,twain_letters_4,lee_1,lee_2,lee_3,lee_4,cabell_1,cabell_2,cabell_3,cabell_4,christian_1,christian_2,christian_3,christian_4,pollock_1,pollock_2,pollock_3,pollock_4,shsp_1,shsp_2,shsp_3,shsp_4,poe_goldbug_1,poe_goldbug_2,poe_letters_1,beale_letters,beale_letter1,beale_b2,narrative,morriss,narrative_A,narrative_B,beale_letters_2000,narrative_2000
jefferson_1,0.0000,0.7177,0.8735,0.9925,0.9040,0.9105,0.9626,0.8335,0.8862,0.9222,0.8182,0.8165,0.7656,0.8648,0.8671,0.8794,1.0089,0.8689,1.0599,1.0718,0.7901,0.9236,0.8728,0.8978,0.8197,0.8718,0.8497,1.0107,0.8465,0.8656,0.8554,0.7429,1.0443,0.9198,0.8832,0.8570,1.0308,1.0413,1.0052,0.9803,0.8416,0.8882,0.9045,0.9413,0.8405,1.1827,0.8505,0.8105,0.8564,0.8730,0.9379,0.8976,0.7963,0.9508,0.9401,1.0037,0.7528,0.9634,0.8055,1.0348,0.7964,0.8007,0.8900,1.0657,0.7456,0.8518,0.8557,0.7892,0.8246,0.8488,0.8641,0.8417,0.9530,1.0394,1.0142,1.0376,0.7998,1.0176,1.0106,0.9488,0.9396,0.9061,0.8334,0.8669,0.8845,0.9643,0.8823,0.8994,0.8837,0.8242,0.9664,0.8964,0.9367,0.8251,0.8939,0.8976,0.7383,0.8503,0.8854,0.7930,0.8002,0.8976,0.9414,0.9316,0.8490,0.8458,0.7909,0.9667,0.8219,0.8599,0.8079,0.8084,0.9970,0.7823,0.9818,0.8908,0.9098,1.2154,0.7278,1.0500,0.8163,0.8320,0.9452,0.8150
jefferson_2,0.7177,0.0000,0.8123,0.9575,0.9251,1.0269,1.0383,0.8660,0.8387,0.9137,0.8242,0.8357,0.7897,0.8204,0.8338,0.9128,0.9671,0.8482,1.0585,1.1152,0.8270,0.8997,0.9627,0.9732,0.8030,0.7972,0.7776,1.0345,0.8558,0.8262,0.9344,0.8774,1.0066,0.9660,0.8216,0.8195,1.0132,1.0629,0.9976,1.0393,0.8924,0.8420,0.9136,0.9093,0.7882,1.1752,0.8606,0.8814,0.8761,0.9552,0.9818,0.9402,0.8394,0.9131,0.8977,0.9678,0.8882,1.0789,0.8662,1.1009,0.8682,0.7759,0.9456,1.1030,0.7428,0.8692,0.8888,0.8716,0.8535,0.8728,0.8212,0.8153,1.0253,1.0762,1.1107,1.1062,0.8855,1.0643,1.0709,1.0193,1.0195,0.9433,0.9669,0.7811,0.9599,1.0561,0.8528,0.8944,0.9723,0.9510,1.0199,0.9720,0.8596,0.7474,0.8591,0.9388,0.8408,0.9057,0.9518,0.8570,0.8732,0.9531,0.9621,0.9595,0.7895,0.8385,0.8326,0.9646,0.8670,0.9343,0.8506,0.7797,1.0725,0.9052,1.0956,0.8349,0.8547,1.2058,0.7571,1.1760,0.8257,0.8516,0.8787,0.8213
jefferson_3,0.8735,0.8123,0.0000,1.0224,1.1397,1.2167,1.1582,1.0889,0.9527,1.1484,0.9849,0.9384,0.9794,0.9072,0.9475,1.0109,0.9603,0.8724,1.0430,1.1651,0.9748,0.9554,1.0076,1.0910,0.8408,0.8799,0.8712,1.0995,1.1008,0.9953,1.0984,0.9790,1.0331,0.9441,0.8953,0.8859,1.0194,1.0571,0.9200,1.0343,1.0206,0.7720,0.9040,1.0010,0.8941,1.0896,1.0065,1.0294,0.9064,0.9024,0.9284,1.0554,0.9071,0.9216,0.9377,0.9941,1.0655,1.2039,1.0217,1.2303,0.9711,0.9623,0.9938,1.2443,0.9125,0.9754,0.9291,1.0423,0.8153,0.9200,0.9159,0.8760,1.0803,1.2596,1.2525,1.1608,1.0802,1.2867,1.2410,1.2292,1.0927,0.9982,1.1621,0.9585,1.1302,1.3130,1.1520,0.9293,1.0774,1.1512,1.2941,1.1675,1.1266,0.9966,1.0503,1.0164,0.9686,1.0520,1.0632,1.0029,1.0637,1.0722,1.0910,1.1178,0.9754,0.9366,0.9696,1.1098,0.9398,1.0372,0.9922,0.8635,1.2659,1.0199,1.2410,0.9165,0.9185,1.2992,0.9302,1.2227,1.0637,0.9799,0.9403,1.0646
jefferson_4,0.9925,0.9575,1.0224,0.0000,1.1671,1.2782,1.3609,1.0740,1.0835,1.1477,1.1996,1.1602,0.9975,1.0866,1.1080,1.1870,1.1619,1.1587,1.1516,1.3307,1.1719,1.2510,1.0537,1.2546,0.9922,1.0956,1.1407,0.9367,1.0238,0.9512,1.1724,1.0131,1.3105,1.1846,1.1016,1.0235,1.2060,1.3558,1.1460,1.2288,0.9890,1.1345,0.9567,1.0425,1.1308,1.3681,1.1828,1.2032,1.1698,1.2264,1.2980,1.2537,1.0778,1.2563,1.1980,1.2609,0.9961,1.2755,1.1473,1.2916,1.0905,1.1148,1.2316,1.2984,1.0966,1.1533,1.1839,1.2803,0.8416,1.0651,1.0443,1.0399,1.2835,1.3715,1.3712,1.3824,1.1150,1.3959,1.3083,1.2244,1.1312,1.1570,1.2451,1.0583,1.2313,1.2846,1.1101,0.9388,1.1061,1.2309,1.3122,1.1939,1.2366,1.1977,1.0813,1.2445,1.1606,1.2845,1.2534,1.1798,1.1219,1.2438,1.2353,1.2169,1.0537,1.0833,1.0798,1.1475,1.1712,1.2497,1.1425,1.1431,1.3080,1.0730,1.3629,1.0745,1.0781,1.4279,1.0228,1.5292,1.1179,1.0330,1.1244,1.1146
randolph_1,0.9040,0.9251,1.1397,1.1671,0.0000,0.7514,0.8714,0.8392,0.9094,0.8926,0.8562,1.1202,1.0403,1.0626,1.0704,1.0635,1.1733,1.2015,1.2978,1.2972,1.1132,1.1867,1.1279,1.1389,1.0564,1.0189,1.1206,1.0982,1.0546,1.0226,1.0694,1.0115,1.3102,1.1470,0.9588,1.0679,1.3178,1.2558,1.1778,1.2391,0.9918,1.1202,1.0781,1.0546,1.0891,1.4263,1.2082,1.0025,1.1614,1.2112,1.2101,1.0843,1.1354,1.2283,1.2260,1.2949,1.0300,1.2140,1.0853,1.1788,1.1005,1.0563,1.2229,1.3697,1.0053,1.1671,1.2001,1.0889,1.1355,1.1156,1.2073,1.0010,1.2785,1.3611,1.3033,1.4225,1.0907,1.1159,1.2196,1.0099,1.2158,1.1991,1.1412,1.1189,1.1934,1.2053,1.1218,1.1053,0.8943,0.9818,1.1027,0.8789,0.8737,0.9377,0.7973,1.2141,1.0661,1.1612,1.1405,1.1582,1.0887,1.1990,1.2094,1.1716,1.0174,1.0608,1.0904,1.2234,1.1372,1.1199,1.0374,0.9470,1.0607,1.1025,1.0089,0.9940,1.0409,1.4550,0.9067,1.2088,1.0244,0.9459,1.0931,1.0259
randolph_2,0.9105,1.0269,1.2167,1.2782,0.7514,0.0000,0.7069,0.8911,0.8533,0.9221,0.8409,1.0192,1.0640,1.0820,1.0825,0.9351,1.1318,1.1755,1.2411,1.2827,1.0726,1.1680,1.1652,1.0957,1.0769,1.0519,1.1593,1.1182,1.0262,1.1013,1.0699,0.9882,1.2038,1.0275,0.9685,1.0175,1.2998,1.2627,1.1381,1.1456,1.0340,1.1636,1.1344,1.1334,1.0932,1.3224,1.1321,0.9438,1.1194,1.1156,1.1575,1.0175,1.1100,1.1725,1.1913,1.2208,1.0302,1.1100,1.1021,1.1700,1.0753,1.0598,1.1329,1.3477,0.9215,1.1222,1.0963,1.0595,1.1245,1.0334,1.2314,0.9647,1.2850,1.3689,1.2438,1.2524,1.0126,1.0847,1.1228,0.9885,1.2680,1.1889,1.0913,1.0863,1.1467,1.2575,1.1125,1.1161,0.9100,1.0234,1.0887,0.9225,0.8579,0.9617,0.8081,1.1648,1.1044,1.2290,1.2140,1.1423,1.1453,1.1476,1.1909,1.1594,0.9991,1.0811,1.0488,1.1419,1.1094,1.0489,1.0167,0.9515,0.9744,1.0170,1.0106,1.0969,1.1540,1.4252,0.9876,1.2894,1.0854,1.0465,1.2005,1.0852
randolph_3,0.9626,1.0383,1.1582,1.3609,0.8714,0.7069,0.0000,0.8435,0.9245,0.9866,0.8778,1.0190,1.1381,1.1449,1.1203,1.0157,1.1738,1.1491,1.3024,1.2577,1.1705,1.0671,1.2480,1.0585,1.0886,1.0312,1.2194,1.2554,1.0867,1.1496,1.0504,1.0205,1.1845,1.0589,1.0854,1.0648,1.2719,1.2863,1.1351,1.2588,1.1284,1.1859,1.1896,1.1986,1.0914,1.3314,1.1625,1.0152,1.0954,1.1242,1.1900,1.0200,1.2298,1.1737,1.1780,1.2316,1.0324,1.1421,1.0317,1.2006,1.1099,1.1238,1.1901,1.3179,0.9465,1.1463,1.0652,1.1134,1.1855,1.0238,1.1909,1.0241,1.2400,1.3740,1.2726,1.1564,1.1241,1.0964,1.1150,1.0351,1.2754,1.2395,1.1481,1.1829,1.1783,1.2914,1.1337,1.1016,0.9664,0.9626,1.1088,1.0703,0.9370,1.0344,0.9433,1.2013,1.1628,1.2085,1.1521,1.1411,1.0523,1.1235,1.1757,1.0956,1.0066,1.0808,0.9999,1.1008,1.1044,0.9544,0.9689,0.9310,1.0788,0.9944,1.0767,1.1084,1.1641,1.4469,1.0629,1.2457,1.1629,1.1104,1.2126,1.1626
randolph_4,0.8335,0.8660,1.0889,1.0740,0.8392,0.8911,0.8435,0.0000,0.9655,0.8641,0.8404,0.9017,0.9387,1.0195,1.0511,0.9511,1.0937,1.0250,1.2474,1.2250,0.9863,1.0323,1.0816,1.0393,0.9900,0.8853,1.0926,1.0455,0.8501,0.8440,0.8907,0.8546,1.1332,0.9910,0.9930,1.0083,1.2548,1.1148,1.0890,1.1312,0.8389,1.0329,1.0724,1.0898,0.9601,1.2460,1.0934,0.9504,1.0674,1.1184,1.1203,0.9683,1.0317,1.0523,1.0899,1.0636,0.8421,1.0750,0.8561,0.9979,1.0085,0.9381,1.0925,1.2637,0.8948,1.0816,1.0388,1.0198,1.0544,1.0310,1.0930,1.0100,1.0138,1.1697,1.1576,1.1614,0.9743,0.9656,0.9834,0.9226,1.0760,1.1122,0.9587,1.0302,0.9744,1.0132,0.9054,0.9167,0.8022,0.7976,0.9451,0.9088,0.8821,0.9937,0.8990,1.0793,0.9872,1.0160,1.0492,1.0323,1.0436,1.0120,1.0695,1.0755,0.9496,1.0304,0.8875,1.1513,1.0152,0.9193,0.9435,0.8257,0.9253,0.8652,1.1047,0.9667,0.9823,1.3631,0.9056,1.1519,0.9740,0.9687,1.0293,0.9745
jackson_1,0.8862,0.8387,0.9527,1.0835,0.9094,0.8533,0.9245,0.9655,0.0000,0.7894,0.7148,0.9737,0.9186,0.9296,0.9942,0.9374,1.0456,1.0827,1.1269,1.1349,1.0157,1.0370,1.0210,0.9893,0.9425,1.0007,1.0126,1.0095,1.0128,0.9492,1.0680,0.8778,1.2170,1.0247,0.8545,0.8764,1.0527,1.1038,1.0919,1.1361,0.9251,1.0331,0.9959,0.9082,1.0241,1.3054,1.0470,0.9781,0.9710,1.0566,1.0399,1.0239,1.0059,1.1296,1.0710,1.1659,1.0004,1.1491,1.0898,1.2061,0.9922,0.8774,1.0662,1.1269,0.8420,0.9831,0.9668,0.9089,0.9491,0.8787,1.0216,0.8391,1.1269,1.2644,1.2191,1.2198,1.0232,1.1429,1.1579,1.0235,1.2044,1.0820,1.0531,1.0805,1.1841,1.2425,1.0101,0.9312,0.9941,1.0374,1.0880,1.0373,0.9790,0.8679,0.9026,1.1675,0.9917,1.0724,1.0323,1.0172,0.9979,1.0738,1.0640,1.0891,0.9198,0.9631,0.9188,0.9715,1.0484,1.0220,0.8765,0.9150,1.1265,1.0425,1.1175,0.8919,0.9570,1.2444,0.8905,1.1608,1.0060,0.9262,1.0014,1.0006
jackson_2,0.9222,0.9137,1.1484,1.1477,0.8926,0.9221,0.9866,0.8641,0.7894,0.0000,0.8275,1.0315,0.9985,0.9909,1.0271,1.0413,1.1176,1.1786,1.2961,1.2460,1.0627,1.2068,1.1504,1.1147,1.1037,1.0963,1.1856,1.1620,1.0724,1.1158,1.1820,1.0154,1.2325,1.0605,1.0065,1.0702,1.2539,1.2652,1.1540,1.2497,1.0718,1.1935,1.1566,1.1639,1.1015,1.3972,1.1514,1.0580,1.1581,1.2301,1.2502,1.0111,1.1001,1.1800,1.1776,1.2857,1.0049,1.2063,1.1851,0.9801,1.1331,1.0175,1.2513,1.2544,0.9877,1.0915,1.1055,1.0621,1.1701,1.0578,1.1714,1.0446,1.3110,1.2279,1.1359,1.3234,1.0894,1.1929,1.1339,0.9092,1.2978,1.2550,1.0856,1.1659,1.1779,1.1462,1.0832,0.9599,0.9272,0.9525,1.0975,0.8594,0.8732,0.9362,0.8668,1.1700,1.1377,1.1466,1.2564,1.1606,1.1433,1.1566,1.1755,1.1494,0.9972,1.0580,1.0410,1.1340,1.1531,1.1103,0.9891,0.9499,1.0106,1.0049,1.1336,0.9685,1.0061,1.3455,0.9675,1.2578,1.0146,1.0467,1.0406,1.0102
jackson_3,0.8182,0.8242,0.9849,1.1996,0.8562,0.8409,0.8778,0.8404,0.7148,0.8275,0.0000,0.8903,0.9582,0.9687,0.9871,0.9135,1.0769,0.9588,1.1881,1.1992,0.9425,0.9005,0.9419,0.9882,0.9621,0.9387,1.0091,1.0749,0.9187,0.9376,1.0179,0.8571,1.1412,1.0049,0.9025,0.9473,1.1745,1.1746,1.0830,1.1568,0.9579,1.0370,0.9769,1.0270,0.9619,1.2024,1.0765,0.9380,0.9489,1.0032,1.0657,0.9786,1.0004,0.9848,0.9594,1.0798,0.8912,1.1835,0.8286,1.1427,0.9442,0.9087,1.0508,1.2597,0.8220,0.9880,1.0270,0.8880,1.0055,0.8790,1.0743,0.9184,1.1188,1.1718,1.1613,1.2111,0.9585,1.0742,1.0651,0.9614,1.1648,1.0367,0.9719,0.9788,1.0540,1.1216,1.0015,0.8428,0.9299,0.9528,0.9901,0.9283,0.8368,0.8112,0.8038,0.9915,0.9296,0.9632,0.9821,0.9591,0.9271,1.0063,1.0166,1.0703,0.8862,0.9103,0.8214,1.0935,0.9734,0.9744,0.8622,0.8561,1.0136,0.9058,1.0357,0.8727,0.9289,1.3650,0.7945,1.0732,0.9037,0.8432,0.9627,0.8990
jackson_4,0.8165,0.8357,0.9384,1.1602,1.1202,1.0192,1.0190,0.9017,0.9737,1.0315,0.8903,0.0000,0.8262,0.8998,0.8412,0.8198,0.9995,0.8595,1.1170,1.0928,0.9633,0.9202,1.0104,0.9415,0.8592,0.7723,0.8162,1.0537,0.8830,0.8869,0.8729,0.8685,0.8951,0.8630,0.9037,0.8949,1.0416,0.9232,0.9646,0.9880,0.9586,0.8895,0.9747,1.0602,0.8364,0.9581,0.8969,0.8945,0.8571,0.9237,0.9147,0.8338,0.7541,0.8034,0.8615,0.9355,0.9143,1.1118,0.8737,1.1232,0.7999,0.8187,0.8666,1.1147,0.8220,0.7902,0.8398,0.9181,0.9180,0.8311,0.9436,0.9717,1.0564,1.1055,1.0462,1.0403,0.8410,1.0651,0.9957,1.0024,1.1017,1.0143,0.8263,0.8344,0.9675,1.0589,0.9914,0.9377,1.0191,1.0681,1.0606,1.0764,1.0678,0.9177,1.0058,0.9450,0.8481,0.9318,1.0185,0.9322,0.9428,0.8945,0.8677,0.9626,0.9269,0.9519,0.8787,1.0690,0.9073,0.8708,0.7474,0.7743,1.0349,0.8446,1.1383,0.9431,0.9555,1.3292,0.8400,1.0798,0.8747,0.9663,0.9756,0.8742
jqadams_1,0.7656,0.7897,0.9794,0.9975,1.0403,1.0640,1.1381,0.9387,0.9186,0.9985,0.9582,0.8262,0.0000,0.6789,0.9182,0.8734,0.9909,0.9430,1.0308,1.1266,0.9353,1.0190,0.9937,0.9153,0.8255,0.8581,0.9243,0.9618,0.9368,0.9158,0.9934,0.9387,1.0367,0.9451,0.9323,0.8653,1.0840,1.0689,0.9801,1.0353,0.8144,0.9509,0.9175,1.0428,0.9744,1.1764,0.9338,0.9467,0.9392,0.9589,1.0256,0.9873,0.8484,1.0539,0.9938,1.1043,0.9722,1.1882,0.9290,1.1832,0.8394,0.7885,0.9783,1.0523,0.8362,0.8545,0.8801,0.9765,0.8205,0.9059,0.8519,0.8891,1.1027,1.1658,1.1547,1.1263,0.8540,1.1232,1.1042,1.0491,0.9657,1.0828,0.9150,0.9231,1.0979,1.1395,0.9378,0.8650,1.0960,1.1044,1.1250,1.0677,1.0665,0.9398,1.0389,0.9539,0.8471,0.9363,1.0263,0.8872,0.9411,0.8839,0.8516,0.8978,0.9183,0.8830,0.9487,1.0534,0.9790,0.9237,0.9405,0.8668,1.0649,0.9802,1.2157,1.0281,1.0229,1.2714,0.8722,1.2407,0.8903,1.0091,1.0457,0.8868
jqadams_2,0.8648,0.8204,0.9072,1.0866,1.0626,1.0820,1.1449,1.0195,0.9296,0.9909,0.9687,0.8998,0.6789,0.0000,0.7876,0.8073,1.0294,0.9604,1.1135,1.1899,1.0470,1.0077,1.0435,0.9947,0.9744,0.9830,0.9724,0.9907,1.0686,1.0204,1.0498,1.0838,1.1137,0.9634,0.9394,0.9268,1.1119,1.0588,1.0588,1.0880,0.9265,0.9489,0.9686,1.1258,0.9534,1.1868,0.8973,0.8723,1.0349,1.0527,1.1244,1.0242,0.9915,1.0663,1.0499,1.1164,1.0537,1.1175,1.0041,1.1971,0.9930,0.8864,0.9835,1.1451,0.8343,0.9224,0.8857,0.8854,0.8611,0.8750,0.9054,0.8199,1.0438,1.2144,1.1545,1.1882,0.9799,1.1260,1.0996,1.0596,1.0293,1.0483,0.9255,0.9344,1.0904,1.2421,1.1059,1.0281,1.0542,1.1310,1.0509,1.1507,1.1215,0.9401,1.1367,0.9081,0.9333,0.9225,1.0907,0.9366,1.0616,1.0122,0.9953,1.0122,1.0110,0.9431,0.9211,1.0950,1.0057,0.9857,0.8775,0.9223,1.0394,0.9954,1.2416,1.0354,1.0739,1.3515,0.8262,1.1266,0.9234,0.9065,1.0914,0.9204
jqadams_3,0.8671,0.8338,0.9475,1.1080,1.0704,1.0825,1.1203,1.0511,0.9942,1.0271,0.9871,0.8412,0.9182,0.7876,0.0000,0.7918,1.1100,0.9639,1.2145,1.1630,1.1017,1.0182,1.1436,1.0927,0.9183,0.8915,0.9346,1.1034,1.0127,1.0187,1.0625,1.0190,1.1359,0.9336,0.8835,0.9851,1.1285,1.1462,1.1336,1.2059,1.0079,0.9063,1.0125,1.0525,0.8273,1.1542,0.9025,0.8566,1.0991,1.0881,1.1319,1.0158,0.8735,0.9312,0.9882,1.0841,1.0367,1.0919,0.9985,1.1004,0.9559,0.9354,1.0164,1.1271,0.8553,0.8840,0.9560,0.9477,0.9568,0.8521,0.9813,0.8514,1.0616,1.1464,1.0979,1.1132,0.9959,1.1313,1.1203,0.9976,1.1446,1.0023,1.0069,0.9186,1.0991,1.2357,1.0791,1.1153,0.9478,1.1229,1.0645,1.0781,1.1295,1.0317,1.1229,0.9498,0.9562,1.0318,1.0688,1.0318,1.0400,1.0548,1.0333,1.0697,1.0622,1.0991,0.9762,1.0686,0.9958,0.9822,0.8975,0.9760,1.0938,0.8765,1.1367,1.0337,1.0350,1.2940,0.8461,1.1674,0.8909,0.9274,1.0435,0.8881
jqadams_4,0.8794,0.9128,1.0109,1.1870,1.0635,0.9351,1.0157,0.9511,0.9374,1.0413,0.9135,0.8198,0.8734,0.8073,0.7918,0.0000,1.0330,0.9773,1.1192,1.2234,1.0232,0.9768,1.1584,0.9874,0.9154,0.9767,0.9888,1.1461,1.0867,1.1489,0.9902,1.0815,1.0460,0.9205,0.9479,0.9696,1.1157,1.1163,1.0142,1.1620,1.0087,0.9722,1.0362,1.1593,0.9812,1.1324,1.0158,0.9078,1.0233,1.0610,1.0849,0.9720,0.9802,0.9861,0.9839,1.0447,1.0916,1.1190,1.0428,1.1471,0.9045,0.8758,0.8908,1.1656,0.9049,0.8403,0.7765,0.9828,0.9817,0.8371,0.9990,0.9453,1.0306,1.2226,1.1225,1.1278,1.0256,1.1136,1.0307,0.9932,1.0842,1.0766,1.0224,0.9795,1.0543,1.2048,1.1636,1.0744,0.9915,1.1175,1.0696,1.0610,1.1327,1.0099,1.1162,0.9308,0.9947,1.0216,1.1381,1.0199,1.0621,0.9555,0.9780,1.0102,0.9376,0.9212,0.9325,1.0377,0.9405,0.9514,0.8764,0.9170,1.0420,0.8645,1.2230,1.0802,1.0818,1.3242,0.8635,1.1021,0.9231,0.9322,1.1059,0.9198
ejames_1,1.0089,0.9671,0.9603,1.1619,1.1733,1.1318,1.1738,1.0937,1.0456,1.1176,1.0769,0.9995,0.9909,1.0294,1.1100,1.0330,0.0000,0.7578,0.7811,0.9381,0.9621,0.8775,0.8607,0.9755,0.7736,0.8618,0.9442,1.0673,1.1071,0.9964,1.2487,0.9447,1.0641,0.9128,1.2130,0.8207,0.8100,1.0380,0.7051,0.8672,0.9255,0.8540,0.8706,1.0060,0.9396,1.0561,1.1365,1.2227,0.7992,0.8466,0.9514,1.1232,0.9262,0.8938,0.8741,0.9303,1.0764,1.1068,1.0560,1.3514,0.9352,0.9969,0.9916,1.0506,1.0190,0.9586,0.9086,1.1248,0.9214,1.0600,0.8994,1.0481,1.0820,1.3145,1.2636,1.1570,0.9958,1.2272,1.2279,1.1995,1.1458,1.1630,1.0828,1.0309,1.1087,1.2975,1.1002,1.0240,1.2220,1.2053,1.2620,1.3143,1.2447,1.1949,1.2095,1.0502,0.9095,1.0124,1.0139,0.9117,1.0135,0.9313,0.9447,1.0099,0.8927,0.7415,0.9675,0.8580,1.0530,0.9639,0.9455,0.8875,1.1965,0.9852,1.4453,1.0327,1.0239,1.0873,1.0721,1.2997,1.1174,1.1284,1.0263,1.1165
ejames_2,0.8689,0.8482,0.8724,1.1587,1.2015,1.1755,1.1491,1.0250,1.0827,1.1786,0.9588,0.8595,0.9430,0.9604,0.9639,0.9773,0.7578,0.0000,0.8855,0.9105,0.9250,0.7968,0.8422,0.8712,0.8595,0.7686,0.8561,1.1065,1.0840,0.8931,1.0658,0.9101,0.8761,0.8101,1.1017,0.7594,0.8247,0.8668,0.7272,0.8092,0.9429,0.6957,0.8350,0.9856,0.7775,0.8529,0.9057,1.0012,0.7546,0.7793,0.9062,1.0070,0.7419,0.6778,0.7473,0.7303,1.0014,1.0804,0.9100,1.2870,0.8077,0.8719,0.8793,1.0474,0.9190,0.8392,0.7865,1.0498,0.8902,0.9712,0.8502,1.0064,0.9674,1.1926,1.1697,1.0388,0.9733,1.1705,1.1567,1.1535,1.0494,1.0534,1.0180,0.8727,0.9496,1.2135,1.0537,0.9324,1.1665,1.1085,1.1785,1.3259,1.1921,1.0350,1.1897,0.9588,0.8862,0.9930,0.9506,0.8400,0.9729,0.8233,0.8721,0.9196,0.8942,0.8048,0.8956,0.9667,0.8618,0.8752,0.9110,0.8731,1.1192,0.8758,1.3201,0.9010,0.8663,1.1343,0.9988,1.2467,1.0384,1.0702,0.8858,1.0379
ejames_3,1.0599,1.0585,1.0430,1.1516,1.2978,1.2411,1.3024,1.2474,1.1269,1.2961,1.1881,1.1170,1.0308,1.1135,1.2145,1.1192,0.7811,0.8855,0.0000,0.9717,1.0821,0.9773,0.8507,1.1328,0.9029,0.9988,1.0869,1.0709,1.1195,1.0284,1.3090,1.0285,1.1502,1.0861,1.2622,0.8369,0.8070,1.2009,0.8804,0.9904,0.9144,1.0196,0.7743,1.0075,1.1519,1.2163,1.1660,1.2858,0.9237,0.9977,1.1224,1.2816,0.9822,1.0406,1.0053,1.0304,1.0997,1.2258,1.1624,1.4608,1.0239,1.0627,1.0868,1.0034,1.0166,0.9499,0.9617,1.1546,0.9515,1.1231,0.8659,1.1186,1.2532,1.5260,1.4425,1.3952,1.1457,1.3307,1.3976,1.3389,1.1773,1.3393,1.2207,1.1625,1.2235,1.4381,1.2161,1.0291,1.3655,1.3256,1.3843,1.4411,1.3835,1.2608,1.3073,1.0398,0.9404,1.0725,1.0984,1.0388,1.0871,1.0608,1.0960,1.1164,1.0240,0.7246,1.0997,0.9488,1.2067,1.1201,1.0508,1.0753,1.3317,1.1359,1.4814,1.1356,1.1180,1.0329,1.1356,1.4216,1.2082,1.1439,1.1391,1.2022
ejames_4,1.0718,1.1152,1.1651,1.3307,1.2972,1.2827,1.2577,1.2250,1.1349,1.2460,1.1992,1.0928,1.1266,1.1899,1.1630,1.2234,0.9381,0.9105,0.9717,0.0000,1.2323,1.1964,1.0664,1.1739,0.9962,1.0849,1.0084,1.2074,1.3149,1.1275,1.2905,1.0987,1.1187,1.0722,1.2041,0.7867,0.6188,1.1832,1.1176,1.1162,1.1142,1.1255,1.0358,1.0628,1.1512,1.1765,1.2188,1.1845,0.9252,1.0444,1.1563,1.2924,0.9323,0.9903,1.1633,1.0970,1.1358,0.9585,1.1766,1.4221,0.9491,1.0201,1.0520,0.5950,1.0903,1.0064,1.0201,1.1526,1.0793,1.0956,0.8469,1.0651,1.1751,1.4284,1.3621,1.2513,1.1905,1.2334,1.2251,1.2410,1.2412,1.3241,1.1833,1.1772,1.1926,1.4591,1.1663,1.2871,1.3158,1.3578,1.3535,1.4499,1.3911,1.2035,1.3524,1.1251,0.9562,1.1358,1.0683,1.0331,1.0377,0.9985,1.0611,1.0591,1.0701,0.9371,1.0801,0.7023,1.1929,1.0425,1.0893,1.1187,1.3601,1.1242,1.3881,1.2197,1.2146,0.8535,1.2299,1.3991,1.2595,1.2494,1.2189,1.2567
flint_1,0.7901,0.8270,0.9748,1.1719,1.1132,1.0726,1.1705,0.9863,1.0157,1.0627,0.9425,0.9633,0.9353,1.0470,1.1017,1.0232,0.9621,0.9250,1.0821,1.2323,0.0000,0.7962,0.8351,0.8517,0.8858,0.9298,0.8987,1.0783,0.9424,0.8509,1.1065,0.8044,1.1399,1.0428,1.0221,0.9292,1.1362,1.1431,1.0090,1.0127,0.9524,0.9197,0.9970,1.0182,0.8948,1.1262,0.9617,1.0144,0.8345,0.8887,0.9477,1.0424,0.9429,1.0150,0.9460,0.9110,0.9644,1.1565,0.9931,1.1827,0.8979,0.9008,1.0436,1.2579,0.9271,1.0868,1.0162,0.9882,0.9764,1.0696,0.9757,1.0420,1.0488,1.1797,1.1492,1.1866,0.9400,1.2598,1.1694,1.1849,1.0566,1.0150,1.0713,0.8675,1.0673,1.1385,0.9872,0.9530,1.0856,0.9570,1.1169,1.1089,1.0775,0.9960,1.0013,1.0836,0.9461,0.9874,1.0714,0.9359,0.9938,0.9542,1.0086,1.0783,0.9127,0.8963,0.9048,1.1086,1.0052,0.9887,1.0463,0.9416,1.1865,0.9723,1.2300,0.9507,0.9719,1.3118,0.9115,1.1814,0.9487,1.0381,1.0077,0.9481
flint_2,0.9236,0.8997,0.9554,1.2510,1.1867,1.1680,1.0671,1.0323,1.0370,1.2068,0.9005,0.9202,1.0190,1.0077,1.0182,0.9768,0.8775,0.7968,0.9773,1.1964,0.7962,0.0000,0.8295,0.8221,0.8581,0.8718,0.9294,1.1199,1.0263,1.0076,1.0126,0.9812,0.9924,0.9639,1.1158,0.9688,1.0681,1.0318,0.9316,0.9537,0.9777,0.8610,0.9706,1.0429,0.8621,1.0293,0.9138,0.9755,0.8410,0.8476,0.9849,0.9816,0.9280,0.8945,0.7975,0.8433,1.0593,1.0943,0.9428,1.2644,0.9082,1.0356,0.9467,1.2663,0.9042,0.9415,0.8704,0.9843,0.9755,1.0111,0.9663,1.0564,1.0253,1.1726,1.1666,1.0775,0.9481,1.1605,1.1417,1.1683,1.1034,1.0273,1.0325,0.9489,0.9305,1.1518,1.0707,0.9521,1.1093,1.0455,1.0890,1.2135,1.1063,1.0565,1.1304,1.0332,0.9458,0.9666,0.9566,0.9166,0.9532,0.9208,0.9532,1.0656,0.9797,0.8932,0.8876,1.0636,0.9395,0.8580,1.0021,0.8385,1.1192,0.8649,1.2589,0.9740,0.9571,1.2805,0.9405,1.1864,1.0564,0.9772,0.9782,1.0521
flint_3,0.8728,0.9627,1.0076,1.0537,1.1279,1.1652,1.2480,1.0816,1.0210,1.1504,0.9419,1.0104,0.9937,1.0435,1.1436,1.1584,0.8607,0.8422,0.8507,1.0664,0.8351,0.8295,0.0000,0.9142,0.7945,0.8786,0.9816,1.0447,0.9902,0.8457,1.1065,0.8197,1.1328,0.9492,1.2239,0.8373,0.9133,1.1937,0.8375,0.8823,0.8594,0.8712,0.8361,0.9818,0.9853,1.1328,1.0528,1.1407,0.8505,0.8976,1.0565,1.1253,0.8733,0.9972,0.9407,1.0134,0.9556,1.1736,0.9783,1.3647,0.8893,0.9366,1.0442,1.1530,0.9070,1.0468,1.0232,1.0693,0.9575,1.1131,0.9140,1.0674,1.1155,1.2723,1.2719,1.2586,0.9385,1.2588,1.2476,1.2172,1.1266,1.1487,1.0614,1.0413,1.0595,1.2248,1.0694,0.8854,1.2012,1.0898,1.2346,1.2481,1.1863,1.0630,1.0678,1.1197,0.8986,1.0091,0.9687,0.9545,0.9216,1.0448,1.0328,1.1121,0.8711,0.8606,0.8494,1.0382,1.0284,1.0750,1.0592,1.0205,1.2064,0.9559,1.3305,1.0543,1.0486,1.2059,0.9981,1.3116,1.0922,1.0435,1.0620,1.0847
flint_4,0.8978,0.9732,1.0910,1.2546,1.1389,1.0957,1.0585,1.0393,0.9893,1.1147,0.9882,0.9415,0.9153,0.9947,1.0927,0.9874,0.9755,0.8712,1.1328,1.1739,0.8517,0.8221,0.9142,0.0000,0.9095,0.9345,0.9689,1.2312,1.0156,1.0551,1.0236,0.8979,1.0577,0.9805,1.1674,1.0262,1.1092,1.1804,0.9181,1.0278,0.9629,0.9343,0.9916,1.1794,1.0254,1.1664,1.0066,0.9698,0.9081,0.9312,0.9338,0.9488,0.9341,0.9947,0.9024,0.9939,1.0293,1.1003,0.9816,1.2331,0.9050,0.9390,1.0092,1.1646,0.9081,0.9546,0.8864,1.0344,1.0931,1.0256,0.9590,1.0563,1.0961,1.2179,1.1613,1.1888,1.0265,1.2689,1.2049,1.1774,1.1816,1.0883,1.0621,1.0207,0.9407,1.1363,1.0414,1.0496,1.0954,0.9838,1.0848,1.1293,1.1266,1.0740,1.1754,1.0591,0.9903,1.0616,1.0297,0.9344,0.9538,0.8972,0.8492,0.9284,0.9553,0.9275,0.8858,1.1239,0.9853,0.8618,1.0257,0.9337,1.1112,0.8742,1.1779,0.9508,0.9585,1.3431,0.9637,1.1854,1.0360,1.0695,0.9667,1.0288
hall_1,0.8197,0.8030,0.8408,0.9922,1.0564,1.0769,1.0886,0.9900,0.9425,1.1037,0.9621,0.8592,0.8255,0.9744,0.9183,0.9154,0.7736,0.8595,0.9029,0.9962,0.8858,0.8581,0.7945,0.9095,0.0000,0.6795,0.7868,0.9398,0.9244,0.8856,1.0082,0.8311,1.1362,0.9373,0.9811,0.7318,0.9191,1.1129,0.7973,0.8857,0.8476,0.7748,0.8221,0.8706,0.8655,1.0914,1.0176,1.0111,0.7848,0.9076,0.9753,0.9984,0.7690,0.8937,0.8656,0.9317,0.9256,1.0628,0.9808,1.1984,0.7883,0.7791,0.8585,1.0799,0.8045,0.8757,0.8100,0.9291,0.8221,0.9117,0.7791,0.9517,0.9807,1.1738,1.1730,1.0939,0.8052,1.1536,1.0576,1.0473,1.0810,0.9906,1.0103,0.9455,1.0405,1.2074,0.9047,0.8577,1.0859,1.0894,1.0647,1.2000,1.1272,0.9655,1.0171,0.9548,0.8027,0.9402,0.9784,0.8020,0.8494,0.8944,0.9040,0.9130,0.8635,0.7897,0.8031,0.8654,0.8922,0.8896,0.9594,0.8666,1.0955,0.8402,1.1791,0.9926,0.9718,1.1651,0.8633,1.2559,0.9713,0.9109,0.9893,0.9682
hall_2,0.8718,0.7972,0.8799,1.0956,1.0189,1.0519,1.0312,0.8853,1.0007,1.0963,0.9387,0.7723,0.8581,0.9830,0.8915,0.9767,0.8618,0.7686,0.9988,1.0849,0.9298,0.8718,0.8786,0.9345,0.6795,0.0000,0.8416,0.9596,0.8885,0.8796,0.8871,0.8489,1.0140,0.8597,0.9802,0.8360,0.9873,0.9882,0.7770,0.8394,0.9123,0.8040,0.8488,0.9545,0.8717,1.0806,0.9985,0.9418,0.8103,0.8947,0.8660,0.9481,0.7410,0.8401,0.8175,0.9091,0.8759,1.1201,0.8580,1.2077,0.7933,0.7956,0.9656,1.1858,0.9112,0.9706,0.8895,1.0559,0.8582,0.9590,0.8859,0.9807,0.9333,1.1955,1.2066,1.0669,0.8217,1.0787,1.0915,1.1340,1.0151,0.9902,0.9706,0.8501,1.0103,1.1047,0.9676,0.8206,1.0397,1.0369,1.1147,1.1329,1.1088,0.9903,1.0769,0.9920,0.8700,0.9855,0.9929,0.9034,0.9334,0.8531,0.9270,0.9307,0.8347,0.8541,0.8583,1.0590,0.9484,0.8707,0.9101,0.8668,1.0548,0.8328,1.2468,0.9410,0.9516,1.2720,0.8842,1.2036,0.9330,1.0155,0.9809,0.9309
hall_3,0.8497,0.7776,0.8712,1.1407,1.1206,1.1593,1.2194,1.0926,1.0126,1.1856,1.0091,0.8162,0.9243,0.9724,0.9346,0.9888,0.9442,0.8561,1.0869,1.0084,0.8987,0.9294,0.9816,0.9689,0.7868,0.8416,0.0000,1.0154,0.9825,0.8718,0.9413,0.8765,1.0333,0.9257,0.9705,0.8595,0.9233,0.9926,1.0322,0.9520,0.9507,0.6979,1.0124,0.9856,0.7129,0.9865,0.8817,1.0419,0.7112,0.8262,0.8287,1.0362,0.7573,0.8611,0.8651,0.8847,0.9631,1.1370,0.9697,1.2716,0.7238,0.8004,0.7172,1.1229,0.8662,0.8643,0.8746,0.9551,0.8847,0.9144,0.8958,0.9556,0.9775,1.1044,1.1654,1.1032,0.9002,1.1953,1.1396,1.2297,1.0014,0.8683,0.9986,0.7645,0.9965,1.2411,1.0073,1.0607,1.1510,1.1014,1.1473,1.1778,1.2020,0.9423,1.1311,0.9711,0.8087,0.9252,0.9218,0.8457,0.8436,0.9075,0.9173,0.9370,0.9504,0.9155,0.9142,1.0315,0.8063,0.9195,1.0139,0.8328,1.2968,0.9329,1.1933,0.9108,0.9046,1.3026,0.8629,1.1133,0.9188,0.9993,0.9041,0.9167
hall_4,1.0107,1.0345,1.0995,0.9367,1.0982,1.1182,1.2554,1.0455,1.0095,1.1620,1.0749,1.0537,0.9618,0.9907,1.1034,1.1461,1.0673,1.1065,1.0709,1.2074,1.0783,1.1199,1.0447,1.2312,0.9398,0.9596,1.0154,0.0000,1.0819,0.9609,1.2061,0.9789,1.4060,1.2313,1.2078,1.0344,1.2147,1.2859,1.1442,1.1990,0.8315,1.0833,1.0572,0.9937,1.1747,1.3497,1.2271,1.0979,1.1474,1.2632,1.3028,1.2847,1.0785,1.2189,1.1957,1.2873,0.8634,1.2962,1.0943,1.3705,1.0698,1.0989,1.2069,1.2845,0.9832,1.1266,1.1275,1.1578,0.9248,1.1096,1.0574,1.1167,1.2843,1.4424,1.5003,1.4251,1.0731,1.3564,1.2729,1.3040,1.1035,1.1951,1.1448,1.0510,1.2819,1.4596,1.0824,0.9901,1.1974,1.2615,1.3486,1.2625,1.2076,1.2027,1.0926,1.1211,1.0601,1.1254,1.1980,1.0696,1.1065,1.2113,1.1839,1.1992,0.9664,1.0147,0.9924,1.1772,1.2025,1.1415,1.0804,1.1028,1.3004,1.1563,1.2704,1.1090,1.1251,1.4186,0.9575,1.2974,1.0181,1.0052,1.1607,1.0172
paulding_1,0.8465,0.8558,1.1008,1.0238,1.0546,1.0262,1.0867,0.8501,1.0128,1.0724,0.9187,0.8830,0.9368,1.0686,1.0127,1.0867,1.1071,1.0840,1.1195,1.3149,0.9424,1.0263,0.9902,1.0156,0.9244,0.8885,0.9825,1.0819,0.0000,0.8131,0.8798,0.7647,1.2062,1.0337,0.9846,1.0075,1.2309,1.1824,1.1207,1.0620,0.8490,1.0039,1.0309,1.0662,0.9135,1.1717,1.0285,1.0347,1.0351,1.0729,1.1122,1.0443,0.9727,1.0523,1.0000,1.1064,0.7787,1.1373,0.8701,1.1171,0.8868,0.9323,1.0202,1.3171,0.9071,1.0959,1.0541,1.0472,1.0162,1.1088,1.1590,1.0471,1.0740,1.1270,1.0917,1.1166,0.7978,1.0702,1.0227,1.0466,1.0494,1.0223,0.9453,0.9210,0.9563,1.0340,0.9127,0.9346,1.0042,0.9493,1.0069,1.0358,1.0835,0.9583,0.9766,1.0448,0.9194,0.9879,1.0083,1.0025,0.9270,1.0401,1.0716,1.0857,0.9228,1.0003,0.9441,1.1680,1.0183,1.0213,0.9785,1.0102,1.0659,0.9730,1.1677,0.9975,1.0095,1.4513,0.8878,1.2437,0.9218,1.0239,1.0540,0.9177
paulding_2,0.8656,0.8262,0.9953,0.9512,1.0226,1.1013,1.1496,0.8440,0.9492,1.1158,0.9376,0.8869,0.9158,1.0204,1.0187,1.1489,0.9964,0.8931,1.0284,1.1275,0.8509,1.0076,0.8457,1.0551,0.8856,0.8796,0.8718,0.9609,0.8131,0.0000,0.9845,0.7724,1.1459,1.0047,0.9996,0.8617,1.0320,1.1190,1.0450,1.0757,0.8115,0.8950,0.8968,0.9373,0.9040,1.2243,1.0485,1.0411,0.9090,1.0104,1.0618,1.0622,0.8516,0.9178,0.9266,0.9626,0.7733,1.0888,0.8750,1.2153,0.9665,0.8523,1.0132,1.1233,0.8841,0.9555,1.0106,1.0142,0.9171,1.0075,0.9857,0.9974,1.0669,1.0683,1.1425,1.1668,0.8998,1.1498,1.0731,1.1309,1.0322,1.1046,0.9915,0.9547,1.0521,1.0654,0.8532,0.8911,1.0590,1.0004,1.0969,1.1409,1.1223,0.9614,1.0209,1.0387,0.9531,1.0380,1.0019,0.9540,0.9040,1.0035,1.0406,1.0463,0.9036,0.9454,0.9069,1.0788,1.0659,0.9547,0.9527,0.9198,1.1571,1.0329,1.2083,1.0309,1.0502,1.3077,0.9731,1.3075,1.0528,1.0679,1.0800,1.0492
paulding_3,0.8554,0.9344,1.0984,1.1724,1.0694,1.0699,1.0504,0.8907,1.0680,1.1820,1.0179,0.8729,0.9934,1.0498,1.0625,0.9902,1.2487,1.0658,1.3090,1.2905,1.1065,1.0126,1.1065,1.0236,1.0082,0.8871,0.9413,1.2061,0.8798,0.9845,0.0000,0.9874,1.1407,1.0959,1.0511,1.1502,1.3097,1.1380,1.1763,1.1573,1.0257,1.0666,1.1922,1.1497,0.9853,1.2591,1.0247,0.9929,1.1032,1.1417,0.9945,0.9640,0.9646,1.0364,1.0341,1.0584,0.9078,1.1214,0.9769,1.2261,0.9064,0.9261,0.9853,1.3668,0.9624,1.0497,0.9808,1.0246,1.0210,1.1198,1.1419,1.1035,1.0068,1.1931,1.1368,1.1406,0.9805,1.0625,1.0036,1.0874,1.0893,0.9823,1.0198,1.0073,0.9709,1.0042,1.0418,1.0671,1.0384,0.9424,1.0139,1.1116,1.0835,0.9983,1.1195,1.1098,0.9958,1.0359,1.0372,1.0553,0.9473,1.0121,1.0166,1.1047,1.0302,1.0530,0.9263,1.2707,0.9475,1.0098,1.0830,1.0016,1.0927,1.0036,1.0556,1.0801,1.0632,1.5291,0.8850,1.1516,0.9546,0.9895,1.0799,0.9553
paulding_4,0.7429,0.8774,0.9790,1.0131,1.0115,0.9882,1.0205,0.8546,0.8778,1.0154,0.8571,0.8685,0.9387,1.0838,1.0190,1.0815,0.9447,0.9101,1.0285,1.0987,0.8044,0.9812,0.8197,0.8979,0.8311,0.8489,0.8765,0.9789,0.7647,0.7724,0.9874,0.0000,1.1904,0.9428,1.0496,0.8372,1.0857,1.1709,1.0053,0.9275,0.7881,0.8805,0.9175,0.8773,0.8054,1.1106,1.0049,1.0595,0.8772,0.9507,0.9977,1.0249,0.9400,1.0244,1.0090,1.0434,0.8434,1.1434,0.8572,1.2279,0.8743,0.8838,0.9860,1.1920,0.8339,1.0629,0.9738,0.9778,0.9096,0.9575,0.9788,0.9436,1.0788,1.1499,1.1000,1.0963,0.8736,1.1898,1.1292,1.1394,1.0346,0.9769,0.9677,0.9032,1.0571,1.1467,0.9323,0.8488,1.0529,0.9666,1.1434,1.0921,1.0503,0.9849,0.9996,1.0929,0.8746,1.0039,0.9481,0.9365,0.8839,0.9629,1.0614,1.0083,0.9108,0.8718,0.9000,1.0853,0.9117,1.0002,0.9367,0.9398,1.0790,0.8752,1.1379,0.9001,0.9291,1.3513,0.8697,1.2003,0.9281,0.9684,0.9658,0.9252
pike_1,1.0443,1.0066,1.0331,1.3105,1.3102,1.2038,1.1845,1.1332,1.2170,1.2325,1.1412,0.8951,1.0367,1.1137,1.1359,1.0460,1.0641,0.8761,1.1502,1.1187,1.1399,0.9924,1.1328,1.0577,1.1362,1.0140,1.0333,1.4060,1.2062,1.1459,1.1407,1.1904,0.0000,0.8467,1.0899,0.9642,1.0275,0.9314,0.8717,0.9078,1.2368,0.9715,1.0554,1.2333,1.0172,1.0145,1.1119,1.1691,0.8791,0.8738,0.8608,1.0012,0.9483,0.8032,0.8677,0.8474,1.1964,1.1208,1.0800,1.2852,0.9018,1.0465,1.0137,1.2043,1.1435,0.9416,0.9764,1.1962,1.1551,1.1570,1.0825,1.0969,1.0504,1.1301,1.1582,1.1164,1.0558,1.2610,1.1716,1.2657,1.2416,1.1418,1.1753,1.0699,0.9608,1.1958,1.1593,1.1645,1.1372,1.1255,1.1763,1.3009,1.2560,1.0135,1.2368,1.1329,1.1081,1.2072,1.1796,1.0866,1.1823,0.9824,0.9622,1.0853,1.1324,1.0739,1.1098,1.1082,0.9968,0.9881,1.0410,0.8913,1.2129,1.0274,1.4701,1.1717,1.1687,1.2800,1.1835,1.4286,1.2614,1.2807,1.1729,1.2606
pike_2,0.9198,0.9660,0.9441,1.1846,1.1470,1.0275,1.0589,0.9910,1.0247,1.0605,1.0049,0.8630,0.9451,0.9634,0.9336,0.9205,0.9128,0.8101,1.0861,1.0722,1.0428,0.9639,0.9492,0.9805,0.9373,0.8597,0.9257,1.2313,1.0337,1.0047,1.0959,0.9428,0.8467,0.0000,1.0133,0.8860,1.0147,1.0370,0.8198,0.8919,1.0009,0.8182,1.0135,1.0585,0.8803,1.0723,0.9909,1.0406,0.9241,0.8731,0.9214,1.0125,0.8934,0.8653,0.8396,0.9182,1.0882,1.0691,0.9731,1.1493,0.8688,0.8975,0.8832,1.1523,0.9786,0.9024,0.8737,1.0625,1.0225,1.0023,1.0953,0.9851,1.0457,1.1543,1.1371,1.0019,0.8783,1.1176,1.0912,1.0270,1.2290,1.1322,1.0732,0.9783,0.9415,1.1593,1.0240,1.0510,1.0373,1.0498,1.1225,1.1729,1.1429,1.0413,1.1414,1.1028,0.9620,1.0297,1.0559,0.9861,1.0733,0.9287,1.0112,1.0317,0.9795,0.9593,0.9498,1.0148,1.0311,0.9745,0.9043,0.9222,1.0924,0.8671,1.3303,0.9406,0.9243,1.2495,0.9562,1.2645,1.0138,1.0590,0.9381,1.0143
pike_3,0.8832,0.8216,0.8953,1.1016,0.9588,0.9685,1.0854,0.9930,0.8545,1.0065,0.9025,0.9037,0.9323,0.9394,0.8835,0.9479,1.2130,1.1017,1.2622,1.2041,1.0221,1.1158,1.2239,1.1674,0.9811,0.9802,0.9705,1.2078,0.9846,0.9996,1.0511,1.0496,1.0899,1.0133,0.0000,0.8875,1.1612,1.1476,1.1577,1.1970,1.1294,1.0330,1.1526,0.9849,0.9290,1.2083,0.9656,0.8835,0.9724,1.0296,1.0533,0.8768,0.9660,1.0754,1.0876,1.1200,1.1082,1.1317,1.0662,1.1274,0.9055,0.9557,1.0015,1.2449,0.9318,0.9555,0.9744,0.8738,0.9548,0.9859,1.1099,0.8418,1.0253,1.1533,1.1290,1.1275,1.0196,1.1397,1.0889,0.9771,1.2101,1.0136,1.0509,0.9679,1.1323,1.1529,1.0623,1.0586,0.9034,1.0821,1.0424,1.0048,1.0061,0.8563,1.0201,1.0231,1.0696,1.1376,1.1369,1.0655,1.1085,1.0668,1.1584,1.0936,1.0846,1.0301,1.0651,1.1032,1.0317,1.0612,0.9789,0.9207,1.1203,1.0644,1.1064,0.9673,1.0062,1.3238,0.8627,1.1943,1.0010,0.8850,1.0390,1.0019
pike_4,0.8570,0.8195,0.8859,1.0235,1.0679,1.0175,1.0648,1.0083,0.8764,1.0702,0.9473,0.8949,0.8653,0.9268,0.9851,0.9696,0.8207,0.7594,0.8369,0.7867,0.9292,0.9688,0.8373,1.0262,0.7318,0.8360,0.8595,1.0344,1.0075,0.8617,1.1502,0.8372,0.9642,0.8860,0.8875,0.0000,0.7186,1.0094,0.8741,0.9280,0.9024,0.8697,0.8487,0.8185,0.8858,1.0192,1.0512,1.0145,0.7409,0.8696,0.9959,1.0302,0.7986,0.9457,0.9018,0.9864,0.9337,0.9514,0.9878,1.1945,0.7918,0.7719,0.8473,0.8812,0.8583,0.8708,0.8067,0.9246,0.8367,0.9336,0.7948,0.8818,0.9800,1.1964,1.1706,1.1052,0.9386,1.1471,1.1065,1.0443,1.1138,1.0247,1.0381,0.9741,1.0756,1.2601,0.9940,0.9240,1.0543,1.0680,1.1512,1.1904,1.0811,0.8916,1.0088,0.9264,0.8307,0.9707,0.9173,0.8429,0.9292,0.8594,0.9127,0.9103,0.9057,0.7392,0.8819,0.7543,0.8948,0.8835,0.9600,0.8798,1.1547,0.9709,1.2322,1.0168,1.0413,1.0341,0.9258,1.2934,1.0374,0.9677,1.0755,1.0359
biddle_1,1.0308,1.0132,1.0194,1.2060,1.3178,1.2998,1.2719,1.2548,1.0527,1.2539,1.1745,1.0416,1.0840,1.1119,1.1285,1.1157,0.8100,0.8247,0.8070,0.6188,1.1362,1.0681,0.9133,1.1092,0.9191,0.9873,0.9233,1.2147,1.2309,1.0320,1.3097,1.0857,1.0275,1.0147,1.1612,0.7186,0.0000,1.0569,0.9119,1.0273,1.0875,0.9390,0.9685,1.0173,1.0225,1.0252,1.1156,1.2124,0.8117,0.8536,1.0732,1.1774,0.8432,0.9282,0.9678,0.9702,1.1614,1.1010,1.1552,1.4243,0.8653,0.9386,0.9577,0.6790,0.9926,0.8636,0.8930,1.0884,0.9570,1.0027,0.7649,1.0258,1.0472,1.3627,1.3576,1.1988,1.1146,1.2554,1.2951,1.2624,1.1885,1.2472,1.1777,1.1509,1.1598,1.4012,1.1765,1.0755,1.3427,1.3374,1.3736,1.4323,1.3796,1.1571,1.3528,1.0293,0.9375,1.1084,1.0011,0.9607,1.0566,0.9397,0.9713,0.9959,1.0099,0.8283,1.0025,0.7247,1.0730,1.0539,1.0581,1.0600,1.4456,1.0673,1.5067,1.1753,1.1452,0.9331,1.1783,1.3859,1.2192,1.2195,1.1589,1.2164
biddle_2,1.0413,1.0629,1.0571,1.3558,1.2558,1.2627,1.2863,1.1148,1.1038,1.2652,1.1746,0.9232,1.0689,1.0588,1.1462,1.1163,1.0380,0.8668,1.2009,1.1832,1.1431,1.0318,1.1937,1.1804,1.1129,0.9882,0.9926,1.2859,1.1824,1.1190,1.1380,1.1709,0.9314,1.0370,1.1476,1.0094,1.0569,0.0000,0.9323,0.9014,1.0852,0.8732,1.1806,1.0902,0.8883,0.9628,1.1179,1.1745,0.9235,0.9032,0.9084,1.1152,0.9282,0.8937,0.9163,0.9313,1.1476,1.1640,1.1023,1.3340,0.8993,0.9267,0.9555,1.2647,1.1579,1.0356,0.9836,1.1491,1.1102,1.1660,1.0966,1.1133,1.0212,1.1667,1.2575,1.1115,1.0690,1.2144,1.1869,1.2537,1.2348,1.1762,1.0435,1.0815,1.1376,1.3251,1.1553,1.1291,1.2049,1.1988,1.1700,1.3135,1.2646,1.0635,1.2839,1.0876,0.9491,1.1347,1.1177,1.0749,1.2744,1.0675,1.0640,1.1202,1.1392,1.0694,1.1240,1.1850,1.0230,0.9457,1.0387,0.9268,1.3384,1.2289,1.4825,1.1856,1.1423,1.3570,1.1819,1.2873,1.2136,1.2930,1.1581,1.2138
biddle_3,1.0052,0.9976,0.9200,1.1460,1.1778,1.1381,1.1351,1.0890,1.0919,1.1540,1.0830,0.9646,0.9801,1.0588,1.1336,1.0142,0.7051,0.7272,0.8804,1.1176,1.0090,0.9316,0.8375,0.9181,0.7973,0.7770,1.0322,1.1442,1.1207,1.0450,1.1763,1.0053,0.8717,0.8198,1.1577,0.8741,0.9119,0.9323,0.0000,0.6588,0.9842,0.8769,0.8666,1.0974,0.9920,1.0421,1.1141,1.1897,0.8926,0.8311,0.8829,1.0220,0.9219,0.7845,0.8465,0.8842,1.1316,1.1912,1.0723,1.2083,0.8823,0.9543,1.0362,1.2263,1.0391,0.9166,0.8763,1.2236,0.9936,1.0957,0.9677,1.1037,1.1024,1.2828,1.2606,1.1132,1.0227,1.2625,1.1672,1.1974,1.2201,1.1485,1.0822,1.0246,1.0743,1.2525,1.0758,0.9676,1.1886,1.1590,1.2263,1.2944,1.2417,1.1406,1.2066,1.1212,0.9755,1.0522,1.1435,1.0138,1.0908,0.9465,1.0190,0.9846,0.9421,0.8688,0.9621,1.0629,1.0192,0.9033,0.9629,0.8431,1.1018,0.9062,1.4613,1.0478,1.0319,1.1816,1.1193,1.3334,1.1815,1.1803,1.0509,1.1787
biddle_4,0.9803,1.0393,1.0343,1.2288,1.2391,1.1456,1.2588,1.1312,1.1361,1.2497,1.1568,0.9880,1.0353,1.0880,1.2059,1.1620,0.8672,0.8092,0.9904,1.1162,1.0127,0.9537,0.8823,1.0278,0.8857,0.8394,0.9520,1.1990,1.0620,1.0757,1.1573,0.9275,0.9078,0.8919,1.1970,0.9280,1.0273,0.9014,0.6588,0.0000,0.9064,0.8477,1.0058,1.0675,0.9752,0.9718,1.0473,1.2049,0.8493,0.7761,0.8422,1.0187,0.9579,0.8849,0.9046,0.9065,1.0799,1.2419,1.0821,1.4143,0.9272,0.9928,0.9728,1.3016,1.1002,1.0843,1.0196,1.1967,1.0354,1.1939,1.0295,1.1040,1.0505,1.2847,1.2899,1.1585,1.0421,1.3089,1.3339,1.3135,1.1335,1.1030,1.0443,1.0331,1.0838,1.2852,1.1356,1.0598,1.2268,1.1864,1.2502,1.3557,1.2563,1.0891,1.2669,1.1472,1.0035,1.0696,1.0963,1.0025,1.0772,0.9443,1.0031,1.0442,1.0274,0.9782,0.9910,1.1916,1.0027,0.9297,1.0654,0.9537,1.2345,1.0145,1.4553,1.0465,1.0211,1.2599,1.0957,1.2776,1.1047,1.2323,1.0450,1.1044
gregg_1,0.8416,0.8924,1.0206,0.9890,0.9918,1.0340,1.1284,0.8389,0.9251,1.0718,0.9579,0.9586,0.8144,0.9265,1.0079,1.0087,0.9255,0.9429,0.9144,1.1142,0.9524,0.9777,0.8594,0.9629,0.8476,0.9123,0.9507,0.8315,0.8490,0.8115,1.0257,0.7881,1.2368,1.0009,1.1294,0.9024,1.0875,1.0852,0.9842,0.9064,0.0000,0.8006,0.8656,0.7954,1.0028,1.1860,1.1087,1.0127,0.9015,0.9982,1.1182,1.0238,0.9241,1.0347,0.9436,1.0699,0.8597,1.1998,0.8596,1.3135,0.8969,0.8953,1.0340,1.1392,0.8834,0.9799,0.9478,1.0379,0.9167,0.9733,0.9527,1.0142,1.1077,1.2148,1.2591,1.1623,0.9120,1.1931,1.1816,1.1701,0.9443,1.0843,0.8584,0.9383,1.1780,1.2378,0.9097,0.9032,1.1040,1.0866,1.1490,1.1764,1.0989,1.0801,1.0355,1.0702,0.8360,0.9585,0.9967,0.9143,0.9356,0.9972,1.0517,1.0799,0.9498,0.8324,0.8719,1.0815,1.0321,0.9819,0.9725,0.9484,1.1327,0.9671,1.1196,0.9457,0.9231,1.3246,0.8617,1.1777,0.8869,0.9542,0.9437,0.8830
gregg_2,0.8882,0.8420,0.7720,1.1345,1.1202,1.1636,1.1859,1.0329,1.0331,1.1935,1.0370,0.8895,0.9509,0.9489,0.9063,0.9722,0.8540,0.6957,1.0196,1.1255,0.9197,0.8610,0.8712,0.9343,0.7748,0.8040,0.6979,1.0833,1.0039,0.8950,1.0666,0.8805,0.9715,0.8182,1.0330,0.8697,0.9390,0.8732,0.8769,0.8477,0.8006,0.0000,0.8786,0.9731,0.7259,0.9209,0.9870,1.0270,0.7757,0.7915,0.8751,1.0066,0.7855,0.8751,0.7674,0.8652,1.0661,1.2173,0.9308,1.3035,0.7973,0.8504,0.8479,1.2026,0.9183,0.8490,0.8778,0.9947,0.8994,0.9239,0.9268,0.9736,0.9265,1.0793,1.1651,1.0123,0.9137,1.2368,1.1982,1.2572,1.0078,0.8302,0.9582,0.8047,1.0571,1.2681,1.0911,0.9768,1.1125,1.1159,1.2351,1.2720,1.1710,1.0583,1.1992,0.9827,0.8531,0.9775,0.9539,0.8762,1.0713,0.9437,0.9430,1.0633,0.9751,0.9040,0.9423,1.0865,0.8785,0.9104,0.9893,0.8763,1.2026,0.8817,1.2844,0.9279,0.8826,1.3170,0.9279,1.2062,0.9767,1.0370,0.8957,0.9768
gregg_3,0.9045,0.9136,0.9040,0.9567,1.0781,1.1344,1.1896,1.0724,0.9959,1.1566,0.9769,0.9747,0.9175,0.9686,1.0125,1.0362,0.8706,0.8350,0.7743,1.0358,0.9970,0.9706,0.8361,0.9916,0.8221,0.8488,1.0124,1.0572,1.0309,0.8968,1.1922,0.9175,1.0554,1.0135,1.1526,0.8487,0.9685,1.1806,0.8666,1.0058,0.8656,0.8786,0.0000,0.9059,1.0230,1.1798,1.1320,1.0868,0.8905,0.9417,1.0107,1.1018,0.9032,0.9176,0.9265,0.9922,0.9814,1.2335,0.9915,1.2751,0.9649,0.9323,1.0971,1.0733,0.9822,0.9218,0.9942,1.1330,0.9153,0.9659,0.8742,0.9662,1.1230,1.3078,1.2566,1.2520,0.9948,1.2296,1.2409,1.2411,1.0973,1.1053,1.0703,1.0373,1.1306,1.2872,1.0441,0.9047,1.1724,1.1906,1.2610,1.2324,1.2647,1.0739,1.1943,1.0479,0.9456,1.1199,1.0526,0.9658,0.9664,0.9786,0.9907,0.9877,0.9224,0.7366,0.9454,1.0461,1.0714,1.0660,0.9104,0.9706,1.0679,0.9388,1.2948,1.0290,1.0287,1.1235,1.0049,1.3434,1.0706,1.0702,1.0437,1.0666
gregg_4,0.9413,0.9093,1.0010,1.0425,1.0546,1.1334,1.1986,1.0898,0.9082,1.1639,1.0270,1.0602,1.0428,1.1258,1.0525,1.1593,1.0060,0.9856,1.0075,1.0628,1.0182,1.0429,0.9818,1.1794,0.8706,0.9545,0.9856,0.9937,1.0662,0.9373,1.1497,0.8773,1.2333,1.0585,0.9849,0.8185,1.0173,1.0902,1.0974,1.0675,0.7954,0.9731,0.9059,0.0000,0.9626,1.2528,1.1449,1.0687,0.9691,1.0228,1.0499,1.2270,0.9624,1.0630,1.0204,1.1181,0.9763,1.1892,1.0318,1.3641,0.9359,0.9415,1.0448,1.1843,0.9757,1.0871,1.0435,1.0303,0.9357,1.0819,1.0288,1.0493,1.0448,1.3308,1.3358,1.2563,1.0257,1.2595,1.2232,1.2312,1.1503,1.1083,1.0946,1.0912,1.2506,1.3087,0.9955,0.9446,1.1723,1.2250,1.2312,1.3090,1.2278,1.0962,1.0766,1.1252,0.9632,1.1047,1.0068,1.0210,1.0491,1.0676,1.0623,1.1033,0.9208,0.9034,1.0191,1.0347,1.0259,1.1299,1.0871,0.9912,1.2855,1.1057,1.2525,1.0358,1.0447,1.2408,0.9636,1.3154,1.0174,1.0146,1.0786,1.0151
pattie_1,0.8405,0.7882,0.8941,1.1308,1.0891,1.0932,1.0914,0.9601,1.0241,1.1015,0.9619,0.8364,0.9744,0.9534,0.8273,0.9812,0.9396,0.7775,1.1519,1.1512,0.8948,0.8621,0.9853,1.0254,0.8655,0.8717,0.7129,1.1747,0.9135,0.9040,0.9853,0.8054,1.0172,0.8803,0.9290,0.8858,1.0225,0.8883,0.9920,0.9752,1.0028,0.7259,1.0230,0.9626,0.0000,0.8563,0.7720,0.9519,0.8306,0.7961,0.8961,0.9223,0.7638,0.8360,0.8375,0.8564,1.0481,1.1233,0.9197,1.1234,0.6946,0.8158,0.7653,1.2099,0.8595,0.8385,0.8538,0.9424,0.8726,0.9074,0.9303,0.8663,0.9077,1.0917,1.0820,1.0028,0.8098,1.1227,1.0539,1.0820,0.9788,0.8416,0.9654,0.8563,0.9893,1.1350,1.0142,0.9446,1.0657,0.9863,1.0631,1.1181,1.1152,0.9062,1.1116,1.0116,0.9415,1.0678,1.0045,0.9478,1.0236,0.9391,0.9454,0.9995,0.9610,0.9903,0.9322,1.0964,0.8065,0.9553,0.9479,0.8535,1.1022,0.8792,1.2767,0.9388,0.8977,1.3459,0.8767,1.1825,0.9863,0.9300,0.9157,0.9856
pattie_2,1.1827,1.1752,1.0896,1.3681,1.4263,1.3224,1.3314,1.2460,1.3054,1.3972,1.2024,0.9581,1.1764,1.1868,1.1542,1.1324,1.0561,0.8529,1.2163,1.1765,1.1262,1.0293,1.1328,1.1664,1.0914,1.0806,0.9865,1.3497,1.1717,1.2243,1.2591,1.1106,1.0145,1.0723,1.2083,1.0192,1.0252,0.9628,1.0421,0.9718,1.1860,0.9209,1.1798,1.2528,0.8563,0.0000,1.0059,1.2638,1.0088,0.9560,1.0504,1.1518,0.9950,0.9274,0.9516,0.9800,1.3062,1.2491,1.2114,1.4716,0.9174,1.0531,1.0141,1.3643,1.0925,1.0382,0.9464,1.2499,1.1342,1.0700,1.0979,1.1358,1.0600,1.3201,1.3351,1.1670,1.1019,1.3857,1.2953,1.3693,1.2108,1.0668,1.1119,1.0199,1.1617,1.4028,1.2988,1.2153,1.2831,1.2656,1.2949,1.4096,1.3324,1.1809,1.4065,1.0755,1.1225,1.2870,1.2313,1.1556,1.2638,1.0812,1.0683,1.1569,1.1536,1.1799,1.1185,1.2066,1.0577,1.0637,1.1903,1.0309,1.3349,1.1167,1.4931,1.2242,1.1549,1.4927,1.2203,1.4498,1.2515,1.2905,1.1687,1.2514
pattie_3,0.8505,0.8606,1.0065,1.1828,1.2082,1.1321,1.1625,1.0934,1.0470,1.1514,1.0765,0.8969,0.9338,0.8973,0.9025,1.0158,1.1365,0.9057,1.1660,1.2188,0.9617,0.9138,1.0528,1.0066,1.0176,0.9985,0.8817,1.2271,1.0285,1.0485,1.0247,1.0049,1.1119,0.9909,0.9656,1.0512,1.1156,1.1179,1.1141,1.0473,1.1087,0.9870,1.1320,1.1449,0.7720,1.0059,0.0000,0.9617,0.9578,0.9620,0.9979,1.0094,0.9124,0.9953,1.0184,1.0125,1.0946,1.0854,1.0434,1.2133,0.8770,0.9352,0.9065,1.2002,0.8626,0.9413,0.9013,0.9611,0.9088,0.9307,0.9488,0.8953,0.9743,1.2319,1.1646,1.0332,1.0133,1.1626,1.1071,1.1282,1.1297,1.0785,1.0447,0.8951,0.9872,1.1991,1.0402,1.0696,1.1575,1.1127,1.1020,1.1308,1.1410,0.9791,1.1629,0.9968,1.0238,1.0357,1.0248,0.9988,0.9905,0.9567,0.9850,1.0082,1.0077,1.0903,0.9850,1.0900,0.9756,0.9029,0.9980,0.9173,1.1916,1.0070,1.2944,0.9640,0.9493,1.3505,0.9110,1.2083,0.9649,1.0295,0.9596,0.9593
pattie_4,0.8105,0.8814,1.0294,1.2032,1.0025,0.9438,1.0152,0.9504,0.9781,1.0580,0.9380,0.8945,0.9467,0.8723,0.8566,0.9078,1.2227,1.0012,1.2858,1.1845,1.0144,0.9755,1.1407,0.9698,1.0111,0.9418,1.0419,1.0979,1.0347,1.0411,0.9929,1.0595,1.1691,1.0406,0.8835,1.0145,1.2124,1.1745,1.1897,1.2049,1.0127,1.0270,1.0868,1.0687,0.9519,1.2638,0.9617,0.0000,1.0638,1.0309,1.1525,0.9309,0.9408,1.1020,1.0876,1.1519,0.9974,0.9835,0.9738,1.1098,0.9957,0.9493,0.9970,1.2147,0.9254,0.9340,0.9584,0.9079,0.9952,0.9861,1.0283,0.9454,1.0382,1.1345,1.1090,1.1092,0.9238,0.9991,0.9895,0.9591,1.1727,1.0579,0.9477,0.9883,1.0621,1.0902,0.9984,1.0714,0.9493,0.9895,0.9483,0.9855,0.9837,1.0032,1.0061,1.0870,0.9996,1.0847,1.1430,0.9743,1.0575,0.9863,1.0983,1.0655,0.9985,1.0700,0.9096,1.1500,1.0308,0.9696,0.9082,1.0217,1.0174,0.9058,0.9594,0.9804,1.0023,1.3637,0.8238,1.1394,0.9165,0.9034,1.0264,0.9155
tjames_1,0.8564,0.8761,0.9064,1.1698,1.1614,1.1194,1.0954,1.0674,0.9710,1.1581,0.9489,0.8571,0.9392,1.0349,1.0991,1.0233,0.7992,0.7546,0.9237,0.9252,0.8345,0.8410,0.8505,0.9081,0.7848,0.8103,0.7112,1.1474,1.0351,0.9090,1.1032,0.8772,0.8791,0.9241,0.9724,0.7409,0.8117,0.9235,0.8926,0.8493,0.9015,0.7757,0.8905,0.9691,0.8306,1.0088,0.9578,1.0638,0.0000,0.6640,0.7445,0.9220,0.7852,0.7319,0.7885,0.8454,0.9980,1.0714,0.9770,1.3070,0.6855,0.7905,0.8210,1.0546,0.8857,0.7822,0.8661,0.9816,0.8817,0.9441,0.8062,0.9600,0.9675,1.2104,1.1719,1.0577,0.9090,1.1619,1.2013,1.1522,1.0100,1.0248,1.0355,0.8869,0.9963,1.1935,0.9796,0.9886,1.1512,1.1127,1.0851,1.2562,1.1904,0.9276,1.1619,0.9886,0.8397,0.9695,0.8712,0.7956,0.9266,0.7903,0.8613,0.9295,0.9693,0.7320,0.9005,0.9552,0.8402,0.8623,0.9662,0.8372,1.2494,0.9267,1.3308,0.9223,0.9324,1.0542,0.9645,1.1965,1.0944,1.0220,0.9358,1.0868
tjames_2,0.8730,0.9552,0.9024,1.2264,1.2112,1.1156,1.1242,1.1184,1.0566,1.2301,1.0032,0.9237,0.9589,1.0527,1.0881,1.0610,0.8466,0.7793,0.9977,1.0444,0.8887,0.8476,0.8976,0.9312,0.9076,0.8947,0.8262,1.2632,1.0729,1.0104,1.1417,0.9507,0.8738,0.8731,1.0296,0.8696,0.8536,0.9032,0.8311,0.7761,0.9982,0.7915,0.9417,1.0228,0.7961,0.9560,0.9620,1.0309,0.6640,0.0000,0.7794,0.8818,0.8532,0.7555,0.8118,0.8741,1.0990,1.1499,0.9812,1.2666,0.8250,0.9213,0.8274,1.1493,0.9533,0.9249,0.9295,1.0086,0.9720,1.0636,0.9507,1.0260,0.9726,1.2094,1.2127,1.0310,0.9104,1.1791,1.1163,1.1881,1.0840,0.9887,1.0552,0.9481,0.9387,1.1987,1.0692,1.0543,1.1699,1.0718,1.1416,1.2427,1.1796,1.0055,1.1977,1.0187,0.8661,1.0341,0.9933,0.8939,0.9575,0.8856,0.9250,1.0110,1.0327,0.8655,0.9327,1.0834,0.8699,0.9145,1.0157,0.8132,1.2205,0.8987,1.3730,0.9152,0.9143,1.2092,1.0310,1.1923,1.1021,1.1215,0.9104,1.0992
tjames_3,0.9379,0.9818,0.9284,1.2980,1.2101,1.1575,1.1900,1.1203,1.0399,1.2502,1.0657,0.9147,1.0256,1.1244,1.1319,1.0849,0.9514,0.9062,1.1224,1.1563,0.9477,0.9849,1.0565,0.9338,0.9753,0.8660,0.8287,1.3028,1.1122,1.0618,0.9945,0.9977,0.8608,0.9214,1.0533,0.9959,1.0732,0.9084,0.8829,0.8422,1.1182,0.8751,1.0107,1.0499,0.8961,1.0504,0.9979,1.1525,0.7445,0.7794,0.0000,0.9039,0.9326,0.8501,0.8294,0.9093,1.1264,1.1663,1.0315,1.2398,0.8733,0.9200,0.8206,1.3457,1.0189,0.9534,0.9476,1.1022,1.0961,1.0645,1.0500,1.0184,0.9987,1.2195,1.1808,1.0304,0.9305,1.1652,1.1476,1.2115,1.2190,1.0414,1.1101,0.9752,0.9325,1.1506,1.0547,1.0712,1.1109,1.0509,1.1551,1.1987,1.2131,0.9861,1.1910,1.0971,0.9683,1.1167,1.0757,1.0696,1.0868,0.9481,0.9333,1.0072,1.0454,0.9992,0.9944,1.2072,0.9451,0.9130,1.0817,0.8380,1.1985,1.0035,1.3975,0.9654,0.9858,1.3570,1.0547,1.2561,1.1345,1.1409,0.9928,1.1306
tjames_4,0.8976,0.9402,1.0554,1.2537,1.0843,1.0175,1.0200,0.9683,1.0239,1.0111,0.9786,0.8338,0.9873,1.0242,1.0158,0.9720,1.1232,1.0070,1.2816,1.2924,1.0424,0.9816,1.1253,0.9488,0.9984,0.9481,1.0362,1.2847,1.0443,1.0622,0.9640,1.0249,1.0012,1.0125,0.8768,1.0302,1.1774,1.1152,1.0220,1.0187,1.0238,1.0066,1.1018,1.2270,0.9223,1.1518,1.0094,0.9309,0.9220,0.8818,0.9039,0.0000,0.9339,0.8957,0.9609,1.1010,1.0688,1.2018,1.0756,1.0744,0.9492,0.9135,0.9487,1.3586,0.9823,0.9908,1.0247,1.0831,1.0874,1.1120,1.0909,1.0869,1.0918,1.1878,1.1271,1.0751,0.9282,1.0694,1.1070,0.9552,1.2225,0.9719,1.0376,1.0094,0.9741,1.0420,1.0655,1.0932,0.9588,0.9802,0.9807,0.9920,1.0155,0.9913,1.0699,1.0831,1.0839,1.2174,1.1429,1.1273,1.1150,0.9607,1.1233,1.1188,1.1117,1.0888,1.0233,1.2562,1.0107,0.9976,1.0460,0.8849,1.0267,0.8959,1.1946,0.9765,0.9932,1.4341,1.0011,1.1609,1.0605,1.0995,0.9999,1.0568
irving_1,0.7963,0.8394,0.9071,1.0778,1.1354,1.1100,1.2298,1.0317,1.0059,1.1001,1.0004,0.7541,0.8484,0.9915,0.8735,0.9802,0.9262,0.7419,0.9822,0.9323,0.9429,0.9280,0.8733,0.9341,0.7690,0.7410,0.7573,1.0785,0.9727,0.8516,0.9646,0.9400,0.9483,0.8934,0.9660,0.7986,0.8432,0.9282,0.9219,0.9579,0.9241,0.7855,0.9032,0.9624,0.7638,0.9950,0.9124,0.9408,0.7852,0.8532,0.9326,0.9339,0.0000,0.6859,0.7387,0.8487,0.9323,1.0380,0.9511,1.1722,0.7224,0.7324,0.7929,0.9460,0.8259,0.8371,0.7922,0.9070,0.8695,0.9086,0.8720,0.9304,1.0057,1.0934,1.0574,1.0811,0.8026,1.0874,0.9938,1.0827,1.0166,0.9915,0.9571,0.8846,0.9822,1.1403,0.9339,0.9639,1.0687,1.0252,1.0725,1.1542,1.0670,0.9101,1.1496,0.8666,0.7915,1.0260,0.9536,0.8496,0.9585,0.8487,0.8108,0.9474,0.8829,0.9028,0.8484,0.9505,0.8494,0.8880,0.9175,0.8735,1.0998,0.9727,1.3017,0.9897,0.9763,1.1686,0.9519,1.2145,1.0040,1.0555,0.9971,1.0009
irving_2,0.9508,0.9131,0.9216,1.2563,1.2283,1.1725,1.1737,1.0523,1.1296,1.1800,0.9848,0.8034,1.0539,1.0663,0.9312,0.9861,0.8938,0.6778,1.0406,0.9903,1.0150,0.8945,0.9972,0.9947,0.8937,0.8401,0.8611,1.2189,1.0523,0.9178,1.0364,1.0244,0.8032,0.8653,1.0754,0.9457,0.9282,0.8937,0.7845,0.8849,1.0347,0.8751,0.9176,1.0630,0.8360,0.9274,0.9953,1.1020,0.7319,0.7555,0.8501,0.8957,0.6859,0.0000,0.6182,0.6437,1.0633,1.0610,0.9690,1.1492,0.7402,0.8501,0.8157,1.1044,1.0045,0.8117,0.8729,1.0928,0.9698,0.9776,0.8875,1.0480,0.9137,1.0963,1.0729,0.9725,0.8863,1.1352,0.9995,1.1209,1.1010,1.0339,1.0574,0.9263,0.9146,1.1099,0.9743,1.1003,1.0633,1.0334,1.0491,1.1738,1.2104,1.0068,1.1868,0.9937,0.9346,1.1156,1.0589,0.9139,1.0356,0.8211,0.8374,0.9233,0.9989,0.9149,0.9336,1.0268,0.8525,0.8575,0.8879,0.8086,1.1219,0.9069,1.3920,1.0112,0.9722,1.1899,1.0789,1.2317,1.1059,1.1729,0.9680,1.0995
irving_3,0.9401,0.8977,0.9377,1.1980,1.2260,1.1913,1.1780,1.0899,1.0710,1.1776,0.9594,0.8615,0.9938,1.0499,0.9882,0.9839,0.8741,0.7473,1.0053,1.1633,0.9460,0.7975,0.9407,0.9024,0.8656,0.8175,0.8651,1.1957,1.0000,0.9266,1.0341,1.0090,0.8677,0.8396,1.0876,0.9018,0.9678,0.9163,0.8465,0.9046,0.9436,0.7674,0.9265,1.0204,0.8375,0.9516,1.0184,1.0876,0.7885,0.8118,0.8294,0.9609,0.7387,0.6182,0.0000,0.7056,1.0641,1.0832,0.9461,1.2437,0.7862,0.9028,0.8343,1.1661,0.9875,0.8464,0.8474,1.0379,1.0088,0.9800,0.9503,1.0629,0.9726,1.1281,1.1142,1.0551,0.8847,1.1859,1.0626,1.1204,1.0825,0.9791,1.0706,0.9098,0.9234,1.1284,1.0540,1.0081,1.0676,1.0633,1.1457,1.2573,1.1720,1.0339,1.2317,0.9568,0.8921,0.9963,0.9966,0.9042,1.0294,0.8237,0.8088,0.9484,0.9876,0.8945,0.9085,1.0423,0.8751,0.8466,0.9628,0.8330,1.1742,0.9093,1.3711,0.9721,0.9451,1.2918,1.0361,1.2103,1.0528,1.1619,0.9388,1.0483
irving_4,1.0037,0.9678,0.9941,1.2609,1.2949,1.2208,1.2316,1.0636,1.1659,1.2857,1.0798,0.9355,1.1043,1.1164,1.0841,1.0447,0.9303,0.7303,1.0304,1.0970,0.9110,0.8433,1.0134,0.9939,0.9317,0.9091,0.8847,1.2873,1.1064,0.9626,1.0584,1.0434,0.8474,0.9182,1.1200,0.9864,0.9702,0.9313,0.8842,0.9065,1.0699,0.8652,0.9922,1.1181,0.8564,0.9800,1.0125,1.1519,0.8454,0.8741,0.9093,1.1010,0.8487,0.6437,0.7056,0.0000,1.0882,1.0920,0.9626,1.2652,0.8029,0.9866,0.8643,1.1565,1.0909,0.9057,0.9267,1.0955,0.9928,1.0707,0.9800,1.1265,0.8578,1.1174,1.1106,1.0693,1.0102,1.1730,1.1144,1.2964,1.0509,1.0713,1.1438,0.9200,0.8696,1.1558,1.0800,1.0897,1.1450,1.1260,1.1582,1.3309,1.2586,1.0634,1.2421,1.0946,0.9884,1.0911,1.0950,0.9188,1.0645,0.8395,0.9034,0.9641,1.0280,0.9505,0.9615,1.1424,0.9138,0.9260,0.9723,0.8721,1.2083,1.0152,1.4440,1.0188,1.0095,1.2444,1.0928,1.3111,1.1287,1.1654,1.0107,1.1238
bagby_1,0.7528,0.8882,1.0655,0.9961,1.0300,1.0302,1.0324,0.8421,1.0004,1.0049,0.8912,0.9143,0.9722,1.0537,1.0367,1.0916,1.0764,1.0014,1.0997,1.1358,0.9644,1.0593,0.9556,1.0293,0.9256,0.8759,0.9631,0.8634,0.7787,0.7733,0.9078,0.8434,1.1964,1.0882,1.1082,0.9337,1.1614,1.1476,1.1316,1.0799,0.8597,1.0661,0.9814,0.9763,1.0481,1.3062,1.0946,0.9974,0.9980,1.0990,1.1264,1.0688,0.9323,1.0633,1.0641,1.0882,0.0000,1.0658,0.9225,1.1184,0.9221,0.8451,1.0066,1.1106,0.8036,1.0259,1.0551,1.0133,0.9995,1.0756,1.0461,1.0817,1.0969,1.1461,1.2207,1.1955,0.8594,1.0464,1.0546,1.0012,0.9751,1.1471,0.9273,1.0097,1.0294,1.1059,0.8631,0.9430,0.9734,0.9636,1.0322,1.0695,1.0111,0.9561,0.9408,0.9710,0.8220,0.9286,0.9373,0.9455,0.8281,1.0056,1.0539,1.0336,0.8813,0.8747,0.8216,1.0677,1.0346,0.9834,0.9586,1.0105,1.0950,0.9845,1.0413,1.0235,1.0673,1.2673,0.8339,1.1657,0.8697,0.9733,1.0895,0.8693
bagby_2,0.9634,1.0789,1.2039,1.2755,1.2140,1.1100,1.1421,1.0750,1.1491,1.2063,1.1835,1.1118,1.1882,1.1175,1.0919,1.1190,1.1068,1.0804,1.2258,0.9585,1.1565,1.0943,1.1736,1.1003,1.0628,1.1201,1.1370,1.2962,1.1373,1.0888,1.1214,1.1434,1.1208,1.0691,1.1317,0.9514,1.1010,1.1640,1.1912,1.2419,1.1998,1.2173,1.2335,1.1892,1.1233,1.2491,1.0854,0.9835,1.0714,1.1499,1.1663,1.2018,1.0380,1.0610,1.0832,1.0920,1.0658,0.0000,1.1176,1.1543,0.9953,1.0383,0.9917,1.0251,1.0480,1.1022,1.0156,1.0810,1.2430,1.2101,1.1182,1.1317,1.0882,1.1717,1.1496,1.0884,1.0223,0.9958,1.0130,0.9896,1.2136,1.2683,1.1758,1.1999,0.9641,1.0929,1.0264,1.3474,0.9911,0.9919,0.8862,1.1242,1.1041,1.1657,1.1796,1.0643,0.9816,1.1145,1.0637,1.0302,1.1171,1.0278,1.0887,1.0611,1.1521,1.1226,1.0432,0.9311,1.1576,0.9841,1.0708,1.0112,1.0422,1.0613,1.2178,1.3051,1.3245,1.1086,1.1353,1.3137,1.1967,1.1912,1.3301,1.1948
bagby_3,0.8055,0.8662,1.0217,1.1473,1.0853,1.1021,1.0317,0.8561,1.0898,1.1851,0.8286,0.8737,0.9290,1.0041,0.9985,1.0428,1.0560,0.9100,1.1624,1.1766,0.9931,0.9428,0.9783,0.9816,0.9808,0.8580,0.9697,1.0943,0.8701,0.8750,0.9769,0.8572,1.0800,0.9731,1.0662,0.9878,1.1552,1.1023,1.0723,1.0821,0.8596,0.9308,0.9915,1.0318,0.9197,1.2114,1.0434,0.9738,0.9770,0.9812,1.0315,1.0756,0.9511,0.9690,0.9461,0.9626,0.9225,1.1176,0.0000,1.1887,0.8910,0.9080,0.9522,1.2172,0.9351,1.0264,1.0663,0.9196,0.9561,0.9753,1.0329,1.0114,0.9446,1.0592,1.0842,1.1099,0.8681,1.1139,1.0816,1.1127,0.9641,1.0105,0.9103,0.8832,0.9552,1.0718,0.9821,0.9551,0.9895,0.9787,0.9821,1.0736,1.0435,0.9046,1.0196,0.9640,0.8908,0.9631,0.9869,0.8241,0.9098,0.9695,0.9785,1.0355,1.0381,0.8880,0.9549,1.1584,0.9446,0.8648,0.9065,0.9157,1.0281,0.9247,1.1696,0.9791,0.9687,1.4155,0.8473,1.1233,0.9247,0.9144,1.0079,0.9222
bagby_4,1.0348,1.1009,1.2303,1.2916,1.1788,1.1700,1.2006,0.9979,1.2061,0.9801,1.1427,1.1232,1.1832,1.1971,1.1004,1.1471,1.3514,1.2870,1.4608,1.4221,1.1827,1.2644,1.3647,1.2331,1.1984,1.2077,1.2716,1.3705,1.1171,1.2153,1.2261,1.2279,1.2852,1.1493,1.1274,1.1945,1.4243,1.3340,1.2083,1.4143,1.3135,1.3035,1.2751,1.3641,1.1234,1.4716,1.2133,1.1098,1.3070,1.2666,1.2398,1.0744,1.1722,1.1492,1.2437,1.2652,1.1184,1.1543,1.1887,0.0000,1.1508,1.0917,1.1802,1.4379,1.1282,1.2219,1.2368,1.2176,1.3507,1.2641,1.2649,1.2330,1.3004,1.0819,1.0146,1.1717,1.0208,1.0672,0.9662,0.8629,1.2865,1.2355,1.1943,1.2068,1.0474,0.9549,1.0604,1.2575,0.8775,0.9259,0.9128,0.9958,1.0773,1.1192,1.0677,1.1927,1.2379,1.3626,1.3507,1.2981,1.2884,1.2462,1.2671,1.2636,1.1515,1.2966,1.1707,1.2906,1.2424,1.1131,1.1130,1.0807,0.8892,1.0380,1.2911,1.2183,1.2392,1.5083,1.1414,1.4396,1.2045,1.2064,1.2576,1.2016
cooke_1,0.7964,0.8682,0.9711,1.0905,1.1005,1.0753,1.1099,1.0085,0.9922,1.1331,0.9442,0.7999,0.8394,0.9930,0.9559,0.9045,0.9352,0.8077,1.0239,0.9491,0.8979,0.9082,0.8893,0.9050,0.7883,0.7933,0.7238,1.0698,0.8868,0.9665,0.9064,0.8743,0.9018,0.8688,0.9055,0.7918,0.8653,0.8993,0.8823,0.9272,0.8969,0.7973,0.9649,0.9359,0.6946,0.9174,0.8770,0.9957,0.6855,0.8250,0.8733,0.9492,0.7224,0.7402,0.7862,0.8029,0.9221,0.9953,0.8910,1.1508,0.0000,0.6145,0.6183,0.9853,0.7820,0.7187,0.7322,0.9819,0.8167,0.8723,0.7870,0.9136,0.8031,1.0368,1.0346,0.9415,0.8148,1.0949,1.0246,1.1126,0.8958,0.8367,0.9014,0.7579,0.9106,1.0375,0.9383,0.9239,1.0675,1.0021,0.9999,1.1175,1.1332,0.8951,1.0650,0.9064,0.8296,0.9136,0.8856,0.8275,0.8832,0.7195,0.7500,0.8067,0.8577,0.8129,0.8876,0.9462,0.8081,0.7850,0.9069,0.8168,1.1457,0.8679,1.2719,0.9392,0.9103,1.1854,0.8870,1.1497,0.9203,0.9867,0.9324,0.9123
cooke_2,0.8007,0.7759,0.9623,1.1148,1.0563,1.0598,1.1238,0.9381,0.8774,1.0175,0.9087,0.8187,0.7885,0.8864,0.9354,0.8758,0.9969,0.8719,1.0627,1.0201,0.9008,1.0356,0.9366,0.9390,0.7791,0.7956,0.8004,1.0989,0.9323,0.8523,0.9261,0.8838,1.0465,0.8975,0.9557,0.7719,0.9386,0.9267,0.9543,0.9928,0.8953,0.8504,0.9323,0.9415,0.8158,1.0531,0.9352,0.9493,0.7905,0.9213,0.9200,0.9135,0.7324,0.8501,0.9028,0.9866,0.8451,1.0383,0.9080,1.0917,0.6145,0.0000,0.6926,0.9711,0.7361,0.8094,0.8128,0.9265,0.8826,0.8823,0.8921,0.8825,0.8747,0.9849,1.0229,0.9857,0.8029,0.9891,0.9921,0.9710,0.9763,1.0052,0.8871,0.8928,1.0245,1.0286,0.8499,0.9246,1.0153,0.8874,0.9631,1.0586,1.0998,0.7968,1.0019,0.8172,0.7444,0.8834,0.9027,0.8113,0.8992,0.7975,0.7914,0.8519,0.8027,0.8894,0.8185,0.9836,0.8705,0.8298,0.9092,0.8277,1.1083,0.9075,1.2149,1.0141,0.9993,1.1856,0.8211,1.1178,0.8990,0.9485,1.0160,0.8952
cooke_3,0.8900,0.9456,0.9938,1.2316,1.2229,1.1329,1.1901,1.0925,1.0662,1.2513,1.0508,0.8666,0.9783,0.9835,1.0164,0.8908,0.9916,0.8793,1.0868,1.0520,1.0436,0.9467,1.0442,1.0092,0.8585,0.9656,0.7172,1.2069,1.0202,1.0132,0.9853,0.9860,1.0137,0.8832,1.0015,0.8473,0.9577,0.9555,1.0362,0.9728,1.0340,0.8479,1.0971,1.0448,0.7653,1.0141,0.9065,0.9970,0.8210,0.8274,0.8206,0.9487,0.7929,0.8157,0.8343,0.8643,1.0066,0.9917,0.9522,1.1802,0.6183,0.6926,0.0000,1.0705,0.8952,0.8006,0.7625,0.8914,0.9425,1.0151,0.9843,0.9944,0.8230,1.1149,1.0533,0.8490,0.8306,1.0824,0.9876,1.0712,0.9647,0.9122,0.9410,0.8433,0.8918,1.1316,1.0036,1.0698,1.1098,1.0114,1.0270,1.1601,1.1496,0.9022,1.1393,0.8978,0.8114,1.0047,1.0120,0.8997,0.9460,0.8169,0.8822,0.9085,1.0091,0.9491,0.9009,1.0319,0.8468,0.8089,0.9466,0.8480,1.2396,0.9617,1.2962,1.0811,1.0547,1.2712,0.9310,1.1437,0.9922,1.0113,1.0587,0.9827
cooke_4,1.0657,1.1030,1.2443,1.2984,1.3697,1.3477,1.3179,1.2637,1.1269,1.2544,1.2597,1.1147,1.0523,1.1451,1.1271,1.1656,1.0506,1.0474,1.0034,0.5950,1.2579,1.2663,1.1530,1.1646,1.0799,1.1858,1.1229,1.2845,1.3171,1.1233,1.3668,1.1920,1.2043,1.1523,1.2449,0.8812,0.6790,1.2647,1.2263,1.3016,1.1392,1.2026,1.0733,1.1843,1.2099,1.3643,1.2002,1.2147,1.0546,1.1493,1.3457,1.3586,0.9460,1.1044,1.1661,1.1565,1.1106,1.0251,1.2172,1.4379,0.9853,0.9711,1.0705,0.0000,0.9972,0.9102,0.9714,1.0416,1.0608,1.1081,0.8299,1.0771,1.2198,1.4703,1.3815,1.3553,1.2491,1.3281,1.3333,1.2496,1.2639,1.3906,1.1904,1.2510,1.2868,1.5086,1.2430,1.3017,1.3748,1.3885,1.4072,1.4200,1.4113,1.2096,1.4088,1.0728,0.9705,1.1373,1.0280,0.9590,0.9876,0.9805,0.9936,1.0285,1.0441,0.9412,1.1217,0.6277,1.1850,1.0527,1.0412,1.1725,1.4067,1.1404,1.4282,1.3218,1.3047,0.7832,1.2348,1.4156,1.2296,1.3071,1.3105,1.2260
cooke_lee_1,0.7456,0.7428,0.9125,1.0966,1.0053,0.9215,0.9465,0.8948,0.8420,0.9877,0.8220,0.8220,0.8362,0.8343,0.8553,0.9049,1.0190,0.9190,1.0166,1.0903,0.9271,0.9042,0.9070,0.9081,0.8045,0.9112,0.8662,0.9832,0.9071,0.8841,0.9624,0.8339,1.1435,0.9786,0.9318,0.8583,0.9926,1.1579,1.0391,1.1002,0.8834,0.9183,0.9822,0.9757,0.8595,1.0925,0.8626,0.9254,0.8857,0.9533,1.0189,0.9823,0.8259,1.0045,0.9875,1.0909,0.8036,1.0480,0.9351,1.1282,0.7820,0.7361,0.8952,0.9972,0.0000,0.8093,0.8338,0.8234,0.7942,0.8332,0.8395,0.8350,1.1095,1.2036,1.1621,1.1165,0.9369,1.0204,1.0030,0.9719,1.0054,1.0416,0.9259,0.8674,1.0606,1.2034,0.9846,0.9497,1.0601,0.9906,1.0111,1.0761,0.9189,0.7843,0.9461,0.8468,0.8280,0.9427,0.8936,0.9288,0.8577,0.9236,0.9692,0.9459,0.8199,0.8776,0.8470,0.9452,0.9414,0.9587,0.8957,0.8818,1.0475,0.8721,1.0555,0.9058,0.9394,1.1906,0.7402,1.1680,0.8792,0.8089,0.9800,0.8779
cooke_lee_2,0.8518,0.8692,0.9754,1.1533,1.1671,1.1222,1.1463,1.0816,0.9831,1.0915,0.9880,0.7902,0.8545,0.9224,0.8840,0.8403,0.9586,0.8392,0.9499,1.0064,1.0868,0.9415,1.0468,0.9546,0.8757,0.9706,0.8643,1.1266,1.0959,0.9555,1.0497,1.0629,0.9416,0.9024,0.9555,0.8708,0.8636,1.0356,0.9166,1.0843,0.9799,0.8490,0.9218,1.0871,0.8385,1.0382,0.9413,0.9340,0.7822,0.9249,0.9534,0.9908,0.8371,0.8117,0.8464,0.9057,1.0259,1.1022,1.0264,1.2219,0.7187,0.8094,0.8006,0.9102,0.8093,0.0000,0.6244,0.8857,0.8684,0.7782,0.7215,0.8763,0.9582,1.1604,1.0900,1.0681,0.9633,1.1480,1.1006,1.0304,1.0779,1.0013,0.9296,0.9481,0.9959,1.1913,1.0406,1.0002,1.1478,1.1986,1.1184,1.1944,1.1863,0.9956,1.1722,0.8495,0.8180,0.9734,0.9460,0.8410,0.9563,0.8390,0.8141,0.8753,0.9817,0.7986,0.9011,0.8898,0.8282,0.8800,0.8314,0.8521,1.1682,0.9036,1.2390,1.0159,0.9654,1.0856,0.9209,1.2183,0.9981,0.9739,0.9731,0.9924
cooke_lee_3,0.8557,0.8888,0.9291,1.1839,1.2001,1.0963,1.0652,1.0388,0.9668,1.1055,1.0270,0.8398,0.8801,0.8857,0.9560,0.7765,0.9086,0.7865,0.9617,1.0201,1.0162,0.8704,1.0232,0.8864,0.8100,0.8895,0.8746,1.1275,1.0541,1.0106,0.9808,0.9738,0.9764,0.8737,0.9744,0.8067,0.8930,0.9836,0.8763,1.0196,0.9478,0.8778,0.9942,1.0435,0.8538,0.9464,0.9013,0.9584,0.8661,0.9295,0.9476,1.0247,0.7922,0.8729,0.8474,0.9267,1.0551,1.0156,1.0663,1.2368,0.7322,0.8128,0.7625,0.9714,0.8338,0.6244,0.0000,0.8766,0.9036,0.8085,0.7959,0.8903,0.9092,1.1863,1.0964,0.9925,0.9617,1.1943,1.0462,1.1097,1.0768,0.9835,0.9427,0.9262,1.0032,1.2470,1.0928,0.9598,1.0971,1.1056,1.1637,1.2357,1.1616,1.0214,1.1602,0.8735,0.8946,0.9081,0.9386,0.8807,0.9696,0.8638,0.8109,0.8280,0.9449,0.8733,0.9155,0.8415,0.8884,0.8388,0.8304,0.8390,1.1806,0.9056,1.2358,1.0269,1.0120,1.2271,0.9443,1.1942,0.9870,1.0440,1.0306,0.9822
cooke_lee_4,0.7892,0.8716,1.0423,1.2803,1.0889,1.0595,1.1134,1.0198,0.9089,1.0621,0.8880,0.9181,0.9765,0.8854,0.9477,0.9828,1.1248,1.0498,1.1546,1.1526,0.9882,0.9843,1.0693,1.0344,0.9291,1.0559,0.9551,1.1578,1.0472,1.0142,1.0246,0.9778,1.1962,1.0625,0.8738,0.9246,1.0884,1.1491,1.2236,1.1967,1.0379,0.9947,1.1330,1.0303,0.9424,1.2499,0.9611,0.9079,0.9816,1.0086,1.1022,1.0831,0.9070,1.0928,1.0379,1.0955,1.0133,1.0810,0.9196,1.2176,0.9819,0.9265,0.8914,1.0416,0.8234,0.8857,0.8766,0.0000,0.9791,0.9333,0.9951,0.9684,1.0839,1.2365,1.1359,1.1961,0.9958,1.0911,1.0742,1.0585,1.1318,1.0437,0.8035,0.9558,1.0813,1.2542,1.0346,1.0948,1.0386,1.0305,1.0760,1.0870,1.0622,0.7964,1.0405,0.8674,0.8228,0.9383,0.9580,0.8814,0.9748,1.0117,1.0393,1.0884,1.0788,0.9654,0.8913,1.0052,0.9625,0.9303,0.8498,0.9179,1.1127,0.9939,1.0397,1.0718,1.0632,1.2547,0.8366,1.1375,0.8378,0.9518,1.0844,0.8373
davis_1,0.8246,0.8535,0.8153,0.8416,1.1355,1.1245,1.1855,1.0544,0.9491,1.1701,1.0055,0.9180,0.8205,0.8611,0.9568,0.9817,0.9214,0.8902,0.9515,1.0793,0.9764,0.9755,0.9575,1.0931,0.8221,0.8582,0.8847,0.9248,1.0162,0.9171,1.0210,0.9096,1.1551,1.0225,0.9548,0.8367,0.9570,1.1102,0.9936,1.0354,0.9167,0.8994,0.9153,0.9357,0.8726,1.1342,0.9088,0.9952,0.8817,0.9720,1.0961,1.0874,0.8695,0.9698,1.0088,0.9928,0.9995,1.2430,0.9561,1.3507,0.8167,0.8826,0.9425,1.0608,0.7942,0.8684,0.9036,0.9791,0.0000,0.7824,0.6952,0.7967,0.9987,1.2765,1.2674,1.1791,1.0018,1.2191,1.2126,1.2211,0.9405,0.9292,0.9859,0.8966,1.0728,1.2181,1.0989,0.8995,1.1113,1.1773,1.2536,1.1736,1.1957,0.9868,1.0822,0.9966,0.9348,0.9682,1.0388,0.8474,0.9884,0.9341,0.9942,1.0051,0.9235,0.7988,0.8944,0.9680,0.9161,0.9495,0.9327,0.9575,1.2648,0.9589,1.2648,0.9018,0.8981,1.1923,0.7823,1.2454,0.8852,0.8435,0.9248,0.8850
davis_2,0.8488,0.8728,0.9200,1.0651,1.1156,1.0334,1.0238,1.0310,0.8787,1.0578,0.8790,0.8311,0.9059,0.8750,0.8521,0.8371,1.0600,0.9712,1.1231,1.0956,1.0696,1.0111,1.1131,1.0256,0.9117,0.9590,0.9144,1.1096,1.1088,1.0075,1.1198,0.9575,1.1570,1.0023,0.9859,0.9336,1.0027,1.1660,1.0957,1.1939,0.9733,0.9239,0.9659,1.0819,0.9074,1.0700,0.9307,0.9861,0.9441,1.0636,1.0645,1.1120,0.9086,0.9776,0.9800,1.0707,1.0756,1.2101,0.9753,1.2641,0.8723,0.8823,1.0151,1.1081,0.8332,0.7782,0.8085,0.9333,0.7824,0.0000,0.7869,0.6576,1.0417,1.3125,1.2527,1.1884,1.0679,1.2563,1.1970,1.1913,1.0557,0.9601,0.9513,0.9489,1.1448,1.2766,1.0915,1.0183,0.9651,1.1678,1.1924,1.1111,1.1683,0.9863,1.0747,0.9433,0.9250,0.9278,1.0328,0.8962,0.9793,0.9055,0.9374,0.8869,0.9734,0.9211,0.8964,0.9636,0.9388,0.8818,0.8560,0.8772,1.2106,0.9125,1.1749,0.9803,0.9524,1.1952,0.8714,1.2128,0.9581,0.9343,0.9767,0.9544
davis_3,0.8641,0.8212,0.9159,1.0443,1.2073,1.2314,1.1909,1.0930,1.0216,1.1714,1.0743,0.9436,0.8519,0.9054,0.9813,0.9990,0.8994,0.8502,0.8659,0.8469,0.9757,0.9663,0.9140,0.9590,0.7791,0.8859,0.8958,1.0574,1.1590,0.9857,1.1419,0.9788,1.0825,1.0953,1.1099,0.7948,0.7649,1.0966,0.9677,1.0295,0.9527,0.9268,0.8742,1.0288,0.9303,1.0979,0.9488,1.0283,0.8062,0.9507,1.0500,1.0909,0.8720,0.8875,0.9503,0.9800,1.0461,1.1182,1.0329,1.2649,0.7870,0.8921,0.9843,0.8299,0.8395,0.7215,0.7959,0.9951,0.6952,0.7869,0.0000,0.8401,1.0106,1.3233,1.3111,1.2022,1.0623,1.2940,1.2873,1.2018,0.9884,1.0289,1.0041,0.9991,1.1110,1.2699,1.0718,1.0162,1.1831,1.2081,1.2166,1.2825,1.3115,1.0891,1.2695,1.0224,0.8725,1.0167,0.9502,0.8246,0.8955,0.8258,0.8357,0.8307,0.8585,0.7346,0.9092,0.8037,0.9378,0.9156,0.9858,0.9055,1.2415,0.9264,1.3422,1.0229,0.9839,1.0096,0.9914,1.2951,1.0236,1.0474,0.9982,1.0181
davis_4,0.8417,0.8153,0.8760,1.0399,1.0010,0.9647,1.0241,1.0100,0.8391,1.0446,0.9184,0.9717,0.8891,0.8199,0.8514,0.9453,1.0481,1.0064,1.1186,1.0651,1.0420,1.0564,1.0674,1.0563,0.9517,0.9807,0.9556,1.1167,1.0471,0.9974,1.1035,0.9436,1.0969,0.9851,0.8418,0.8818,1.0258,1.1133,1.1037,1.1040,1.0142,0.9736,0.9662,1.0493,0.8663,1.1358,0.8953,0.9454,0.9600,1.0260,1.0184,1.0869,0.9304,1.0480,1.0629,1.1265,1.0817,1.1317,1.0114,1.2330,0.9136,0.8825,0.9944,1.0771,0.8350,0.8763,0.8903,0.9684,0.7967,0.6576,0.8401,0.0000,1.1034,1.2545,1.2337,1.1637,1.0003,1.1676,1.1252,1.0755,1.1245,1.0287,1.0209,0.9762,1.1433,1.2888,1.0411,1.0232,0.9578,1.0982,1.1289,1.0653,1.1427,0.8899,1.0956,1.0337,0.9353,1.0687,1.0499,0.9851,0.9386,0.9419,0.9811,0.9639,0.9868,0.9607,0.9711,0.9296,1.0000,0.9378,0.9049,0.8774,1.1836,1.0234,1.1833,0.9977,1.0026,1.1470,0.9324,1.2142,1.0407,0.9477,1.0406,1.0397
page_1,0.9530,1.0253,1.0803,1.2835,1.2785,1.2850,1.2400,1.0138,1.1269,1.3110,1.1188,1.0564,1.1027,1.0438,1.0616,1.0306,1.0820,0.9674,1.2532,1.1751,1.0488,1.0253,1.1155,1.0961,0.9807,0.9333,0.9775,1.2843,1.0740,1.0669,1.0068,1.0788,1.0504,1.0457,1.0253,0.9800,1.0472,1.0212,1.1024,1.0505,1.1077,0.9265,1.1230,1.0448,0.9077,1.0600,0.9743,1.0382,0.9675,0.9726,0.9987,1.0918,1.0057,0.9137,0.9726,0.8578,1.0969,1.0882,0.9446,1.3004,0.8031,0.8747,0.8230,1.2198,1.1095,0.9582,0.9092,1.0839,0.9987,1.0417,1.0106,1.1034,0.0000,0.9871,1.0377,0.8761,0.9751,1.1449,1.0561,1.1770,0.9948,0.8013,1.0227,1.0132,0.9079,1.0508,0.9949,1.1265,1.0079,1.0688,1.0332,1.1737,1.1739,1.0121,1.2558,1.0218,1.0386,1.0067,1.0445,0.9029,1.0809,0.7929,0.8520,0.9605,1.0523,1.0365,0.9622,1.1307,0.8943,0.8904,1.0586,0.9652,1.2479,1.0399,1.4437,1.1672,1.1270,1.3531,1.0596,1.2097,1.1013,1.1493,1.1267,1.0948
page_2,1.0394,1.0762,1.2596,1.3715,1.3611,1.3689,1.3740,1.1697,1.2644,1.2279,1.1718,1.1055,1.1658,1.2144,1.1464,1.2226,1.3145,1.1926,1.5260,1.4284,1.1797,1.1726,1.2723,1.2179,1.1738,1.1955,1.1044,1.4424,1.1270,1.0683,1.1931,1.1499,1.1301,1.1543,1.1533,1.1964,1.3627,1.1667,1.2828,1.2847,1.2148,1.0793,1.3078,1.3308,1.0917,1.3201,1.2319,1.1345,1.2104,1.2094,1.2195,1.1878,1.0934,1.0963,1.1281,1.1174,1.1461,1.1717,1.0592,1.0819,1.0368,0.9849,1.1149,1.4703,1.2036,1.1604,1.1863,1.2365,1.2765,1.3125,1.3233,1.2545,0.9871,0.0000,0.7209,0.8280,0.9596,1.0128,0.9472,1.1496,1.1931,1.1169,1.1692,1.1800,1.0202,0.9558,0.9786,1.2078,1.1082,1.0473,0.9535,1.2280,1.2066,1.0292,1.2206,1.1766,1.0706,1.1019,1.1604,1.0594,1.1634,1.0945,1.1280,1.1598,1.2368,1.3458,1.1374,1.3068,1.1460,1.0518,1.1215,1.0913,1.1774,1.1800,1.4331,1.2088,1.2060,1.6099,1.1436,1.2584,1.1896,1.2388,1.1992,1.1863
page_3,1.0142,1.1107,1.2525,1.3712,1.3033,1.2438,1.2726,1.1576,1.2191,1.1359,1.1613,1.0462,1.1547,1.1545,1.0979,1.1225,1.2636,1.1697,1.4425,1.3621,1.1492,1.1666,1.2719,1.1613,1.1730,1.2066,1.1654,1.5003,1.0917,1.1425,1.1368,1.1000,1.1582,1.1371,1.1290,1.1706,1.3576,1.2575,1.2606,1.2899,1.2591,1.1651,1.2566,1.3358,1.0820,1.3351,1.1646,1.1090,1.1719,1.2127,1.1808,1.1271,1.0574,1.0729,1.1142,1.1106,1.2207,1.1496,1.0842,1.0146,1.0346,1.0229,1.0533,1.3815,1.1621,1.0900,1.0964,1.1359,1.2674,1.2527,1.3111,1.2337,1.0377,0.7209,0.0000,0.8849,0.9092,0.9501,0.8792,0.9461,1.1650,1.0948,1.1066,1.1202,1.0098,0.9445,1.0603,1.2039,1.0710,0.9960,0.8407,1.1054,1.1048,1.0264,1.1666,1.0853,1.0955,1.1495,1.1728,1.0616,1.2306,1.1064,1.0570,1.1989,1.2124,1.2620,1.1496,1.2726,1.0642,1.0303,1.0079,1.0136,1.0371,1.1101,1.3567,1.2200,1.1949,1.5621,1.1196,1.2684,1.1832,1.1909,1.2127,1.1792
page_4,1.0376,1.1062,1.1608,1.3824,1.4225,1.2524,1.1564,1.1614,1.2198,1.3234,1.2111,1.0403,1.1263,1.1882,1.1132,1.1278,1.1570,1.0388,1.3952,1.2513,1.1866,1.0775,1.2586,1.1888,1.0939,1.0669,1.1032,1.4251,1.1166,1.1668,1.1406,1.0963,1.1164,1.0019,1.1275,1.1052,1.1988,1.1115,1.1132,1.1585,1.1623,1.0123,1.2520,1.2563,1.0028,1.1670,1.0332,1.1092,1.0577,1.0310,1.0304,1.0751,1.0811,0.9725,1.0551,1.0693,1.1955,1.0884,1.1099,1.1717,0.9415,0.9857,0.8490,1.3553,1.1165,1.0681,0.9925,1.1961,1.1791,1.1884,1.2022,1.1637,0.8761,0.8280,0.8849,0.0000,0.9131,1.0482,0.9665,1.1649,1.1540,1.0689,1.0915,1.0192,0.9511,1.0466,0.9634,1.1909,1.1505,1.0914,1.0002,1.2318,1.2144,1.0986,1.2175,1.1398,1.0328,1.1558,1.0697,0.9718,1.1230,0.9398,1.0335,1.1051,1.1001,1.1965,1.0572,1.1796,1.0270,0.8485,1.0307,0.9935,1.2361,1.0479,1.4752,1.2220,1.2068,1.4830,1.1454,1.3164,1.1811,1.2107,1.2130,1.1742
cable_1,0.7998,0.8855,1.0802,1.1150,1.0907,1.0126,1.1241,0.9743,1.0232,1.0894,0.9585,0.8410,0.8540,0.9799,0.9959,1.0256,0.9958,0.9733,1.1457,1.1905,0.9400,0.9481,0.9385,1.0265,0.8052,0.8217,0.9002,1.0731,0.7978,0.8998,0.9805,0.8736,1.0558,0.8783,1.0196,0.9386,1.1146,1.0690,1.0227,1.0421,0.9120,0.9137,0.9948,1.0257,0.8098,1.1019,1.0133,0.9238,0.9090,0.9104,0.9305,0.9282,0.8026,0.8863,0.8847,1.0102,0.8594,1.0223,0.8681,1.0208,0.8148,0.8029,0.8306,1.2491,0.9369,0.9633,0.9617,0.9958,1.0018,1.0679,1.0623,1.0003,0.9751,0.9596,0.9092,0.9131,0.0000,0.8610,0.8465,0.9073,0.9766,0.9650,0.8216,0.8989,0.9252,0.9546,0.8374,0.9947,0.9661,0.9288,0.8560,1.0318,1.0771,0.9015,1.0036,0.9653,0.8449,1.0272,1.0713,0.9374,1.0084,0.8917,0.9430,1.0169,0.9547,1.0130,0.9202,1.0807,0.8911,0.9538,0.9140,0.8424,0.9576,0.8857,1.2181,1.0132,1.0062,1.3650,0.8742,1.1987,0.9598,0.9730,1.0265,0.9558
cable_2,1.0176,1.0643,1.2867,1.3959,1.1159,1.0847,1.0964,0.9656,1.1429,1.1929,1.0742,1.0651,1.1232,1.1260,1.1313,1.1136,1.2272,1.1705,1.3307,1.2334,1.2598,1.1605,1.2588,1.2689,1.1536,1.0787,1.1953,1.3564,1.0702,1.1498,1.0625,1.1898,1.2610,1.1176,1.1397,1.1471,1.2554,1.2144,1.2625,1.3089,1.1931,1.2368,1.2296,1.2595,1.1227,1.3857,1.1626,0.9991,1.1619,1.1791,1.1652,1.0694,1.0874,1.1352,1.1859,1.1730,1.0464,0.9958,1.1139,1.0672,1.0949,0.9891,1.0824,1.3281,1.0204,1.1480,1.1943,1.0911,1.2191,1.2563,1.2940,1.1676,1.1449,1.0128,0.9501,1.0482,0.8610,0.0000,0.8870,0.7846,1.1731,1.3027,1.0830,1.1747,1.0307,1.0609,1.0769,1.2316,1.0592,0.9850,0.8798,1.1082,1.0884,1.0686,1.0812,1.1595,1.0300,1.0707,1.1942,1.1269,1.1925,1.1129,1.2438,1.2380,1.2097,1.2886,1.1230,1.2281,1.2089,1.0518,1.0189,0.9563,0.9717,1.0291,1.2179,1.2305,1.2678,1.3529,1.0831,1.3325,1.1802,1.1293,1.2924,1.1771
cable_3,1.0106,1.0709,1.2410,1.3083,1.2196,1.1228,1.1150,0.9834,1.1579,1.1339,1.0651,0.9957,1.1042,1.0996,1.1203,1.0307,1.2279,1.1567,1.3976,1.2251,1.1694,1.1417,1.2476,1.2049,1.0576,1.0915,1.1396,1.2729,1.0227,1.0731,1.0036,1.1292,1.1716,1.0912,1.0889,1.1065,1.2951,1.1869,1.1672,1.3339,1.1816,1.1982,1.2409,1.2232,1.0539,1.2953,1.1071,0.9895,1.2013,1.1163,1.1476,1.1070,0.9938,0.9995,1.0626,1.1144,1.0546,1.0130,1.0816,0.9662,1.0246,0.9921,0.9876,1.3333,1.0030,1.1006,1.0462,1.0742,1.2126,1.1970,1.2873,1.1252,1.0561,0.9472,0.8792,0.9665,0.8465,0.8870,0.0000,0.8226,1.0951,1.1665,1.0411,1.1293,0.9480,0.9640,0.9313,1.1692,0.9778,0.9421,0.9141,1.1081,1.1226,1.0902,1.1455,1.0876,1.0360,1.1665,1.2186,1.1258,1.1097,1.0344,1.0938,1.1555,1.0726,1.2214,1.0139,1.1472,1.0544,0.9455,1.0038,0.9932,1.0034,0.9977,1.3228,1.1988,1.2102,1.4305,1.0635,1.2841,1.1160,1.1462,1.2500,1.1162
cable_4,0.9488,1.0193,1.2292,1.2244,1.0099,0.9885,1.0351,0.9226,1.0235,0.9092,0.9614,1.0024,1.0491,1.0596,0.9976,0.9932,1.1995,1.1535,1.3389,1.2410,1.1849,1.1683,1.2172,1.1774,1.0473,1.1340,1.2297,1.3040,1.0466,1.1309,1.0874,1.1394,1.2657,1.0270,0.9771,1.0443,1.2624,1.2537,1.1974,1.3135,1.1701,1.2572,1.2411,1.2312,1.0820,1.3693,1.1282,0.9591,1.1522,1.1881,1.2115,0.9552,1.0827,1.1209,1.1204,1.2964,1.0012,0.9896,1.1127,0.8629,1.1126,0.9710,1.0712,1.2496,0.9719,1.0304,1.1097,1.0585,1.2211,1.1913,1.2018,1.0755,1.1770,1.1496,0.9461,1.1649,0.9073,0.7846,0.8226,0.0000,1.2534,1.2049,1.0879,1.1342,1.1093,1.0302,0.9803,1.0803,0.8646,0.9720,0.8227,0.9205,0.9739,1.0049,1.0170,1.0334,1.0604,1.1662,1.2346,1.1723,1.1459,1.1582,1.1674,1.1923,1.1555,1.1745,1.0702,1.1375,1.1252,1.0024,0.9712,0.9815,0.8937,1.0114,1.1273,1.1850,1.2101,1.3557,0.9974,1.3172,1.1229,1.0304,1.2333,1.1195
eggleston_1,0.9396,1.0195,1.0927,1.1312,1.2158,1.2680,1.2754,1.0760,1.2044,1.2978,1.1648,1.1017,0.9657,1.0293,1.1446,1.0842,1.1458,1.0494,1.1773,1.2412,1.0566,1.1034,1.1266,1.1816,1.0810,1.0151,1.0014,1.1035,1.0494,1.0322,1.0893,1.0346,1.2416,1.2290,1.2101,1.1138,1.1885,1.2348,1.2201,1.1335,0.9443,1.0078,1.0973,1.1503,0.9788,1.2108,1.1297,1.1727,1.0100,1.0840,1.2190,1.2225,1.0166,1.1010,1.0825,1.0509,0.9751,1.2136,0.9641,1.2865,0.8958,0.9763,0.9647,1.2639,1.0054,1.0779,1.0768,1.1318,0.9405,1.0557,0.9884,1.1245,0.9948,1.1931,1.1650,1.1540,0.9766,1.1731,1.0951,1.2534,0.0000,0.9483,0.9887,0.8900,1.0178,1.1790,1.0671,1.1267,1.1567,1.1283,1.1993,1.2326,1.2409,1.0996,1.2747,1.1229,1.0705,1.1052,1.1551,1.0419,1.0651,0.9760,0.9844,1.0186,1.0711,1.0320,1.0782,1.2216,0.9902,1.0565,1.0663,1.0960,1.2146,1.0959,1.3650,1.1884,1.1307,1.4360,1.0196,1.2376,1.0415,1.1307,1.1634,1.0343
eggleston_2,0.9061,0.9433,0.9982,1.1570,1.1991,1.1889,1.2395,1.1122,1.0820,1.2550,1.0367,1.0143,1.0828,1.0483,1.0023,1.0766,1.1630,1.0534,1.3393,1.3241,1.0150,1.0273,1.1487,1.0883,0.9906,0.9902,0.8683,1.1951,1.0223,1.1046,0.9823,0.9769,1.1418,1.1322,1.0136,1.0247,1.2472,1.1762,1.1485,1.1030,1.0843,0.8302,1.1053,1.1083,0.8416,1.0668,1.0785,1.0579,1.0248,0.9887,1.0414,0.9719,0.9915,1.0339,0.9791,1.0713,1.1471,1.2683,1.0105,1.2355,0.8367,1.0052,0.9122,1.3906,1.0416,1.0013,0.9835,1.0437,0.9292,0.9601,1.0289,1.0287,0.8013,1.1169,1.0948,1.0689,0.9650,1.3027,1.1665,1.2049,0.9483,0.0000,0.9908,0.7946,1.0085,1.1728,1.1217,1.1344,0.9827,1.1002,1.0814,1.1226,1.1679,1.0251,1.2160,1.0480,1.1182,1.1381,1.1428,1.0663,1.1599,0.9804,1.0072,1.1301,1.0768,1.1325,1.0010,1.2357,0.8867,0.9500,1.0608,0.9481,1.2156,0.9831,1.2208,1.0410,1.0068,1.5187,0.9659,1.2072,1.0320,1.0568,1.0072,1.0306
eggleston_3,0.8334,0.9669,1.1621,1.2451,1.1412,1.0913,1.1481,0.9587,1.0531,1.0856,0.9719,0.8263,0.9150,0.9255,1.0069,1.0224,1.0828,1.0180,1.2207,1.1833,1.0713,1.0325,1.0614,1.0621,1.0103,0.9706,0.9986,1.1448,0.9453,0.9915,1.0198,0.9677,1.1753,1.0732,1.0509,1.0381,1.1777,1.0435,1.0822,1.0443,0.8584,0.9582,1.0703,1.0946,0.9654,1.1119,1.0447,0.9477,1.0355,1.0552,1.1101,1.0376,0.9571,1.0574,1.0706,1.1438,0.9273,1.1758,0.9103,1.1943,0.9014,0.8871,0.9410,1.1904,0.9259,0.9296,0.9427,0.8035,0.9859,0.9513,1.0041,1.0209,1.0227,1.1692,1.1066,1.0915,0.8216,1.0830,1.0411,1.0879,0.9887,0.9908,0.0000,0.8662,1.0689,1.1092,1.0305,1.0706,1.0967,0.9953,1.0827,1.1505,1.1389,0.9572,1.1378,0.8932,0.8248,0.9020,1.0148,0.9103,1.0498,0.9490,1.0160,1.0575,0.9951,1.0506,0.8581,1.0801,0.9019,0.9690,0.8852,0.8945,1.0754,0.9454,1.1823,1.0798,1.0494,1.3390,0.8104,1.0704,0.7776,0.9811,1.0843,0.7732
eggleston_4,0.8669,0.7811,0.9585,1.0583,1.1189,1.0863,1.1829,1.0302,1.0805,1.1659,0.9788,0.8344,0.9231,0.9344,0.9186,0.9795,1.0309,0.8727,1.1625,1.1772,0.8675,0.9489,1.0413,1.0207,0.9455,0.8501,0.7645,1.0510,0.9210,0.9547,1.0073,0.9032,1.0699,0.9783,0.9679,0.9741,1.1509,1.0815,1.0246,1.0331,0.9383,0.8047,1.0373,1.0912,0.8563,1.0199,0.8951,0.9883,0.8869,0.9481,0.9752,1.0094,0.8846,0.9263,0.9098,0.9200,1.0097,1.1999,0.8832,1.2068,0.7579,0.8928,0.8433,1.2510,0.8674,0.9481,0.9262,0.9558,0.8966,0.9489,0.9991,0.9762,1.0132,1.1800,1.1202,1.0192,0.8989,1.1747,1.1293,1.1342,0.8900,0.7946,0.8662,0.0000,1.0306,1.1714,1.0259,0.9795,1.0370,1.0699,1.1303,1.1325,1.1120,0.9303,1.0670,0.9844,0.8824,0.9561,1.0437,0.9327,1.0491,0.8641,0.9863,1.0017,1.0155,0.9983,0.9686,1.1685,0.8443,0.9140,0.9386,0.8884,1.1987,0.9860,1.2102,0.9624,0.9728,1.3999,0.7950,1.2279,0.8839,0.8987,1.0143,0.8821
twain_1,0.8845,0.9599,1.1302,1.2313,1.1934,1.1467,1.1783,0.9744,1.1841,1.1779,1.0540,0.9675,1.0979,1.0904,1.0991,1.0543,1.1087,0.9496,1.2235,1.1926,1.0673,0.9305,1.0595,0.9407,1.0405,1.0103,0.9965,1.2819,0.9563,1.0521,0.9709,1.0571,0.9608,0.9415,1.1323,1.0756,1.1598,1.1376,1.0743,1.0838,1.1780,1.0571,1.1306,1.2506,0.9893,1.1617,0.9872,1.0621,0.9963,0.9387,0.9325,0.9741,0.9822,0.9146,0.9234,0.8696,1.0294,0.9641,0.9552,1.0474,0.9106,1.0245,0.8918,1.2868,1.0606,0.9959,1.0032,1.0813,1.0728,1.1448,1.1110,1.1433,0.9079,1.0202,1.0098,0.9511,0.9252,1.0307,0.9480,1.1093,1.0178,1.0085,1.0689,1.0306,0.0000,0.8168,0.9374,1.1266,0.9560,0.9082,0.8951,1.0813,1.1127,1.0168,1.1364,1.0683,0.9654,1.1045,1.0686,0.9983,1.0150,0.8408,0.9450,0.9649,0.9954,1.0813,0.9022,1.1918,0.9904,0.8124,1.0356,0.9220,1.1123,0.8679,1.3329,1.0677,1.0430,1.3479,1.0026,1.2165,1.0714,1.1049,1.0435,1.0646
twain_2,0.9643,1.0561,1.3130,1.2846,1.2053,1.2575,1.2914,1.0132,1.2425,1.1462,1.1216,1.0589,1.1395,1.2421,1.2357,1.2048,1.2975,1.2135,1.4381,1.4591,1.1385,1.1518,1.2248,1.1363,1.2074,1.1047,1.2411,1.4596,1.0340,1.0654,1.0042,1.1467,1.1958,1.1593,1.1529,1.2601,1.4012,1.3251,1.2525,1.2852,1.2378,1.2681,1.2872,1.3087,1.1350,1.4028,1.1991,1.0902,1.1935,1.1987,1.1506,1.0420,1.1403,1.1099,1.1284,1.1558,1.1059,1.0929,1.0718,0.9549,1.0375,1.0286,1.1316,1.5086,1.2034,1.1913,1.2470,1.2542,1.2181,1.2766,1.2699,1.2888,1.0508,0.9558,0.9445,1.0466,0.9546,1.0609,0.9640,1.0302,1.1790,1.1728,1.1092,1.1714,0.8168,0.0000,0.9672,1.2005,0.8909,0.8858,0.8816,0.8797,1.1857,1.1149,1.1843,1.2464,1.1328,1.1487,1.2175,1.1247,1.1591,1.0025,1.0997,1.1529,1.1023,1.2529,1.0629,1.3449,1.0957,1.0371,1.1634,1.0851,1.0695,1.0215,1.3298,1.1654,1.1610,1.5656,1.0670,1.3140,1.1400,1.1273,1.1681,1.1370
twain_3,0.8823,0.8528,1.1520,1.1101,1.1218,1.1125,1.1337,0.9054,1.0101,1.0832,1.0015,0.9914,0.9378,1.1059,1.0791,1.1636,1.1002,1.0537,1.2161,1.1663,0.9872,1.0707,1.0694,1.0414,0.9047,0.9676,1.0073,1.0824,0.9127,0.8532,1.0418,0.9323,1.1593,1.0240,1.0623,0.9940,1.1765,1.1553,1.0758,1.1356,0.9097,1.0911,1.0441,0.9955,1.0142,1.2988,1.0402,0.9984,0.9796,1.0692,1.0547,1.0655,0.9339,0.9743,1.0540,1.0800,0.8631,1.0264,0.9821,1.0604,0.9383,0.8499,1.0036,1.2430,0.9846,1.0406,1.0928,1.0346,1.0989,1.0915,1.0718,1.0411,0.9949,0.9786,1.0603,0.9634,0.8374,1.0769,0.9313,0.9803,1.0671,1.1217,1.0305,1.0259,0.9374,0.9672,0.0000,1.0068,0.9801,0.8985,0.9079,0.9968,1.1323,0.9539,1.0620,1.1068,0.9547,1.1071,1.0486,1.0129,0.8950,0.9567,0.9793,0.9760,0.9311,1.0305,0.8658,1.0768,1.0201,0.8701,1.0161,0.9385,1.1005,0.9681,1.1815,1.0678,1.0897,1.2860,0.9907,1.3671,1.0481,1.0970,1.1152,1.0433
twain_4,0.8994,0.8944,0.9293,0.9388,1.1053,1.1161,1.1016,0.9167,0.9312,0.9599,0.8428,0.9377,0.8650,1.0281,1.1153,1.0744,1.0240,0.9324,1.0291,1.2871,0.9530,0.9521,0.8854,1.0496,0.8577,0.8206,1.0607,0.9901,0.9346,0.8911,1.0671,0.8488,1.1645,1.0510,1.0586,0.9240,1.0755,1.1291,0.9676,1.0598,0.9032,0.9768,0.9047,0.9446,0.9446,1.2153,1.0696,1.0714,0.9886,1.0543,1.0712,1.0932,0.9639,1.1003,1.0081,1.0897,0.9430,1.3474,0.9551,1.2575,0.9239,0.9246,1.0698,1.3017,0.9497,1.0002,0.9598,1.0948,0.8995,1.0183,1.0162,1.0232,1.1265,1.2078,1.2039,1.1909,0.9947,1.2316,1.1692,1.0803,1.1267,1.1344,1.0706,0.9795,1.1266,1.2005,1.0068,0.0000,1.1468,1.0389,1.1682,1.0949,1.1144,1.0271,0.9705,1.1141,0.9770,1.0812,1.0517,1.0039,0.9795,1.0461,1.0069,1.0994,0.8759,0.9174,0.8997,1.1098,1.0071,0.9857,0.9608,0.9272,1.2238,1.0187,1.3029,0.9424,0.9591,1.3453,0.9521,1.3363,0.9877,1.0415,0.9924,0.9849
twain_letters_1,0.8837,0.9723,1.0774,1.1061,0.8943,0.9100,0.9664,0.8022,0.9941,0.9272,0.9299,1.0191,1.0960,1.0542,0.9478,0.9915,1.2220,1.1665,1.3655,1.3158,1.0856,1.1093,1.2012,1.0954,1.0859,1.0397,1.1510,1.1974,1.0042,1.0590,1.0384,1.0529,1.1372,1.0373,0.9034,1.0543,1.3427,1.2049,1.1886,1.2268,1.1040,1.1125,1.1724,1.1723,1.0657,1.2831,1.1575,0.9493,1.1512,1.1699,1.1109,0.9588,1.0687,1.0633,1.0676,1.1450,0.9734,0.9911,0.9895,0.8775,1.0675,1.0153,1.1098,1.3748,1.0601,1.1478,1.0971,1.0386,1.1113,0.9651,1.1831,0.9578,1.0079,1.1082,1.0710,1.1505,0.9661,1.0592,0.9778,0.8646,1.1567,0.9827,1.0967,1.0370,0.9560,0.8909,0.9801,1.1468,0.0000,0.7664,0.8534,0.7097,0.9078,0.9635,0.9458,1.0990,1.0807,1.0891,1.1596,1.0934,1.1201,0.9870,1.0760,1.0881,1.0817,1.1170,1.0027,1.2190,1.0463,0.9414,0.9726,0.9432,0.9318,0.9112,1.0705,1.0547,1.0914,1.3893,0.9564,1.2550,1.0454,1.0129,1.1114,1.0434
twain_letters_2,0.8242,0.9510,1.1512,1.2309,0.9818,1.0234,0.9626,0.7976,1.0374,0.9525,0.9528,1.0681,1.1044,1.1310,1.1229,1.1175,1.2053,1.1085,1.3256,1.3578,0.9570,1.0455,1.0898,0.9838,1.0894,1.0369,1.1014,1.2615,0.9493,1.0004,0.9424,0.9666,1.1255,1.0498,1.0821,1.0680,1.3374,1.1988,1.1590,1.1864,1.0866,1.1159,1.1906,1.2250,0.9863,1.2656,1.1127,0.9895,1.1127,1.0718,1.0509,0.9802,1.0252,1.0334,1.0633,1.1260,0.9636,0.9919,0.9787,0.9259,1.0021,0.8874,1.0114,1.3885,0.9906,1.1986,1.1056,1.0305,1.1773,1.1678,1.2081,1.0982,1.0688,1.0473,0.9960,1.0914,0.9288,0.9850,0.9421,0.9720,1.1283,1.1002,0.9953,1.0699,0.9082,0.8858,0.8985,1.0389,0.7664,0.0000,0.8295,0.8580,0.8966,0.9822,0.9260,1.1283,1.0109,1.1214,1.1437,1.0713,1.0504,1.0104,1.0639,1.0605,0.9494,1.1143,0.9475,1.2288,1.0454,0.9211,0.9978,0.9752,0.9665,0.8770,1.1503,1.0877,1.0874,1.4771,1.0032,1.3044,1.0350,1.1015,1.1218,1.0321
twain_letters_3,0.9664,1.0199,1.2941,1.3122,1.1027,1.0887,1.1088,0.9451,1.0880,1.0975,0.9901,1.0606,1.1250,1.0509,1.0645,1.0696,1.2620,1.1785,1.3843,1.3535,1.1169,1.0890,1.2346,1.0848,1.0647,1.1147,1.1473,1.3486,1.0069,1.0969,1.0139,1.1434,1.1763,1.1225,1.0424,1.1512,1.3736,1.1700,1.2263,1.2502,1.1490,1.2351,1.2610,1.2312,1.0631,1.2949,1.1020,0.9483,1.0851,1.1416,1.1551,0.9807,1.0725,1.0491,1.1457,1.1582,1.0322,0.8862,0.9821,0.9128,0.9999,0.9631,1.0270,1.4072,1.0111,1.1184,1.1637,1.0760,1.2536,1.1924,1.2166,1.1289,1.0332,0.9535,0.8407,1.0002,0.8560,0.8798,0.9141,0.8227,1.1993,1.0814,1.0827,1.1303,0.8951,0.8816,0.9079,1.1682,0.8534,0.8295,0.0000,0.9106,1.0648,0.9869,1.1045,1.0599,1.0207,1.0972,1.0674,1.0345,1.0977,1.0410,1.0838,1.1193,1.0901,1.1488,0.9546,1.2520,1.1017,0.9729,1.0303,1.0520,0.9507,1.0235,1.2087,1.1679,1.1858,1.3936,0.9690,1.1785,1.0460,1.0521,1.2004,1.0422
twain_letters_4,0.8964,0.9720,1.1675,1.1939,0.8789,0.9225,1.0703,0.9088,1.0373,0.8594,0.9283,1.0764,1.0677,1.1507,1.0781,1.0610,1.3143,1.3259,1.4411,1.4499,1.1089,1.2135,1.2481,1.1293,1.2000,1.1329,1.1778,1.2625,1.0358,1.1409,1.1116,1.0921,1.3009,1.1729,1.0048,1.1904,1.4323,1.3135,1.2944,1.3557,1.1764,1.2720,1.2324,1.3090,1.1181,1.4096,1.1308,0.9855,1.2562,1.2427,1.1987,0.9920,1.1542,1.1738,1.2573,1.3309,1.0695,1.1242,1.0736,0.9958,1.1175,1.0586,1.1601,1.4200,1.0761,1.1944,1.2357,1.0870,1.1736,1.1111,1.2825,1.0653,1.1737,1.2280,1.1054,1.2318,1.0318,1.1082,1.1081,0.9205,1.2326,1.1226,1.1505,1.1325,1.0813,0.8797,0.9968,1.0949,0.7097,0.8580,0.9106,0.0000,0.9072,0.9612,0.9117,1.1258,1.1101,1.1728,1.2761,1.1829,1.1872,1.0964,1.1882,1.1731,1.0852,1.1606,1.0268,1.2499,1.0998,1.0206,1.0661,0.9916,0.9416,1.0168,1.0242,1.1276,1.1528,1.5265,0.9621,1.2686,1.0456,1.0269,1.1740,1.0472
lee_1,0.9367,0.8596,1.1266,1.2366,0.8737,0.8579,0.9370,0.8821,0.9790,0.8732,0.8368,1.0678,1.0665,1.1215,1.1295,1.1327,1.2447,1.1921,1.3835,1.3911,1.0775,1.1063,1.1863,1.1266,1.1272,1.1088,1.2020,1.2076,1.0835,1.1223,1.0835,1.0503,1.2560,1.1429,1.0061,1.0811,1.3796,1.2646,1.2417,1.2563,1.0989,1.1710,1.2647,1.2278,1.1152,1.3324,1.1410,0.9837,1.1904,1.1796,1.2131,1.0155,1.0670,1.2104,1.1720,1.2586,1.0111,1.1041,1.0435,1.0773,1.1332,1.0998,1.1496,1.4113,0.9189,1.1863,1.1616,1.0622,1.1957,1.1683,1.3115,1.1427,1.1739,1.2066,1.1048,1.2144,1.0771,1.0884,1.1226,0.9739,1.2409,1.1679,1.1389,1.1120,1.1127,1.1857,1.1323,1.1144,0.9078,0.8966,1.0648,0.9072,0.0000,0.8844,0.7564,1.1184,1.1013,1.1715,1.1908,1.1443,1.2252,1.2240,1.1653,1.2251,1.1039,1.1321,1.0644,1.2409,1.1093,1.0652,1.0781,0.9336,0.9725,1.1265,1.0621,1.0626,1.1013,1.5530,0.9769,1.2863,1.0549,0.9955,1.1401,1.0550
lee_2,0.8251,0.7474,0.9966,1.1977,0.9377,0.9617,1.0344,0.9937,0.8679,0.9362,0.8112,0.9177,0.9398,0.9401,1.0317,1.0099,1.1949,1.0350,1.2608,1.2035,0.9960,1.0565,1.0630,1.0740,0.9655,0.9903,0.9423,1.2027,0.9583,0.9614,0.9983,0.9849,1.0135,1.0413,0.8563,0.8916,1.1571,1.0635,1.1406,1.0891,1.0801,1.0583,1.0739,1.0962,0.9062,1.1809,0.9791,1.0032,0.9276,1.0055,0.9861,0.9913,0.9101,1.0068,1.0339,1.0634,0.9561,1.1657,0.9046,1.1192,0.8951,0.7968,0.9022,1.2096,0.7843,0.9956,1.0214,0.7964,0.9868,0.9863,1.0891,0.8899,1.0121,1.0292,1.0264,1.0986,0.9015,1.0686,1.0902,1.0049,1.0996,1.0251,0.9572,0.9303,1.0168,1.1149,0.9539,1.0271,0.9635,0.9822,0.9869,0.9612,0.8844,0.0000,0.9025,0.9233,0.8962,1.0560,1.0222,0.9647,0.9661,0.9326,0.9405,0.9817,0.9867,1.0053,0.8885,1.1091,0.9258,1.0156,0.9171,0.8746,1.0773,1.1283,1.1507,1.0370,1.0772,1.4033,0.8515,1.1546,1.0047,0.8978,1.0929,1.0002
lee_3,0.8939,0.8591,1.0503,1.0813,0.7973,0.8081,0.9433,0.8990,0.9026,0.8668,0.8038,1.0058,1.0389,1.1367,1.1229,1.1162,1.2095,1.1897,1.3073,1.3524,1.0013,1.1304,1.0678,1.1754,1.0171,1.0769,1.1311,1.0926,0.9766,1.0209,1.1195,0.9996,1.2368,1.1414,1.0201,1.0088,1.3528,1.2839,1.2066,1.2669,1.0355,1.1992,1.1943,1.0766,1.1116,1.4065,1.1629,1.0061,1.1619,1.1977,1.1910,1.0699,1.1496,1.1868,1.2317,1.2421,0.9408,1.1796,1.0196,1.0677,1.0650,1.0019,1.1393,1.4088,0.9461,1.1722,1.1602,1.0405,1.0822,1.0747,1.2695,1.0956,1.2558,1.2206,1.1666,1.2175,1.0036,1.0812,1.1455,1.0170,1.2747,1.2160,1.1378,1.0670,1.1364,1.1843,1.0620,0.9705,0.9458,0.9260,1.1045,0.9117,0.7564,0.9025,0.0000,1.2083,1.0399,1.1416,1.1674,1.1307,1.0640,1.1967,1.2249,1.2303,1.0155,1.1136,0.9769,1.2305,1.1157,1.0975,0.9759,0.9638,1.0452,1.0615,0.9502,1.0345,1.0951,1.5270,0.9139,1.3500,1.0295,0.9695,1.1600,1.0304
lee_4,0.8976,0.9388,1.0164,1.2445,1.2141,1.1648,1.2013,1.0793,1.1675,1.1700,0.9915,0.9450,0.9539,0.9081,0.9498,0.9308,1.0502,0.9588,1.0398,1.1251,1.0836,1.0332,1.1197,1.0591,0.9548,0.9920,0.9711,1.1211,1.0448,1.0387,1.1098,1.0929,1.1329,1.1028,1.0231,0.9264,1.0293,1.0876,1.1212,1.1472,1.0702,0.9827,1.0479,1.1252,1.0116,1.0755,0.9968,1.0870,0.9886,1.0187,1.0971,1.0831,0.8666,0.9937,0.9568,1.0946,0.9710,1.0643,0.9640,1.1927,0.9064,0.8172,0.8978,1.0728,0.8468,0.8495,0.8735,0.8674,0.9966,0.9433,1.0224,1.0337,1.0218,1.1766,1.0853,1.1398,0.9653,1.1595,1.0876,1.0334,1.1229,1.0480,0.8932,0.9844,1.0683,1.2464,1.1068,1.1141,1.0990,1.1283,1.0599,1.1258,1.1184,0.9233,1.2083,0.0000,0.7931,0.8785,0.9239,0.9397,1.0929,0.9409,0.8965,1.0190,1.0394,0.9929,0.9424,1.0027,0.9363,0.9688,1.0049,1.0097,1.0921,1.0469,1.3306,1.1457,1.1233,1.2501,0.8914,1.1380,0.9535,0.9933,1.1537,0.9523
cabell_1,0.7383,0.8408,0.9686,1.1606,1.0661,1.1044,1.1628,0.9872,0.9917,1.1377,0.9296,0.8481,0.8471,0.9333,0.9562,0.9947,0.9095,0.8862,0.9404,0.9562,0.9461,0.9458,0.8986,0.9903,0.8027,0.8700,0.8087,1.0601,0.9194,0.9531,0.9958,0.8746,1.1081,0.9620,1.0696,0.8307,0.9375,0.9491,0.9755,1.0035,0.8360,0.8531,0.9456,0.9632,0.9415,1.1225,1.0238,0.9996,0.8397,0.8661,0.9683,1.0839,0.7915,0.9346,0.8921,0.9884,0.8220,0.9816,0.8908,1.2379,0.8296,0.7444,0.8114,0.9705,0.8280,0.8180,0.8946,0.8228,0.9348,0.9250,0.8725,0.9353,1.0386,1.0706,1.0955,1.0328,0.8449,1.0300,1.0360,1.0604,1.0705,1.1182,0.8248,0.8824,0.9654,1.1328,0.9547,0.9770,1.0807,1.0109,1.0207,1.1101,1.1013,0.8962,1.0399,0.7931,0.0000,0.6475,0.6901,0.6421,0.7994,0.7908,0.8274,0.9088,0.8992,0.8030,0.7615,0.9047,0.8883,0.8789,0.8658,0.9185,1.1851,0.9578,1.1867,0.9865,0.9897,1.1417,0.7596,1.1133,0.7585,0.9251,1.0052,0.7555
cabell_2,0.8503,0.9057,1.0520,1.2845,1.1612,1.2290,1.2085,1.0160,1.0724,1.1466,0.9632,0.9318,0.9363,0.9225,1.0318,1.0216,1.0124,0.9930,1.0725,1.1358,0.9874,0.9666,1.0091,1.0616,0.9402,0.9855,0.9252,1.1254,0.9879,1.0380,1.0359,1.0039,1.2072,1.0297,1.1376,0.9707,1.1084,1.1347,1.0522,1.0696,0.9585,0.9775,1.1199,1.1047,1.0678,1.2870,1.0357,1.0847,0.9695,1.0341,1.1167,1.2174,1.0260,1.1156,0.9963,1.0911,0.9286,1.1145,0.9631,1.3626,0.9136,0.8834,1.0047,1.1373,0.9427,0.9734,0.9081,0.9383,0.9682,0.9278,1.0167,1.0687,1.0067,1.1019,1.1495,1.1558,1.0272,1.0707,1.1665,1.1662,1.1052,1.1381,0.9020,0.9561,1.1045,1.1487,1.1071,1.0812,1.0891,1.1214,1.0972,1.1728,1.1715,1.0560,1.1416,0.8785,0.6475,0.0000,0.7072,0.6116,0.9224,0.8523,0.8863,0.9459,0.9465,0.8932,0.8134,1.0070,0.9368,0.9037,0.9715,1.0176,1.2315,1.0364,1.2338,1.0427,1.0741,1.2854,0.7734,1.1874,0.8039,0.9149,1.0768,0.8013
cabell_3,0.8854,0.9518,1.0632,1.2534,1.1405,1.2140,1.1521,1.0492,1.0323,1.2564,0.9821,1.0185,1.0263,1.0907,1.0688,1.1381,1.0139,0.9506,1.0984,1.0683,1.0714,0.9566,0.9687,1.0297,0.9784,0.9929,0.9218,1.1980,1.0083,1.0019,1.0372,0.9481,1.1796,1.0559,1.1369,0.9173,1.0011,1.1177,1.1435,1.0963,0.9967,0.9539,1.0526,1.0068,1.0045,1.2313,1.0248,1.1430,0.8712,0.9933,1.0757,1.1429,0.9536,1.0589,0.9966,1.0950,0.9373,1.0637,0.9869,1.3507,0.8856,0.9027,1.0120,1.0280,0.8936,0.9460,0.9386,0.9580,1.0388,1.0328,0.9502,1.0499,1.0445,1.1604,1.1728,1.0697,1.0713,1.1942,1.2186,1.2346,1.1551,1.1428,1.0148,1.0437,1.0686,1.2175,1.0486,1.0517,1.1596,1.1437,1.0674,1.2761,1.1908,1.0222,1.1674,0.9239,0.6901,0.7072,0.0000,0.6138,0.8089,0.8792,0.8197,0.8842,1.0216,0.8889,0.8377,0.9323,0.9659,0.9166,1.0348,1.0990,1.2780,1.0700,1.2482,1.0490,1.0598,1.1844,0.9066,1.2150,0.8796,1.0480,1.0710,0.8769
cabell_4,0.7930,0.8570,1.0029,1.1798,1.1582,1.1423,1.1411,1.0323,1.0172,1.1606,0.9591,0.9322,0.8872,0.9366,1.0318,1.0199,0.9117,0.8400,1.0388,1.0331,0.9359,0.9166,0.9545,0.9344,0.8020,0.9034,0.8457,1.0696,1.0025,0.9540,1.0553,0.9365,1.0866,0.9861,1.0655,0.8429,0.9607,1.0749,1.0138,1.0025,0.9143,0.8762,0.9658,1.0210,0.9478,1.1556,0.9988,0.9743,0.7956,0.8939,1.0696,1.1273,0.8496,0.9139,0.9042,0.9188,0.9455,1.0302,0.8241,1.2981,0.8275,0.8113,0.8997,0.9590,0.9288,0.8410,0.8807,0.8814,0.8474,0.8962,0.8246,0.9851,0.9029,1.0594,1.0616,0.9718,0.9374,1.1269,1.1258,1.1723,1.0419,1.0663,0.9103,0.9327,0.9983,1.1247,1.0129,1.0039,1.0934,1.0713,1.0345,1.1829,1.1443,0.9647,1.1307,0.9397,0.6421,0.6116,0.6138,0.0000,0.8514,0.7227,0.7832,0.8757,0.9397,0.8190,0.8222,0.9169,0.8434,0.7803,0.9063,0.9430,1.2181,0.9363,1.2583,1.0047,0.9934,1.1943,0.8594,1.2048,0.9040,0.9490,1.0057,0.9002
christian_1,0.8002,0.8732,1.0637,1.1219,1.0887,1.1453,1.0523,1.0436,0.9979,1.1433,0.9271,0.9428,0.9411,1.0616,1.0400,1.0621,1.0135,0.9729,1.0871,1.0377,0.9938,0.9532,0.9216,0.9538,0.8494,0.9334,0.8436,1.1065,0.9270,0.9040,0.9473,0.8839,1.1823,1.0733,1.1085,0.9292,1.0566,1.2744,1.0908,1.0772,0.9356,1.0713,0.9664,1.0491,1.0236,1.2638,0.9905,1.0575,0.9266,0.9575,1.0868,1.1150,0.9585,1.0356,1.0294,1.0645,0.8281,1.1171,0.9098,1.2884,0.8832,0.8992,0.9460,0.9876,0.8577,0.9563,0.9696,0.9748,0.9884,0.9793,0.8955,0.9386,1.0809,1.1634,1.2306,1.1230,1.0084,1.1925,1.1097,1.1459,1.0651,1.1599,1.0498,1.0491,1.0150,1.1591,0.8950,0.9795,1.1201,1.0504,1.0977,1.1872,1.2252,0.9661,1.0640,1.0929,0.7994,0.9224,0.8089,0.8514,0.0000,0.8002,0.9323,0.8152,0.8777,0.8723,0.8709,0.8741,0.9925,0.8738,0.9495,0.9222,1.1913,0.9155,1.1095,0.9718,0.9813,1.1754,0.8652,1.1780,0.8806,1.0060,0.9846,0.8786
christian_2,0.8976,0.9531,1.0722,1.2438,1.1990,1.1476,1.1235,1.0120,1.0738,1.1566,1.0063,0.8945,0.8839,1.0122,1.0548,0.9555,0.9313,0.8233,1.0608,0.9985,0.9542,0.9208,1.0448,0.8972,0.8944,0.8531,0.9075,1.2113,1.0401,1.0035,1.0121,0.9629,0.9824,0.9287,1.0668,0.8594,0.9397,1.0675,0.9465,0.9443,0.9972,0.9437,0.9786,1.0676,0.9391,1.0812,0.9567,0.9863,0.7903,0.8856,0.9481,0.9607,0.8487,0.8211,0.8237,0.8395,1.0056,1.0278,0.9695,1.2462,0.7195,0.7975,0.8169,0.9805,0.9236,0.8390,0.8638,1.0117,0.9341,0.9055,0.8258,0.9419,0.7929,1.0945,1.1064,0.9398,0.8917,1.1129,1.0344,1.1582,0.9760,0.9804,0.9490,0.8641,0.8408,1.0025,0.9567,1.0461,0.9870,1.0104,1.0410,1.0964,1.2240,0.9326,1.1967,0.9409,0.7908,0.8523,0.8792,0.7227,0.8002,0.0000,0.5859,0.5726,0.8531,0.8553,0.8165,0.9337,0.8742,0.7945,0.9562,0.8583,1.1606,0.8849,1.3359,0.9580,0.9666,1.1243,0.9574,1.2085,0.9563,1.0735,0.9726,0.9482
christian_3,0.9414,0.9621,1.0910,1.2353,1.2094,1.1909,1.1757,1.0695,1.0640,1.1755,1.0166,0.8677,0.8516,0.9953,1.0333,0.9780,0.9447,0.8721,1.0960,1.0611,1.0086,0.9532,1.0328,0.8492,0.9040,0.9270,0.9173,1.1839,1.0716,1.0406,1.0166,1.0614,0.9622,1.0112,1.1584,0.9127,0.9713,1.0640,1.0190,1.0031,1.0517,0.9430,0.9907,1.0623,0.9454,1.0683,0.9850,1.0983,0.8613,0.9250,0.9333,1.1233,0.8108,0.8374,0.8088,0.9034,1.0539,1.0887,0.9785,1.2671,0.7500,0.7914,0.8822,0.9936,0.9692,0.8141,0.8109,1.0393,0.9942,0.9374,0.8357,0.9811,0.8520,1.1280,1.0570,1.0335,0.9430,1.2438,1.0938,1.1674,0.9844,1.0072,1.0160,0.9863,0.9450,1.0997,0.9793,1.0069,1.0760,1.0639,1.0838,1.1882,1.1653,0.9405,1.2249,0.8965,0.8274,0.8863,0.8197,0.7832,0.9323,0.5859,0.0000,0.6193,0.8849,0.9239,0.8995,0.9081,0.8467,0.7818,0.9500,0.9375,1.1531,1.0198,1.3590,1.0773,1.0636,1.2280,1.0256,1.2293,1.0097,1.1323,1.0691,1.0023
christian_4,0.9316,0.9595,1.1178,1.2169,1.1716,1.1594,1.0956,1.0755,1.0891,1.1494,1.0703,0.9626,0.8978,1.0122,1.0697,1.0102,1.0099,0.9196,1.1164,1.0591,1.0783,1.0656,1.1121,0.9284,0.9130,0.9307,0.9370,1.1992,1.0857,1.0463,1.1047,1.0083,1.0853,1.0317,1.0936,0.9103,0.9959,1.1202,0.9846,1.0442,1.0799,1.0633,0.9877,1.1033,0.9995,1.1569,1.0082,1.0655,0.9295,1.0110,1.0072,1.1188,0.9474,0.9233,0.9484,0.9641,1.0336,1.0611,1.0355,1.2636,0.8067,0.8519,0.9085,1.0285,0.9459,0.8753,0.8280,1.0884,1.0051,0.8869,0.8307,0.9639,0.9605,1.1598,1.1989,1.1051,1.0169,1.2380,1.1555,1.1923,1.0186,1.1301,1.0575,1.0017,0.9649,1.1529,0.9760,1.0994,1.0881,1.0605,1.1193,1.1731,1.2251,0.9817,1.2303,1.0190,0.9088,0.9459,0.8842,0.8757,0.8152,0.5726,0.6193,0.0000,0.9294,0.9131,0.9372,0.9617,0.9575,0.8291,1.0461,0.9479,1.1523,1.0469,1.3496,1.0641,1.0699,1.2345,1.0269,1.2935,1.0177,1.1376,1.0734,1.0094
pollock_1,0.8490,0.7895,0.9754,1.0537,1.0174,0.9991,1.0066,0.9496,0.9198,0.9972,0.8862,0.9269,0.9183,1.0110,1.0622,0.9376,0.8927,0.8942,1.0240,1.0701,0.9127,0.9797,0.8711,0.9553,0.8635,0.8347,0.9504,0.9664,0.9228,0.9036,1.0302,0.9108,1.1324,0.9795,1.0846,0.9057,1.0099,1.1392,0.9421,1.0274,0.9498,0.9751,0.9224,0.9208,0.9610,1.1536,1.0077,0.9985,0.9693,1.0327,1.0454,1.1117,0.8829,0.9989,0.9876,1.0280,0.8813,1.1521,1.0381,1.1515,0.8577,0.8027,1.0091,1.0441,0.8199,0.9817,0.9449,1.0788,0.9235,0.9734,0.8585,0.9868,1.0523,1.2368,1.2124,1.1001,0.9547,1.2097,1.0726,1.1555,1.0711,1.0768,0.9951,1.0155,0.9954,1.1023,0.9311,0.8759,1.0817,0.9494,1.0901,1.0852,1.1039,0.9867,1.0155,1.0394,0.8992,0.9465,1.0216,0.9397,0.8777,0.8531,0.8849,0.9294,0.0000,0.8339,0.6976,0.9165,0.9993,0.9162,0.8608,0.8880,1.1208,0.9121,1.2567,0.9618,0.9859,1.1647,0.9586,1.3006,0.9589,1.0493,1.0151,0.9553
pollock_2,0.8458,0.8385,0.9366,1.0833,1.0608,1.0811,1.0808,1.0304,0.9631,1.0580,0.9103,0.9519,0.8830,0.9431,1.0991,0.9212,0.7415,0.8048,0.7246,0.9371,0.8963,0.8932,0.8606,0.9275,0.7897,0.8541,0.9155,1.0147,1.0003,0.9454,1.0530,0.8718,1.0739,0.9593,1.0301,0.7392,0.8283,1.0694,0.8688,0.9782,0.8324,0.9040,0.7366,0.9034,0.9903,1.1799,1.0903,1.0700,0.7320,0.8655,0.9992,1.0888,0.9028,0.9149,0.8945,0.9505,0.8747,1.1226,0.8880,1.2966,0.8129,0.8894,0.9491,0.9412,0.8776,0.7986,0.8733,0.9654,0.7988,0.9211,0.7346,0.9607,1.0365,1.3458,1.2620,1.1965,1.0130,1.2886,1.2214,1.1745,1.0320,1.1325,1.0506,0.9983,1.0813,1.2529,1.0305,0.9174,1.1170,1.1143,1.1488,1.1606,1.1321,1.0053,1.1136,0.9929,0.8030,0.8932,0.8889,0.8190,0.8723,0.8553,0.9239,0.9131,0.8339,0.0000,0.7596,0.8052,0.9552,0.9250,0.8989,0.9404,1.1858,0.9494,1.2359,0.9537,0.9585,1.0551,0.8151,1.2081,0.8731,0.9122,0.9773,0.8679
pollock_3,0.7909,0.8326,0.9696,1.0798,1.0904,1.0488,0.9999,0.8875,0.9188,1.0410,0.8214,0.8787,0.9487,0.9211,0.9762,0.9325,0.9675,0.8956,1.0997,1.0801,0.9048,0.8876,0.8494,0.8858,0.8031,0.8583,0.9142,0.9924,0.9441,0.9069,0.9263,0.9000,1.1098,0.9498,1.0651,0.8819,1.0025,1.1240,0.9621,0.9910,0.8719,0.9423,0.9454,1.0191,0.9322,1.1185,0.9850,0.9096,0.9005,0.9327,0.9944,1.0233,0.8484,0.9336,0.9085,0.9615,0.8216,1.0432,0.9549,1.1707,0.8876,0.8185,0.9009,1.1217,0.8470,0.9011,0.9155,0.8913,0.8944,0.8964,0.9092,0.9711,0.9622,1.1374,1.1496,1.0572,0.9202,1.1230,1.0139,1.0702,1.0782,1.0010,0.8581,0.9686,0.9022,1.0629,0.8658,0.8997,1.0027,0.9475,0.9546,1.0268,1.0644,0.8885,0.9769,0.9424,0.7615,0.8134,0.8377,0.8222,0.8709,0.8165,0.8995,0.9372,0.6976,0.7596,0.0000,0.9788,0.9085,0.8490,0.8731,0.9462,1.1455,0.8869,1.1022,0.9859,0.9942,1.2227,0.8030,1.1655,0.8100,0.9246,1.0020,0.8055
pollock_4,0.9667,0.9646,1.1098,1.1475,1.2234,1.1419,1.1008,1.1513,0.9715,1.1340,1.0935,1.0690,1.0534,1.0950,1.0686,1.0377,0.8580,0.9667,0.9488,0.7023,1.1086,1.0636,1.0382,1.1239,0.8654,1.0590,1.0315,1.1772,1.1680,1.0788,1.2707,1.0853,1.1082,1.0148,1.1032,0.7543,0.7247,1.1850,1.0629,1.1916,1.0815,1.0865,1.0461,1.0347,1.0964,1.2066,1.0900,1.1500,0.9552,1.0834,1.2072,1.2562,0.9505,1.0268,1.0423,1.1424,1.0677,0.9311,1.1584,1.2906,0.9462,0.9836,1.0319,0.6277,0.9452,0.8898,0.8415,1.0052,0.9680,0.9636,0.8037,0.9296,1.1307,1.3068,1.2726,1.1796,1.0807,1.2281,1.1472,1.1375,1.2216,1.2357,1.0801,1.1685,1.1918,1.3449,1.0768,1.1098,1.2190,1.2288,1.2520,1.2499,1.2409,1.1091,1.2305,1.0027,0.9047,1.0070,0.9323,0.9169,0.8741,0.9337,0.9081,0.9617,0.9165,0.8052,0.9788,0.0000,1.0873,0.9585,0.9620,1.0024,1.3176,1.0601,1.3426,1.1060,1.0985,0.8362,1.0680,1.2810,1.1030,1.1052,1.1163,1.1005
shsp_1,0.8219,0.8670,0.9398,1.1712,1.1372,1.1094,1.1044,1.0152,1.0484,1.1531,0.9734,0.9073,0.9790,1.0057,0.9958,0.9405,1.0530,0.8618,1.2067,1.1929,1.0052,0.9395,1.0284,0.9853,0.8922,0.9484,0.8063,1.2025,1.0183,1.0659,0.9475,0.9117,0.9968,1.0311,1.0317,0.8948,1.0730,1.0230,1.0192,1.0027,1.0321,0.8785,1.0714,1.0259,0.8065,1.0577,0.9756,1.0308,0.8402,0.8699,0.9451,1.0107,0.8494,0.8525,0.8751,0.9138,1.0346,1.1576,0.9446,1.2424,0.8081,0.8705,0.8468,1.1850,0.9414,0.8282,0.8884,0.9625,0.9161,0.9388,0.9378,1.0000,0.8943,1.1460,1.0642,1.0270,0.8911,1.2089,1.0544,1.1252,0.9902,0.8867,0.9019,0.8443,0.9904,1.0957,1.0201,1.0071,1.0463,1.0454,1.1017,1.0998,1.1093,0.9258,1.1157,0.9363,0.8883,0.9368,0.9659,0.8434,0.9925,0.8742,0.8467,0.9575,0.9993,0.9552,0.9085,1.0873,0.0000,0.8244,0.9817,0.8289,1.1351,1.0037,1.2583,1.0057,0.9850,1.3355,0.9127,1.1930,1.0361,1.0021,1.0024,1.0349
shsp_2,0.8599,0.9343,1.0372,1.2497,1.1199,1.0489,0.9544,0.9193,1.0220,1.1103,0.9744,0.8708,0.9237,0.9857,0.9822,0.9514,0.9639,0.8752,1.1201,1.0425,0.9887,0.8580,1.0750,0.8618,0.8896,0.8707,0.9195,1.1415,1.0213,0.9547,1.0098,1.0002,0.9881,0.9745,1.0612,0.8835,1.0539,0.9457,0.9033,0.9297,0.9819,0.9104,1.0660,1.1299,0.9553,1.0637,0.9029,0.9696,0.8623,0.9145,0.9130,0.9976,0.8880,0.8575,0.8466,0.9260,0.9834,0.9841,0.8648,1.1131,0.7850,0.8298,0.8089,1.0527,0.9587,0.8800,0.8388,0.9303,0.9495,0.8818,0.9156,0.9378,0.8904,1.0518,1.0303,0.8485,0.9538,1.0518,0.9455,1.0024,1.0565,0.9500,0.9690,0.9140,0.8124,1.0371,0.8701,0.9857,0.9414,0.9211,0.9729,1.0206,1.0652,1.0156,1.0975,0.9688,0.8789,0.9037,0.9166,0.7803,0.8738,0.7945,0.7818,0.8291,0.9162,0.9250,0.8490,0.9585,0.8244,0.0000,0.8577,0.7596,1.1459,0.9325,1.1903,1.0127,0.9897,1.2499,1.0115,1.2379,1.0732,1.1084,0.9982,1.0681
shsp_3,0.8079,0.8506,0.9922,1.1425,1.0374,1.0167,0.9689,0.9435,0.8765,0.9891,0.8622,0.7474,0.9405,0.8775,0.8975,0.8764,0.9455,0.9110,1.0508,1.0893,1.0463,1.0021,1.0592,1.0257,0.9594,0.9101,1.0139,1.0804,0.9785,0.9527,1.0830,0.9367,1.0410,0.9043,0.9789,0.9600,1.0581,1.0387,0.9629,1.0654,0.9725,0.9893,0.9104,1.0871,0.9479,1.1903,0.9980,0.9082,0.9662,1.0157,1.0817,1.0460,0.9175,0.8879,0.9628,0.9723,0.9586,1.0708,0.9065,1.1130,0.9069,0.9092,0.9466,1.0412,0.8957,0.8314,0.8304,0.8498,0.9327,0.8560,0.9858,0.9049,1.0586,1.1215,1.0079,1.0307,0.9140,1.0189,1.0038,0.9712,1.0663,1.0608,0.8852,0.9386,1.0356,1.1634,1.0161,0.9608,0.9726,0.9978,1.0303,1.0661,1.0781,0.9171,0.9759,1.0049,0.8658,0.9715,1.0348,0.9063,0.9495,0.9562,0.9500,1.0461,0.8608,0.8989,0.8731,0.9620,0.9817,0.8577,0.0000,0.7912,1.0456,0.8823,1.1031,1.0031,1.0201,1.1933,0.8891,1.1656,0.9236,0.9651,1.0426,0.9206
shsp_4,0.8084,0.7797,0.8635,1.1431,0.9470,0.9515,0.9310,0.8257,0.9150,0.9499,0.8561,0.7743,0.8668,0.9223,0.9760,0.9170,0.8875,0.8731,1.0753,1.1187,0.9416,0.8385,1.0205,0.9337,0.8666,0.8668,0.8328,1.1028,1.0102,0.9198,1.0016,0.9398,0.8913,0.9222,0.9207,0.8798,1.0600,0.9268,0.8431,0.9537,0.9484,0.8763,0.9706,0.9912,0.8535,1.0309,0.9173,1.0217,0.8372,0.8132,0.8380,0.8849,0.8735,0.8086,0.8330,0.8721,1.0105,1.0112,0.9157,1.0807,0.8168,0.8277,0.8480,1.1725,0.8818,0.8521,0.8390,0.9179,0.9575,0.8772,0.9055,0.8774,0.9652,1.0913,1.0136,0.9935,0.8424,0.9563,0.9932,0.9815,1.0960,0.9481,0.8945,0.8884,0.9220,1.0851,0.9385,0.9272,0.9432,0.9752,1.0520,0.9916,0.9336,0.8746,0.9638,1.0097,0.9185,1.0176,1.0990,0.9430,0.9222,0.8583,0.9375,0.9479,0.8880,0.9404,0.9462,1.0024,0.8289,0.7596,0.7912,0.0000,1.0083,0.8292,1.1247,0.8980,0.8936,1.1918,0.9521,1.1506,1.0367,0.9966,0.9035,1.0346
poe_goldbug_1,0.9970,1.0725,1.2659,1.3080,1.0607,0.9744,1.0788,0.9253,1.1265,1.0106,1.0136,1.0349,1.0649,1.0394,1.0938,1.0420,1.1965,1.1192,1.3317,1.3601,1.1865,1.1192,1.2064,1.1112,1.0955,1.0548,1.2968,1.3004,1.0659,1.1571,1.0927,1.0790,1.2129,1.0924,1.1203,1.1547,1.4456,1.3384,1.1018,1.2345,1.1327,1.2026,1.0679,1.2855,1.1022,1.3349,1.1916,1.0174,1.2494,1.2205,1.1985,1.0267,1.0998,1.1219,1.1742,1.2083,1.0950,1.0422,1.0281,0.8892,1.1457,1.1083,1.2396,1.4067,1.0475,1.1682,1.1806,1.1127,1.2648,1.2106,1.2415,1.1836,1.2479,1.1774,1.0371,1.2361,0.9576,0.9717,1.0034,0.8937,1.2146,1.2156,1.0754,1.1987,1.1123,1.0695,1.1005,1.2238,0.9318,0.9665,0.9507,0.9416,0.9725,1.0773,1.0452,1.0921,1.1851,1.2315,1.2780,1.2181,1.1913,1.1606,1.1531,1.1523,1.1208,1.1858,1.1455,1.3176,1.1351,1.1459,1.0456,1.0083,0.0000,0.8818,1.0699,1.1924,1.2140,1.4647,1.0454,1.3510,1.1502,1.0796,1.2239,1.1520
poe_goldbug_2,0.7823,0.9052,1.0199,1.0730,1.1025,1.0170,0.9944,0.8652,1.0425,1.0049,0.9058,0.8446,0.9802,0.9954,0.8765,0.8645,0.9852,0.8758,1.1359,1.1242,0.9723,0.8649,0.9559,0.8742,0.8402,0.8328,0.9329,1.1563,0.9730,1.0329,1.0036,0.8752,1.0274,0.8671,1.0644,0.9709,1.0673,1.2289,0.9062,1.0145,0.9671,0.8817,0.9388,1.1057,0.8792,1.1167,1.0070,0.9058,0.9267,0.8987,1.0035,0.8959,0.9727,0.9069,0.9093,1.0152,0.9845,1.0613,0.9247,1.0380,0.8679,0.9075,0.9617,1.1404,0.8721,0.9036,0.9056,0.9939,0.9589,0.9125,0.9264,1.0234,1.0399,1.1800,1.1101,1.0479,0.8857,1.0291,0.9977,1.0114,1.0959,0.9831,0.9454,0.9860,0.8679,1.0215,0.9681,1.0187,0.9112,0.8770,1.0235,1.0168,1.1265,1.1283,1.0615,1.0469,0.9578,1.0364,1.0700,0.9363,0.9155,0.8849,1.0198,1.0469,0.9121,0.9494,0.8869,1.0601,1.0037,0.9325,0.8823,0.8292,0.8818,0.0000,1.1102,0.8798,0.8867,1.2565,0.8392,1.1626,0.9362,0.9223,0.8935,0.9328
poe_letters_1,0.9818,1.0956,1.2410,1.3629,1.0089,1.0106,1.0767,1.1047,1.1175,1.1336,1.0357,1.1383,1.2157,1.2416,1.1367,1.2230,1.4453,1.3201,1.4814,1.3881,1.2300,1.2589,1.3305,1.1779,1.1791,1.2468,1.1933,1.2704,1.1677,1.2083,1.0556,1.1379,1.4701,1.3303,1.1064,1.2322,1.5067,1.4825,1.4613,1.4553,1.1196,1.2844,1.2948,1.2525,1.2767,1.4931,1.2944,0.9594,1.3308,1.3730,1.3975,1.1946,1.3017,1.3920,1.3711,1.4440,1.0413,1.2178,1.1696,1.2911,1.2719,1.2149,1.2962,1.4282,1.0555,1.2390,1.2358,1.0397,1.2648,1.1749,1.3422,1.1833,1.4437,1.4331,1.3567,1.4752,1.2181,1.2179,1.3228,1.1273,1.3650,1.2208,1.1823,1.2102,1.3329,1.3298,1.1815,1.3029,1.0705,1.1503,1.2087,1.0242,1.0621,1.1507,0.9502,1.3306,1.1867,1.2338,1.2482,1.2583,1.1095,1.3359,1.3590,1.3496,1.2567,1.2359,1.1022,1.3426,1.2583,1.1903,1.1031,1.1247,1.0699,1.1102,0.0000,1.1885,1.2232,1.5681,0.9174,1.3342,1.0435,0.9932,1.2526,1.0423
beale_letters,0.8908,0.8349,0.9165,1.0745,0.9940,1.0969,1.1084,0.9667,0.8919,0.9685,0.8727,0.9431,1.0281,1.0354,1.0337,1.0802,1.0327,0.9010,1.1356,1.2197,0.9507,0.9740,1.0543,0.9508,0.9926,0.9410,0.9108,1.1090,0.9975,1.0309,1.0801,0.9001,1.1717,0.9406,0.9673,1.0168,1.1753,1.1856,1.0478,1.0465,0.9457,0.9279,1.0290,1.0358,0.9388,1.2242,0.9640,0.9804,0.9223,0.9152,0.9654,0.9765,0.9897,1.0112,0.9721,1.0188,1.0235,1.3051,0.9791,1.2183,0.9392,1.0141,1.0811,1.3218,0.9058,1.0159,1.0269,1.0718,0.9018,0.9803,1.0229,0.9977,1.1672,1.2088,1.2200,1.2220,1.0132,1.2305,1.1988,1.1850,1.1884,1.0410,1.0798,0.9624,1.0677,1.1654,1.0678,0.9424,1.0547,1.0877,1.1679,1.1276,1.0626,1.0370,1.0345,1.1457,0.9865,1.0427,1.0490,1.0047,0.9718,0.9580,1.0773,1.0641,0.9618,0.9537,0.9859,1.1060,1.0057,1.0127,1.0031,0.8980,1.1924,0.8798,1.1885,0.0000,0.2215,1.3512,0.7406,1.0273,0.8718,0.8647,0.2742,0.8712
beale_letter1,0.9098,0.8547,0.9185,1.0781,1.0409,1.1540,1.1641,0.9823,0.9570,1.0061,0.9289,0.9555,1.0229,1.0739,1.0350,1.0818,1.0239,0.8663,1.1180,1.2146,0.9719,0.9571,1.0486,0.9585,0.9718,0.9516,0.9046,1.1251,1.0095,1.0502,1.0632,0.9291,1.1687,0.9243,1.0062,1.0413,1.1452,1.1423,1.0319,1.0211,0.9231,0.8826,1.0287,1.0447,0.8977,1.1549,0.9493,1.0023,0.9324,0.9143,0.9858,0.9932,0.9763,0.9722,0.9451,1.0095,1.0673,1.3245,0.9687,1.2392,0.9103,0.9993,1.0547,1.3047,0.9394,0.9654,1.0120,1.0632,0.8981,0.9524,0.9839,1.0026,1.1270,1.2060,1.1949,1.2068,1.0062,1.2678,1.2102,1.2101,1.1307,1.0068,1.0494,0.9728,1.0430,1.1610,1.0897,0.9591,1.0914,1.0874,1.1858,1.1528,1.1013,1.0772,1.0951,1.1233,0.9897,1.0741,1.0598,0.9934,0.9813,0.9666,1.0636,1.0699,0.9859,0.9585,0.9942,1.0985,0.9850,0.9897,1.0201,0.8936,1.2140,0.8867,1.2232,0.2215,0.0000,1.3312,0.7955,1.0204,0.8700,0.9106,0.1174,0.8715
beale_b2,1.2154,1.2058,1.2992,1.4279,1.4550,1.4252,1.4469,1.3631,1.2444,1.3455,1.3650,1.3292,1.2714,1.3515,1.2940,1.3242,1.0873,1.1343,1.0329,0.8535,1.3118,1.2805,1.2059,1.3431,1.1651,1.2720,1.3026,1.4186,1.4513,1.3077,1.5291,1.3513,1.2800,1.2495,1.3238,1.0341,0.9331,1.3570,1.1816,1.2599,1.3246,1.3170,1.1235,1.2408,1.3459,1.4927,1.3505,1.3637,1.0542,1.2092,1.3570,1.4341,1.1686,1.1899,1.2918,1.2444,1.2673,1.1086,1.4155,1.5083,1.1854,1.1856,1.2712,0.7832,1.1906,1.0856,1.2271,1.2547,1.1923,1.1952,1.0096,1.1470,1.3531,1.6099,1.5621,1.4830,1.3650,1.3529,1.4305,1.3557,1.4360,1.5187,1.3390,1.3999,1.3479,1.5656,1.2860,1.3453,1.3893,1.4771,1.3936,1.5265,1.5530,1.4033,1.5270,1.2501,1.1417,1.2854,1.1844,1.1943,1.1754,1.1243,1.2280,1.2345,1.1647,1.0551,1.2227,0.8362,1.3355,1.2499,1.1933,1.1918,1.4647,1.2565,1.5681,1.3512,1.3312,0.0000,1.3437,1.4895,1.3751,1.3304,1.3351,1.3709
narrative,0.7278,0.7571,0.9302,1.0228,0.9067,0.9876,1.0629,0.9056,0.8905,0.9675,0.7945,0.8400,0.8722,0.8262,0.8461,0.8635,1.0721,0.9988,1.1356,1.2299,0.9115,0.9405,0.9981,0.9637,0.8633,0.8842,0.8629,0.9575,0.8878,0.9731,0.8850,0.8697,1.1835,0.9562,0.8627,0.9258,1.1783,1.1819,1.1193,1.0957,0.8617,0.9279,1.0049,0.9636,0.8767,1.2203,0.9110,0.8238,0.9645,1.0310,1.0547,1.0011,0.9519,1.0789,1.0361,1.0928,0.8339,1.1353,0.8473,1.1414,0.8870,0.8211,0.9310,1.2348,0.7402,0.9209,0.9443,0.8366,0.7823,0.8714,0.9914,0.9324,1.0596,1.1436,1.1196,1.1454,0.8742,1.0831,1.0635,0.9974,1.0196,0.9659,0.8104,0.7950,1.0026,1.0670,0.9907,0.9521,0.9564,1.0032,0.9690,0.9621,0.9769,0.8515,0.9139,0.8914,0.7596,0.7734,0.9066,0.8594,0.8652,0.9574,1.0256,1.0269,0.9586,0.8151,0.8030,1.0680,0.9127,1.0115,0.8891,0.9521,1.0454,0.8392,0.9174,0.7406,0.7955,1.3437,0.0000,0.9083,0.3911,0.3931,0.8258,0.3907
morriss,1.0500,1.1760,1.2227,1.5292,1.2088,1.2894,1.2457,1.1519,1.1608,1.2578,1.0732,1.0798,1.2407,1.1266,1.1674,1.1021,1.2997,1.2467,1.4216,1.3991,1.1814,1.1864,1.3116,1.1854,1.2559,1.2036,1.1133,1.2974,1.2437,1.3075,1.1516,1.2003,1.4286,1.2645,1.1943,1.2934,1.3859,1.2873,1.3334,1.2776,1.1777,1.2062,1.3434,1.3154,1.1825,1.4498,1.2083,1.1394,1.1965,1.1923,1.2561,1.1609,1.2145,1.2317,1.2103,1.3111,1.1657,1.3137,1.1233,1.4396,1.1497,1.1178,1.1437,1.4156,1.1680,1.2183,1.1942,1.1375,1.2454,1.2128,1.2951,1.2142,1.2097,1.2584,1.2684,1.3164,1.1987,1.3325,1.2841,1.3172,1.2376,1.2072,1.0704,1.2279,1.2165,1.3140,1.3671,1.3363,1.2550,1.3044,1.1785,1.2686,1.2863,1.1546,1.3500,1.1380,1.1133,1.1874,1.2150,1.2048,1.1780,1.2085,1.2293,1.2935,1.3006,1.2081,1.1655,1.2810,1.1930,1.2379,1.1656,1.1506,1.3510,1.1626,1.3342,1.0273,1.0204,1.4895,0.9083,0.0000,0.9666,0.9805,1.0298,0.9683
narrative_A,0.8163,0.8257,1.0637,1.1179,1.0244,1.0854,1.1629,0.9740,1.0060,1.0146,0.9037,0.8747,0.8903,0.9234,0.8909,0.9231,1.1174,1.0384,1.2082,1.2595,0.9487,1.0564,1.0922,1.0360,0.9713,0.9330,0.9188,1.0181,0.9218,1.0528,0.9546,0.9281,1.2614,1.0138,1.0010,1.0374,1.2192,1.2136,1.1815,1.1047,0.8869,0.9767,1.0706,1.0174,0.9863,1.2515,0.9649,0.9165,1.0944,1.1021,1.1345,1.0605,1.0040,1.1059,1.0528,1.1287,0.8697,1.1967,0.9247,1.2045,0.9203,0.8990,0.9922,1.2296,0.8792,0.9981,0.9870,0.8378,0.8852,0.9581,1.0236,1.0407,1.1013,1.1896,1.1832,1.1811,0.9598,1.1802,1.1160,1.1229,1.0415,1.0320,0.7776,0.8839,1.0714,1.1400,1.0481,0.9877,1.0454,1.0350,1.0460,1.0456,1.0549,1.0047,1.0295,0.9535,0.7585,0.8039,0.8796,0.9040,0.8806,0.9563,1.0097,1.0177,0.9589,0.8731,0.8100,1.1030,1.0361,1.0732,0.9236,1.0367,1.1502,0.9362,1.0435,0.8718,0.8700,1.3751,0.3911,0.9666,0.0000,0.7842,0.8899,0.0166
narrative_B,0.8320,0.8516,0.9799,1.0330,0.9459,1.0465,1.1104,0.9687,0.9262,1.0467,0.8432,0.9663,1.0091,0.9065,0.9274,0.9322,1.1284,1.0702,1.1439,1.2494,1.0381,0.9772,1.0435,1.0695,0.9109,1.0155,0.9993,1.0052,1.0239,1.0679,0.9895,0.9684,1.2807,1.0590,0.8850,0.9677,1.2195,1.2930,1.1803,1.2323,0.9542,1.0370,1.0702,1.0146,0.9300,1.2905,1.0295,0.9034,1.0220,1.1215,1.1409,1.0995,1.0555,1.1729,1.1619,1.1654,0.9733,1.1912,0.9144,1.2064,0.9867,0.9485,1.0113,1.3071,0.8089,0.9739,1.0440,0.9518,0.8435,0.9343,1.0474,0.9477,1.1493,1.2388,1.1909,1.2107,0.9730,1.1293,1.1462,1.0304,1.1307,1.0568,0.9811,0.8987,1.1049,1.1273,1.0970,1.0415,1.0129,1.1015,1.0521,1.0269,0.9955,0.8978,0.9695,0.9933,0.9251,0.9149,1.0480,0.9490,1.0060,1.0735,1.1323,1.1376,1.0493,0.9122,0.9246,1.1052,1.0021,1.1084,0.9651,0.9966,1.0796,0.9223,0.9932,0.8647,0.9106,1.3304,0.3931,0.9805,0.7842,0.0000,0.9446,0.7838
beale_letters_2000,0.9452,0.8787,0.9403,1.1244,1.0931,1.2005,1.2126,1.0293,1.0014,1.0406,0.9627,0.9756,1.0457,1.0914,1.0435,1.1059,1.0263,0.8858,1.1391,1.2189,1.0077,0.9782,1.0620,0.9667,0.9893,0.9809,0.9041,1.1607,1.0540,1.0800,1.0799,0.9658,1.1729,0.9381,1.0390,1.0755,1.1589,1.1581,1.0509,1.0450,0.9437,0.8957,1.0437,1.0786,0.9157,1.1687,0.9596,1.0264,0.9358,0.9104,0.9928,0.9999,0.9971,0.9680,0.9388,1.0107,1.0895,1.3301,1.0079,1.2576,0.9324,1.0160,1.0587,1.3105,0.9800,0.9731,1.0306,1.0844,0.9248,0.9767,0.9982,1.0406,1.1267,1.1992,1.2127,1.2130,1.0265,1.2924,1.2500,1.2333,1.1634,1.0072,1.0843,1.0143,1.0435,1.1681,1.1152,0.9924,1.1114,1.1218,1.2004,1.1740,1.1401,1.0929,1.1600,1.1537,1.0052,1.0768,1.0710,1.0057,0.9846,0.9726,1.0691,1.0734,1.0151,0.9773,1.0020,1.1163,1.0024,0.9982,1.0426,0.9035,1.2239,0.8935,1.2526,0.2742,0.1174,1.3351,0.8258,1.0298,0.8899,0.9446,0.0000,0.8879
narrative_2000,0.8150,0.8213,1.0646,1.1146,1.0259,1.0852,1.1626,0.9745,1.0006,1.0102,0.8990,0.8742,0.8868,0.9204,0.8881,0.9198,1.1165,1.0379,1.2022,1.2567,0.9481,1.0521,1.0847,1.0288,0.9682,0.9309,0.9167,1.0172,0.9177,1.0492,0.9553,0.9252,1.2606,1.0143,1.0019,1.0359,1.2164,1.2138,1.1787,1.1044,0.8830,0.9768,1.0666,1.0151,0.9856,1.2514,0.9593,0.9155,1.0868,1.0992,1.1306,1.0568,1.0009,1.0995,1.0483,1.1238,0.8693,1.1948,0.9222,1.2016,0.9123,0.8952,0.9827,1.2260,0.8779,0.9924,0.9822,0.8373,0.8850,0.9544,1.0181,1.0397,1.0948,1.1863,1.1792,1.1742,0.9558,1.1771,1.1162,1.1195,1.0343,1.0306,0.7732,0.8821,1.0646,1.1370,1.0433,0.9849,1.0434,1.0321,1.0422,1.0472,1.0550,1.0002,1.0304,0.9523,0.7555,0.8013,0.8769,0.9002,0.8786,0.9482,1.0023,1.0094,0.9553,0.8679,0.8055,1.1005,1.0349,1.0681,0.9206,1.0346,1.1520,0.9328,1.0423,0.8712,0.8715,1.3709,0.3907,0.9683,0.0166,0.7838,0.8879,0.0000
