term,source,date,title,url,verified,snippet
stampede,chroniclingamerica,1824-06-01,"Image 2 of American watchman and Delaware advertiser (Wilmington, Del.), June 1, 1824",http://www.loc.gov/resource/sn82014894/1824-06-01/ed-1/?sp=2,False,
stampede,chroniclingamerica,1824-05-26,"Image 2 of Daily national intelligencer (Washington City [D.C.]), May 26, 1824",http://www.loc.gov/resource/sn83026172/1824-05-26/ed-1/?sp=2,False,
stampeding,chroniclingamerica,1824-06-01,"Image 2 of American watchman and Delaware advertiser (Wilmington, Del.), June 1, 1824",http://www.loc.gov/resource/sn82014894/1824-06-01/ed-1/?sp=2,False,
stampeding,chroniclingamerica,1824-05-26,"Image 2 of Daily national intelligencer (Washington City [D.C.]), May 26, 1824",http://www.loc.gov/resource/sn83026172/1824-05-26/ed-1/?sp=2,False,
stampeded,chroniclingamerica,1824-06-01,"Image 2 of American watchman and Delaware advertiser (Wilmington, Del.), June 1, 1824",http://www.loc.gov/resource/sn82014894/1824-06-01/ed-1/?sp=2,False,
stampeded,chroniclingamerica,1824-05-26,"Image 2 of Daily national intelligencer (Washington City [D.C.]), May 26, 1824",http://www.loc.gov/resource/sn83026172/1824-05-26/ed-1/?sp=2,False,
stampedo,chroniclingamerica,1834-12-23,"Image 1 of Daily national intelligencer (Washington City [D.C.]), December 23, 1834",http://www.loc.gov/resource/sn83026172/1834-12-23/ed-1/?sp=1,True,"nt Leu.\n12 Burial at Sea.\n13 A Visit to the Hotel des Invalides.\n14 French Navy.\n15 The Dragoon to bis steed.\n16 A Stampedo.\n17 The Soldier.\n18 Dry Rot.\nLetter from W. Patterson, Esq., to H. Niles, Esq.;\nExtracts from English newspapers.\n"
stampedo,chroniclingamerica,1834-12-25,"Image 1 of Daily national intelligencer (Washington City [D.C.]), December 25, 1834",http://www.loc.gov/resource/sn83026172/1834-12-25/ed-1/?sp=1,True,"nt Leu.\n12 Burial at Sea.\n13 A Visit to the Hotel des Invalides.\n14 French Navy.\n15 The Dragoon to his steed.\n16 A Stampedo.\n17 The Soldier.\nI Le?ter from W. Patterson, Esq., to H. Niles, Esq.;\nExtracts from English newspapers.\n19 Revoluti"
stampedo,chroniclingamerica,1834-12-24,"Image 1 of Daily national intelligencer (Washington City [D.C.]), December 24, 1834",http://www.loc.gov/resource/sn83026172/1834-12-24/ed-1/?sp=1,False,
stampedo,chroniclingamerica,1834-12-22,"Image 1 of Daily national intelligencer (Washington City [D.C.]), December 22, 1834",http://www.loc.gov/resource/sn83026172/1834-12-22/ed-1/?sp=1,True,"nt Leu.\n12 Burial at Sea.\n13 A Visit to the Hotel des Invalides.\n14 French Navy.\n15 The Dragoon to bis steed.\n16 A Stampedo.\n17 The Soldier.\n18 Dry Rot.\nLetter from W. Patterson, Esq., to H. Niles, Esq.;\nExtracts from English newspapers.\n"
stampedo,chroniclingamerica,1834-12-19,"Image 3 of Daily national intelligencer (Washington City [D.C.]), December 19, 1834",http://www.loc.gov/resource/sn83026172/1834-12-19/ed-1/?sp=3,False,
improvised,chroniclingamerica,1835-11-21,"Image 4 of South Branch intelligencer (Romney, Va. [W. Va.]), November 21, 1835",http://www.loc.gov/resource/sn84026826/1835-11-21/ed-1/?sp=4,False,
improvised,chroniclingamerica,1830-10-27,"Image 1 of The Arkansas advocate (Little Rock, A.T. [Ark.]), October 27, 1830",http://www.loc.gov/resource/sn87062070/1830-10-27/ed-1/?sp=1,False,
improvised,chroniclingamerica,1830-12-02,"Image 1 of Litchfield enquirer (Litchfield, Conn.), December 2, 1830",http://www.loc.gov/resource/sn84020071/1830-12-02/ed-1/?sp=1,True,"heard a composition and\na recitation of two. The first was grace\nful, and in good taste; but the last were a\nkind of improvised account of given chap\nters in philosophy, done with a selectness\nof language, and a clearness of recollec\ntion quite"
improvised,chroniclingamerica,1833-03-19,"Image 2 of The Rhode-Island Republican (Newport, R.I.), March 19, 1833",http://www.loc.gov/resource/sn83025561/1833-03-19/ed-1/?sp=2,False,
improvised,chroniclingamerica,1835-10-14,"Image 4 of The Rhode-Island Republican (Newport, R.I.), October 14, 1835",http://www.loc.gov/resource/sn83025561/1835-10-14/ed-1/?sp=4,True," but I forewarn you that he is as deaf as an\nadder.\u201d\n\u201cNo matter, 1 will halloo.\u201d\n~And the boy who had improvised this piece of\npleasantry\u2014which the good reader will according to\nhis taste, think either good or bad\u2014went t"
improvised,chroniclingamerica,1825-02-25,"Image 4 of Constitutional Whig (Richmond, Va.), February 25, 1825",http://www.loc.gov/resource/sn83045110/1825-02-25/ed-1/?sp=4,False,
improvised,chroniclingamerica,1833-03-16,"Image 2 of New-Hampshire statesman and state journal (Concord [N.H.]), March 16, 1833",http://www.loc.gov/resource/sn84022931/1833-03-16/ed-1/?sp=2,True,"orrectiog them; but Sir Walter\nScott lacked patience for this species of drudgery;\nthe pen, in his band, he literally improvised, and his\ncommand of language, great as it was, scarcely kept\npace with the extraordinary fertility of his imagina\nti"
improvised,chroniclingamerica,1825-06-11,"Image 1 of The ladies' garland (Harpers-Ferry, Va. [W. Va.]), June 11, 1825",http://www.loc.gov/resource/sn85059803/1825-06-11/ed-1/?sp=1,False,
improvised,chroniclingamerica,1825-06-18,"Image 1 of The ladies' garland (Harpers-Ferry, Va. [W. Va.]), June 18, 1825",http://www.loc.gov/resource/sn85059803/1825-06-18/ed-1/?sp=1,False,
improvised,chroniclingamerica,1828-04-19,"Image 3 of The ladies' garland (Harpers-Ferry, Va. [W. Va.]), April 19, 1828",http://www.loc.gov/resource/sn85059803/1828-04-19/ed-1/?sp=3,False,
improvised,chroniclingamerica,1806-12-01,"Image 4 of Alexandria daily advertiser (Alexandria [Va.]), December 1, 1806",http://www.loc.gov/resource/sn84024012/1806-12-01/ed-1/?sp=4,False,
improvised,chroniclingamerica,1825-04-19,"Image 3 of Rhode Island American (Providence [R.I.]), April 19, 1825",http://www.loc.gov/resource/sn83021383/1825-04-19/ed-1/?sp=3,False,
improvised,chroniclingamerica,1832-06-13,"Image 1 of Phenix gazette (Alexandria [D.C.]), June 13, 1832",http://www.loc.gov/resource/sn85025006/1832-06-13/ed-1/?sp=1,False,
improvised,chroniclingamerica,1832-03-14,"Image 2 of The Arkansas advocate (Little Rock, A.T. [Ark.]), March 14, 1832",http://www.loc.gov/resource/sn87062070/1832-03-14/ed-1/?sp=2,False,
improvised,chroniclingamerica,1825-06-03,"Image 1 of Rhode Island American (Providence [R.I.]), June 3, 1825",http://www.loc.gov/resource/sn83021383/1825-06-03/ed-1/?sp=1,False,
improvised,chroniclingamerica,1825-04-19,"Image 3 of The New Hampshire gazette (Portsmouth [N.H.]), April 19, 1825",http://www.loc.gov/resource/sn83025588/1825-04-19/ed-1/?sp=3,False,
improvised,chroniclingamerica,1803-07-18,"Image 4 of Jenks' Portland gazette. and Maine advertiser (Portland, Me.), July 18, 1803",http://www.loc.gov/resource/sn83021505/1803-07-18/ed-1/?sp=4,False,
improvised,chroniclingamerica,1832-01-07,"Image 2 of Phenix gazette (Alexandria [D.C.]), January 7, 1832",http://www.loc.gov/resource/sn85025006/1832-01-07/ed-1/?sp=2,False,
improvised,chroniclingamerica,1824-04-28,"Image 4 of Massachusetts spy and Worcester advertiser ([Worcester, Mass.]), April 28, 1824",http://www.loc.gov/resource/sn83021202/1824-04-28/ed-1/?sp=4,False,
improvised,chroniclingamerica,1830-02-27,"Image 1 of Providence patriot, Columbian phenix (Providence, R.I.), February 27, 1830",http://www.loc.gov/resource/sn83025643/1830-02-27/ed-1/?sp=1,False,
improvised,chroniclingamerica,1825-06-04,"Image 1 of Phenix gazette (Alexandria [D.C.]), June 4, 1825",http://www.loc.gov/resource/sn85025006/1825-06-04/ed-1/?sp=1,False,
improvised,chroniclingamerica,1828-09-23,"Image 1 of Rhode-Island American and Providence gazette (Providence [R.I.]), September 23, 1828",http://www.loc.gov/resource/sn83021385/1828-09-23/ed-1/?sp=1,False,
improvised,chroniclingamerica,1825-01-04,"Image 3 of The Virginian (Lynchburg [Va.]), January 4, 1825",http://www.loc.gov/resource/sn85027015/1825-01-04/ed-1/?sp=3,False,
improvised,chroniclingamerica,1835-04-04,"Image 2 of Daily national intelligencer (Washington City [D.C.]), April 4, 1835",http://www.loc.gov/resource/sn83026172/1835-04-04/ed-1/?sp=2,False,
improvised,chroniclingamerica,1830-09-28,"Image 3 of Richmond enquirer (Richmond, Va.), September 28, 1830",http://www.loc.gov/resource/sn84024735/1830-09-28/ed-1/?sp=3,False,
improvise,chroniclingamerica,1824-04-28,"Image 4 of Massachusetts spy and Worcester advertiser ([Worcester, Mass.]), April 28, 1824",http://www.loc.gov/resource/sn83021202/1824-04-28/ed-1/?sp=4,True," prize,\nT who eth ir wond\u2019ring eyes\nV. if carets sight ito pa pert\nBut\u2019tis a sigi.t houl i they meet,\nAll improvise in lb. str t,\nYe Geds I he w tiisy would scamper.\nMy whole\u2019s a sort of wandering throne,\nTo woman limited alon"
improvise,chroniclingamerica,1803-07-18,"Image 4 of Jenks' Portland gazette. and Maine advertiser (Portland, Me.), July 18, 1803",http://www.loc.gov/resource/sn83021505/1803-07-18/ed-1/?sp=4,True,"elTeu*\nti ll to hedtb, yet \u00bbTn dfedi irt fpeedy \""I\nperm inent, rendering them deii ately f*\u00bbft\nand clear, improvise the tomp\u2019-xion and i\nr.ttCKine the bloom of y u h. Never fa j\n,r\u00bb(C to render n't mdmary coun'.e*'ance\nbe"
improvise,chroniclingamerica,1825-01-04,"Image 3 of The Virginian (Lynchburg [Va.]), January 4, 1825",http://www.loc.gov/resource/sn85027015/1825-01-04/ed-1/?sp=3,False,
improvise,chroniclingamerica,1825-06-11,"Image 1 of The ladies' garland (Harpers-Ferry, Va. [W. Va.]), June 11, 1825",http://www.loc.gov/resource/sn85059803/1825-06-11/ed-1/?sp=1,True,"t will be charged with the sub\nscription.\nTillS SSEFOSITOEY.\nFit03: THE NEW MONTHLY MAGAZINE.\nGIULIO, A TALE.\n,7/i Improvisation of Bonaparte.\nBonaparte, during the first year after he ascend\ned the imperial throne, was in the habit of passi"
improvise,chroniclingamerica,1825-06-18,"Image 1 of The ladies' garland (Harpers-Ferry, Va. [W. Va.]), June 18, 1825",http://www.loc.gov/resource/sn85059803/1825-06-18/ed-1/?sp=1,True," will be charged with the sub\nscription.\n3>Z!ES XMESPOSZTORY._\nFllOM THE NEW MONTHLY MAGAZINE.\nGIULIO, A TALE.\njjn Improvisation of Bonaparte.\n[concluded.]\nGiulio alone, surrendered to his own reflection,\ntrembles to think of his own imprud"
improvise,chroniclingamerica,1828-04-19,"Image 3 of The ladies' garland (Harpers-Ferry, Va. [W. Va.]), April 19, 1828",http://www.loc.gov/resource/sn85059803/1828-04-19/ed-1/?sp=3,False,
improvise,chroniclingamerica,1806-12-01,"Image 4 of Alexandria daily advertiser (Alexandria [Va.]), December 1, 1806",http://www.loc.gov/resource/sn84024012/1806-12-01/ed-1/?sp=4,True,"Hahn's Anti-Bilious Pins.\nInfaiiible Ague Drops.si\n\""Genuine Persian Lotion, for removing cu\ntancous blcjnishes, and improvising the com\npicxiun.\nIndian Vereta'si\ufb02e Specific, in high repute\nib:- tf'cte cure of:: certain numclcssis disica"
improvise,chroniclingamerica,1835-11-21,"Image 4 of South Branch intelligencer (Romney, Va. [W. Va.]), November 21, 1835",http://www.loc.gov/resource/sn84026826/1835-11-21/ed-1/?sp=4,False,
improvise,chroniclingamerica,1825-04-19,"Image 3 of Rhode Island American (Providence [R.I.]), April 19, 1825",http://www.loc.gov/resource/sn83021383/1825-04-19/ed-1/?sp=3,True,"fessions of a\nCantab; The Novice in Town; Valedictory\nStanzas, by the author of the linprovi\u00abatrice;\nGiulio, an Improvisation of Bonaparte; Danish\nTraditions and Superstitions\u2014The Weird Wan\nderer of Jutland,. Swend Felling, Holger th"
improvise,chroniclingamerica,1832-06-13,"Image 1 of Phenix gazette (Alexandria [D.C.]), June 13, 1832",http://www.loc.gov/resource/sn85025006/1832-06-13/ed-1/?sp=1,False,
improvise,chroniclingamerica,1830-10-27,"Image 1 of The Arkansas advocate (Little Rock, A.T. [Ark.]), October 27, 1830",http://www.loc.gov/resource/sn87062070/1830-10-27/ed-1/?sp=1,False,
improvise,chroniclingamerica,1832-03-14,"Image 2 of The Arkansas advocate (Little Rock, A.T. [Ark.]), March 14, 1832",http://www.loc.gov/resource/sn87062070/1832-03-14/ed-1/?sp=2,False,
improvise,chroniclingamerica,1825-06-03,"Image 1 of Rhode Island American (Providence [R.I.]), June 3, 1825",http://www.loc.gov/resource/sn83021383/1825-06-03/ed-1/?sp=1,False,
improvise,chroniclingamerica,1825-04-19,"Image 3 of The New Hampshire gazette (Portsmouth [N.H.]), April 19, 1825",http://www.loc.gov/resource/sn83025588/1825-04-19/ed-1/?sp=3,True,"a Cantab~\u2014The Nowice in Towne\u2014\""\nValedictory Stanzas, by the author of the ims\nprovisatrice\u2014Giulio, an Improvisation of Reny\nparte\u2014Danish Traditions and Superstitionsg\u2014\nThe Grave of the Suicide\u2014Lines to a Ludy\u201"
improvise,chroniclingamerica,1830-12-02,"Image 1 of Litchfield enquirer (Litchfield, Conn.), December 2, 1830",http://www.loc.gov/resource/sn84020071/1830-12-02/ed-1/?sp=1,True,"heard a composition and\na recitation of two. The first was grace\nful, and in good taste; but the last were a\nkind of improvised account of given chap\nters in philosophy, done with a selectness\nof language, and a clearness of recollec\ntion qui"
improvise,chroniclingamerica,1832-01-07,"Image 2 of Phenix gazette (Alexandria [D.C.]), January 7, 1832",http://www.loc.gov/resource/sn85025006/1832-01-07/ed-1/?sp=2,True,"nde signal,\netre rendues actives, et qui viendront appuvar,\nj au liesoin, une armee de trois cents inille horn-\nmes, improvises un mois et un mois et quellques j\njours.\u201d Certainly M. Perier loves as much the\nsystem of \u201cpeace at all p"
improvise,chroniclingamerica,1833-03-19,"Image 2 of The Rhode-Island Republican (Newport, R.I.), March 19, 1833",http://www.loc.gov/resource/sn83025561/1833-03-19/ed-1/?sp=2,False,
improvise,chroniclingamerica,1830-02-27,"Image 1 of Providence patriot, Columbian phenix (Providence, R.I.), February 27, 1830",http://www.loc.gov/resource/sn83025643/1830-02-27/ed-1/?sp=1,True,"nt of his topies, he is guided\nwholly by impulse. His illustrations\nparticularly have all the startling fieshuess\nol improvisation. The dijuty of his\ntheme seems to lift him into the regions\nof Poetry unaware, and he gathers the rich\nmaterial"
improvise,chroniclingamerica,1835-10-14,"Image 4 of The Rhode-Island Republican (Newport, R.I.), October 14, 1835",http://www.loc.gov/resource/sn83025561/1835-10-14/ed-1/?sp=4,True," but I forewarn you that he is as deaf as an\nadder.\u201d\n\u201cNo matter, 1 will halloo.\u201d\n~And the boy who had improvised this piece of\npleasantry\u2014which the good reader will according to\nhis taste, think either good or bad\u2014went"
improvise,chroniclingamerica,1825-06-04,"Image 1 of Phenix gazette (Alexandria [D.C.]), June 4, 1825",http://www.loc.gov/resource/sn85025006/1825-06-04/ed-1/?sp=1,True,"given,\nWho shall use it as earth, with their God to\ndwell. _ _\n[From the New Monthly Magazine.]\nGIULIO, A TALE.\nAS IMPROVISATION OF BONAPARTI.\nHowtpur>, during the first year after he as\ncended the imperial throne, was in the habit\nof passi"
improvise,chroniclingamerica,1828-09-23,"Image 1 of Rhode-Island American and Providence gazette (Providence [R.I.]), September 23, 1828",http://www.loc.gov/resource/sn83021385/1828-09-23/ed-1/?sp=1,True,"t\nthe close of the second act, the illusion was com\nplete. It was not merely nn artist, repeating\nupon the stage the improvisations of the boudoir.\nIt was Desdemona herself, tender, passionate,\nburning with love \u2014such, in fine, as she was"
improvise,chroniclingamerica,1825-02-25,"Image 4 of Constitutional Whig (Richmond, Va.), February 25, 1825",http://www.loc.gov/resource/sn83045110/1825-02-25/ed-1/?sp=4,False,
improvise,chroniclingamerica,1835-04-04,"Image 2 of Daily national intelligencer (Washington City [D.C.]), April 4, 1835",http://www.loc.gov/resource/sn83026172/1835-04-04/ed-1/?sp=2,True,"ir waggery about him and the young Indian beauties,\nthat produced great merriment among our half-breeds.\nThis mode of improvising is common throughout the\nsavage tribes and in this way, with a few simple inflec\ntions of the voice, they chant al"
improvise,chroniclingamerica,1833-03-16,"Image 2 of New-Hampshire statesman and state journal (Concord [N.H.]), March 16, 1833",http://www.loc.gov/resource/sn84022931/1833-03-16/ed-1/?sp=2,True,"orrectiog them; but Sir Walter\nScott lacked patience for this species of drudgery;\nthe pen, in his band, he literally improvised, and his\ncommand of language, great as it was, scarcely kept\npace with the extraordinary fertility of his imagina\n"
improvise,chroniclingamerica,1830-09-28,"Image 3 of Richmond enquirer (Richmond, Va.), September 28, 1830",http://www.loc.gov/resource/sn84024735/1830-09-28/ed-1/?sp=3,True,"tary eloquence, notwithstanding\nthe i lea so generally entertained, among themselves,\nthat they still want tho art of improvisation, as they\ncall i\\\nEvery American heart will doubtless rcjoico at that\nglorious destiny which, utter a lapse of "
grizzlies,chroniclingamerica,1829-08-15,"Image 5 of The Delaware register, or, Farmers', manufacturers' & mechanics' advocate (Wilmington, Del.), August 15, 1829",http://www.loc.gov/resource/sn84020593/1829-08-15/ed-1/?sp=5,False,
grizzlies,chroniclingamerica,1819-09-14,"Image 4 of The New Hampshire gazette (Portsmouth [N.H.]), September 14, 1819",http://www.loc.gov/resource/sn83025588/1819-09-14/ed-1/?sp=4,False,
grizzlies,chroniclingamerica,1828-08-20,"Image 2 of Daily national intelligencer (Washington City [D.C.]), August 20, 1828",http://www.loc.gov/resource/sn83026172/1828-08-20/ed-1/?sp=2,False,
grizzlies,chroniclingamerica,1829-08-07,"Image 2 of Daily national intelligencer (Washington City [D.C.]), August 7, 1829",http://www.loc.gov/resource/sn83026172/1829-08-07/ed-1/?sp=2,False,
grizzlies,chroniclingamerica,1827-06-05,"Image 3 of Delaware journal (Wilmington [Del.]), June 5, 1827",http://www.loc.gov/resource/sn83025530/1827-06-05/ed-1/?sp=3,False,
grizzlies,chroniclingamerica,1818-10-05,"Image 4 of The New Hampshire gazette (Portsmouth [N.H.]), October 5, 1818",http://www.loc.gov/resource/sn83025588/1818-10-05/ed-1/?sp=4,False,
grizzlies,chroniclingamerica,1827-09-22,"Image 3 of Constitutional Whig (Richmond, Va.), September 22, 1827",http://www.loc.gov/resource/sn83045110/1827-09-22/ed-1/?sp=3,False,
grizzlies,chroniclingamerica,1832-05-02,"Image 1 of The Arkansas gazette (Arkansas Post, Ark. Ter.), May 2, 1832",http://www.loc.gov/resource/sn82016482/1832-05-02/ed-1/?sp=1,False,
grizzlies,chroniclingamerica,1828-09-03,"Image 4 of Virginia statesman (Wheeling, Va. [W. Va.]), September 3, 1828",http://www.loc.gov/resource/sn84038586/1828-09-03/ed-1/?sp=4,False,
grizzlies,chroniclingamerica,1827-12-01,"Image 3 of The ladies' garland (Harpers-Ferry, Va. [W. Va.]), December 1, 1827",http://www.loc.gov/resource/sn85059803/1827-12-01/ed-1/?sp=3,False,
grizzlies,chroniclingamerica,1828-08-27,"Image 1 of The Massachusetts spy, and Worcester County advertiser ([Worcester, Mass.]), August 27, 1828",http://www.loc.gov/resource/sn83021206/1828-08-27/ed-1/?sp=1,False,
grizzlies,chroniclingamerica,1817-10-30,"Image 2 of Daily national intelligencer (Washington City [D.C.]), October 30, 1817",http://www.loc.gov/resource/sn83026172/1817-10-30/ed-1/?sp=2,False,
grizzlies,chroniclingamerica,1812-06-22,"Image 3 of Portland gazette, and Maine advertiser (Portland, Me.), June 22, 1812",http://www.loc.gov/resource/sn83016082/1812-06-22/ed-1/?sp=3,False,
grizzlies,chroniclingamerica,1820-08-02,"Image 3 of Daily national intelligencer (Washington City [D.C.]), August 2, 1820",http://www.loc.gov/resource/sn83026172/1820-08-02/ed-1/?sp=3,False,
grizzlies,chroniclingamerica,1835-11-27,"Image 1 of The daily herald (New-Haven [Conn.]), November 27, 1835",http://www.loc.gov/resource/sn82015818/1835-11-27/ed-1/?sp=1,False,
grizzlies,chroniclingamerica,1808-08-30,"Image 2 of Alexandria daily gazette, commercial & political (Alexandria [Va.]), August 30, 1808",http://www.loc.gov/resource/sn84024013/1808-08-30/ed-1/?sp=2,False,
grizzlies,chroniclingamerica,1827-07-18,"Image 3 of Daily national intelligencer (Washington City [D.C.]), July 18, 1827",http://www.loc.gov/resource/sn83026172/1827-07-18/ed-1/?sp=3,False,
grizzlies,chroniclingamerica,1818-09-22,"Image 2 of The New Hampshire gazette (Portsmouth [N.H.]), September 22, 1818",http://www.loc.gov/resource/sn83025588/1818-09-22/ed-1/?sp=2,False,
grizzlies,chroniclingamerica,1827-01-13,"Image 1 of Northern star, and Warren and Bristol gazette (Warren [R.I.]), January 13, 1827",http://www.loc.gov/resource/sn83021518/1827-01-13/ed-1/?sp=1,False,
grizzlies,chroniclingamerica,1827-07-24,"Image 1 of Delaware journal (Wilmington [Del.]), July 24, 1827",http://www.loc.gov/resource/sn83025530/1827-07-24/ed-1/?sp=1,False,
grizzlies,chroniclingamerica,1835-11-03,"Image 2 of The daily herald (New-Haven [Conn.]), November 3, 1835",http://www.loc.gov/resource/sn82015818/1835-11-03/ed-1/?sp=2,False,
grizzlies,chroniclingamerica,1823-08-01,"Image 1 of American watchman and Delaware advertiser (Wilmington, Del.), August 1, 1823",http://www.loc.gov/resource/sn82014894/1823-08-01/ed-1/?sp=1,False,
grizzlies,chroniclingamerica,1820-02-08,"Image 1 of Elizabeth-Town gazette (Elizabeth-Town, N.J.), February 8, 1820",http://www.loc.gov/resource/sn85025061/1820-02-08/ed-1/?sp=1,False,
grizzlies,chroniclingamerica,1831-01-08,"Image 2 of Richmond palladium (Richmond, Wayne County, Ind.), January 8, 1831",http://www.loc.gov/resource/sn82016416/1831-01-08/ed-1/?sp=2,False,
grizzlies,chroniclingamerica,1808-09-23,"Image 3 of The national intelligencer and Washington advertiser (Washington City [D.C.]), September 23, 1808",http://www.loc.gov/resource/sn83045242/1808-09-23/ed-1/?sp=3,False,
grizzlies,chroniclingamerica,1811-08-09,"Image 3 of The Rhode-Island American, and general advertiser (Providence [R.I.]), August 9, 1811",http://www.loc.gov/resource/sn83025442/1811-08-09/ed-1/?sp=3,False,
grizzlies,chroniclingamerica,1829-09-10,"Image 2 of Daily national intelligencer (Washington City [D.C.]), September 10, 1829",http://www.loc.gov/resource/sn83026172/1829-09-10/ed-1/?sp=2,False,
grizzlies,chroniclingamerica,1822-06-14,"Image 3 of American watchman and Delaware advertiser (Wilmington, Del.), June 14, 1822",http://www.loc.gov/resource/sn82014894/1822-06-14/ed-1/?sp=3,False,
grizzlies,chroniclingamerica,1826-11-10,"Image 1 of The National Republican and Ohio political register (Cincinnati [Ohio]), November 10, 1826",http://www.loc.gov/resource/sn84031604/1826-11-10/ed-1/?sp=1,False,
grizzlies,chroniclingamerica,1811-08-16,"Image 3 of The Rhode-Island American, and general advertiser (Providence [R.I.]), August 16, 1811",http://www.loc.gov/resource/sn83025442/1811-08-16/ed-1/?sp=3,False,
grizzlies,chroniclingamerica,1833-07-31,"Image 2 of Vandalia Whig and Illinois intelligencer (Vandalia, Ill.), July 31, 1833",http://www.loc.gov/resource/sn82015332/1833-07-31/ed-1/?sp=2,False,
grizzlies,chroniclingamerica,1831-02-15,"Image 3 of Daily national intelligencer (Washington City [D.C.]), February 15, 1831",http://www.loc.gov/resource/sn83026172/1831-02-15/ed-1/?sp=3,False,
grizzlies,chroniclingamerica,1833-08-21,"Image 1 of The Arkansas advocate (Little Rock, A.T. [Ark.]), August 21, 1833",http://www.loc.gov/resource/sn87062070/1833-08-21/ed-1/?sp=1,False,
grizzlies,chroniclingamerica,1835-11-06,"Image 4 of The Arkansas advocate (Little Rock, A.T. [Ark.]), November 6, 1835",http://www.loc.gov/resource/sn87062070/1835-11-06/ed-1/?sp=4,False,
grizzlies,chroniclingamerica,1834-10-03,"Image 1 of The Arkansas advocate (Little Rock, A.T. [Ark.]), October 3, 1834",http://www.loc.gov/resource/sn87062070/1834-10-03/ed-1/?sp=1,False,
grizzlies,chroniclingamerica,1829-02-13,"Image 3 of Daily national intelligencer (Washington City [D.C.]), February 13, 1829",http://www.loc.gov/resource/sn83026172/1829-02-13/ed-1/?sp=3,False,
grizzlies,chroniclingamerica,1828-04-17,"Image 4 of Martinsburg gazette and public advertiser (Martinsburg, Va. [W. Va.]), April 17, 1828",http://www.loc.gov/resource/sn85059526/1828-04-17/ed-1/?sp=4,False,
grizzlies,chroniclingamerica,1823-08-05,"Image 1 of The National Republican and Ohio political register (Cincinnati [Ohio]), August 5, 1823",http://www.loc.gov/resource/sn84031604/1823-08-05/ed-1/?sp=1,False,
grizzlies,chroniclingamerica,1834-09-18,"Image 2 of Daily national intelligencer (Washington City [D.C.]), September 18, 1834",http://www.loc.gov/resource/sn83026172/1834-09-18/ed-1/?sp=2,False,
grizzlies,chroniclingamerica,1831-09-22,"Image 2 of Daily national intelligencer (Washington City [D.C.]), September 22, 1831",http://www.loc.gov/resource/sn83026172/1831-09-22/ed-1/?sp=2,False,
grizzly bears,chroniclingamerica,1828-08-20,"Image 2 of Daily national intelligencer (Washington City [D.C.]), August 20, 1828",http://www.loc.gov/resource/sn83026172/1828-08-20/ed-1/?sp=2,False,
grizzly bears,chroniclingamerica,1832-05-02,"Image 1 of The Arkansas gazette (Arkansas Post, Ark. Ter.), May 2, 1832",http://www.loc.gov/resource/sn82016482/1832-05-02/ed-1/?sp=1,False,
grizzly bears,chroniclingamerica,1828-09-03,"Image 4 of Virginia statesman (Wheeling, Va. [W. Va.]), September 3, 1828",http://www.loc.gov/resource/sn84038586/1828-09-03/ed-1/?sp=4,False,
grizzly bears,chroniclingamerica,1828-08-27,"Image 1 of The Massachusetts spy, and Worcester County advertiser ([Worcester, Mass.]), August 27, 1828",http://www.loc.gov/resource/sn83021206/1828-08-27/ed-1/?sp=1,False,
grizzly bears,chroniclingamerica,1827-07-18,"Image 3 of Daily national intelligencer (Washington City [D.C.]), July 18, 1827",http://www.loc.gov/resource/sn83026172/1827-07-18/ed-1/?sp=3,False,
grizzly bears,chroniclingamerica,1827-07-24,"Image 1 of Delaware journal (Wilmington [Del.]), July 24, 1827",http://www.loc.gov/resource/sn83025530/1827-07-24/ed-1/?sp=1,False,
grizzly bears,chroniclingamerica,1831-01-08,"Image 2 of Richmond palladium (Richmond, Wayne County, Ind.), January 8, 1831",http://www.loc.gov/resource/sn82016416/1831-01-08/ed-1/?sp=2,False,
grizzly bears,chroniclingamerica,1831-02-15,"Image 3 of Daily national intelligencer (Washington City [D.C.]), February 15, 1831",http://www.loc.gov/resource/sn83026172/1831-02-15/ed-1/?sp=3,False,
grizzly bears,chroniclingamerica,1831-09-22,"Image 2 of Daily national intelligencer (Washington City [D.C.]), September 22, 1831",http://www.loc.gov/resource/sn83026172/1831-09-22/ed-1/?sp=2,False,
grizzly bears,chroniclingamerica,1835-06-30,"Image 2 of Daily national intelligencer (Washington City [D.C.]), June 30, 1835",http://www.loc.gov/resource/sn83026172/1835-06-30/ed-1/?sp=2,False,
grizzly bears,chroniclingamerica,1834-08-15,"Image 3 of The Arkansas advocate (Little Rock, A.T. [Ark.]), August 15, 1834",http://www.loc.gov/resource/sn87062070/1834-08-15/ed-1/?sp=3,False,
grizzly bears,chroniclingamerica,1834-06-26,"Image 2 of Alexandria gazette (Alexandria, D.C.), June 26, 1834",http://www.loc.gov/resource/sn85025007/1834-06-26/ed-1/?sp=2,False,
grizzly bears,chroniclingamerica,1827-06-19,"Image 1 of Rhode-Island American and Providence gazette (Providence [R.I.]), June 19, 1827",http://www.loc.gov/resource/sn83021385/1827-06-19/ed-1/?sp=1,False,
outfits,chroniclingamerica,1830-02-17,"Image 2 of Daily national intelligencer (Washington City [D.C.]), February 17, 1830",http://www.loc.gov/resource/sn83026172/1830-02-17/ed-1/?sp=2,True,"are now about to appropriate. The bill proposes to give\nOne hundred and eighty thousand dollars for the salaries\nand. outfits of our diplomatic agents, and for the contin\ngent expenses of the several missions. Let us compare\nthis sum with what"
outfits,chroniclingamerica,1832-07-06,"Image 1 of Wilmington expositor (Wilmington, Del.), July 6, 1832",http://www.loc.gov/resource/sn88053122/1832-07-06/ed-1/?sp=1,True,"ok his seat,\nMr. CLAYTON, of Delaware, said the\nclasses in the bill under consideration pro\nvided 36,000 dollars for outfits of Ministers of\nto Great Britain, France, and Russia, nnd a\ntnade no distinction between the missions to\nthose sever"
outfits,chroniclingamerica,1830-03-13,"Image 3 of Daily national intelligencer (Washington City [D.C.]), March 13, 1830",http://www.loc.gov/resource/sn83026172/1830-03-13/ed-1/?sp=3,True,", as the report promised,\nbut to send out other full ministers in their stead, at sala\nries of 9,000 dollars, besides outfits of 9,000 dollars more\nto each. These outfits, as well as those of our new min\nisters to England and France, had been "
outfits,chroniclingamerica,1832-07-05,"Image 2 of Delaware advertiser & star (Wilmington, Del.), July 5, 1832",http://www.loc.gov/resource/sn88053023/1832-07-05/ed-1/?sp=2,True,"ry cases, hut to the\nexistence of any right in the President\nto put his hand in this part of the strong j\nbox to pay outfits of ministers appoint-!\ned by him to fill vacancies created for\nparty purposes. In the year 1829, our\nto whole diplom"
outfits,chroniclingamerica,1828-02-21,"Image 2 of Daily national intelligencer (Washington City [D.C.]), February 21, 1828",http://www.loc.gov/resource/sn83026172/1828-02-21/ed-1/?sp=2,True,"nUnited States. If I shall not establish this proposition, I\nhave never been more mistaken in my life.\nIn relation to outfits to be granted to public Ministers,\nall the acts of Congress which preceded that of the Ist\nMay, 1810, spoke the same "
outfits,chroniclingamerica,1827-05-18,"Image 2 of Delaware journal (Wilmington [Del.]), May 18, 1827",http://www.loc.gov/resource/sn83025530/1827-05-18/ed-1/?sp=2,True,"g diplomatic agents abroad, a clear\nsaving to the government accrues of more than\n$81,000 for one year's salaries and outfits; and of\n40,000 dollars in salaries each year thereafter,\ni fmaking a total ol 201,000 in tour years.) During j\nj Mr."
outfits,chroniclingamerica,1832-04-16,"Image 2 of Daily national intelligencer (Washington City [D.C.]), April 16, 1832",http://www.loc.gov/resource/sn83026172/1832-04-16/ed-1/?sp=2,True,"e.\nOUTFIT TO FRANCE.\nMr. MILLER moved to-strikeout the word \u201cFrance,\u201d\nin tire clause appropriating certain outfits, and also to\nchange the amount of appropriation from 36,000 to\n27,000 dollars, so .as to strike out the appropriation"
outfits,chroniclingamerica,1830-05-01,"Image 3 of Daily national intelligencer (Washington City [D.C.]), May 1, 1830",http://www.loc.gov/resource/sn83026172/1830-05-01/ed-1/?sp=3,False,
outfits,chroniclingamerica,1827-02-22,"Image 2 of Daily national intelligencer (Washington City [D.C.]), February 22, 1827",http://www.loc.gov/resource/sn83026172/1827-02-22/ed-1/?sp=2,True,"recur\nring to the act, it will be found that such is not its charac\nter. It appropriates specifically. First, for the outfits of\ntwo Ministers, eighteen thousand dollars. Second, for\nthe salaries of the Ministers, eighteen thousand dollars.\nT"
outfits,chroniclingamerica,1830-06-23,"Image 2 of Daily national intelligencer (Washington City [D.C.]), June 23, 1830",http://www.loc.gov/resource/sn83026172/1830-06-23/ed-1/?sp=2,True,"as mis\ntaken.\u201d Sir said Mr. F., lct me ask what is specific\n\u201cSalaries to Ministers and Charge des Affaires: outfits to\nMinisters and Chargd des Affaires, and for contingent\nexpenses,\u201d each specified by itself\u2014and this not s"
outfits,chroniclingamerica,1832-05-15,"Image 4 of Richmond enquirer (Richmond, Va.), May 15, 1832",http://www.loc.gov/resource/sn84024735/1832-05-15/ed-1/?sp=4,True,"documents necessary for the discharge of oilicial\nduty. There is no surplus of that fund applicable to the\npayment ol outfits. The contingent fund of foreign in\ntercourse, amounting to $30,000, was the only one from\nwhich this outfit could bet"
outfits,chroniclingamerica,1830-02-17,"Image 2 of The Massachusetts spy, and Worcester County advertiser ([Worcester, Mass.]), February 17, 1830",http://www.loc.gov/resource/sn83021206/1830-02-17/ed-1/?sp=2,True,"we\nhave condemned Are we, in the first year of\nj reform, to do tho very thing we have once cen\nsured It appears that outfits have been taken\nj this year from the contingent fund. I do not\nJ complain because they do this, hut because they\nJ d"
outfits,chroniclingamerica,1827-02-23,"Image 2 of Daily national intelligencer (Washington City [D.C.]), February 23, 1827",http://www.loc.gov/resource/sn83026172/1827-02-23/ed-1/?sp=2,True,"hese expenses were in lieu of outfit, but not so in the\ncase of Mr. Clay and Mr, Adams; they both received their\nfull outfits and salary, which the law declares shall be as\ncompensation for all personal services and expenses;\u201d and\nin addi"
outfits,chroniclingamerica,1832-06-16,"Image 2 of Daily national intelligencer (Washington City [D.C.]), June 16, 1832",http://www.loc.gov/resource/sn83026172/1832-06-16/ed-1/?sp=2,False,
outfits,chroniclingamerica,1801-12-03,"Image 2 of Republican gazette (Concord, N.H.), December 3, 1801",http://www.loc.gov/resource/sn84022876/1801-12-03/ed-1/?sp=2,True," appointed Mr. Murray to the Haggle\ntake his fon's place, also with an Outfit of ,000\ndollars Making thru 9000 dollar Outfits, for\ntwo stationary foreign ministers Though\nMr. Adams may have managed this business\nwith much wisdom and diferetio"
outfits,chroniclingamerica,1829-04-25,"Image 3 of New-Hampshire statesman and Concord register (Concord, N.H.), April 25, 1829",http://www.loc.gov/resource/sn84022929/1829-04-25/ed-1/?sp=3,True,"18the waves into post and\n\u2018office, hurrahing for Jackson, Reform,\nand Retrenchment down with profhga\ncy, double outfits,\u201d and billiard tabies,\u201d\nand the East ream, fitted up and bonght\nwith the p:.ople\u2019s money Even poor old"
outfits,chroniclingamerica,1828-02-14,"Image 2 of Daily national intelligencer (Washington City [D.C.]), February 14, 1828",http://www.loc.gov/resource/sn83026172/1828-02-14/ed-1/?sp=2,False,
outfits,chroniclingamerica,1832-05-09,"Image 2 of Daily national intelligencer (Washington City [D.C.]), May 9, 1832",http://www.loc.gov/resource/sn83026172/1832-05-09/ed-1/?sp=2,True,"to have put rite same construction upon the Legisla\ntive course in 1829, when an appropriation had been\nmoved for the outfits of new Ministers, and negatived\nYet the Ministers had been sent, and their outfits taken\nout of tke Diplomatic fund.\"
outfits,chroniclingamerica,1832-04-30,"Image 2 of Daily national intelligencer (Washington City [D.C.]), April 30, 1832",http://www.loc.gov/resource/sn83026172/1832-04-30/ed-1/?sp=2,True," Foreign Relations, out of\nwhat fund the salaries of the new Ministers had been paid\nin 1829 Were not the expenses of outfits and salaries\npaid then And out of what fund had they been paid\nMr. ARCHER replied that he did not recollect what\narr"
outfits,chroniclingamerica,1830-02-18,"Image 1 of Lynchburg Virginian (Lynchburg [Va.]), February 18, 1830",http://www.loc.gov/resource/sn84024649/1830-02-18/ed-1/?sp=1,True,"ients\nmade of !M nisters about t*i return, converting\nti.eir S*c alary s into Charges, and allotting\nthem $4,500 for outfits am in one cam* this\nhad been done only lo relurn. But this was a\nquestion toi the people lo se'th* The Exec,\nutivo w"
outfits,chroniclingamerica,1825-02-18,"Image 2 of Constitutional Whig (Richmond, Va.), February 18, 1825",http://www.loc.gov/resource/sn83045110/1825-02-18/ed-1/?sp=2,True,"al\nmost fui gotten by all.\nIn Mr. Alotiroe\u2019s diplomatic account, tv ill be\nfound an item, peihajslhe first, for outfits to\nParis, lOUU. Ej-pta nation of' this item. The\nexplanations will he made in relation to the items\nintroduced into "
outfits,chroniclingamerica,1833-08-16,"Image 3 of Delaware State journal, advertiser and star (Wilmington, Del.), August 16, 1833",http://www.loc.gov/resource/sn85042477/1833-08-16/ed-1/?sp=3,True,"clay. and was abused\nmercy, for the appointment of two ministers\nto England, and the wasteful expenditure of\nto\ntwo outfits.\nHow stands the case now, in the aera of re\nform and economy? How, indeed!\u2014Like the\nfigures in a m igic lanthor"
outfits,chroniclingamerica,1832-04-21,"Image 2 of Daily national intelligencer (Washington City [D.C.]), April 21, 1832",http://www.loc.gov/resource/sn83026172/1832-04-21/ed-1/?sp=2,True,"rge him with neglect of duty.\nThe Senator from Maryland had said that the contin\ngent fund was not made applicable to outfits. A few\nyears since, a number of diplomatic agents were sent\nabroad during the recess, and a number were recall\ned. T"
outfits,chroniclingamerica,1830-03-27,"Image 2 of Daily national intelligencer (Washington City [D.C.]), March 27, 1830",http://www.loc.gov/resource/sn83026172/1830-03-27/ed-1/?sp=2,True,"t; and has not,\nin terms, it is true, but in substance, charged the admi\nnistration with profusion, in the payment of outfits to\nthe Ministers recently appointed to Colombia, to Spain,\nto England, and to France, and the Charge des Affaires\nto"
outfits,chroniclingamerica,1832-05-19,"Image 1 of Providence patriot, Columbian phenix (Providence, R.I.), May 19, 1832",http://www.loc.gov/resource/sn83025643/1832-05-19/ed-1/?sp=1,True," of opinion that such\na furd was vnnecessary, and\nas little of opinion\u2018that it should\n\u201cbe charged with the outfits of\nCmiinisters when Congress has an\nCepportunity of making specific\nappropriations for the objects.\nTie had been un"
outfits,chroniclingamerica,1827-01-10,"Image 2 of Daily national intelligencer (Washington City [D.C.]), January 10, 1827",http://www.loc.gov/resource/sn83026172/1827-01-10/ed-1/?sp=2,True,"\nMr. VERPLANCK rose to move an amendment. The\nobject of the mover being to inquire into an alleged\nabuse in allowing outfits Charges des \u2018.fiaires, as the\nlaw authorizing' outfits, was passed only in 1810, it\nseemed to be unnecessary to "
outfits,chroniclingamerica,1832-05-22,"Image 1 of The New Hampshire gazette (Portsmouth [N.H.]), May 22, 1832",http://www.loc.gov/resource/sn83025588/1832-05-22/ed-1/?sp=1,False,
outfits,chroniclingamerica,1825-04-05,"Image 1 of Edwardsville spectator (Edwardsville, Ill.), April 5, 1825",http://www.loc.gov/resource/sn82015374/1825-04-05/ed-1/?sp=1,True," Chaige des Affairs al\nSlock ho 1 n n the N therlunds, and al\nLisbon, forty-nine thousand five hundred\ndollars*\nFor outfits of Ministers to London and\nMadrid, and for Charge des Affairs at\nLisbon and at Paris, iwen')-seven thou\nsand dollars"
outfits,chroniclingamerica,1830-04-02,"Image 3 of Constitutional Whig (Richmond, Va.), April 2, 1830",http://www.loc.gov/resource/sn83045110/1830-04-02/ed-1/?sp=3,True,"Ministers of die United States to Great\nBritain, France, Spain and Colombia, and a\nCharge des Affaires to Mexico; for outfits for\nCharge d\u2019Affaires to Sweden, Peru and Gua\ntemala; for the salaries of the Charge des\nAffaires of the United"
outfits,chroniclingamerica,1825-02-25,"Image 3 of The Virginian (Lynchburg [Va.]), February 25, 1825",http://www.loc.gov/resource/sn85027015/1825-02-25/ed-1/?sp=3,True,"net: of only a few muiiths lie did nut\nfed himself at liberty, under his view of\nI piblic economy, to give Mr. M. his outfits\nlo hoili Paris and London in the same\nJ'-'v, but in lieu of hiy; outfit, to Paris, he\nCause it J- rigatii to be equi"
outfits,chroniclingamerica,1829-02-20,"Image 2 of Daily national intelligencer (Washington City [D.C.]), February 20, 1829",http://www.loc.gov/resource/sn83026172/1829-02-20/ed-1/?sp=2,True,"nd France might return to this coun\ntry during the ensuing Spring, in which case, their sta\ntions must be filled, and outfits would be requisite for\nthat purpose.\nMr. McDUFFIE said, in reply, that the Committee\nof Ways and M-ans had no offici"
outfits,chroniclingamerica,1830-04-30,"Image 4 of Constitutional Whig (Richmond, Va.), April 30, 1830",http://www.loc.gov/resource/sn83045110/1830-04-30/ed-1/?sp=4,False,
outfits,chroniclingamerica,1832-05-30,"Image 1 of Vandalia Whig and Illinois intelligencer (Vandalia, Ill.), May 30, 1832",http://www.loc.gov/resource/sn82015332/1832-05-30/ed-1/?sp=1,True,"lor contin\ngencies of the Ligation of the United States to\nTurkey, thirty-seven thousand five hundred dol\nlars.\nFor outfits of the Ministers of the United\nl\"" o.cut iSntam, France and Russia, thir\nty-six thousand dollars.\nFor outfits of the"
outfits,chroniclingamerica,1827-09-14,"Image 3 of Delaware journal (Wilmington [Del.]), September 14, 1827",http://www.loc.gov/resource/sn83025530/1827-09-14/ed-1/?sp=3,False,
outfits,chroniclingamerica,1829-02-27,"Image 2 of Rhode-Island American and Providence gazette (Providence [R.I.]), February 27, 1829",http://www.loc.gov/resource/sn83021385/1829-02-27/ed-1/?sp=2,True,"sted the prob*\nability that our Ministers to Mexico and France\nmight return during the ensuing Spring, in\nwhich case outfits would be necessary fur their\nsuccessors. Mr M'Duffie (who as Chairman of\nthe Committee of Ways and Means, would prob\"
outfits,chroniclingamerica,1813-11-16,"Image 2 of Daily national intelligencer (Washington City [D.C.]), November 16, 1813",http://www.loc.gov/resource/sn83026172/1813-11-16/ed-1/?sp=2,True,"i istcr pleni\npotentiary, the one fiom the United\nStates being entitled to receive a sum\nnot exceeding 6 000 dollars outfits, and\n6,000 per annum, the other 9,000 uol\nUrs outfits and 9,000 per annum, at\nthe discretion of th President out the"
outfits,chroniclingamerica,1825-03-25,"Image 2 of American watchman and Delaware advertiser (Wilmington, Del.), March 25, 1825",http://www.loc.gov/resource/sn82014894/1825-03-25/ed-1/?sp=2,True," Chat ge de*\nAffaires at Stockholm, in the Netherlands, and at\nLisbon, forty nine thousand five hundred dollars.\nFor outfits of Ministers to London and Madrid\nand for Charge des Affaires at Lisbon and at Paris,\ntwenty-seven thousand dollars.\"
outfits,chroniclingamerica,1827-05-24,"Image 2 of Martinsburg gazette and public advertiser (Martinsburg, Va. [W. Va.]), May 24, 1827",http://www.loc.gov/resource/sn85059526/1827-05-24/ed-1/?sp=2,True,"agents abroad, u clear saving to the govern\nment accrues of mure than 81.000 dollars for\none year\u2019s salaries ami outfits,- and of 4o,0tl0\ndollars in salaries each year thert after. During\nMr. Monroe's ado -nistraiiou, uunosters with\ni ou"
outfits,chroniclingamerica,1832-10-12,"Image 1 of Richmond enquirer (Richmond, Va.), October 12, 1832",http://www.loc.gov/resource/sn84024735/1832-10-12/ed-1/?sp=1,True,"nt of those expenses, so far as they de\npend upon the action of the Executive, viz:\n1326-7-8 1829-30-31\nSalaries and outfits of Minis\nters, Charges dcs Affaires,\nSecretaries of Legation and\nContingent expenses of\nForeign Missions, $160,905 "
outfits,chroniclingamerica,1807-10-12,"Image 1 of The national intelligencer and Washington advertiser (Washington City [D.C.]), October 12, 1807",http://www.loc.gov/resource/sn83045242/1807-10-12/ed-1/?sp=1,True," him.\nj In the event of hi I be\nfore you left this stated to you that his\nengagement was to nay me for the yes\nsel, outfits, and cargo, at the rate of\n200 per cent advance, the amount of\nwhich is as follows, viz.\nAmt. costof ship Leander,\n"
worth the candle,chroniclingamerica,1833-08-06,"Image 3 of Daily national intelligencer (Washington City [D.C.]), August 6, 1833",http://www.loc.gov/resource/sn83026172/1833-08-06/ed-1/?sp=3,True,"mploy ourselves in prosecuting every political\nadventurer who labors for his reward by villifying\nus. The game is not worth the candle. To the\nconductors, however, of the said Evening Post,\nwho seem to be emulous of the honors of the\nGlobe, even to th"
worth the candle,chroniclingamerica,1812-05-22,"Image 1 of Martinsburgh gazette (Martinsburgh, Va. [W. Va.]), May 22, 1812",http://www.loc.gov/resource/sn84038455/1812-05-22/ed-1/?sp=1,True," navy can do\nand will do effectually, what is now done par\ntially by the orders in council, the game does\nnot appear worth the candle Prudence and\na due regard to the interest of the country\n\u2022eem to require of us, befjre we engage in\nthe contemp"
worth the candle,chroniclingamerica,1824-08-03,"Image 2 of The New Hampshire gazette (Portsmouth [N.H.]), August 3, 1824",http://www.loc.gov/resource/sn83025588/1824-08-03/ed-1/?sp=2,True,"pitals to be established for\nthe wounded. We think that the British\nwill hesitate bombarding Algiers, the gameis\nnot worth the candle,\u201d and we have some sus\npicion that they may not succeed. A block\nade of 2 frigates and 2 sloops will do them mor"
worth the candle,chroniclingamerica,1806-05-08,"Image 4 of Lynchburg star (Lynchburg [Va.]), May 8, 1806",http://www.loc.gov/resource/sn85025609/1806-05-08/ed-1/?sp=4,False,
worth the candle,chroniclingamerica,1828-03-11,"Image 2 of Delaware patriot & American watchman (Wilmington, Del.), March 11, 1828",http://www.loc.gov/resource/sn82014393/1828-03-11/ed-1/?sp=2,False,
worth the candle,chroniclingamerica,1804-02-13,"Image 2 of The national intelligencer and Washington advertiser (Washington City [D.C.]), February 13, 1804",http://www.loc.gov/resource/sn83045242/1804-02-13/ed-1/?sp=2,False,
worth the candle,chroniclingamerica,1828-12-17,"Image 2 of Daily national intelligencer (Washington City [D.C.]), December 17, 1828",http://www.loc.gov/resource/sn83026172/1828-12-17/ed-1/?sp=2,False,
worth the candle,chroniclingamerica,1832-03-17,"Image 3 of Daily national intelligencer (Washington City [D.C.]), March 17, 1832",http://www.loc.gov/resource/sn83026172/1832-03-17/ed-1/?sp=3,False,
worth the candle,chroniclingamerica,1832-04-18,"Image 2 of The Arkansas advocate (Little Rock, A.T. [Ark.]), April 18, 1832",http://www.loc.gov/resource/sn87062070/1832-04-18/ed-1/?sp=2,True,"es remain unnoticed\ntwo years, they will move off on their\nown \""accord. Let Georgia ask hersell\nwhether the game is worth the candle\u2014\nwhether these treaties with the Indians\nhave not checked the action of the State\nauthorities\u2014whether thei"
worth the candle,chroniclingamerica,1827-04-16,"Image 2 of Daily national intelligencer (Washington City [D.C.]), April 16, 1827",http://www.loc.gov/resource/sn83026172/1827-04-16/ed-1/?sp=2,True,"lly to contend about between the two\nHouses; the contest is not worth the time consumed in\nthe debate the game is not worth the candle-.\u201d 1\nMr. FORSYTH, in reply to Mr. Wxbstxr, said, the\ngentleman from Massachusetts who has just taken his\nseat, "
worth the candle,chroniclingamerica,1828-02-16,"Image 3 of Daily national intelligencer (Washington City [D.C.]), February 16, 1828",http://www.loc.gov/resource/sn83026172/1828-02-16/ed-1/?sp=3,True,"e most foolish of men to\nbe struggling andscuffling here, in this heated and impure\natmosphere, where the play is not worth the candle but\nthen the truth rushed upon my mind, that I was, vainly,\nperhaps, but honestly, striving to uphold the liberties o"
worth the candle,chroniclingamerica,1828-01-08,"Image 3 of Daily national intelligencer (Washington City [D.C.]), January 8, 1828",http://www.loc.gov/resource/sn83026172/1828-01-08/ed-1/?sp=3,False,
worth the candle,chroniclingamerica,1833-02-26,"Image 2 of Daily national intelligencer (Washington City [D.C.]), February 26, 1833",http://www.loc.gov/resource/sn83026172/1833-02-26/ed-1/?sp=2,False,
worth the candle,chroniclingamerica,1820-07-06,"Image 2 of Kentucky gazette ([Lexington, Ky.]), July 6, 1820",http://www.loc.gov/resource/sn82014783/1820-07-06/ed-1/?sp=2,True,thing of risks cf various kinds\nin the interim) he finds whei he looks\nat his nett gains that the plaf wits\nscarcely worth the candle and conse\nquentfy discourages him for future ven\ntures of the kind\nHence our chance of becoming mi'\nnied from a tra
worth the candle,chroniclingamerica,1806-04-14,"Image 1 of The national intelligencer and Washington advertiser (Washington City [D.C.]), April 14, 1806",http://www.loc.gov/resource/sn83045242/1806-04-14/ed-1/?sp=1,True,"question of profit and loss, and\nsea Whether it ought on that ground\nto be protected. If it is found the play\nis net worth the candle, gentlemen will\ncertainly not wish its preservation. Is\n-.1) pi'incr.r., at the hazard of every\n'.vis trade ot so pi"
worth the candle,chroniclingamerica,1806-04-29,"Image 1 of Virginia Argus (Richmond, Va.), April 29, 1806",http://www.loc.gov/resource/sn84024710/1806-04-29/ed-1/?sp=1,False,
worth the candle,chroniclingamerica,1833-06-25,"Image 3 of Phenix gazette (Alexandria [D.C.]), June 25, 1833",http://www.loc.gov/resource/sn85025006/1833-06-25/ed-1/?sp=3,False,
worth the candle,chroniclingamerica,1835-11-28,"Image 2 of Kentucky gazette ([Lexington, Ky.]), November 28, 1835",http://www.loc.gov/resource/sn82014783/1835-11-28/ed-1/?sp=2,True,etions\ninn few debntenlile state' The game\nhas proved profits' le in Tennessee\u2014 hut\nit will lie scarcely \u2018'worth the candle\u201d itr\nMissouri Van Buren nnd Old Tjeuux\nskh enn heat the hind sights off any \u201ca\nvailnble\u201d that can be 
worth the candle,chroniclingamerica,1827-02-10,"Image 2 of Daily national intelligencer (Washington City [D.C.]), February 10, 1827",http://www.loc.gov/resource/sn83026172/1827-02-10/ed-1/?sp=2,True,"re may end in a petty triumph\nand being fully of opinion, that the game that has been'\nthrown into this House, is not worth the candle, I will\nmove you, that the message and accompanying docu\nments lie on the table.\nMr. HAILE requested Mr. HAMILTON to"
worth the candle,chroniclingamerica,1826-02-16,"Image 2 of Daily national intelligencer (Washington City [D.C.]), February 16, 1826",http://www.loc.gov/resource/sn83026172/1826-02-16/ed-1/?sp=2,False,
worth the candle,chroniclingamerica,1832-08-06,"Image 2 of Phenix gazette (Alexandria [D.C.]), August 6, 1832",http://www.loc.gov/resource/sn85025006/1832-08-06/ed-1/?sp=2,False,
worth the candle,chroniclingamerica,1833-12-16,"Image 2 of Phenix gazette (Alexandria [D.C.]), December 16, 1833",http://www.loc.gov/resource/sn85025006/1833-12-16/ed-1/?sp=2,False,
worth the candle,chroniclingamerica,1806-04-29,"Image 1 of The enquirer (Richmond, Va.), April 29, 1806",http://www.loc.gov/resource/sn84024736/1806-04-29/ed-1/?sp=1,True,"quedion of profit\nand lofs, and fee whether it ought on that\nground to he protected. If it is f ,und the Plav\nis not worth the candle, gentlemen will certain\nlynot with its prefervation. I* jt right to pro-:\nteft, at the hazard of every facrifice, thi"
worth the candle,chroniclingamerica,1834-08-09,"Image 2 of The Northern star, and farmers' and mechanics' advocate (Warren, R.I.), August 9, 1834",http://www.loc.gov/resource/sn83021520/1834-08-09/ed-1/?sp=2,False,
worth the candle,chroniclingamerica,1830-08-11,"Image 2 of Phenix gazette (Alexandria [D.C.]), August 11, 1830",http://www.loc.gov/resource/sn85025006/1830-08-11/ed-1/?sp=2,False,
worth the candle,chroniclingamerica,1832-06-22,"Image 1 of Staunton spectator (Staunton, Va.), June 22, 1832",http://www.loc.gov/resource/sn85026864/1832-06-22/ed-1/?sp=1,False,
worth the candle,chroniclingamerica,1835-05-28,"Image 3 of Lynchburg Virginian (Lynchburg [Va.]), May 28, 1835",http://www.loc.gov/resource/sn84024649/1835-05-28/ed-1/?sp=3,False,
worth the candle,chroniclingamerica,1829-07-27,"Image 2 of Lynchburg Virginian (Lynchburg [Va.]), July 27, 1829",http://www.loc.gov/resource/sn84024649/1829-07-27/ed-1/?sp=2,True,"\ncrusade against one man\u2014and yet pretend that\nthat man is without talent or influence, and that\nthe play is not worth the candle Still the play\ngoes on\u2014\nIhe raging ocean\nl\u00bb invoked, to drown a fly.'*\nThe people of this country will no"
worth the candle,chroniclingamerica,1831-07-25,"Image 1 of Constitutional Whig (Richmond, Va.), July 25, 1831",http://www.loc.gov/resource/sn83045110/1831-07-25/ed-1/?sp=1,False,
worth the candle,chroniclingamerica,1824-05-11,"Image 4 of Constitutional Whig (Richmond, Va.), May 11, 1824",http://www.loc.gov/resource/sn83045110/1824-05-11/ed-1/?sp=4,False,
worth the candle,chroniclingamerica,1828-02-28,"Image 2 of The Virginian (Lynchburg [Va.]), February 28, 1828",http://www.loc.gov/resource/sn85027015/1828-02-28/ed-1/?sp=2,True," ini I\nmost mouth ot men to he stinggliug ,lni|\nI hug here in tins heated amt impure atm set\nj where the plav if not worth the candle 'i\""\""\nthi'M the truth lushed upon iny mind tl,\u201e,\nvninlv, perhap., Inn hwir.lk -irtving u\\\nthe lilierties of t"
worth the candle,chroniclingamerica,1828-01-12,"Image 2 of Richmond enquirer (Richmond, Va.), January 12, 1828",http://www.loc.gov/resource/sn84024735/1828-01-12/ed-1/?sp=2,False,
worth the candle,chroniclingamerica,1834-09-02,"Image 3 of Richmond enquirer (Richmond, Va.), September 2, 1834",http://www.loc.gov/resource/sn84024735/1834-09-02/ed-1/?sp=3,False,
worth the candle,chroniclingamerica,1818-06-16,"Image 3 of The Portland gazette (Portland, Me.), June 16, 1818",http://www.loc.gov/resource/sn83016083/1818-06-16/ed-1/?sp=3,False,
worth the candle,chroniclingamerica,1835-12-12,"Image 3 of Daily national intelligencer (Washington City [D.C.]), December 12, 1835",http://www.loc.gov/resource/sn83026172/1835-12-12/ed-1/?sp=3,False,
worth the candle,chroniclingamerica,1818-06-09,"Image 3 of The Rhode-Island American, and general advertiser (Providence [R.I.]), June 9, 1818",http://www.loc.gov/resource/sn83025442/1818-06-09/ed-1/?sp=3,False,
worth the candle,chroniclingamerica,1835-12-19,"Image 2 of South Branch intelligencer (Romney, Va. [W. Va.]), December 19, 1835",http://www.loc.gov/resource/sn84026826/1835-12-19/ed-1/?sp=2,False,
worth the candle,chroniclingamerica,1835-12-19,"Image 3 of The Northern star, and constitutionalist (Warren, R.I.), December 19, 1835",http://www.loc.gov/resource/sn83021521/1835-12-19/ed-1/?sp=3,False,
worth the candle,chroniclingamerica,1833-04-02,"Image 3 of Phenix gazette (Alexandria [D.C.]), April 2, 1833",http://www.loc.gov/resource/sn85025006/1833-04-02/ed-1/?sp=3,False,
worth the candle,chroniclingamerica,1831-03-29,"Image 3 of Richmond enquirer (Richmond, Va.), March 29, 1831",http://www.loc.gov/resource/sn84024735/1831-03-29/ed-1/?sp=3,False,
ho for the,chroniclingamerica,1825-02-15,"Image 4 of The New Hampshire gazette (Portsmouth [N.H.]), February 15, 1825",http://www.loc.gov/resource/sn83025588/1825-02-15/ed-1/?sp=4,False,
ho for the,chroniclingamerica,1834-11-22,"Image 4 of New-Hampshire statesman and state journal (Concord [N.H.]), November 22, 1834",http://www.loc.gov/resource/sn84022931/1834-11-22/ed-1/?sp=4,False,
ho for the,chroniclingamerica,1814-12-10,"Image 2 of Alexandria gazette, commercial and political (Alexandria [Va.]), December 10, 1814",http://www.loc.gov/resource/sn84024014/1814-12-10/ed-1/?sp=2,False,
ho for the,chroniclingamerica,1829-02-14,"Image 8 of The Delaware register, or, Farmers', manufacturers' & mechanics' advocate (Wilmington, Del.), February 14, 1829",http://www.loc.gov/resource/sn84020593/1829-02-14/ed-1/?sp=8,True,"arn from our bund,\nAlthough we be few,\nWhat each freeman can do,\nNV! ien his sword is unsheathed for his land;\nThen ho! for the combat; tho end of our strife\nShall be death, not defeat, or be freedom and life!\nLook on tower and on temple around,"
ho for the,chroniclingamerica,1835-08-10,"Image 1 of The daily herald (New-Haven [Conn.]), August 10, 1835",http://www.loc.gov/resource/sn82015818/1835-08-10/ed-1/?sp=1,True," practical knowledge of the lamenta\nble effects of rum\u2014we give it as a useful\nhint to those, if any there are, w ho for the\nsake of a few dollars, sail under the flag\nof temperance with a cargo of rum in the\nhold.\u2014 New Bedford Gaz.\nTh"
ho for the,chroniclingamerica,1821-03-20,"Image 4 of The Alexandrian: a commercial, agricultural and literary journal ([Alexandria, D.C.]), March 20, 1821",http://www.loc.gov/resource/sn84038753/1821-03-20/ed-1/?sp=4,False,
ho for the,chroniclingamerica,1834-06-20,"Image 1 of The Arkansas advocate (Little Rock, A.T. [Ark.]), June 20, 1834",http://www.loc.gov/resource/sn87062070/1834-06-20/ed-1/?sp=1,True," to\na particular section. Tho properly adja\ncent is exclusively the property of the na\ntion its increased value util ho for the be\nnefit of ail, and the further more substan\ntial advantage will be obtained* of convert\ning, into a populous and h"
ho for the,chroniclingamerica,1828-09-22,"Image 2 of Phenix gazette (Alexandria [D.C.]), September 22, 1828",http://www.loc.gov/resource/sn85025006/1828-09-22/ed-1/?sp=2,False,
ho for the,chroniclingamerica,1830-10-26,"Image 1 of Daily Richmond Whig (Richmond, Va.), October 26, 1830",http://www.loc.gov/resource/sn85026767/1830-10-26/ed-1/?sp=1,False,
ho for the,chroniclingamerica,1830-10-28,"Image 1 of Daily Richmond Whig (Richmond, Va.), October 28, 1830",http://www.loc.gov/resource/sn85026767/1830-10-28/ed-1/?sp=1,False,
ho for the,chroniclingamerica,1830-10-23,"Image 1 of Daily Richmond Whig (Richmond, Va.), October 23, 1830",http://www.loc.gov/resource/sn85026767/1830-10-23/ed-1/?sp=1,False,
ho for the,chroniclingamerica,1829-10-07,"Image 3 of Daily Richmond Whig (Richmond, Va.), October 7, 1829",http://www.loc.gov/resource/sn85026767/1829-10-07/ed-1/?sp=3,True,", a Select Committee who*c duty it should*\nbo to report the bext ronr-e to bo pursued in our pro\nceedings. This would ho for the decision of tho Con\nvention lie had made this statement With a view to\ninduce the gentleman to withdraw his motion to"
ho for the,chroniclingamerica,1835-12-16,"Image 2 of Alexandria gazette (Alexandria, D.C.), December 16, 1835",http://www.loc.gov/resource/sn85025007/1835-12-16/ed-1/?sp=2,False,
ho for the,chroniclingamerica,1827-09-25,"Image 2 of American watchman and Delaware advertiser (Wilmington, Del.), September 25, 1827",http://www.loc.gov/resource/sn82014894/1827-09-25/ed-1/?sp=2,False,
ho for the,chroniclingamerica,1832-04-04,"Image 4 of Vandalia Whig and Illinois intelligencer (Vandalia, Ill.), April 4, 1832",http://www.loc.gov/resource/sn82015332/1832-04-04/ed-1/?sp=4,False,
ho for the,chroniclingamerica,1803-11-22,"Image 2 of Kentucky gazette and general advertiser (Lexington [Ky.]), November 22, 1803",http://www.loc.gov/resource/sn84038147/1803-11-22/ed-1/?sp=2,False,
ho for the,chroniclingamerica,1825-05-26,"Image 3 of The Wilmingtonian, and Delaware register (Wilmington, Del.), May 26, 1825",http://www.loc.gov/resource/sn88053080/1825-05-26/ed-1/?sp=3,False,
ho for the,chroniclingamerica,1830-04-15,"Image 2 of Martinsburg gazette and public advertiser (Martinsburg, Va. [W. Va.]), April 15, 1830",http://www.loc.gov/resource/sn85059526/1830-04-15/ed-1/?sp=2,False,
ho for the,chroniclingamerica,1820-03-29,"Image 4 of The Hillsborough recorder (Hillsborough, N.C.), March 29, 1820",http://www.loc.gov/resource/sn84026472/1820-03-29/ed-1/?sp=4,False,
ho for the,chroniclingamerica,1828-08-28,"Image 3 of The Virginian (Lynchburg [Va.]), August 28, 1828",http://www.loc.gov/resource/sn85027015/1828-08-28/ed-1/?sp=3,False,
ho for the,chroniclingamerica,1831-02-21,"Image 3 of Constitutional Whig (Richmond, Va.), February 21, 1831",http://www.loc.gov/resource/sn83045110/1831-02-21/ed-1/?sp=3,True,"by bun\nin your bebalfi but now, when you h ive triumphed\nover all difficulties, when you no longer r quite de\nfence. ho. for the first time, breaks silence, not to de\nfend you, but tn accuse one who gave you every sup\n\u2022p >rt in your hour of "
ho for the,chroniclingamerica,1829-01-27,"Image 4 of Daily Richmond Whig (Richmond, Va.), January 27, 1829",http://www.loc.gov/resource/sn85026767/1829-01-27/ed-1/?sp=4,True,"they reside, and no pains\nw ill lie wanting to render their situation easy and comfortable.\nThe terms of tuition will ho, for the dead languages .ill dollar\nper annum, and 21 dollars iur the Mathematics and English\nstudies.\nThose. who may feci in"
ho for the,chroniclingamerica,1831-04-28,"Image 3 of Lynchburg Virginian (Lynchburg [Va.]), April 28, 1831",http://www.loc.gov/resource/sn84024649/1831-04-28/ed-1/?sp=3,False,
ho for the,chroniclingamerica,1829-01-22,"Image 1 of The Virginian (Lynchburg [Va.]), January 22, 1829",http://www.loc.gov/resource/sn85027015/1829-01-22/ed-1/?sp=1,False,
ho for the,chroniclingamerica,1828-08-28,"Image 4 of The Virginian (Lynchburg [Va.]), August 28, 1828",http://www.loc.gov/resource/sn85027015/1828-08-28/ed-1/?sp=4,False,
ho for the,chroniclingamerica,1834-10-11,"Image 4 of The liberator (Boston, Mass.), October 11, 1834",http://www.loc.gov/resource/sn84031524/1834-10-11/ed-1/?sp=4,False,
ho for the,chroniclingamerica,1818-01-08,"Image 1 of Richmond enquirer (Richmond, Va.), January 8, 1818",http://www.loc.gov/resource/sn84024735/1818-01-08/ed-1/?sp=1,False,
ho for the,chroniclingamerica,1817-12-11,"Image 1 of Richmond enquirer (Richmond, Va.), December 11, 1817",http://www.loc.gov/resource/sn84024735/1817-12-11/ed-1/?sp=1,False,
ho for the,chroniclingamerica,1825-09-20,"Image 2 of Constitutional Whig (Richmond, Va.), September 20, 1825",http://www.loc.gov/resource/sn83045110/1825-09-20/ed-1/?sp=2,True,"wards entered Tripolizza, and continued Ids viefo\nrions march as far ns Argos. However alarming this\nintelligence may ho for the Greek cr i i: is iiu longer\npossible to doubt the fidelity of GnJncotroni, fr-r nil id;\nproperty L mg in the e:n dons"
ho for the,chroniclingamerica,1834-08-27,"Image 1 of The Daily Cincinnati Republican, and commercial register (Cincinnati, Ohio), August 27, 1834",http://www.loc.gov/resource/sn84045036/1834-08-27/ed-1/?sp=1,False,
ho for the,chroniclingamerica,1834-07-09,"Image 1 of The Daily Cincinnati Republican, and commercial register (Cincinnati, Ohio), July 9, 1834",http://www.loc.gov/resource/sn84045036/1834-07-09/ed-1/?sp=1,False,
ho for the,chroniclingamerica,1834-07-31,"Image 1 of The Daily Cincinnati Republican, and commercial register (Cincinnati, Ohio), July 31, 1834",http://www.loc.gov/resource/sn84045036/1834-07-31/ed-1/?sp=1,False,
ho for the,chroniclingamerica,1834-11-17,"Image 1 of The Daily Cincinnati Republican, and commercial register (Cincinnati, Ohio), November 17, 1834",http://www.loc.gov/resource/sn84045036/1834-11-17/ed-1/?sp=1,False,
ho for the,chroniclingamerica,1834-07-08,"Image 1 of The Daily Cincinnati Republican, and commercial register (Cincinnati, Ohio), July 8, 1834",http://www.loc.gov/resource/sn84045036/1834-07-08/ed-1/?sp=1,False,
ho for the,chroniclingamerica,1834-06-14,"Image 1 of The Daily Cincinnati Republican, and commercial register (Cincinnati, Ohio), June 14, 1834",http://www.loc.gov/resource/sn84045036/1834-06-14/ed-1/?sp=1,False,
ho for the,chroniclingamerica,1834-08-08,"Image 1 of The Daily Cincinnati Republican, and commercial register (Cincinnati, Ohio), August 8, 1834",http://www.loc.gov/resource/sn84045036/1834-08-08/ed-1/?sp=1,False,
ho for the,chroniclingamerica,1834-08-16,"Image 1 of The Daily Cincinnati Republican, and commercial register (Cincinnati, Ohio), August 16, 1834",http://www.loc.gov/resource/sn84045036/1834-08-16/ed-1/?sp=1,False,
ho for the,chroniclingamerica,1834-08-29,"Image 1 of The Daily Cincinnati Republican, and commercial register (Cincinnati, Ohio), August 29, 1834",http://www.loc.gov/resource/sn84045036/1834-08-29/ed-1/?sp=1,False,
ho for the,chroniclingamerica,1834-07-16,"Image 1 of The Daily Cincinnati Republican, and commercial register (Cincinnati, Ohio), July 16, 1834",http://www.loc.gov/resource/sn84045036/1834-07-16/ed-1/?sp=1,False,
ho for the,chroniclingamerica,1830-02-11,"Image 2 of Providence daily advertiser (Providence [R.I.]), February 11, 1830",http://www.loc.gov/resource/sn83021420/1830-02-11/ed-1/?sp=2,False,
well nigh,chroniclingamerica,1827-07-25,"Image 2 of Daily national intelligencer (Washington City [D.C.]), July 25, 1827",http://www.loc.gov/resource/sn83026172/1827-07-25/ed-1/?sp=2,True,"gress, broke\ntwo of his ribs, inflicting a wound which confined\nhim for a considerate time tn bis bed, and which\nhad well nigh resulted in his death. Although\nthus severely wounded, the adversary fire of Gen.\nJackson was not extracted and, imme"
well nigh,chroniclingamerica,1829-12-01,"Image 4 of The New Hampshire gazette (Portsmouth [N.H.]), December 1, 1829",http://www.loc.gov/resource/sn83025588/1829-12-01/ed-1/?sp=4,False,
well nigh,chroniclingamerica,1829-12-08,"Image 4 of The New Hampshire gazette (Portsmouth [N.H.]), December 8, 1829",http://www.loc.gov/resource/sn83025588/1829-12-08/ed-1/?sp=4,True,"al,\nworthy a better cause. Their publications are as\nnumerous as locusts in the land of the Nile!\u2014\ntheir clergy well nigh innumerable\u2014and thei:\nexertions untiring and incessant\u2014and unless they\nand their schemes are encountered wi"
well nigh,chroniclingamerica,1817-08-02,"Image 2 of Daily national intelligencer (Washington City [D.C.]), August 2, 1817",http://www.loc.gov/resource/sn83026172/1817-08-02/ed-1/?sp=2,False,
well nigh,chroniclingamerica,1833-09-11,"Image 1 of Vandalia Whig and Illinois intelligencer (Vandalia, Ill.), September 11, 1833",http://www.loc.gov/resource/sn82015332/1833-09-11/ed-1/?sp=1,True,"lung at the old man a dead\nrat, which he held by the tail, when Cro\nghan instantly struck him with a force\nwhich had well nigh inverted his position;\nhut he, recovering himself, tapped with\n.considerable effect, the nether region of\nthis olfac"
well nigh,chroniclingamerica,1827-08-07,"Image 1 of The New Hampshire gazette (Portsmouth [N.H.]), August 7, 1827",http://www.loc.gov/resource/sn83025588/1827-08-07/ed-1/?sp=1,True,"n presses, is asseried W.\u2019e' answer,\nthere is none, not a word of truth in it so far\nfrom it, his avr firing had well nigh proved !he\ndestruction of his antagonist, his bullet passing\nthrough the body of Jackson. On the 30th of\nMay the int"
well nigh,chroniclingamerica,1835-06-10,"Image 1 of Morning star (Limerick, Me.), June 10, 1835",http://www.loc.gov/resource/sn84024361/1835-06-10/ed-1/?sp=1,True," it\n|could not be borne. 'When Whitefield caine to\nthis country, what an astonishing opposition\nwas raised. Often he well nigh lost his life,and\nbarely escaped by the skin of his teeth. Now,\nevery body leoks upon him as the glory of the\nage in"
well nigh,chroniclingamerica,1829-11-10,"Image 3 of The New Hampshire gazette (Portsmouth [N.H.]), November 10, 1829",http://www.loc.gov/resource/sn83025588/1829-11-10/ed-1/?sp=3,True,"y zeal,\nworthy a better cause. Their pnblications are as\nnomerous as locusts in the land of the Nile!-s\ntheir clergy well nigh innumerable--and their\nexortions untiring and incessant\u2014and hinless they\nand their schemes ares enconnigred with"
well nigh,chroniclingamerica,1835-07-29,"Image 1 of Morning star (Limerick, Me.), July 29, 1835",http://www.loc.gov/resource/sn84024361/1835-07-29/ed-1/?sp=1,True,", he will surely be brought in.\u201d He\nwatted to say something to comfort the father.\nBut now mark. That letter had well nigh ru-\nined his soul. He settled down on the doctrine i\nof election \u201cIf [am elected, 1 shall be brought\nin,\u201d "
well nigh,chroniclingamerica,1835-08-12,"Image 1 of Morning star (Limerick, Me.), August 12, 1835",http://www.loc.gov/resource/sn84024361/1835-08-12/ed-1/?sp=1,True," see the fog, and darkness, that have\nbeen thrown around the plain directions of the\ngospel, till this world has been well nigh emypti\ned to hell.\n2. These false instructions to sinners are in\nfinitely worse than mnone. 'The Lord Jesus\nChrist "
well nigh,chroniclingamerica,1802-06-29,"Image 2 of Republican gazette (Concord, N.H.), June 29, 1802",http://www.loc.gov/resource/sn84022876/1802-06-29/ed-1/?sp=2,False,
well nigh,chroniclingamerica,1812-10-15,"Image 2 of Alexandria gazette, commercial and political (Alexandria [Va.]), October 15, 1812",http://www.loc.gov/resource/sn84024014/1812-10-15/ed-1/?sp=2,True,"t\ncountry from foreign violence once\nfrom her own; and in attempting a\nsecond time to re scue her from herself,\nhas well nigh fallen a glorious martyr.\nA partisan officer in the war for indepen\ndence, no man had more opportunities\nfor brillia"
well nigh,chroniclingamerica,1818-02-28,"Image 8 of Philanthropist (Mt. Pleasant, Ohio.), February 28, 1818",http://www.loc.gov/resource/sn83025983/1818-02-28/ed-1/?sp=8,True," was kindled at the propliot's\nlamp\nThe time of rest,the promis'd sabbath comes.\nt*?ix thousand years of sorrow have well nigh\nFulfilled their tardy and disastrous course\nOver a sinful world and what remains\nOf this tempestuous state of human "
well nigh,chroniclingamerica,1833-01-29,"Image 4 of Rhode Island American and gazette (Providence, R.I.), January 29, 1833",http://www.loc.gov/resource/sn83021403/1833-01-29/ed-1/?sp=4,True,nwell nigh broken the spirits of our people;\nwhen our finances were embarrassed; when\nthe sources of our revenue were well nigh dried\nup when discord began to raise her-hellish\ncrest; when doubts and misgivings bsgan to\ncreep into the bosoms of
well nigh,chroniclingamerica,1805-07-31,"Image 3 of Virginia Argus (Richmond, Va.), July 31, 1805",http://www.loc.gov/resource/sn84024710/1805-07-31/ed-1/?sp=3,True,"enemy came, and the sentinel\nkept at his pojt. The spoiler was at the\ngate, and the watchman loitered in his\npatrol. Well nigh, was our citadel be\nirayed to the foe i.y rem ssness, and our\nliberties made the booty of lawless amh-\u00ab\ntion. W"
well nigh,chroniclingamerica,1829-05-13,"Image 4 of Republican herald (Providence, R.I.), May 13, 1829",http://www.loc.gov/resource/sn83021465/1829-05-13/ed-1/?sp=4,True,"wn the unsightly mansiou, conceiwving lus\n\u2018pride of blood and ancesiry in some measure\nconnected with it. It was well nigh conceal\ned by oaks, the growth of centurivs, and the\n\u2018brokem and crambling walls ot\u2019 an old ruiued\ncastle,"
well nigh,chroniclingamerica,1807-04-09,"Image 1 of The Wheeling repository (Wheeling, Va. [W. Va.]), April 9, 1807",http://www.loc.gov/resource/sn86092519/1807-04-09/ed-1/?sp=1,False,
well nigh,chroniclingamerica,1834-08-23,"Image 1 of The penny post (Providence [R.I.]), August 23, 1834",http://www.loc.gov/resource/sn83021392/1834-08-23/ed-1/?sp=1,True," the\nlight of the moon shining obliquely on this\ninsignificant stump, has effected the sin\ngular deception that went well nigh to\nshake my fortitude.\u2019\nHageman mounted his pony and rode\ngaily home, to forget the spectre of the\nwood, and d"
well nigh,chroniclingamerica,1832-12-25,"Image 4 of The Rhode-Island Republican (Newport, R.I.), December 25, 1832",http://www.loc.gov/resource/sn83025561/1832-12-25/ed-1/?sp=4,True,"upon his hands, Lut woue in his\n\u2018heart 7 The laver of pold.\nWhen the stealing sands of our nume\nbered hours are well nigh finished\u2014\n\u2018when the soul seems to \u00abquiver un the\nlip where then is the omripotent power\nof gold 7 Wha"
well nigh,chroniclingamerica,1813-01-05,"Image 1 of Constitutionalist and weekly magazine (Exeter, N.H.), January 5, 1813",http://www.loc.gov/resource/sn83025520/1813-01-05/ed-1/?sp=1,True,"Exeter, Dec. 28, 181%\nPolitical Miscellany.\nThe NAVY and the ARMY.\nThe capture of another British Frig\nate, will go well nigh to drive Mr.\nMadison out of his poor senses. This\nconstant accumulation of evidence in\nfavor of the good old federal"
well nigh,chroniclingamerica,1827-05-12,"Image 2 of Daily national intelligencer (Washington City [D.C.]), May 12, 1827",http://www.loc.gov/resource/sn83026172/1827-05-12/ed-1/?sp=2,True,"ain something than to lose all.\nThis was the principle of its operation. For, sir, I will\nventure to assert, that, in well nigh every instance where\nland has been relinquished in Alabama, the one-fourth\nalready paid into the Treasury was the ful"
well nigh,chroniclingamerica,1831-08-26,"Image 2 of Daily national intelligencer (Washington City [D.C.]), August 26, 1831",http://www.loc.gov/resource/sn83026172/1831-08-26/ed-1/?sp=2,False,
well nigh,chroniclingamerica,1829-06-13,"Image 7 of The Delaware register, or, Farmers', manufacturers' & mechanics' advocate (Wilmington, Del.), June 13, 1829",http://www.loc.gov/resource/sn84020593/1829-06-13/ed-1/?sp=7,True,"a mere non-entity\nThe cause within th' effect's involved\nAnd thus, we see, all things resolved\nhe paused, for he had well nigh trod\nOn Nature^ as the very god!\nWhich would have been an awful plight\nFor spirit of such lofty flight.\nIndeed!\""\u"
well nigh,chroniclingamerica,1825-09-10,"Image 3 of The ladies' garland (Harpers-Ferry, Va. [W. Va.]), September 10, 1825",http://www.loc.gov/resource/sn85059803/1825-09-10/ed-1/?sp=3,True,"ed and then\nalas the house of joy was turned into the\nhouse of mourning. The unhappy bride,\nwhose sands of life were well nigh run,\nwas humanely made aware of her situa\ntion the heart broken bridegroom was\nalso warned that death was in the cup"
well nigh,chroniclingamerica,1835-10-07,"Image 4 of The Rhode-Island Republican (Newport, R.I.), October 7, 1835",http://www.loc.gov/resource/sn83025561/1835-10-07/ed-1/?sp=4,True,"mething yet they but lose themselves in ex\ntravagant ideas. Every thing adds to this one de\nlvourimg sorrow; and I am well nigh delivering up\n\u2019my soul to despair when I reflect that, for all my\n}sludios, I know not either whence I came, wha"
well nigh,chroniclingamerica,1829-10-24,"Image 4 of The Delaware register, or, Farmers', manufacturers' & mechanics' advocate (Wilmington, Del.), October 24, 1829",http://www.loc.gov/resource/sn84020593/1829-10-24/ed-1/?sp=4,False,
well nigh,chroniclingamerica,1829-03-28,"Image 1 of The Delaware register, or, Farmers', manufacturers' & mechanics' advocate (Wilmington, Del.), March 28, 1829",http://www.loc.gov/resource/sn84020593/1829-03-28/ed-1/?sp=1,False,
well nigh,chroniclingamerica,1828-04-26,"Image 4 of The ladies' garland (Harpers-Ferry, Va. [W. Va.]), April 26, 1828",http://www.loc.gov/resource/sn85059803/1828-04-26/ed-1/?sp=4,False,
well nigh,chroniclingamerica,1827-09-22,"Image 4 of The ladies' garland (Harpers-Ferry, Va. [W. Va.]), September 22, 1827",http://www.loc.gov/resource/sn85059803/1827-09-22/ed-1/?sp=4,False,
well nigh,chroniclingamerica,1821-01-24,"Image 1 of The Grafton & Coos intelligencer (Haverhill, New Hampshire), January 24, 1821",http://www.loc.gov/resource/sn84023166/1821-01-24/ed-1/?sp=1,False,
well nigh,chroniclingamerica,1805-01-29,"Image 3 of Oracle post (Portsmouth, N.H.), January 29, 1805",http://www.loc.gov/resource/sn84023351/1805-01-29/ed-1/?sp=3,False,
well nigh,chroniclingamerica,1801-02-18,"Image 1 of Alexandria advertiser and commercial intelligencer (Alexandria [Va.]), February 18, 1801",http://www.loc.gov/resource/sn84024011/1801-02-18/ed-1/?sp=1,False,
well nigh,chroniclingamerica,1830-07-09,"Image 3 of Constitutional Whig (Richmond, Va.), July 9, 1830",http://www.loc.gov/resource/sn83045110/1830-07-09/ed-1/?sp=3,False,
well nigh,chroniclingamerica,1830-07-02,"Image 1 of Virginia advocate (Charlottesville, Va.), July 2, 1830",http://www.loc.gov/resource/sn84024689/1830-07-02/ed-1/?sp=1,True,"e\n,la> hich consisted oi duels between Luro- i\nipeahson the one side, and Africans on the other;\nu herein it was the well nigh intrunsgrcssiblc\nlaw of the amphitheatre, that at least ono out j\nof every pair of combatants should die on tho\naren"
well nigh,chroniclingamerica,1827-11-17,"Image 4 of The ladies' garland (Harpers-Ferry, Va. [W. Va.]), November 17, 1827",http://www.loc.gov/resource/sn85059803/1827-11-17/ed-1/?sp=4,False,
well nigh,chroniclingamerica,1828-03-29,"Image 4 of The ladies' garland (Harpers-Ferry, Va. [W. Va.]), March 29, 1828",http://www.loc.gov/resource/sn85059803/1828-03-29/ed-1/?sp=4,True,"So long bad tbe tyrant of northern birth\ni His iron leign extended,\nThe genial commerce of sky ami ear\u2019ll\n1 Had well nigh been suspended.\nThe young birds had met on St Valentine\u2019s feus'\nAll eager to get married\nHut the sullen saint r"
well nigh,chroniclingamerica,1823-07-19,"Image 1 of The Monticello gazette (Monticello, Miss.), July 19, 1823",http://www.loc.gov/resource/sn86090962/1823-07-19/ed-1/?sp=1,True,"t; under\nmr .fumuimicuiuii or ine man 10 ivuom we\nhr'J been so greatly indebted for political in\ndependence, we were well nigh loosing,our\ncivil liberties forever.\nA change of administration was now loud\nly called for, and Mr. Jefferson a-some"
well nigh,chroniclingamerica,1805-06-18,"Image 4 of Oracle post (Portsmouth, N.H.), June 18, 1805",http://www.loc.gov/resource/sn84023351/1805-06-18/ed-1/?sp=4,True,"ows mean,\nThy wand'ring footsteps led,\nWhere dwelt humanity to feel\nAnd ready skill was prompt to heal\nThine infant well nigh dead.\nSo when a tyrant's cruel breath\nHad dooom'd each Hebrew son to death,\nTo sooth his guilty fear;\nYoung Moses, "
well nigh,chroniclingamerica,1825-09-21,"Image 1 of New-Hampshire intelligencer (Haverhill, N.H.), September 21, 1825",http://www.loc.gov/resource/sn84023169/1825-09-21/ed-1/?sp=1,False,
well nigh,chroniclingamerica,1825-09-07,"Image 2 of New-Hampshire intelligencer (Haverhill, N.H.), September 7, 1825",http://www.loc.gov/resource/sn84023169/1825-09-07/ed-1/?sp=2,False,
encounter the expense,chroniclingamerica,1832-11-29,"Image 2 of Herald of the times (Newport, R.I.), November 29, 1832",http://www.loc.gov/resource/sn83021167/1832-11-29/ed-1/?sp=2,True,"ey'\n}l;\\'ninly pretend that the \u2018strongest\u2019 of their\nfriends were indifferent, and did not care\n;\u2018to encounter the expense aud trouble of\nI going to the polls,\nTHANKSGIVING.,\nThis is the day set apart by the author-|\nities of this State, "
encounter the expense,chroniclingamerica,1832-02-02,"Image 4 of Litchfield enquirer (Litchfield, Conn.), February 2, 1832",http://www.loc.gov/resource/sn84020071/1832-02-02/ed-1/?sp=4,True,"lass of busi\nness men in the country, who are desirous of\nseeing the advertisements of the day, yet are\nunwilling to encounter the expense of sub\nscription and postage of a daily paper. By\nthis arrangement, it will easily be perceived,\ntheir w ishes may b"
encounter the expense,chroniclingamerica,1832-02-09,"Image 4 of Litchfield enquirer (Litchfield, Conn.), February 9, 1832",http://www.loc.gov/resource/sn84020071/1832-02-09/ed-1/?sp=4,True,"of busi\nness men in the country, who are desirous of\n\u25a0eeing the advertisements of the day, yet are\nunwilling to encounter the expense of sub\nscription and postage of a daily paper. By\nthis arrangement, it will easily be perceived,\ntheir wishes may be"
encounter the expense,chroniclingamerica,1832-02-16,"Image 4 of Litchfield enquirer (Litchfield, Conn.), February 16, 1832",http://www.loc.gov/resource/sn84020071/1832-02-16/ed-1/?sp=4,True,"lass of busi\nness men in the country, who are desirous of\nseeing the advertisements of the day, yet are\nunwilling to encounter the expense of sub\nscription and postage of a daily paper. By\nthis arrangement, it will easily be perceived,\ntheir wishes may be"
encounter the expense,chroniclingamerica,1823-07-12,"Image 3 of Daily national intelligencer (Washington City [D.C.]), July 12, 1823",http://www.loc.gov/resource/sn83026172/1823-07-12/ed-1/?sp=3,True," 100 miles\nby the canal on a par with those who have only\n5 miles of land carriage; and those (say they) who\nhave to encounter the expense of a greater dis\ntance than 5 miles of land carriage will be under\nsold, and, by the reduction of prices generally,\n"
encounter the expense,chroniclingamerica,1822-06-10,"Image 2 of Daily national intelligencer (Washington City [D.C.]), June 10, 1822",http://www.loc.gov/resource/sn83026172/1822-06-10/ed-1/?sp=2,True,"protection\nit is to afford, what character it is to maintain,\nand to what circumstances it may be exposed.\nIt should encounter the expense of every thing\nessential, yet of nothing superfluous, but it must\nbe expected to suffer by errors of judgment, and\nb"
encounter the expense,chroniclingamerica,1822-04-06,"Image 3 of Daily national intelligencer (Washington City [D.C.]), April 6, 1822",http://www.loc.gov/resource/sn83026172/1822-04-06/ed-1/?sp=3,True,"rtes of Spain had recognized the\nindependence of South America and if so, it was not\nprobable they would be anxiousto encounter the expense\nof running the line between this country and Mexico.\nUnder this view,he moved to reduce the appropriation to\n815,000"
encounter the expense,chroniclingamerica,1832-01-19,"Image 4 of Litchfield enquirer (Litchfield, Conn.), January 19, 1832",http://www.loc.gov/resource/sn84020071/1832-01-19/ed-1/?sp=4,True,"lass of busi\nness men in the country, who are desirous of\nseeing the advertisements of the day, yet are\nunwilling to encounter the expense of sub\nscription and postage of a daily paper. By\nthis arrangement, it will easily be perceived,\ntheir wishes may be"
encounter the expense,chroniclingamerica,1832-01-26,"Image 4 of Litchfield enquirer (Litchfield, Conn.), January 26, 1832",http://www.loc.gov/resource/sn84020071/1832-01-26/ed-1/?sp=4,True,"lass of busi\nness men in the country, who are desirous of\nseeing the advertisements of the day, yet are\nunwilling to encounter the expense of sub\nscription and postage of a daily paper. By\nthis arrangement, it will easily be perceived,\ntheir wishes may be"
encounter the expense,chroniclingamerica,1831-04-20,"Image 3 of The Arkansas advocate (Little Rock, A.T. [Ark.]), April 20, 1831",http://www.loc.gov/resource/sn87062070/1831-04-20/ed-1/?sp=3,False,
encounter the expense,chroniclingamerica,1822-04-11,"Image 2 of The Alexandria gazette (Alexandria [Va.]), April 11, 1822",http://www.loc.gov/resource/sn86071520/1822-04-11/ed-1/?sp=2,False,
encounter the expense,chroniclingamerica,1834-11-08,"Image 3 of Daily national intelligencer (Washington City [D.C.]), November 8, 1834",http://www.loc.gov/resource/sn83026172/1834-11-08/ed-1/?sp=3,True,"but too well known to every planter who\nhas been compelled to ask a city friend to endorse\nfor him, and yet he has to encounter the expense\nand trouble of renewing his note every 60 or 90\ndays.\nI would prefer reducing the rate of interest to\nbanks; but a "
encounter the expense,chroniclingamerica,1818-11-06,"Image 3 of Kentucky gazette ([Lexington, Ky.]), November 6, 1818",http://www.loc.gov/resource/sn82014783/1818-11-06/ed-1/?sp=3,True, known and established charac\nter Tlie holder of a bill on the Nation\nal Bank who resides in New Orleans has\nonly to encounter the expense of convey\ning the specie from the bank but to\nholder of a hill on a state batik in Phila\ndelphia is not only exposed
encounter the expense,chroniclingamerica,1825-01-11,"Image 2 of Phenix gazette (Alexandria [D.C.]), January 11, 1825",http://www.loc.gov/resource/sn85025006/1825-01-11/ed-1/?sp=2,True,"ed by that zealous and scientific\ngentleman, Mr. Skinner. But the fact\nis, we are generally unable and unwil\nling to encounter the expense of more\nthan one paper. We must know the\npassing local matter of our market\ntown, and the politics of the day\u2014n"
encounter the expense,chroniclingamerica,1832-01-12,"Image 3 of Litchfield enquirer (Litchfield, Conn.), January 12, 1832",http://www.loc.gov/resource/sn84020071/1832-01-12/ed-1/?sp=3,True,"lass of busi\nness men in the country, who are desiroua of\nseeing the advertisements of the day, yet are\nunwiljing to encounter the expense of sub\nscription and postage of a daily paper. By\nthis arrangement, it will easily be perceived,\ntheir wishes may li"
encounter the expense,chroniclingamerica,1835-05-02,"Image 2 of South Branch intelligencer (Romney, Va. [W. Va.]), May 2, 1835",http://www.loc.gov/resource/sn84026826/1835-05-02/ed-1/?sp=2,True,". Toward noon, it being\nwarm he became hungry and faint, for\nhe was near 00 years old, I believe.\u2014\nUnwilling to encounter the expense of\na dinner in town, the old man, about\ntwo o\u2019clock, set out for the country.\u2014\nAs be came near the bridge,"
encounter the expense,chroniclingamerica,1835-06-04,"Image 1 of Litchfield enquirer (Litchfield, Conn.), June 4, 1835",http://www.loc.gov/resource/sn84020071/1835-06-04/ed-1/?sp=1,False,
encounter the expense,chroniclingamerica,1830-03-06,"Image 3 of Daily national intelligencer (Washington City [D.C.]), March 6, 1830",http://www.loc.gov/resource/sn83026172/1830-03-06/ed-1/?sp=3,False,
encounter the expense,chroniclingamerica,1831-07-27,"Image 3 of Daily national intelligencer (Washington City [D.C.]), July 27, 1831",http://www.loc.gov/resource/sn83026172/1831-07-27/ed-1/?sp=3,False,
encounter the expense,chroniclingamerica,1830-11-25,"Image 3 of Lynchburg Virginian (Lynchburg [Va.]), November 25, 1830",http://www.loc.gov/resource/sn84024649/1830-11-25/ed-1/?sp=3,False,
encounter the expense,chroniclingamerica,1832-11-24,"Image 2 of Republican herald (Providence [R.I.]), November 24, 1832",http://www.loc.gov/resource/sn83021460/1832-11-24/ed-1/?sp=2,True,"l vote went in this State. They seemed willing\nto throw Rhode-Island and Delaware into the\nClay scale, rather than to encounter the expense\nand trouble of going to the tet that\n:'i e\nit should be so, but so it is.\u201cOnsthegentrary,\nour opponents spared"
encounter the expense,chroniclingamerica,1832-01-13,"Image 3 of Constitutional Whig (Richmond, Va.), January 13, 1832",http://www.loc.gov/resource/sn83045110/1832-01-13/ed-1/?sp=3,True,"ss of bu\nsiness-nicu in the country, who are desirous of\nseeing the advertisements of the day, yei are un\nwilling to encounter the expense of subscription\nand postage of a daily paper. By this arrangement,\nit will easily be perceived, their wishes may be g"
encounter the expense,chroniclingamerica,1832-01-28,"Image 3 of Constitutional Whig (Richmond, Va.), January 28, 1832",http://www.loc.gov/resource/sn83045110/1832-01-28/ed-1/?sp=3,True,"ss of bu.\nsiness-men in the country, who are desirovs ol\nseeing tho advertisements of the day, yet are un\nwilling to encounter the expense of subscription\nand postages of a daily paper. My this arrangement,\nit will easily bo perceived, tl'.oir wishes may b"
encounter the expense,chroniclingamerica,1830-03-11,"Image 2 of Lynchburg Virginian (Lynchburg [Va.]), March 11, 1830",http://www.loc.gov/resource/sn84024649/1830-03-11/ed-1/?sp=2,False,
encounter the expense,chroniclingamerica,1822-01-01,"Image 3 of Richmond enquirer (Richmond, Va.), January 1, 1822",http://www.loc.gov/resource/sn84024735/1822-01-01/ed-1/?sp=3,True,"ecessary to\ngive another \u201cdiplomatic dinner but others\nbelieve the Radicals in the House, would he\nunwilling to encounter the expense, as they\nare already displeased at the too lavish expen\nditure of public money, and the Prodigals\ncould not succeed "
encounter the expense,chroniclingamerica,1824-01-31,"Image 3 of Richmond enquirer (Richmond, Va.), January 31, 1824",http://www.loc.gov/resource/sn84024735/1824-01-31/ed-1/?sp=3,False,
encounter the expense,chroniclingamerica,1833-02-26,"Image 3 of Richmond enquirer (Richmond, Va.), February 26, 1833",http://www.loc.gov/resource/sn84024735/1833-02-26/ed-1/?sp=3,True,"profits of slave labor; and accordingly\nwe ace none hire slaves hut those w hose peculiar voca\ntion enables their, to encounter the expense. 'Tobacco\nmanufacturers tor instsnev, ami contractors for public\nworks. Farmers rarely, if ever.\nSuppose, then, Irce"
encounter the expense,chroniclingamerica,1831-02-19,"Image 4 of Richmond enquirer (Richmond, Va.), February 19, 1831",http://www.loc.gov/resource/sn84024735/1831-02-19/ed-1/?sp=4,True,"mes river, so as to afford some pro\nbable ground, upon wl.icli to base the es'ioutis of (he\nrapacity of the (ra le to encounter the expense of con\nstructing the lail roiil, having in view the principle\nheretofore advanced by your committee, that the im\npro"
encounter the expense,chroniclingamerica,1829-09-05,"Image 7 of The Delaware register, or, Farmers', manufacturers' & mechanics' advocate (Wilmington, Del.), September 5, 1829",http://www.loc.gov/resource/sn84020593/1829-09-05/ed-1/?sp=7,False,
encounter the expense,chroniclingamerica,1828-03-11,"Image 1 of Delaware journal (Wilmington [Del.]), March 11, 1828",http://www.loc.gov/resource/sn83025530/1828-03-11/ed-1/?sp=1,False,
encounter the expense,chroniclingamerica,1800-09-06,"Image 3 of The United States oracle of the day (Portsmouth, N.H.), September 6, 1800",http://www.loc.gov/resource/sn83025544/1800-09-06/ed-1/?sp=3,False,
encounter the expense,chroniclingamerica,1831-06-29,"Image 1 of The Arkansas gazette (Arkansas Post, Ark. Ter.), June 29, 1831",http://www.loc.gov/resource/sn82016482/1831-06-29/ed-1/?sp=1,False,
encounter the expense,chroniclingamerica,1825-02-04,"Image 1 of The National Republican and Ohio political register (Cincinnati [Ohio]), February 4, 1825",http://www.loc.gov/resource/sn84031604/1825-02-04/ed-1/?sp=1,False,
encounter the expense,chroniclingamerica,1825-03-10,"Image 3 of Daily national intelligencer (Washington City [D.C.]), March 10, 1825",http://www.loc.gov/resource/sn83026172/1825-03-10/ed-1/?sp=3,False,
encounter the expense,chroniclingamerica,1824-03-30,"Image 2 of The National Republican and Ohio political register (Cincinnati [Ohio]), March 30, 1824",http://www.loc.gov/resource/sn84031604/1824-03-30/ed-1/?sp=2,False,
encounter the expense,chroniclingamerica,1828-02-23,"Image 3 of Daily national intelligencer (Washington City [D.C.]), February 23, 1828",http://www.loc.gov/resource/sn83026172/1828-02-23/ed-1/?sp=3,False,
encounter the expense,chroniclingamerica,1826-05-13,"Image 2 of New-Hampshire statesman and Concord register (Concord, N.H.), May 13, 1826",http://www.loc.gov/resource/sn84022929/1826-05-13/ed-1/?sp=2,False,
encounter the expense,chroniclingamerica,1824-08-03,"Image 1 of Constitutional Whig (Richmond, Va.), August 3, 1824",http://www.loc.gov/resource/sn83045110/1824-08-03/ed-1/?sp=1,False,
encounter the expense,chroniclingamerica,1821-07-03,"Image 1 of Richmond enquirer (Richmond, Va.), July 3, 1821",http://www.loc.gov/resource/sn84024735/1821-07-03/ed-1/?sp=1,False,
encounter the expense,chroniclingamerica,1826-05-05,"Image 2 of Constitutional Whig (Richmond, Va.), May 5, 1826",http://www.loc.gov/resource/sn83045110/1826-05-05/ed-1/?sp=2,False,
personating,chroniclingamerica,1813-09-29,"Image 1 of Winchester gazette (Winchester, Va.), September 29, 1813",http://www.loc.gov/resource/sn84025997/1813-09-29/ed-1/?sp=1,False,
personating,chroniclingamerica,1813-04-23,"Image 4 of Freeman's chronicle (Franklinton, Ohio), April 23, 1813",http://www.loc.gov/resource/sn85026383/1813-04-23/ed-1/?sp=4,True,"een order\ned out to seize suspected\nblacks.\nEight negroes had\nbeen condemned to be\nhanged in Matthews\ncounty, for personating\nEnglishman n the night,\nand robbed a Mr. John\nRipely.\nWe learn from capt.\neems that the British\nhad landed on Hog"
personating,chroniclingamerica,1825-10-15,"Image 3 of The ladies' garland (Harpers-Ferry, Va. [W. Va.]), October 15, 1825",http://www.loc.gov/resource/sn85059803/1825-10-15/ed-1/?sp=3,True,"al, Drury Lane. About this pe\nriod women were taught to act their part\nin plays which had hitherto been acted by\nmen personating women, but that acting\ncould neither be natural nor excellent.\u2014\nThere are several traits peculiar to the\nfemale"
personating,chroniclingamerica,1829-01-17,"Image 6 of The Delaware register, or, Farmers', manufacturers' & mechanics' advocate (Wilmington, Del.), January 17, 1829",http://www.loc.gov/resource/sn84020593/1829-01-17/ed-1/?sp=6,True,"yonet, and killing him on the spot; he then mounted\ntlie horse of his adversary, escaped through the British ranks\nby personating a tory; fell in with his commanding officer,\nwho was exhausted by fatigue, and mounted him on the cap\ntured horse, wh"
personating,chroniclingamerica,1813-06-21,"Image 3 of The Alexandria herald (Alexandria [Va.]), June 21, 1813",http://www.loc.gov/resource/sn84024513/1813-06-21/ed-1/?sp=3,False,
personating,chroniclingamerica,1813-04-13,"Image 3 of Constitutionalist and weekly magazine (Exeter, N.H.), April 13, 1813",http://www.loc.gov/resource/sn83025520/1813-04-13/ed-1/?sp=3,True,"nd they are now confined in Williams\nburg jail. Eight negroes had been\ncondemned to be hanged in Matthews\nCounty for personating Englishmen ip\nthe night and ^robbing a ,Mr. John\nRipley. At Gloucester Court-boose,\nan attempt was made by tty black"
personating,chroniclingamerica,1832-09-07,"Image 2 of Morning star (Limerick, Me.), September 7, 1832",http://www.loc.gov/resource/sn84024361/1832-09-07/ed-1/?sp=2,True,"ot\nthe glory of Jesus Christ. He himself was\nmeek and lowly in heart: so are all his genuine\nfollowers. David, while personating Christ, in\nthe xxii Psalm, calls himself a worm and no\nman. Paul, while speaking of his religious at\ntainments, says"
personating,chroniclingamerica,1813-04-06,"Image 3 of Daily national intelligencer (Washington City [D.C.]), April 6, 1813",http://www.loc.gov/resource/sn83026172/1813-04-06/ed-1/?sp=3,False,
personating,chroniclingamerica,1812-06-25,"Image 2 of Alexandria daily gazette, commercial & political (Alexandria [Va.]), June 25, 1812",http://www.loc.gov/resource/sn84024013/1812-06-25/ed-1/?sp=2,True,"ts of American seamen.\nCould an efficient plan bG devised to prevent\nmen of this description from assuming tho\ngarb, personating the character acri claiming\nthe priviledges of Americans, I presume the\ndifficulties which occur in settling the ques"
personating,chroniclingamerica,1832-08-22,"Image 1 of The Arkansas advocate (Little Rock, A.T. [Ark.]), August 22, 1832",http://www.loc.gov/resource/sn87062070/1832-08-22/ed-1/?sp=1,True,"of the\nVondeans of former days. The ad\nventures of the Princess have been\nquite romantic. While another female\n.was personating her, and deluding the\ngovernment agents on board of the Car\nlo Alberto, she landed at Rosas, enter\nforod France bv t"
personating,chroniclingamerica,1816-09-06,"Image 2 of Alexandria gazette, commercial and political (Alexandria [Va.]), September 6, 1816",http://www.loc.gov/resource/sn84024014/1816-09-06/ed-1/?sp=2,True," with respect tu their whole\ncharacter, they will soon be in reality,\nwhat they have so of:eu seemed to be,\nand Irom personating every variety ot\ncharacter, come at last to have none of\ntheir on n. That there are exceptions to\nthis as to every g"
personating,chroniclingamerica,1828-05-20,"Image 3 of Delaware patriot & American watchman (Wilmington, Del.), May 20, 1828",http://www.loc.gov/resource/sn82014393/1828-05-20/ed-1/?sp=3,False,
personating,chroniclingamerica,1813-10-05,"Image 3 of Kentucky gazette ([Lexington, Ky.]), October 5, 1813",http://www.loc.gov/resource/sn82014783/1813-10-05/ed-1/?sp=3,True,onjomtly set tlie In\nciiy to go on fibore at Slnjo and Newport d'w on ua) so long will that extensive and\niii uniform personating English officer important frontier be subject to hi dopreda\nprocurud supplies of fresh provisions lions\nfee at ho'h p
personating,chroniclingamerica,1823-11-21,"Image 1 of The National Republican and Ohio political register (Cincinnati [Ohio]), November 21, 1823",http://www.loc.gov/resource/sn84031604/1823-11-21/ed-1/?sp=1,True,"\nvy that greatness which has arisen- from\nour institutions, and will perpetuate our\nfame.\nA poor Actor, at Norwich, personating\nGrainger, in the farce of Who\u2019s the Dupe?\non his benefit night, which turned out a\nvery wet evening, and occasi"
personating,chroniclingamerica,1835-06-04,"Image 3 of The New-Hampshire Baptist register (Concord, N.H.), June 4, 1835",http://www.loc.gov/resource/sn84020396/1835-06-04/ed-1/?sp=3,True,"hat does\nthe intelligent American reader think it\nwas? Nothing less significant than a mock\ncourt, in which a figure personating Miss\nReed, was tried, condemned and execu\nted\nThis is truly in character, and shows\nwhat foreign intrigue would acc"
personating,chroniclingamerica,1833-09-19,"Image 1 of Morning star (Limerick, Me.), September 19, 1833",http://www.loc.gov/resource/sn84024361/1833-09-19/ed-1/?sp=1,True,"ds, impowered by\nhim, to sit for him in his stead, during his\nahsence; to liold forth the Majesty of his\npresence by personating him, represent\ning his authority, exhibiting his glory in\u2019\nhis dignity, his mercy, his purity and his\nseverity;"
personating,chroniclingamerica,1821-11-29,"Image 2 of Alexandria gazette & daily advertiser (Alexandria [Va.]), November 29, 1821",http://www.loc.gov/resource/sn83026170/1821-11-29/ed-1/?sp=2,True,"e money. The old won-ar., ia\na state of great trepidation, s if enter)\nAway they hobbled up street, ana\ndefender, by personating the porter, fo-jn)\nno difficulty in exchanging the receipt im\npounds sterling. Strange and almoit\nyncredible as it m"
personating,chroniclingamerica,1826-04-06,"Image 4 of Phenix gazette (Alexandria [D.C.]), April 6, 1826",http://www.loc.gov/resource/sn85025006/1826-04-06/ed-1/?sp=4,True," C. letters of administration on the per\nsonal estate of Isaac Gibson, late of the count) tS.\nforesaid, deceased. All personating cla.n.sagainst\nthe said decedent, are hereby warned to exhibit.iht\nsame to the subscriber* with the vouchers\npassedb"
personating,chroniclingamerica,1813-04-20,"Image 3 of Kentucky gazette ([Lexington, Ky.]), April 20, 1813",http://www.loc.gov/resource/sn82014783/1813-04-20/ed-1/?sp=3,True,d blacks\ni Eight negroes had been condemned to be\nIhe secretary ot war has required the hanged at Matthews county for personating\ngovernor of Pennsylvania to draft and Englishmen in the night and robbing a Mr\norganize 2000 militia 1000 for the de-
personating,chroniclingamerica,1826-09-14,"Image 1 of The Wilmingtonian, and Delaware advertiser (Wilmington, Del.), September 14, 1826",http://www.loc.gov/resource/sn85042523/1826-09-14/ed-1/?sp=1,True,"lly afraid\nto extract from my notes many of the wild\nadventures of Jhis Corsican Rob Roy. Not\nlong since a shepherd, personating him vio\nlated a female peasant. I he chieftain soon\nobtained information of the gross outrage\nthat had been committe"
personating,chroniclingamerica,1829-11-12,"Image 3 of The Rhode-Island Republican (Newport, R.I.), November 12, 1829",http://www.loc.gov/resource/sn83025561/1829-11-12/ed-1/?sp=3,True,"rtainment\nwas Shield\u2019s new play of \u201cEvadne, or the\nStatue,\u201d for the benefit of Mr. Sloman, Mrs\nSloman personating Evadne.\nSnoto.\u2014Snow fell on Saddle Mountain,\nMassachusetta, on the 3d inst. Its white\ntop and sides presented a"
personating,chroniclingamerica,1817-08-26,"Image 3 of Portland gazette, and Maine advertiser (Portland, Me.), August 26, 1817",http://www.loc.gov/resource/sn83016082/1817-08-26/ed-1/?sp=3,True,", where\nhe has two sons settled.\nAt Leeds, Eng. June 2)0, Mr. Cummings, a cel\nebrated veteran performer.\u2014He was personating\nDumont, in the tragedy of Jane Shore, when hav\ning repeated the lines\nBe witness for me, ye celestial hosts,\nSuch m"
personating,chroniclingamerica,1829-02-03,"Image 1 of The New Hampshire gazette (Portsmouth [N.H.]), February 3, 1829",http://www.loc.gov/resource/sn83025588/1829-02-03/ed-1/?sp=1,True,"ayooet, and kiiling him on the spot he then mount\ned the horse of his adversary, escaped through the\nBritish ranks by personating a\u2019 tory; fell in with his\ncommauding officer, who was exhausted by fatigue,\naud wounted him on the captured hors"
personating,chroniclingamerica,1818-05-12,"Image 2 of The Portland gazette (Portland, Me.), May 12, 1818",http://www.loc.gov/resource/sn83016083/1818-05-12/ed-1/?sp=2,False,
personating,chroniclingamerica,1817-02-17,"Image 2 of Daily national intelligencer (Washington City [D.C.]), February 17, 1817",http://www.loc.gov/resource/sn83026172/1817-02-17/ed-1/?sp=2,True," respected war with r. formidable power. Do I\nunderstand the honorable gentlemlui that wc\nare to come into this House personating Justice\nblind-folded, and in all cases to take a view of\npolitical subjects, abstractedly from any bearing\nthey may "
personating,chroniclingamerica,1820-05-13,"Image 2 of Daily national intelligencer (Washington City [D.C.]), May 13, 1820",http://www.loc.gov/resource/sn83026172/1820-05-13/ed-1/?sp=2,True,"shew, to\ncompare myself to old Entellus. It was my in\ntention to represent thee, thou most magnani\nmous champion, as personating that redoub a\nble hero and therefore, if thou hast considered\nthyself the hammered\u201d instead of the hammer\ner, i"
personating,chroniclingamerica,1824-11-26,"Image 2 of Daily national intelligencer (Washington City [D.C.]), November 26, 1824",http://www.loc.gov/resource/sn83026172/1824-11-26/ed-1/?sp=2,True,"ntle\nman who laid on the floor, resting his head on the\nedge of her chair, snoring, and leaving no doubt\nthat he was personating Sampson. All this act\ning represented the first syllable of the French\nword proposed -to be found out, (which I leave"
personating,chroniclingamerica,1833-06-26,"Image 2 of Phenix gazette (Alexandria [D.C.]), June 26, 1833",http://www.loc.gov/resource/sn85025006/1833-06-26/ed-1/?sp=2,False,
personating,chroniclingamerica,1829-01-10,"Image 2 of Phenix gazette (Alexandria [D.C.]), January 10, 1829",http://www.loc.gov/resource/sn85025006/1829-01-10/ed-1/?sp=2,True,"t, and killing him on tht spot; he then\nmounted the horse of his adversary, escape\u2019\nthrough the British ranks by personating a lo\nry; fell in with his commanding officer, who\nwas exhausted by fatigue, and mounted him\non the captured horse, w"
personating,chroniclingamerica,1828-07-12,"Image 2 of Phenix gazette (Alexandria [D.C.]), July 12, 1828",http://www.loc.gov/resource/sn85025006/1828-07-12/ed-1/?sp=2,True,"self rather too much \u201cat home;\u201d for\non the first representation of \u201cLove, Law, and\nPhysic,\u201d after personating Garrow, as a plead\ner, in admirable style, (what is there he does\nnot do admirably?) he must needs take off the\nChie"
personating,chroniclingamerica,1829-01-20,"Image 2 of Lancaster gazette (Lancaster, Mass.), January 20, 1829",http://www.loc.gov/resource/sn83020243/1829-01-20/ed-1/?sp=2,True,"yonet, and\nkilling him on the spot; he then mounted\nthe horse of his adversary, escaped through\nthe British ranks by personating a tory;\nfell in with his commanding officer, who was\nexhausted by fatigue, and mounted him on\nthe captured horse, wh"
personating,chroniclingamerica,1832-07-26,"Image 1 of Herald of the times (Newport, R.I.), July 26, 1832",http://www.loc.gov/resource/sn83021167/1832-07-26/ed-1/?sp=1,True,"lk since his\n'residonce abroad I might swear the jest\n\u2018were laughable. But when itis remem-f\n'bered that he was personating the Ilnvoy\nof the United States at a distinguished\ncourt, his buffooneries, \u2018though they may\nmake the ignorant "
personating,chroniclingamerica,1820-12-29,"Image 2 of The Rhode-Island American, and general advertiser (Providence [R.I.]), December 29, 1820",http://www.loc.gov/resource/sn83025442/1820-12-29/ed-1/?sp=2,True,"\nalive on the subject, and examine In what tem\nper afld note be has constantly talked\u2014wbeth\ner like a statesman personating (hem and ful\nfilling Ms appropriate part, or like the un\ncouth, maudlin, reasou-proof deputy of a radi\ncal meeting, "
personating,chroniclingamerica,1825-11-19,"Image 2 of Daily national intelligencer (Washington City [D.C.]), November 19, 1825",http://www.loc.gov/resource/sn83026172/1825-11-19/ed-1/?sp=2,True,"he\nfollowing anecdote which is told of him is quite\nin character with the Scotch marauder not lung\nsince, a shepherd personating him, violated a fe\nmale peasant. The chieftain soon obtained in\nformation of the gross outrage that had been\ncommitt"
personating,chroniclingamerica,1831-02-03,"Image 2 of Phenix gazette (Alexandria [D.C.]), February 3, 1831",http://www.loc.gov/resource/sn85025006/1831-02-03/ed-1/?sp=2,True,"e. Moore has thown this view of\nhis character into better light than we could hope\nto clothe it with: _\nThe pride of personating every description of\ncharacter, evil as well as good, influenced \""but too\nmuch, as we have seen. Ins ambition, and, "
personating,chroniclingamerica,1809-12-07,"Image 4 of The enquirer (Richmond, Va.), December 7, 1809",http://www.loc.gov/resource/sn84024736/1809-12-07/ed-1/?sp=4,False,
personating,chroniclingamerica,1830-04-15,"Image 2 of Litchfield enquirer (Litchfield, Conn.), April 15, 1830",http://www.loc.gov/resource/sn84020071/1830-04-15/ed-1/?sp=2,True,"yes\nterday week in the Consols Office, at the\nBank, where a perton had obtained the divi\ndend on 66,0001. consols by personating the\nreal holder and counterfeiting his signature.\nThe amount thus obtained was 5901. and the\nforgery was not discove"
personating,chroniclingamerica,1824-04-29,"Image 4 of Martinsburgh gazette (Martinsburgh, Va. [W. Va.]), April 29, 1824",http://www.loc.gov/resource/sn84038455/1824-04-29/ed-1/?sp=4,False,
personating,chroniclingamerica,1826-09-30,"Image 2 of Daily national intelligencer (Washington City [D.C.]), September 30, 1826",http://www.loc.gov/resource/sn83026172/1826-09-30/ed-1/?sp=2,True,"\nput to the bar. He had been convicted at the last\nassizes of stealing three chests of tea, which he\nhad obtained by personating the owner at the\nwagon office at Tewkesbury but a point of law\nwas reserved, whether the offence was a felony\nor a f"
personating,chroniclingamerica,1831-10-14,"Image 3 of Daily national intelligencer (Washington City [D.C.]), October 14, 1831",http://www.loc.gov/resource/sn83026172/1831-10-14/ed-1/?sp=3,False,
punctillio,chroniclingamerica,1832-05-09,"Image 1 of The Arkansas advocate (Little Rock, A.T. [Ark.]), May 9, 1832",http://www.loc.gov/resource/sn87062070/1832-05-09/ed-1/?sp=1,True,"sidered as the pa\nrent oj duelling, did not confer upon\nits offspring the characters it has since\nassumed; the rigid punctillio, the fan\ncied wrong, the spirit of party, led to\nno mortal combats; the oppressor ol\ntiic poor, of the widow, of the"
punctillio,chroniclingamerica,1816-09-28,"Image 2 of Daily national intelligencer (Washington City [D.C.]), September 28, 1816",http://www.loc.gov/resource/sn83026172/1816-09-28/ed-1/?sp=2,False,
punctillio,chroniclingamerica,1809-01-31,"Image 3 of The enquirer (Richmond, Va.), January 31, 1809",http://www.loc.gov/resource/sn84024736/1809-01-31/ed-1/?sp=3,True,"x,.l.,t. I.. *K- r\nf* UIHHUWVX.IO XUV. *11 vm. MXlllllllIMt ,m\ncm, so that it appears that al! parly differ\nence and punctillios are Lid aside, and eve\nry tiling possible done to conciliate and\nstrengthen the government, which is form\ned into d"
reliable,chroniclingamerica,1817-12-24,"Image 3 of Daily national intelligencer (Washington City [D.C.]), December 24, 1817",http://www.loc.gov/resource/sn83026172/1817-12-24/ed-1/?sp=3,True,"nuary,l\u00dfl\u00df, at 11 o\u2019clock A. M at tha\nGouri house in Charles county, slate of Mary\nland, the following reliable property, to wit a\nIst. A Tract of Land called the Gran e,\nwhereon Col. Francis Newman now lives, said\nio contain ab"
reliable,chroniclingamerica,1828-10-23,"Image 3 of Daily national intelligencer (Washington City [D.C.]), October 23, 1828",http://www.loc.gov/resource/sn83026172/1828-10-23/ed-1/?sp=3,True,"he\nAdministration. We have before us a letter,\ndated in Ohio, on the 251 h of July last, from a\nmost intelligent and reliable source, the import\nof which is, without quoting its exact language,\nthat there was no doubt of Mr. Adams obtaining\nt"
reliable,chroniclingamerica,1828-12-13,"Image 3 of Daily national intelligencer (Washington City [D.C.]), December 13, 1828",http://www.loc.gov/resource/sn83026172/1828-12-13/ed-1/?sp=3,False,
reliable,chroniclingamerica,1822-01-30,"Image 3 of Daily national intelligencer (Washington City [D.C.]), January 30, 1822",http://www.loc.gov/resource/sn83026172/1822-01-30/ed-1/?sp=3,True,"rywise as fit, pro\nper, and, if he might use the word whic i he had lately\nheard on this floor for the first time, as reliable a represen\ntative, as the man who is in search after a place or pen\nsion. But, his worthy friend would tell the h use"
reliable,chroniclingamerica,1827-04-28,"Image 3 of Daily national intelligencer (Washington City [D.C.]), April 28, 1827",http://www.loc.gov/resource/sn83026172/1827-04-28/ed-1/?sp=3,False,
reliable,chroniclingamerica,1829-10-12,"Image 3 of Daily national intelligencer (Washington City [D.C.]), October 12, 1829",http://www.loc.gov/resource/sn83026172/1829-10-12/ed-1/?sp=3,True,"y day the latest vessel sailed.\nThe next arrival from Tampico or Havana will\nprobably bring us some intelligence of a reliable\nand decisive nature.\nLate Letters from Natchez, in the state of\nMississippi, give frightful accounts of the sick\nne"
reliable,chroniclingamerica,1804-03-10,"Image 1 of Jenks' Portland gazette (Portland, Me.), March 10, 1804",http://www.loc.gov/resource/sn83016081/1804-03-10/ed-1/?sp=1,False,
reliable,chroniclingamerica,1804-04-21,"Image 1 of Jenks' Portland gazette (Portland, Me.), April 21, 1804",http://www.loc.gov/resource/sn83016081/1804-04-21/ed-1/?sp=1,True,"ntment agaiaft him, unlefr Arch in\nfo fupportcd be firft adduced 5 and the perfon\nmaiicioufiy inflignting the inquiry reliable, in cafe\nit fbould be readied, to a fuit for reparation by the\nrfccufed party. All the/e juft and humane provi\nfions"
reliable,chroniclingamerica,1832-11-15,"Image 3 of Daily national intelligencer (Washington City [D.C.]), November 15, 1832",http://www.loc.gov/resource/sn83026172/1832-11-15/ed-1/?sp=3,True,"ote of the\nState by a majority of five or six thousand. A let\nter which we received yesterday from Lexington,\nfrom a reliable source, says: \u201cFrom the returns\nalready received not a particle of doubt remains\nof the defeat of General Jackso"
reliable,chroniclingamerica,1834-01-13,"Image 3 of Daily national intelligencer (Washington City [D.C.]), January 13, 1834",http://www.loc.gov/resource/sn83026172/1834-01-13/ed-1/?sp=3,True,"ese are specimens,only, of what tlie Liberia Herald\ncontains. They cannot fail to give our readers a livelier,\na more reliable idea of the progress that civilization is\nmaking in the colony, than whole pages of description\nnot thus verified by "
reliable,chroniclingamerica,1829-07-28,"Image 3 of Daily national intelligencer (Washington City [D.C.]), July 28, 1829",http://www.loc.gov/resource/sn83026172/1829-07-28/ed-1/?sp=3,True,"at\nwe are now seated in our good arm-chair, that\nthe Post has very good, and, as cur western\nfriendsexpress it, very reliable sources of infor\nmation as to all the commercial and financial\nconcerns of the government, under this Admin\nistratio"
reliable,chroniclingamerica,1800-03-01,"Image 4 of The United States oracle of the day (Portsmouth, N.H.), March 1, 1800",http://www.loc.gov/resource/sn83025544/1800-03-01/ed-1/?sp=4,True,"ppy to receive tireir\ncommands.\u2014Punctual attendance given,\nand all favours gratefully acknowledged.\n~TO BE'SOLD Reliable,\nA SMALL Settlement, in the\ntown of Sbapleigh, in county of\nYork, and diftrift of Maine, lying on the\nPost road, \u"
reliable,chroniclingamerica,1803-04-30,"Image 4 of United States oracle and Portsmouth advertiser (Portsmouth, N.H.), April 30, 1803",http://www.loc.gov/resource/sn83025545/1803-04-30/ed-1/?sp=4,True,"laintiff opened the\ncfe by briefly facing to the jury the nature of\nthe action. They then called a number of the\nmod reliable ladies in Morgantown, who all\nconcurred in deputing,that the plaintiff was a\nyoung lady, of genteel connections that "
reliable,chroniclingamerica,1818-07-21,"Image 1 of Alexandria gazette & daily advertiser (Alexandria [Va.]), July 21, 1818",http://www.loc.gov/resource/sn83026170/1818-07-21/ed-1/?sp=1,False,
reliable,chroniclingamerica,1834-02-26,"Image 2 of Daily national intelligencer (Washington City [D.C.]), February 26, 1834",http://www.loc.gov/resource/sn83026172/1834-02-26/ed-1/?sp=2,True,"ure political results, has been abundantly shown, by\nthe fact, that they cannot be ascertained by the use of\nthe most reliable of all human agents \u2014figures. A gen\ntleman, some years ago, of high character for virtue and\nintelligence, the e"
reliable,chroniclingamerica,1834-03-27,"Image 2 of Vandalia Whig and Illinois intelligencer (Vandalia, Ill.), March 27, 1834",http://www.loc.gov/resource/sn82015332/1834-03-27/ed-1/?sp=2,True,"ure political results, has\nbeen abundantly shown, by the lad,\nthat they cannot he ascertained by the\nuse of the most reliable of all human a\ngents\u2014figures.\nA gentleman, some years ago. of high\ncharacter for virtue and intelligence, t lie"
reliable,chroniclingamerica,1800-02-05,"Image 1 of The Providence journal, and town and country advertiser (Providence [R.I.]), February 5, 1800",http://www.loc.gov/resource/sn83021629/1800-02-05/ed-1/?sp=1,False,
reliable,chroniclingamerica,1828-09-23,"Image 4 of Richmond enquirer (Richmond, Va.), September 23, 1828",http://www.loc.gov/resource/sn84024735/1828-09-23/ed-1/?sp=4,False,
reliable,chroniclingamerica,1800-05-07,"Image 3 of The Providence journal, and town and country advertiser (Providence [R.I.]), May 7, 1800",http://www.loc.gov/resource/sn83021629/1800-05-07/ed-1/?sp=3,False,
reliable,chroniclingamerica,1811-12-10,"Image 1 of Kentucky gazette ([Lexington, Ky.]), December 10, 1811",http://www.loc.gov/resource/sn82014783/1811-12-10/ed-1/?sp=1,True,nthe rem had been luoke uiid a k not tied For ity and coolness displayed on the other has\ntin- delivery oi iLe above a reliable reward been never exceeded arid seldom ir\nahali be paid deed has it been matched in the history\nL\n2-w\nfcix 1 oil ir
reliable,chroniclingamerica,1822-05-08,"Image 4 of The Massachusetts spy (Worcester [Mass.]), May 8, 1822",http://www.loc.gov/resource/sn83021201/1822-05-08/ed-1/?sp=4,True,"2050801/0204.xml"":{""full_text"":""POETRY.\n\n[From Ike Geneva Gautte.]\nTh* following pathetick lines on the death of\nan Reliable sister, are from the pen of a\nyoung gentleman, aeveral of whoce produc\ntion* we have heretofore been favoured\nWith. "
reliable,chroniclingamerica,1832-05-31,"Image 1 of Litchfield enquirer (Litchfield, Conn.), May 31, 1832",http://www.loc.gov/resource/sn84020071/1832-05-31/ed-1/?sp=1,True," $9 50 by the\npiece, and I might take it for that. I was\nastonished at this assertion, and drew\nNancy\u2019s from my reliable to compare, and\nfouud them every way alike j my\nsecret to see to what lengths go\nin falsehood. On comparison, I tho\"
reliable,chroniclingamerica,1830-12-07,"Image 3 of Phenix gazette (Alexandria [D.C.]), December 7, 1830",http://www.loc.gov/resource/sn85025006/1830-12-07/ed-1/?sp=3,False,
reliable,chroniclingamerica,1822-06-20,"Image 4 of Alexandria gazette & advertiser (Alexandria [D.C.]), June 20, 1822",http://www.loc.gov/resource/sn85025001/1822-06-20/ed-1/?sp=4,True,"e the bye was\nthought no disgrace by your mothers,)\nif you mast conoeal your thread in some\ntliiBg which will nearly reliable a 1$\u00ab\ndies Indispensable, jet far iiea*e*\u2019e\ntake have the goodness whew jou enter\nthe door of a shoe-maker"
reliable,chroniclingamerica,1828-08-19,"Image 2 of Delaware patriot & American watchman (Wilmington, Del.), August 19, 1828",http://www.loc.gov/resource/sn82014393/1828-08-19/ed-1/?sp=2,True,"lo yard made l'homa* Jefferson President^ and j\nanted republicanism ami that the talents of 1\na Haynrd has shed imper reliable glory upon the,\nstate of Delaware'.\ni Jn Original Jackson Man.\nstate of Delaware'.\nJn Original Jackson Man.\nTuu w "
reliable,chroniclingamerica,1823-12-12,"Image 4 of The National Republican and Ohio political register (Cincinnati [Ohio]), December 12, 1823",http://www.loc.gov/resource/sn84031604/1823-12-12/ed-1/?sp=4,False,
reliable,chroniclingamerica,1833-03-01,"Image 3 of The National Republican and Cincinnati daily mercantile advertiser (Cincinnati, [Ohio]), March 1, 1833",http://www.loc.gov/resource/sn84028759/1833-03-01/ed-1/?sp=3,True," may apply at the Pott Office, for employ,\nmenu. Feb. 7, 1839s\nCOMMISSION WABBHOtfSB.\nLJOHN Sc SONS, hare prepared a reliable\nWarehouse at the month Of Nine Mile\nCreek, IS milea above Cincinnati, Clermont\ncounty, Ohio, and will attend to a co"
reliable,chroniclingamerica,1835-05-05,"Image 2 of The New Hampshire gazette (Portsmouth [N.H.]), May 5, 1835",http://www.loc.gov/resource/sn83025588/1835-05-05/ed-1/?sp=2,True,"o the next Congress. It is not improba\nble that the number may be increased to 14. In\nthe last House there were but 7 reliable friends to\nthe administration from Virginia.\nSENATE OF VIRGINIA,\nThere was a majority of 6 in favor of the Ad\nminis"
reliable,chroniclingamerica,1832-07-05,"Image 1 of Martinsburg gazette and public advertiser (Martinsburg, Va. [W. Va.]), July 5, 1832",http://www.loc.gov/resource/sn85059526/1832-07-05/ed-1/?sp=1,False,
reliable,chroniclingamerica,1832-11-02,"Image 3 of Phenix gazette (Alexandria [D.C.]), November 2, 1832",http://www.loc.gov/resource/sn85025006/1832-11-02/ed-1/?sp=3,False,
reliable,chroniclingamerica,1831-05-26,"Image 2 of Phenix gazette (Alexandria [D.C.]), May 26, 1831",http://www.loc.gov/resource/sn85025006/1831-05-26/ed-1/?sp=2,False,
reliable,chroniclingamerica,1827-11-20,"Image 4 of American watchman and Delaware advertiser (Wilmington, Del.), November 20, 1827",http://www.loc.gov/resource/sn82014894/1827-11-20/ed-1/?sp=4,False,
reliable,chroniclingamerica,1809-04-04,"Image 4 of Kentucky gazette and general advertiser (Lexington [Ky.]), April 4, 1809",http://www.loc.gov/resource/sn84038147/1809-04-04/ed-1/?sp=4,False,
reliable,chroniclingamerica,1811-08-06,"Image 3 of The enquirer (Richmond, Va.), August 6, 1811",http://www.loc.gov/resource/sn84024736/1811-08-06/ed-1/?sp=3,False,
reliable,chroniclingamerica,1834-02-27,"Image 2 of Alexandria gazette (Alexandria, D.C.), February 27, 1834",http://www.loc.gov/resource/sn85025007/1834-02-27/ed-1/?sp=2,True,"e po:.\ntical results, has been abundantly shown, by t.h\nfact, that they cannot be ascertained by then- J\nof the most reliable of all human agent*-/,\ngures. A gentleman, some years ago, of hr\ncharacter for virtue and intelligence, the equ.\nin "
reliable,chroniclingamerica,1815-05-03,"Image 1 of The enquirer (Richmond, Va.), May 3, 1815",http://www.loc.gov/resource/sn84024736/1815-05-03/ed-1/?sp=1,True,"nv;Hi veentniotaitii all loose who may p|pi\u00ab to\nvitii their company, with lee, if by tSr; r\nnth, or year, on a., reliable terms as no t>r\ntr ued in the city. j Jr\nI/.SO\u2014\nT') - valuable, a minul. dcs\ncript inn is considered imuee. ^r"
reliable,chroniclingamerica,1824-10-07,"Image 2 of The Wilmingtonian, and Delaware register (Wilmington, Del.), October 7, 1824",http://www.loc.gov/resource/sn88053080/1824-10-07/ed-1/?sp=2,False,
reliable,chroniclingamerica,1822-02-12,"Image 2 of The Rhode-Island American, and general advertiser (Providence [R.I.]), February 12, 1822",http://www.loc.gov/resource/sn83025442/1822-02-12/ed-1/?sp=2,True,"every wise a** ft*, proper, and, be might use\nthe word which he bid lately heard on tins\nflour fur the fist ti ne, as reliable a Represen\ntative. as the man nbo is in search after a\nplace or .pension. But, bis worthy friend\nwould \u2019ell the"
reliable,chroniclingamerica,1832-09-15,"Image 2 of Providence patriot, Columbian phenix (Providence, R.I.), September 15, 1832",http://www.loc.gov/resource/sn83025643/1832-09-15/ed-1/?sp=2,False,
reliable,chroniclingamerica,1827-05-01,"Image 1 of Rhode-Island American and Providence gazette (Providence [R.I.]), May 1, 1827",http://www.loc.gov/resource/sn83021385/1827-05-01/ed-1/?sp=1,True,"parative\nfreedom and happiness. But this mediation be\ning refused, it may be hoped, nay, if information\nderived from reliable sources do not mislead us,\nit may be stated with certainty, that Great Brit\nain and perhaps France will unite in sayi"
appliances,chroniclingamerica,1834-03-22,"Image 2 of The penny post (Providence [R.I.]), March 22, 1834",http://www.loc.gov/resource/sn83021392/1834-03-22/ed-1/?sp=2,False,
appliances,chroniclingamerica,1828-03-08,"Image 3 of The ladies' garland (Harpers-Ferry, Va. [W. Va.]), March 8, 1828",http://www.loc.gov/resource/sn85059803/1828-03-08/ed-1/?sp=3,True,"their green anti\nductile affections soon twine around new\nobjects, lint the sorrows of the poor, who\nhave no outward appliances to soothe; the\nsorrows of the aged, with whom life at best\nis but a wintry day, and who can look for\nno alter growth"
appliances,chroniclingamerica,1835-08-12,"Image 2 of Daily national intelligencer (Washington City [D.C.]), August 12, 1835",http://www.loc.gov/resource/sn83026172/1835-08-12/ed-1/?sp=2,True,"ation. But with the divisions\nwhich generally and always will pervade the deliberations\nof Congress, and with all the appliances of an Executive\nto awe or excite when his reputation or interest is at\nstake, it is easy to see that this unanimity c"
appliances,chroniclingamerica,1835-08-01,"Image 1 of The daily herald (New-Haven [Conn.]), August 1, 1835",http://www.loc.gov/resource/sn82015818/1835-08-01/ed-1/?sp=1,True,"drels, who\nare said to be makins- fearful mischief in that\ncity. They have their regular decoys, and\nall the artsand appliances of a finished Lon\ndon hell. A writer in the Chronicle says that\nthere are five hundred professional gamblers\nnow in "
appliances,chroniclingamerica,1826-01-28,"Image 1 of Edwardsville spectator (Edwardsville, Ill.), January 28, 1826",http://www.loc.gov/resource/sn82015374/1826-01-28/ed-1/?sp=1,True,"nce. In\nsooth, were my fair readers to visit my\ndormitory, they would find a plenttlui\nlack\u201d of these luxurious appliances lo\nsleep, 'i hey might, seeing the shelves, I\nthe table., me chairs, the Ilnur, and the\nted strewed tv Ah books, and"
appliances,chroniclingamerica,1835-11-02,"Image 2 of The daily herald (New-Haven [Conn.]), November 2, 1835",http://www.loc.gov/resource/sn82015818/1835-11-02/ed-1/?sp=2,False,
appliances,chroniclingamerica,1835-08-20,"Image 1 of The daily herald (New-Haven [Conn.]), August 20, 1835",http://www.loc.gov/resource/sn82015818/1835-08-20/ed-1/?sp=1,True,"it would give\nme sensible pleasure to see George Thompson\non the deck of one of our best appointed\npackets, with all appliances and means to\nboot\u201d for a prosperous and comfortable voy\nage back to the place whence he came; but\nif he again, "
appliances,chroniclingamerica,1835-11-19,"Image 2 of The daily herald (New-Haven [Conn.]), November 19, 1835",http://www.loc.gov/resource/sn82015818/1835-11-19/ed-1/?sp=2,True,"ence in front of the dwelling of Mr. Walker,\nand covered with a profusion of delightful\nviands, rich wines, and o'her appliances, to\ngive zest to the feast of reason and the flow\nof soul.\u201d\nNothing could be more tasteful than the\ndispositio"
appliances,chroniclingamerica,1835-11-14,"Image 2 of The daily herald (New-Haven [Conn.]), November 14, 1835",http://www.loc.gov/resource/sn82015818/1835-11-14/ed-1/?sp=2,True,"rtmanteaus,\nbook binding, reticules, pocket books, mits,\nbrushes and belts, and a thousand other\nthings, besides the appliances of the human\nframe, and will no doubt soon be employed\nfor all such purposes.\nMr. Goodyear is now located in this ci"
appliances,chroniclingamerica,1829-08-26,"Image 4 of The Hillsborough recorder (Hillsborough, N.C.), August 26, 1829",http://www.loc.gov/resource/sn84026472/1829-08-26/ed-1/?sp=4,True,"d, Prudenca\nbought it. Fashion blew bis brain*\nout, Prudence made use of hi*\nhas several hundred acres of land,\nand appliances to boot\"" all f\nFashion's son is overseer In l,|M'\ndencf.\nlis that seek* honor, mn^i slat'"",""height"":""26058"",""width"""
appliances,chroniclingamerica,1825-03-09,"Image 1 of New-Hampshire intelligencer (Haverhill, N.H.), March 9, 1825",http://www.loc.gov/resource/sn84023169/1825-03-09/ed-1/?sp=1,True,"14their green\nand ductile affections soon twine around\nnew objects. But the sorrows of the\npoor, who have no outward appliances\nto soothe, the sorrows of the aged,\nwith whom life is at best but a wintry\nday, and who can look for no after\ngrowt"
appliances,chroniclingamerica,1833-08-28,"Image 4 of Vandalia Whig and Illinois intelligencer (Vandalia, Ill.), August 28, 1833",http://www.loc.gov/resource/sn82015332/1833-08-28/ed-1/?sp=4,True,"he ground. For some moments he gave no\ntgns of life, but on being carried to a neigh\nbouring house, and having proper appliances\nmade to his temples and breast, lie recovered\nso tar as to be able to spet k. He requested\nto be conveyed as speedil"
appliances,chroniclingamerica,1832-11-28,"Image 1 of Vandalia Whig and Illinois intelligencer (Vandalia, Ill.), November 28, 1832",http://www.loc.gov/resource/sn82015332/1832-11-28/ed-1/?sp=1,False,
appliances,chroniclingamerica,1827-11-29,"Image 4 of The Rhode-Island Republican (Newport, R.I.), November 29, 1827",http://www.loc.gov/resource/sn83025561/1827-11-29/ed-1/?sp=4,True,"pened to a keen point glit\ntered with the brilliancy of huge and high\nly polished Buckles, nmfvwore glowing with\nthe appliances of oil and blackball, The\nneck was enriched by a few yards of cam- l\nbric, negligenly twisted about the false\ncollar"
appliances,chroniclingamerica,1830-08-11,"Image 3 of The Hillsborough recorder (Hillsborough, N.C.), August 11, 1830",http://www.loc.gov/resource/sn84026472/1830-08-11/ed-1/?sp=3,True,"ed, that an increase of pro\nductive power, through the aid of\nsteam and impro\\ed me* Itanium, w ith\notherscientiftc appliances, within the\nlast 40 years.Js equal to an addition\nal supply of labour, of six hundred\nmillions of men.\nThe Asiatic "
appliances,chroniclingamerica,1801-10-26,"Image 2 of Jenks's Portland gazette (Portland [Me.]), October 26, 1801",http://www.loc.gov/resource/sn83016063/1801-10-26/ed-1/?sp=2,False,
appliances,chroniclingamerica,1820-01-11,"Image 1 of The Rhode-Island American, and general advertiser (Providence [R.I.]), January 11, 1820",http://www.loc.gov/resource/sn83025442/1820-01-11/ed-1/?sp=1,True,"*\nThe mind is a peculiar machine, which re\nquires not merely tbe skill of a master for It*\nmanagement, but sundry '\""appliances and\nmeans to boot.** The grave lesson* of wisdom\nare comprised In many ponderous voinmes, and\nhave been transmitted "
appliances,chroniclingamerica,1819-10-08,"Image 1 of The Rhode-Island American, and general advertiser (Providence [R.I.]), October 8, 1819",http://www.loc.gov/resource/sn83025442/1819-10-08/ed-1/?sp=1,False,
appliances,chroniclingamerica,1828-03-20,"Image 4 of Cherokee phoenix (New Echota [Ga.]), March 20, 1828",http://www.loc.gov/resource/sn83020866/1828-03-20/ed-1/?sp=4,True,"asion\nlittle sensation al\u2018.l\u2018oad, they produce\nmuch happiness 2t home. And whes\na weman, who hap \u00a2all appliances 2n\u00e9\nmeans to get it can withstand the\nintoxication of the flatterer, and: the\nadoration of the fashionable; can"
appliances,chroniclingamerica,1823-09-02,"Image 3 of The Rhode-Island American, and general advertiser (Providence [R.I.]), September 2, 1823",http://www.loc.gov/resource/sn83025442/1823-09-02/ed-1/?sp=3,True," a oewspaper, are a\nPrinter, three or four hundred aubscfibers, and\na stock of paper. With these advantages, and\ntNv appliances to bout\"" x of a collection of\nother pobllcatlnas throughout the Uoioo, nod\na good list of advertising friends\u201d "
appliances,chroniclingamerica,1822-02-20,"Image 4 of The Massachusetts spy (Worcester [Mass.]), February 20, 1822",http://www.loc.gov/resource/sn83021201/1822-02-20/ed-1/?sp=4,True,"nished with paper, 4*c\nwas indeed very comfortable\u2014but with\nHenry the fourth he would say, that,\nwith all these appliances and means\nto boot,\u2019 business was not as well done\nas if they were worse provided. In\nhis opinion they did not g"
appliances,chroniclingamerica,1829-06-20,"Image 1 of Republican herald (Providence, R.I.), June 20, 1829",http://www.loc.gov/resource/sn83021465/1829-06-20/ed-1/?sp=1,True,"acknowledged the folly as well as the imiquity\nof forcing any department of national indus\ntry, by the same artifical Appliances,\u201d thas\ncause tropical fruits to grow in fifty degrees of\nNorth latitude. They have known that it\nwas more ratio"
appliances,chroniclingamerica,1829-10-20,"Image 4 of The New Hampshire gazette (Portsmouth [N.H.]), October 20, 1829",http://www.loc.gov/resource/sn83025588/1829-10-20/ed-1/?sp=4,True,"other cases. Two or three hundred years ago,\nit was about as difficult to go to Delhi, as now to\nTimbuctoo and if the appliances and means of\ntravelling were, at this moment, as defective on\nthe Delht road, it is probabie that as small a pro\npor"
appliances,chroniclingamerica,1829-10-21,"Image 3 of The Hillsborough recorder (Hillsborough, N.C.), October 21, 1829",http://www.loc.gov/resource/sn84026472/1829-10-21/ed-1/?sp=3,True,"demand for straw pa-\nper. that the manufacturers have been\nromped* d to increase the nnmber of\ntheir \\ats and other appliances of the\nnulls. Mr. Shreyer, of Chambers\nburg, advertises lor one thousand\ntons or oat, rye, barley and wheat\nstraw, "
appliances,chroniclingamerica,1835-08-06,"Image 3 of The Hillsborough recorder (Hillsborough, N.C.), August 6, 1835",http://www.loc.gov/resource/sn84026472/1835-08-06/ed-1/?sp=3,False,
appliances,chroniclingamerica,1818-05-20,"Image 2 of Alexandria gazette & daily advertiser (Alexandria [Va.]), May 20, 1818",http://www.loc.gov/resource/sn83026170/1818-05-20/ed-1/?sp=2,False,
appliances,chroniclingamerica,1829-12-01,"Image 3 of The Arkansas gazette (Arkansas Post, Ark. Ter.), December 1, 1829",http://www.loc.gov/resource/sn82016482/1829-12-01/ed-1/?sp=3,True,"e demand for straw\npaper, that the nanufacturers have been com\npelled to increase the number of their vats and\nc her appliances of the mills. Mr. Shreyer, of\nChambersburgh, advertises for one thousand\ntons of oat, rye, bat ley and wheat straw, a"
appliances,chroniclingamerica,1830-06-28,"Image 2 of Phenix gazette (Alexandria [D.C.]), June 28, 1830",http://www.loc.gov/resource/sn85025006/1830-06-28/ed-1/?sp=2,False,
appliances,chroniclingamerica,1818-02-14,"Image 2 of Alexandria gazette & daily advertiser (Alexandria [Va.]), February 14, 1818",http://www.loc.gov/resource/sn83026170/1818-02-14/ed-1/?sp=2,False,
appliances,chroniclingamerica,1834-08-15,"Image 1 of The Arkansas advocate (Little Rock, A.T. [Ark.]), August 15, 1834",http://www.loc.gov/resource/sn87062070/1834-08-15/ed-1/?sp=1,True,"through the passages. My j\n1 serious companion, who seemed hardly fit!\nto encounter such a night, even with the\nbest appliances of coat and umbrella, had\nneither. As I was better furnished, and a\nhackney coach was out of the question, 1\nj offer"
appliances,chroniclingamerica,1824-12-01,"Image 2 of Daily national intelligencer (Washington City [D.C.]), December 1, 1824",http://www.loc.gov/resource/sn83026172/1824-12-01/ed-1/?sp=2,True,"fled precipitately from\ndeath and the dog days. The wealthy inhabit\nant exchanged his comfortable dwelling, with\nall appliances and means to boot,\u201d for his cottage\non the neighboring hills, pleasing himself with\nthe fancy that the mat aria "
appliances,chroniclingamerica,1815-02-23,"Image 2 of Daily national intelligencer (Washington City [D.C.]), February 23, 1815",http://www.loc.gov/resource/sn83026172/1815-02-23/ed-1/?sp=2,True," Mr. Madison, and be set to work to rivet\nthe collar on the necks of the American citizens;\nbut we own that, with all appliances and me^ns\nto boot,\u2019 the President, in our op.nion, must\nfail. Nevertheless it would be mostdangernu\nto suffer s"
appliances,chroniclingamerica,1823-06-10,"Image 1 of American watchman and Delaware advertiser (Wilmington, Del.), June 10, 1823",http://www.loc.gov/resource/sn82014894/1823-06-10/ed-1/?sp=1,True,"eat and burned\nupon ita roofs in vain. Where is now the pomp,\nand the pride, and the circumstances '-of state,'*\nthe appliances and the means to boot the retain\ners that thronged the hall, to whose wassail voices\nthe vaulted rools often re-echoe"
appliances,chroniclingamerica,1831-06-30,"Image 4 of Herald of the times (Newport, R.I.), June 30, 1831",http://www.loc.gov/resource/sn83021167/1831-06-30/ed-1/?sp=4,True,"large staging had been erect\ned in front and at the side of the pulpit,\nand maps, an inlant school orrery; and\nother appliances, were displayed there\nupon.\nA large arch of lowers had been thrown\nover the pulpit, from the ccutre of which\nwas ap"
appliances,chroniclingamerica,1834-06-05,"Image 1 of Litchfield enquirer (Litchfield, Conn.), June 5, 1834",http://www.loc.gov/resource/sn84020071/1834-06-05/ed-1/?sp=1,True,"depths of a Virginian for\nest, that symmetry of feminine loveliness,\nwhich we but seldom she, with all our helps\nand appliances, and all that moral machine\nry With which we work upon the raw ma\nterial character.\nmil in our aamirauon 01 wmti ra "
appliances,chroniclingamerica,1832-06-19,"Image 2 of The Rhode-Island Republican (Newport, R.I.), June 19, 1832",http://www.loc.gov/resource/sn83025561/1832-06-19/ed-1/?sp=2,True,"ristocrats of all casts, because\nhe had sprung from what they deemed a\nlow origin, and had made his way with\nout the appliances and means of friend,\nSfamily, or fortune but by the single ap\nplication of great talents to objects of\ngreat public "
appliances,chroniclingamerica,1825-05-30,"Image 1 of New-Hampshire statesman (Concord, N.H.), May 30, 1825",http://www.loc.gov/resource/sn84022927/1825-05-30/ed-1/?sp=1,True,"m\nmanding officer at the post ordered his rifle\nto be resiored and the veteran trapper was\nfarnished with such other appliances, or fix\nens, as he would term them, as put him io\nplight again to take the field. This appeas\ned the wrath of Hogh G"
appliances,chroniclingamerica,1833-11-19,"Image 3 of The New Hampshire gazette (Portsmouth [N.H.]), November 19, 1833",http://www.loc.gov/resource/sn83025588/1833-11-19/ed-1/?sp=3,True,", until it has become handsomely establish\ned, in an excellent office of its own, with presses,\ntypes, and *\u2018all appliances to boot,\u201d we trust the\nunremitting efforts which we hive made, as our\ngradually increasing means have permitted,"
appliances,chroniclingamerica,1825-02-17,"Image 1 of Kentucky gazette ([Lexington, Ky.]), February 17, 1825",http://www.loc.gov/resource/sn82014783/1825-02-17/ed-1/?sp=1,False,
appliances,chroniclingamerica,1822-11-01,"Image 2 of Daily national intelligencer (Washington City [D.C.]), November 1, 1822",http://www.loc.gov/resource/sn83026172/1822-11-01/ed-1/?sp=2,True,"ite of\nthe mighty champion of his age the Astyanax of\nour political Hector. Mr. Canning, besides these\nextraordinary appliances, had in himself no com\nmon qualifications. He had a trained, copious,\nand glaring oratory; somewhat tawdry and taste\"
tethered,chroniclingamerica,1807-12-31,"Image 2 of The Wheeling repository (Wheeling, Va. [W. Va.]), December 31, 1807",http://www.loc.gov/resource/sn86092519/1807-12-31/ed-1/?sp=2,False,
tethered,chroniclingamerica,1814-08-24,"Image 4 of The Rhode-Island Republican (Newport, R.I.), August 24, 1814",http://www.loc.gov/resource/sn83025561/1814-08-24/ed-1/?sp=4,True," bringing the\nTorpedo, tastened at the other end, under\nthe part of the ship desired.\nThe machine might, perhaps, be tethered\nout by a line froin a small boat till it reached\nthe ship. In a very dark night this might be\ndone with little dange"
tethered,chroniclingamerica,1835-05-23,"Image 1 of South Branch intelligencer (Romney, Va. [W. Va.]), May 23, 1835",http://www.loc.gov/resource/sn84026826/1835-05-23/ed-1/?sp=1,True,"f the camp\nwere scattered round in groups, among\nthe rest of the people, and their horses\n\u2014which generally were tethered ready\nsaddled near the lodges of the guard\u2014\nwere now scattered over the prairie\nwith other cattle of the tribe."
tethered,chroniclingamerica,1821-11-24,"Image 4 of Winchester gazette (Winchester, Va.), November 24, 1821",http://www.loc.gov/resource/sn84025997/1821-11-24/ed-1/?sp=4,False,
tethered,chroniclingamerica,1831-02-24,"Image 1 of Litchfield enquirer (Litchfield, Conn.), February 24, 1831",http://www.loc.gov/resource/sn84020071/1831-02-24/ed-1/?sp=1,True,"ator sbipwrecks his honor\nand in constructing an exact system, the\ntheorist stifles doubt, the parent of good\nsense. Tethered by habit, and kept front\nsoaring beyond professional routine, the\nreasoning becomes too technical, and loses\nall pow"
tethered,chroniclingamerica,1833-08-09,"Image 3 of Daily national intelligencer (Washington City [D.C.]), August 9, 1833",http://www.loc.gov/resource/sn83026172/1833-08-09/ed-1/?sp=3,False,
tethered,chroniclingamerica,1834-09-09,"Image 2 of Alexandria gazette (Alexandria, D.C.), September 9, 1834",http://www.loc.gov/resource/sn85025007/1834-09-09/ed-1/?sp=2,True,"le means ot\nsustaining their lives, and after a meal of them,\nnothing remained but to throw the peelings to\nthe pig, tethered to a stake in the floor, and then\nto lounge listlessly, until nature demanded the\nprocess with the potatoes to he rep"
tethered,chroniclingamerica,1834-09-09,"Image 2 of Daily national intelligencer (Washington City [D.C.]), September 9, 1834",http://www.loc.gov/resource/sn83026172/1834-09-09/ed-1/?sp=2,True,"ole means of sustaining their lives; and,\nafter a meal of them,nothing remained but to throw\nthe peelings to the pig, tethered to a stake in the\nfloor, and then to lounge listlessly, until nature demand\ned the process with the potatoes to be re"
tethered,chroniclingamerica,1809-09-08,"Image 3 of The enquirer (Richmond, Va.), September 8, 1809",http://www.loc.gov/resource/sn84024736/1809-09-08/ed-1/?sp=3,True,"eer of Augurs, haruspi\nces and auspices\u2014-the entrails of oxen, and\nIter sacred chickens.\nI he I iirks have hern tethered by the\ndogmas of the Koran and the terrors of\nMahomet.\nI he Catholic world have been Held in awe\nby the bulls of a "
tethered,chroniclingamerica,1808-08-30,"Image 3 of The enquirer (Richmond, Va.), August 30, 1808",http://www.loc.gov/resource/sn84024736/1808-08-30/ed-1/?sp=3,True,"ion, which\nshe has allowed us, is too large forsooth for\nher own interests c our deserts. The chain\nby which she has tethered us to the stake,\nmust be shortened a little more. Those light\nand lenient measures, which she lias impo\nsed upon us,"
tethered,chroniclingamerica,1828-05-07,"Image 4 of Virginia statesman (Wheeling, Va. [W. Va.]), May 7, 1828",http://www.loc.gov/resource/sn84038586/1828-05-07/ed-1/?sp=4,True,"n pulling\nthistles on the firm of Cockpool. They\nwere much alarmed at the sight, and\nmounted two old horses they had tethered\nbeside them, intending to make their way\nhome. In the menn time the pig got be\ntween them and the houses, which caus"
tethered,chroniclingamerica,1809-03-14,"Image 4 of The enquirer (Richmond, Va.), March 14, 1809",http://www.loc.gov/resource/sn84024736/1809-03-14/ed-1/?sp=4,True," rny feelings, j\nBut they say, they arc unalde to stern the\ncurrent; they resemble the unfortunate a-1\nnimal that is tethered to the stake, without\nthe possibility of relievinghimself by all his\nexertions. litre is the clur.\u2014]i they hard "
tethered,chroniclingamerica,1833-07-30,"Image 2 of The Daily Cincinnati Republican, and commercial register (Cincinnati, Ohio), July 30, 1833",http://www.loc.gov/resource/sn84045036/1833-07-30/ed-1/?sp=2,True,"boety ctott.s. ffors. s in Turkey net\""\ncr stand ott straw, hut on the earth or sand kept ve\nry eteatt and are atways tethered. The'prn, ti< c of\ntothermg ts worthy of imitation every where; it does\nnot d,stress the animat, and it prevents kick"
tethered,chroniclingamerica,1828-04-23,"Image 1 of The Massachusetts spy, and Worcester County advertiser ([Worcester, Mass.]), April 23, 1828",http://www.loc.gov/resource/sn83021206/1828-04-23/ed-1/?sp=1,False,
tethered,chroniclingamerica,1833-11-02,"Image 1 of New-Hampshire statesman and state journal (Concord [N.H.]), November 2, 1833",http://www.loc.gov/resource/sn84022931/1833-11-02/ed-1/?sp=1,True,"ing ashes, frequently tumbling over\neach other, and'retracing in five minutes the\ntoil of an hour.. Our donkeys stood tethered\ntogether on the herbless field of cinders, and\nwe were soon in the clumsy saddles, and with\na call at the hermitage,"
tethered,chroniclingamerica,1834-03-18,"Image 2 of The Daily Cincinnati Republican, and commercial register (Cincinnati, Ohio), March 18, 1834",http://www.loc.gov/resource/sn84045036/1834-03-18/ed-1/?sp=2,True,"d callod on the count tB advance.\u2014\n'he latter obeying, was agreeably surprised by the\nrght of his gallant steed, tethered to a tree, and\n'itli his master's arms fastened to the saddle.\nTo resume his weapons and mount was but the\nrork of a"
tethered,chroniclingamerica,1833-07-20,"Image 1 of New-Hampshire statesman and state journal (Concord [N.H.]), July 20, 1833",http://www.loc.gov/resource/sn84022931/1833-07-20/ed-1/?sp=1,True,"nty\nof body clothes. Horses in Turkey never\nstand on straw but on the earth or sand, kept\nvery clean, and are always tethered. The\npractice of tethering is worthy of imitation\nevery where it does not distress the animal,\nand it prevents kicki"
tethered,chroniclingamerica,1835-09-22,"Image 4 of The New Hampshire gazette (Portsmouth [N.H.]), September 22, 1835",http://www.loc.gov/resource/sn83025588/1835-09-22/ed-1/?sp=4,True," billow flashing\nAnd O what joy on the sea to sail\nThat the Greenland shore surroundeth,\nAund mark the plunge of the tethered whale,\nAs away with the shatt he boundeth.\nHow I love the glorious battle-shock,\nWith its cloua the bright sky gloom"
tethered,chroniclingamerica,1805-03-05,"Image 4 of The New Hampshire gazette (Portsmouth [N.H.]), March 5, 1805",http://www.loc.gov/resource/sn83025588/1805-03-05/ed-1/?sp=4,False,
tethered,chroniclingamerica,1823-04-21,"Image 4 of New-Hampshire statesman (Concord, N.H.), April 21, 1823",http://www.loc.gov/resource/sn84022927/1823-04-21/ed-1/?sp=4,False,
tethered,chroniclingamerica,1823-04-14,"Image 4 of New-Hampshire statesman (Concord, N.H.), April 14, 1823",http://www.loc.gov/resource/sn84022927/1823-04-14/ed-1/?sp=4,False,
tethered,chroniclingamerica,1831-06-30,"Image 4 of Martinsburg gazette and public advertiser (Martinsburg, Va. [W. Va.]), June 30, 1831",http://www.loc.gov/resource/sn85059526/1831-06-30/ed-1/?sp=4,False,
tethered,chroniclingamerica,1823-03-31,"Image 3 of New-Hampshire statesman (Concord, N.H.), March 31, 1823",http://www.loc.gov/resource/sn84022927/1823-03-31/ed-1/?sp=3,False,
tethered,chroniclingamerica,1818-01-10,"Image 8 of Philanthropist (Mt. Pleasant, Ohio.), January 10, 1818",http://www.loc.gov/resource/sn83025983/1818-01-10/ed-1/?sp=8,False,
tethered,chroniclingamerica,1818-01-17,"Image 7 of Philanthropist (Mt. Pleasant, Ohio.), January 17, 1818",http://www.loc.gov/resource/sn83025983/1818-01-17/ed-1/?sp=7,False,
tethered,chroniclingamerica,1820-11-07,"Image 3 of The New Hampshire gazette (Portsmouth [N.H.]), November 7, 1820",http://www.loc.gov/resource/sn83025588/1820-11-07/ed-1/?sp=3,False,
tethered,chroniclingamerica,1825-06-25,"Image 1 of The ladies' garland (Harpers-Ferry, Va. [W. Va.]), June 25, 1825",http://www.loc.gov/resource/sn85059803/1825-06-25/ed-1/?sp=1,False,
tethered,chroniclingamerica,1827-07-21,"Image 4 of The ladies' garland (Harpers-Ferry, Va. [W. Va.]), July 21, 1827",http://www.loc.gov/resource/sn85059803/1827-07-21/ed-1/?sp=4,False,
tethered,chroniclingamerica,1818-08-20,"Image 1 of Philanthropist (Mt. Pleasant, Ohio.), August 20, 1818",http://www.loc.gov/resource/sn83025983/1818-08-20/ed-1/?sp=1,False,
tethered,chroniclingamerica,1820-02-26,"Image 1 of Richmond enquirer (Richmond, Va.), February 26, 1820",http://www.loc.gov/resource/sn84024735/1820-02-26/ed-1/?sp=1,False,
tethered,chroniclingamerica,1810-06-12,"Image 3 of Alexandria daily gazette, commercial & political (Alexandria [Va.]), June 12, 1810",http://www.loc.gov/resource/sn84024013/1810-06-12/ed-1/?sp=3,False,
tethered,chroniclingamerica,1804-02-24,"Image 2 of Berkeley and Jefferson intelligencer (Martinsburg, Va.), February 24, 1804",http://www.loc.gov/resource/sn85059525/1804-02-24/ed-1/?sp=2,False,
tethered,chroniclingamerica,1807-09-25,"Image 3 of Berkeley and Jefferson intelligencer (Martinsburg, Va.), September 25, 1807",http://www.loc.gov/resource/sn85059525/1807-09-25/ed-1/?sp=3,False,
tethered,chroniclingamerica,1816-09-11,"Image 1 of Alexandria gazette, commercial and political (Alexandria [Va.]), September 11, 1816",http://www.loc.gov/resource/sn84024014/1816-09-11/ed-1/?sp=1,False,
tethered,chroniclingamerica,1815-12-01,"Image 2 of Alexandria gazette, commercial and political (Alexandria [Va.]), December 1, 1815",http://www.loc.gov/resource/sn84024014/1815-12-01/ed-1/?sp=2,False,
tethered,chroniclingamerica,1820-04-22,"Image 4 of The Arkansas gazette (Arkansas Post, Ark. Ter.), April 22, 1820",http://www.loc.gov/resource/sn82016482/1820-04-22/ed-1/?sp=4,False,
tethered,chroniclingamerica,1817-03-26,"Image 1 of Alexandria gazette, commercial and political (Alexandria [Va.]), March 26, 1817",http://www.loc.gov/resource/sn84024014/1817-03-26/ed-1/?sp=1,False,
tethered,chroniclingamerica,1803-01-04,"Image 4 of Republican ledger, and Portsmouth price current (Portsmouth, N.H.), January 4, 1803",http://www.loc.gov/resource/sn84023379/1803-01-04/ed-1/?sp=4,False,
tethered,chroniclingamerica,1811-06-21,"Image 4 of Martinsburgh gazette (Martinsburgh, Va. [W. Va.]), June 21, 1811",http://www.loc.gov/resource/sn84038455/1811-06-21/ed-1/?sp=4,False,
tethered,chroniclingamerica,1809-08-07,"Image 2 of The national intelligencer and Washington advertiser (Washington City [D.C.]), August 7, 1809",http://www.loc.gov/resource/sn83045242/1809-08-07/ed-1/?sp=2,False,
buffaloes,chroniclingamerica,1828-10-31,"Image 1 of Delaware journal (Wilmington [Del.]), October 31, 1828",http://www.loc.gov/resource/sn83025530/1828-10-31/ed-1/?sp=1,True," carriages, no lnns.no suppers,\nno beds\""\"" The onlv carriages are planks laid upon\nrough wheels, drawn with cords by buffaloes, the\nonlv inns are stables with chopped straw the only\nsuppers are what you may pick up on the road, ml\ncarry to whe"
buffaloes,chroniclingamerica,1834-03-25,"Image 1 of The Arkansas gazette (Arkansas Post, Ark. Ter.), March 25, 1834",http://www.loc.gov/resource/sn82016482/1834-03-25/ed-1/?sp=1,True,"ountry, oc\ncasionaly intersected by small streams thinly\nbordered by dwarfish timber. A formidable\nherd of about 100 buffaloes was here dis\ncovered and, as the command needed fresh\nmeat, a halt was ordered, and forty horse\nmen detached to atta"
buffaloes,chroniclingamerica,1835-11-17,"Image 2 of The Arkansas gazette (Arkansas Post, Ark. Ter.), November 17, 1835",http://www.loc.gov/resource/sn82016482/1835-11-17/ed-1/?sp=2,True,"each of these human\nbears immediately commenced theprocess\nof moulding a number of little images ex\nactly resembling buffaloes, men and horses,\nhows, arrows, &c. When they had com*\npleted nine of each variety, the miniature\nbuffaloes were all "
buffaloes,chroniclingamerica,1835-09-26,"Image 2 of Daily national intelligencer (Washington City [D.C.]), September 26, 1835",http://www.loc.gov/resource/sn83026172/1835-09-26/ed-1/?sp=2,True," each of these human\nbears immediately commenced the process of moulding a\nnumber of little images exactly resembling buffaloes,\nmen and horses, bows, arrows, &c. When they had com\npleted nine of each variety, the miniature buffaloes were\nall p"
buffaloes,chroniclingamerica,1823-05-27,"Image 1 of The Rhode-Island American, and general advertiser (Providence [R.I.]), May 27, 1823",http://www.loc.gov/resource/sn83025442/1823-05-27/ed-1/?sp=1,True,"regsrding tbe dispositions\nand habits of such animals, as were present to\nmy observations.\nThe conflicts of the male buffaloes and\ntbe deer, the attack of the latter on tbe rattle*\nsnake, the Industry and Ingenuity of tbe latter\nin constructin"
buffaloes,chroniclingamerica,1828-11-26,"Image 4 of Morning star (Limerick, Me.), November 26, 1828",http://www.loc.gov/resource/sn84024361/1828-11-26/ed-1/?sp=4,True,"am and shaking it into butter,\nAll the butter used by the Turks is rancid, tal\nlow like stufl] brought {rom Russia in buffaloes\u2019\nskins.\nGreek Church.\u2014The Greek church in Turkey,\nin some respects, has departed even farther\nfrom the si"
buffaloes,chroniclingamerica,1829-05-29,"Image 7 of The rights of all (New-York [N.Y.]), May 29, 1829",http://www.loc.gov/resource/sn83027094/1829-05-29/ed-1/?sp=7,True,"asts of Coroman\ndel and Malabar they are little more than\nforty miles in length, and about fifteen\nmiles in breadth. Buffaloes anti nven are\nthe domesticated animals, and there are\nno sheep; one of the classes of inhabitants\ninto which the pop"
buffaloes,chroniclingamerica,1835-10-08,"Image 1 of Martinsburg gazette (Martinsburg, Va. [W. Va.]), October 8, 1835",http://www.loc.gov/resource/sn84038468/1835-10-08/ed-1/?sp=1,True,"ou can.\u2014\nHere arc while people present who will\nlaugh at you if you don\u2019t kill. Go! don\u2019t\nyou see 'he buffaloes have already got (he\nscent of you and have started?\u2019\nConceive it possible, our astonishment,\nwhen the speaker\u"
buffaloes,chroniclingamerica,1835-04-04,"Image 2 of Daily national intelligencer (Washington City [D.C.]), April 4, 1835",http://www.loc.gov/resource/sn83026172/1835-04-04/ed-1/?sp=2,True,"ed himself many hardy ad\nventures and exploits in company with his youthful\nbrave,\u201d when we should get among the buffaloes, in the\nPawnee hunting grounds.\nAfter riding some distance, we crossed a narrow, deep\nstream, upon a solid bridge, t"
buffaloes,chroniclingamerica,1827-08-23,"Image 2 of Daily national intelligencer (Washington City [D.C.]), August 23, 1827",http://www.loc.gov/resource/sn83026172/1827-08-23/ed-1/?sp=2,True,"structed of interwoven bawboos,\nabout 30 feet in height\u2014in which, as we ap\nproached, we observed about six large buffaloes,\nand several cages with tigers had been attached,\nat different places, on the outside of the bamboo\nenclosure, each "
buffaloes,chroniclingamerica,1835-11-12,"Image 1 of Virginia free press (Charlestown, Va. [W. Va.]), November 12, 1835",http://www.loc.gov/resource/sn84026784/1835-11-12/ed-1/?sp=1,True,"alli*\ntMitiaa horsemen, who, with theur bows I\nof clay and arrows of straw, actually\npierced the sides of the living buffaloes\nat the distance of three feet. Several\nof the little animals soon fell, apparent\nly tit ad\u2014hut two of them ran "
buffaloes,chroniclingamerica,1831-04-23,"Image 1 of Daily national intelligencer (Washington City [D.C.]), April 23, 1831",http://www.loc.gov/resource/sn83026172/1831-04-23/ed-1/?sp=1,False,
buffaloes,chroniclingamerica,1829-02-21,"Image 3 of The Delaware register, or, Farmers', manufacturers' & mechanics' advocate (Wilmington, Del.), February 21, 1829",http://www.loc.gov/resource/sn84020593/1829-02-21/ed-1/?sp=3,True,"ead of a river god rising up in his majesty.\nBehind, the stern rose to a considerable height, and was hung\nin elegant buffaloes, trimmed with pink lace, vandyked. The\ndriver was a dasher, somewhat broken down by long use, but\nanother one soon su"
buffaloes,chroniclingamerica,1823-06-02,"Image 2 of Daily national intelligencer (Washington City [D.C.]), June 2, 1823",http://www.loc.gov/resource/sn83026172/1823-06-02/ed-1/?sp=2,True,"y sun, I was sur\nprized by a tremendous rushing noise. I sprang\nup, and discovered a herd, I believe, of a thou\nsand buffaloes, running at full speed directly to\nwards me; with a view, as 1 supposed, to beat\noff the flies, which, at this season"
buffaloes,chroniclingamerica,1831-04-25,"Image 1 of Daily national intelligencer (Washington City [D.C.]), April 25, 1831",http://www.loc.gov/resource/sn83026172/1831-04-25/ed-1/?sp=1,True,"April 21\u20143 t (Tel. Jour.)\nFIVE DOLLARS REWARD*\nQTRAYED or stolen on the 18th instant, FIVE COWS,\nO four of them Buffaloes, and one of them a horned\nCow.\nOne of the Buffaloes is spotted white and black, and\nis with calf, and dry.\nThe horn"
buffaloes,chroniclingamerica,1830-06-03,"Image 1 of Martinsburg gazette and public advertiser (Martinsburg, Va. [W. Va.]), June 3, 1830",http://www.loc.gov/resource/sn85059526/1830-06-03/ed-1/?sp=1,True,"00bb of one man at least.\nThey had, therefore, hitheito kept out ot\nsight; but when they saw him ride away after\nthe buffaloes, they sent a runner t tn\ndueneed by the known character of the man;\nbut I |thought there was something even in\nthe "
buffaloes,chroniclingamerica,1831-04-21,"Image 3 of Daily national intelligencer (Washington City [D.C.]), April 21, 1831",http://www.loc.gov/resource/sn83026172/1831-04-21/ed-1/?sp=3,True,"n.\nap 21\u2014eo3t E. B. KING.\nFIVE DOLLARS REW ARD.\nSTRAYED or stolen on the 18th instant, FIVE COWS,\nfour of them Buffaloes, and one of them a horned\nCow.\nOne of the Buffaloes is spotted white and black, and\nis with calf, and dry.\nThe horn"
buffaloes,chroniclingamerica,1833-05-18,"Image 1 of The Portsmouth journal and Rockingham gazette (Portsmouth, N.H.), May 18, 1833",http://www.loc.gov/resource/sn84023361/1833-05-18/ed-1/?sp=1,True," be accom\nplished by more practiced hands with the same weapon.\nWe had the merriest sport imaginable, in\nchasing the buffaloes over these perfectly\nlevel plains, and shooting them with the\narrows we had taken from the Indians we\nhad killed. I "
buffaloes,chroniclingamerica,1828-09-12,"Image 1 of Delaware journal (Wilmington [Del.]), September 12, 1828",http://www.loc.gov/resource/sn83025530/1828-09-12/ed-1/?sp=1,False,
buffaloes,chroniclingamerica,1833-05-18,"Image 2 of Cherokee phoenix, and Indians' advocate (New Echota [Ga.]), May 18, 1833",http://www.loc.gov/resource/sn83020874/1833-05-18/ed-1/?sp=2,True,"ose fine countries-ofthe \u2018\u2018far west,\u201d\nwhile atill in a state of pristine wildness,\nand behold herds of buffaloes, scouring\ntheir native prairies, before they are\ndiven beyond the reach of a civilized\n\u201ctourist,\nWoe, accordin"
buffaloes,chroniclingamerica,1831-09-27,"Image 2 of Rhode Island American and gazette (Providence, R.I.), September 27, 1831",http://www.loc.gov/resource/sn83021403/1831-09-27/ed-1/?sp=2,True,"nt\nservant, LEVI LINCOLN.\nTo Abner Phelps, &c.\nFrom Lewis and Clark\u2019s Journal.\nIndians singular mode of taking Buffaloes.\nOn the north we passed a precipice about one\nhundred and twenty feet high, under which lay\nscattered the fragments "
buffaloes,chroniclingamerica,1835-12-30,"Image 4 of Republican herald (Providence [R.I.]), December 30, 1835",http://www.loc.gov/resource/sn83021460/1835-12-30/ed-1/?sp=4,True,"acf:' of these\nhuman bears immediately commenced the process\nof moulding number uglillle images, exactly re\nsembling buffaloes, men and horses, bows, ar\nrows, &c. When they had completed nine of\neach nricl\u2018, the miniature buffaloes were al"
buffaloes,chroniclingamerica,1825-05-09,"Image 2 of Daily national intelligencer (Washington City [D.C.]), May 9, 1825",http://www.loc.gov/resource/sn83026172/1825-05-09/ed-1/?sp=2,True,"19Fallon\nthinks th 2JJ/J less than the Chippewas, and conse\nquently only 4000. They generally follow and live on\nthe Buffaloes, and dwell on the Prairies. In 1821, it is\nsaid, tha\u2019 by burning of tae prairies, the Buffaloes\nwere al . ks, an"
buffaloes,chroniclingamerica,1832-05-02,"Image 1 of The Arkansas gazette (Arkansas Post, Ark. Ter.), May 2, 1832",http://www.loc.gov/resource/sn82016482/1832-05-02/ed-1/?sp=1,True," much beef in the world\nThe land is alive with the creatures that\nnaturalists call Bisons, but which we\nhunters call Buffaloes. There are, at\nleast, twenty thousand in that herd.\u2014\nHark, what a thundering noise they\nmake!\nThey do not bell"
buffaloes,chroniclingamerica,1820-05-30,"Image 2 of Elizabeth-Town gazette (Elizabeth-Town, N.J.), May 30, 1820",http://www.loc.gov/resource/sn85025061/1820-05-30/ed-1/?sp=2,True,"\u2014is taken\nthe following curious story of the manner\nin which the Indians out-wit their peace\nable neighbors the buffaloes:\u2014\u201c An In\ndian covers himself with the skin of one\nof these animals, the ears aud horns fas\ntened on his ow"
buffaloes,chroniclingamerica,1827-10-16,"Image 1 of Daily national intelligencer (Washington City [D.C.]), October 16, 1827",http://www.loc.gov/resource/sn83026172/1827-10-16/ed-1/?sp=1,False,
buffaloes,chroniclingamerica,1828-09-11,"Image 3 of Phenix gazette (Alexandria [D.C.]), September 11, 1828",http://www.loc.gov/resource/sn85025006/1828-09-11/ed-1/?sp=3,False,
buffaloes,chroniclingamerica,1828-10-14,"Image 3 of The Arkansas gazette (Arkansas Post, Ark. Ter.), October 14, 1828",http://www.loc.gov/resource/sn82016482/1828-10-14/ed-1/?sp=3,True,"of our Creek Indians\nhave been on a buffalo hunt; and after\nan absence of twenty days, returned,\nwith the meat of 24 buffaloes, which\nthey killed. They saw about 600\nbuffaloes, and an immense number of\ndeer, whilst out, and would have kill\ned"
buffaloes,chroniclingamerica,1832-05-22,"Image 2 of Phenix gazette (Alexandria [D.C.]), May 22, 1832",http://www.loc.gov/resource/sn85025006/1832-05-22/ed-1/?sp=2,False,
buffaloes,chroniclingamerica,1820-05-09,"Image 1 of The Portland gazette (Portland, Me.), May 9, 1820",http://www.loc.gov/resource/sn83016083/1820-05-09/ed-1/?sp=1,True," taken the following r.urimit\n\u2022tory of the manner in which the Indians out\ns', it their peaceable neighbors, the buffaloes\nAn Indian co ers himsel wi\u2019h the skin of one\nof these animals, the ears end horns fastened on\nhis own head so a"
buffaloes,chroniclingamerica,1828-09-11,"Image 3 of Daily national intelligencer (Washington City [D.C.]), September 11, 1828",http://www.loc.gov/resource/sn83026172/1828-09-11/ed-1/?sp=3,False,
buffaloes,chroniclingamerica,1827-10-17,"Image 1 of Daily national intelligencer (Washington City [D.C.]), October 17, 1827",http://www.loc.gov/resource/sn83026172/1827-10-17/ed-1/?sp=1,True," last; two of them red\nbuffaloes, one a red' brindle with horns, has some mark\non rhe ear not recollected. One of the buffaloes gives\nmilk. The owner or owners are desired to come fo'\nward, prove property, pay charge's, and take them awav\noct 1"
buffaloes,chroniclingamerica,1835-04-18,"Image 1 of New-Hampshire statesman and state journal (Concord [N.H.]), April 18, 1835",http://www.loc.gov/resource/sn84022931/1835-04-18/ed-1/?sp=1,True,"nd of Pawnees. This caused some little un..\neasiness. The young men who had left the]\nline of march in pursuit of two buffaloes, had\nnot yet rejoined us apprehensions were ex-l\npressed that they might be waylaid and attack-\ned. OQur veteran hun"
buffaloes,chroniclingamerica,1816-07-19,"Image 2 of The Rhode-Island American, and general advertiser (Providence [R.I.]), July 19, 1816",http://www.loc.gov/resource/sn83025442/1816-07-19/ed-1/?sp=2,True,"m Elba, and a process\nof outlaw ry has been sued f their being\nwanton trespassers. They say these hunters\nkill more buffaloes, in one year than would\nsupport both nation* (10,000 souls) for the\nsame period; and that 4000 buffaloes were\nkilled"
buffaloes,chroniclingamerica,1822-07-13,"Image 2 of Daily national intelligencer (Washington City [D.C.]), July 13, 1822",http://www.loc.gov/resource/sn83026172/1822-07-13/ed-1/?sp=2,True,"e rallies rich\nand beautiful, covered with grass, clover, wood, and wild\nfruits, finely watered; abounding in horses, buffaloes,\nantelopes, and the most valuable ot tbe furied animals,\nnot excepting the ermine in a word, presenting all the\nchar"
buffaloes,chroniclingamerica,1833-02-25,"Image 2 of The National Republican and Cincinnati daily mercantile advertiser (Cincinnati, [Ohio]), February 25, 1833",http://www.loc.gov/resource/sn84028759/1833-02-25/ed-1/?sp=2,True," \u201cthe crystal well\u201d but more frequent\nly the muddy stream nr pond from which they\nhud just driven a herd of buffaloes. Another\nof their privations was the want of fuel, unless\nunder that term you will be pleased to include\nthe excremo"
buffaloes,chroniclingamerica,1824-05-17,"Image 2 of Daily national intelligencer (Washington City [D.C.]), May 17, 1824",http://www.loc.gov/resource/sn83026172/1824-05-17/ed-1/?sp=2,True,"ned by rivers a thousand miles in length,\ni there was not one resident human being. All were rov\nj ing, following the buffaloes and other game. To the\nsouth of the Yellow Stone live the Crow Indians, also\nI numerous, powerful,and roving. In this"
buffaloes,chroniclingamerica,1822-03-19,"Image 2 of Edwardsville spectator (Edwardsville, Ill.), March 19, 1822",http://www.loc.gov/resource/sn82015374/1822-03-19/ed-1/?sp=2,True,"teach them their way of worshipping the\nGreat Spirit, and of cultivating the\nground, He said there were a good ma\nny buffaloes in his country, which his\nnation wished to be permitted to hunt a\nwhile longer and after he was dead, and\nthe hulTal"
buffaloes,chroniclingamerica,1835-04-04,"Image 3 of Daily national intelligencer (Washington City [D.C.]), April 4, 1835",http://www.loc.gov/resource/sn83026172/1835-04-04/ed-1/?sp=3,True,"nas the horst men drew near.\nIt was, in fact, one of the rangers who had set off in\nthe morning in pursuit of the two buffaloes. He rode\ninto the camp, with the spoils of the chase hanging round\nbis horse, and followed by his companions all soun"
buffaloes,chroniclingamerica,1830-02-18,"Image 2 of Daily national intelligencer (Washington City [D.C.]), February 18, 1830",http://www.loc.gov/resource/sn83026172/1830-02-18/ed-1/?sp=2,True," the appearance of the Indians, I bad the re\ncall sounded, and they- returned and reported that they\nhad killed three buffaloes.\nThe Indians having disappeared, about 1 or 2 o\u2019clock,\nI directed a party of sixteen men, an officer and a non\n"
exhilerating,chroniclingamerica,1831-06-18,"Image 2 of Alabama state intelligencer (Tuscaloosa, Ala.), June 18, 1831",http://www.loc.gov/resource/sn84021903/1831-06-18/ed-1/?sp=2,False,
exhilerating,chroniclingamerica,1825-07-16,"Image 4 of The ladies' garland (Harpers-Ferry, Va. [W. Va.]), July 16, 1825",http://www.loc.gov/resource/sn85059803/1825-07-16/ed-1/?sp=4,True, the ne\ncessary articles and ingredients for tea\ndrinking. From this repository the tea\npot was replenished with the exhilerating\nherb\u2014an herb which my good mother\n(relieved indispensably necessary to in\nsure her in the continuance of the ex
exhilerating,chroniclingamerica,1813-10-29,"Image 2 of Daily national intelligencer (Washington City [D.C.]), October 29, 1813",http://www.loc.gov/resource/sn83026172/1813-10-29/ed-1/?sp=2,True,"tish flag taken at Erie\""\nis inconceivable several bands of mu\nsic and companies of ladies visited this\nspectacle so exhilerating.\nIt was observed by a lady in the group\nthat a victory, like Perry\u2019s, which\ngave security and repose to 200,000"
exhilerating,chroniclingamerica,1826-01-11,"Image 2 of The telegraph (Warren, R.I.), January 11, 1826",http://www.loc.gov/resource/sn83021517/1826-01-11/ed-1/?sp=2,False,
exhilerating,chroniclingamerica,1821-03-03,"Image 1 of The Arkansas gazette (Arkansas Post, Ark. Ter.), March 3, 1821",http://www.loc.gov/resource/sn82016482/1821-03-03/ed-1/?sp=1,True,"ate, of a Lieut. Cel.\nDon Vicente UauGas, who writes thus t\n1 have just arrived from St, Ana, af\nter seeing the most exhilerating, libeial,\nand incomprehensible interview th3t can\nbe imagined. Yes. my friend, Morillo\nand Bolivar, with various chi"
exhilerating,chroniclingamerica,1821-06-16,"Image 1 of The Arkansas gazette (Arkansas Post, Ark. Ter.), June 16, 1821",http://www.loc.gov/resource/sn82016482/1821-06-16/ed-1/?sp=1,True," ot the eggs caa produce\nany th'ng over which vanity sits brood\ning. Yet expectation is pleasing.\nThere is something exhilerating in this\nacquisition to the professors of taw. A\ntitle drawn in a strange language must\nbe, to a certain degree, obsc"
exhilerating,chroniclingamerica,1817-05-22,"Image 2 of Daily national intelligencer (Washington City [D.C.]), May 22, 1817",http://www.loc.gov/resource/sn83026172/1817-05-22/ed-1/?sp=2,True,"of comfort and independence, encounter\nvoluntary toils and privations,and the success of\ntheir efforts affords a most exhilerating subject\nfor contemplation. Still, it is certain that the\nardor for emigration may be excessive, and per\nhaps the tim"
exhilerating,chroniclingamerica,1820-07-31,"Image 3 of Daily national intelligencer (Washington City [D.C.]), July 31, 1820",http://www.loc.gov/resource/sn83026172/1820-07-31/ed-1/?sp=3,True,"Zanesville mine, and that the banks in that neigh\nborhood were raised 20 per cent. Should the\nlate discovery prove as exhilerating to the bank\nof Indiana, we might reckon our money no more\nthan twenty-four per cent, below par, instead of\nforty-fiv"
exhilerating,chroniclingamerica,1803-12-06,"Image 1 of The New Hampshire gazette (Portsmouth [N.H.]), December 6, 1803",http://www.loc.gov/resource/sn83025588/1803-12-06/ed-1/?sp=1,False,
exhilerating,chroniclingamerica,1826-10-17,"Image 2 of Daily national intelligencer (Washington City [D.C.]), October 17, 1826",http://www.loc.gov/resource/sn83026172/1826-10-17/ed-1/?sp=2,True,"elf at home. The circle that assem\nbled around their evening fire, entered into con\nversations, that were cordial and exhilerating.\nThe fair, too, was such in ail respects,\u2014although\nfurnished in a cabin, \u2014as is not often found in\nmore su"
exhilerating,chroniclingamerica,1800-01-22,"Image 1 of The Providence journal, and town and country advertiser (Providence [R.I.]), January 22, 1800",http://www.loc.gov/resource/sn83021629/1800-01-22/ed-1/?sp=1,True,"e mode ft v, the conftant attendant of pre\nsMncnt .virtue. Wlqt was the burft of joy\nthrough our anxious land on this exhilerating\nevent, is kftoWn to it's aIT. TheageH,'the young,\nthe bravttbc bjr, rivalled each other in de;\nof their gratitude an"
exhilerating,chroniclingamerica,1822-10-01,"Image 3 of American watchman and Delaware advertiser (Wilmington, Del.), October 1, 1822",http://www.loc.gov/resource/sn82014894/1822-10-01/ed-1/?sp=3,True,"nciples.\""\u2014We are credibly informed\nthat the Judge never sneered at religion except\nwhen put off his guard by an exhilerating glass\u2014\nfurther, he always smiles and bows to parsons when\nlie meets them, has even invited clergymen to sup\nand"
exhilerating,chroniclingamerica,1824-09-16,"Image 1 of Martinsburgh gazette (Martinsburgh, Va. [W. Va.]), September 16, 1824",http://www.loc.gov/resource/sn84038455/1824-09-16/ed-1/?sp=1,True,"s of otir Mate, who wMl be ea\nger tu offer their devotion on the alter\nof patriotism, which will burn with new\nf and exhilerating incense on that fesliv*\nI occasion,\u2014Beacon\ni From t e follow ing letter to CofoaeL\nHoward, the conclusion has b"
exhilerating,chroniclingamerica,1824-03-24,"Image 3 of The Alexandria herald (Alexandria [Va.]), March 24, 1824",http://www.loc.gov/resource/sn84024513/1824-03-24/ed-1/?sp=3,True,"ade a penal of.\nfence in every state in the union, it\nought to be made so, were it only that\nin its exhibition, this exhilerating gas\nproduces, invariably, cither the hideous\nspectacle of temporary lunacy, or the\ni till m nrn rlicrvuoiit^rv f\n-r"
exhilerating,chroniclingamerica,1830-06-02,"Image 1 of The Arkansas advocate (Little Rock, A.T. [Ark.]), June 2, 1830",http://www.loc.gov/resource/sn87062070/1830-06-02/ed-1/?sp=1,True,"cheek! But 1 am\nhalf-moralizing! It is a sombre theme,\nwith all delight; and I\u2019ll give it up for\nsomething more exhilerating. l)o you\nlove Burgundy?\nAs he made this interrogation, he\nwent to his closet, and drew' forth a bot\ntle of the mate"
exhilerating,chroniclingamerica,1822-05-22,"Image 4 of The Hillsborough recorder (Hillsborough, N.C.), May 22, 1822",http://www.loc.gov/resource/sn84026472/1822-05-22/ed-1/?sp=4,True,"ll grocery in order to tak- a cool\ning fraught of their delight; while the\nBlorc-keep-r ??a* engaged in drawing\nt. e exhilerating betcvaf'e, one of them\nespied a steam brat coming down tfie\nliver, not knowing what to make of h, j\ntan to the door,"
exhilerating,chroniclingamerica,1810-09-11,"Image 3 of The New Hampshire gazette (Portsmouth [N.H.]), September 11, 1810",http://www.loc.gov/resource/sn83025588/1810-09-11/ed-1/?sp=3,True,"\""&3\u2018:31:;: took fev:\n_eral prisoners, atud many of the Fremch\ndeserted. The Lijbon fap\ufb02j contains ma-.\nny exhilerating remarks onthis repulse of\nthe engmy. They add, that the grear\nobjec? of the movements and operations\n\u00aba{z\u00e9"
exhilerating,chroniclingamerica,1821-09-26,"Image 4 of The Massachusetts spy (Worcester [Mass.]), September 26, 1821",http://www.loc.gov/resource/sn83021201/1821-09-26/ed-1/?sp=4,False,
exhilerating,chroniclingamerica,1830-05-18,"Image 1 of Daily Richmond Whig (Richmond, Va.), May 18, 1830",http://www.loc.gov/resource/sn85026767/1830-05-18/ed-1/?sp=1,True,"em when they honor him with a Call, to\nai.iy their thirst, or refresh themselves, witu n glass\no. that most pleasant, exhilerating and healthy bev\nerage, his pure, fragrant nnd fresh Soda, cold an ice\ncan make it, and sweetened with syrup of tlie c"
exhilerating,chroniclingamerica,1830-06-03,"Image 1 of Daily Richmond Whig (Richmond, Va.), June 3, 1830",http://www.loc.gov/resource/sn85026767/1830-06-03/ed-1/?sp=1,True,"em when they honor him with a call, to\nallay their thirst, or refresh themselves, with a glass\nor that most pleasant, exhilerating and healthy bev\nerage, hi* pure, fragrant and fresh Soda, \u00a9old aa ice\ncan make it, and sweetened with syrup of t"
exhilerating,chroniclingamerica,1814-08-20,"Image 1 of Virginia Argus (Richmond, Va.), August 20, 1814",http://www.loc.gov/resource/sn84024710/1814-08-20/ed-1/?sp=1,True,"oi\nfi'redom. 1 o an American citizen, the set*\ntlement and grow h of the western states\nincludes very thing winch is exhilerating\nboth in the retrospect and in anticipation\nand in dt fiarce of all hyper-criticiini, it\nmav he declared, that few, i"
exhilerating,chroniclingamerica,1830-06-07,"Image 1 of Daily Richmond Whig (Richmond, Va.), June 7, 1830",http://www.loc.gov/resource/sn85026767/1830-06-07/ed-1/?sp=1,True,"em when they honor him with a call, to\nallay their thirst, or refresh themselves, with a glass\nof that must pleasant, exhilerating and healthy bev\nerage, his pure, fragrant and fresh Soda, cold as ice\ncan muke it, and sweetened with syrup of tlie c"
exhilerating,chroniclingamerica,1824-10-11,"Image 4 of New-Hampshire statesman (Concord, N.H.), October 11, 1824",http://www.loc.gov/resource/sn84022927/1824-10-11/ed-1/?sp=4,True,"ms were repeated\nto the writer by one who heard them at the\ntime, and to whose recollection they were\nbrought by the exhilerating events of the last|\nweek. Am Foglish lady, residing in Hing- 1\nham, about 1794, imagined that there stood\n\u2018befo"
exhilerating,chroniclingamerica,1822-10-29,"Image 4 of The New Hampshire gazette (Portsmouth [N.H.]), October 29, 1822",http://www.loc.gov/resource/sn83025588/1822-10-29/ed-1/?sp=4,True,"ery in order to take a cooiing\u00abdraught of\ntheir hearts delight while the store keeper\nwas engaged in drawing the exhilerating\nbeverage, one of them espied a fteam.boat\n\u2018coming down the river not knowing what\nto make of it, run to the doo"
exhilerating,chroniclingamerica,1818-08-18,"Image 1 of The Portland gazette (Portland, Me.), August 18, 1818",http://www.loc.gov/resource/sn83016083/1818-08-18/ed-1/?sp=1,True,"its irra\ndialing eflulgence, and resplendent glories I\non the plains below, The lowly cottage e\nven now receives the exhilerating beam,and\nthe tribes of children ol the poor and needy,\nate lushing towaids the precious light. 1\nam not a prophet* n"
exhilerating,chroniclingamerica,1818-06-09,"Image 4 of The New Hampshire gazette (Portsmouth [N.H.]), June 9, 1818",http://www.loc.gov/resource/sn83025588/1818-06-09/ed-1/?sp=4,True,"s Suzare, Efy.\nL Isaac Wavoron, Jx. Efg.\nMar. 27. e\nSODJA-WA'['ER.\nTHOSE Gentlemen and Ladies who are fond\nof this exhilerating beverage arc informed\nthat a Fountain is set up at the\nCONFECTIONARY,\nin Copgrefi-fireet, opposite the Bgl Tavern,\n"
exhilerating,chroniclingamerica,1818-05-19,"Image 4 of The New Hampshire gazette (Portsmouth [N.H.]), May 19, 1818",http://www.loc.gov/resource/sn83025588/1818-05-19/ed-1/?sp=4,True,"S, on good terms.\nJOSEPH WIGGIN.\nMay s\nSODA-WATER.\n5\nq\u2018HOSE Gentlem\u00e9n and Ladies who arefond\n-2 of this exhilerating beverage are informed\nthat a Fountain is set up at the\nCONFECTIONARY,\nil Congrefs-firect, opposite the Bell Tavern,\"
exhilerating,chroniclingamerica,1803-01-25,"Image 4 of The New Hampshire gazette (Portsmouth [N.H.]), January 25, 1803",http://www.loc.gov/resource/sn83025588/1803-01-25/ed-1/?sp=4,True,"er themselves ex.\ntremcly miserable in the event., They must\nbe exceedingly flapid and infenflible, who\nentertain no exhilerating views of the great\nuniverlally reformiog work, the all-wife and\nall-powerful Frienp of MaN, is now\nbringing to a {pe"
exhilerating,chroniclingamerica,1827-02-03,"Image 3 of New-Hampshire intelligencer (Haverhill, N.H.), February 3, 1827",http://www.loc.gov/resource/sn84023169/1827-02-03/ed-1/?sp=3,False,
exhilerating,chroniclingamerica,1820-06-13,"Image 2 of Daily national intelligencer (Washington City [D.C.]), June 13, 1820",http://www.loc.gov/resource/sn83026172/1820-06-13/ed-1/?sp=2,False,
exhilerating,chroniclingamerica,1833-08-31,"Image 4 of The liberator (Boston, Mass.), August 31, 1833",http://www.loc.gov/resource/sn84031524/1833-08-31/ed-1/?sp=4,True,"l purposes, and their antidotes when\ntaken by accident.\nDuring the course the mode of preparing\nthe Nitrous Oxide or Exhilerating Gas will\nbe shown, and as many facts as are practicable,\nwill be illustrated by experiment.\nTickets may be procured "
exhilerating,chroniclingamerica,1833-09-28,"Image 4 of The liberator (Boston, Mass.), September 28, 1833",http://www.loc.gov/resource/sn84031524/1833-09-28/ed-1/?sp=4,True,"oses, and their antidotes when\ntaken by accident.\nDuring the course the mode of preparing\u2019\nthe Nitrous Oxide or Exhilerating Gas will\nbe shown, and as many facts as are practicable,?\nwill be illustrated by experiment.\nTickets may be procured"
exhilerating,chroniclingamerica,1833-09-21,"Image 4 of The liberator (Boston, Mass.), September 21, 1833",http://www.loc.gov/resource/sn84031524/1833-09-21/ed-1/?sp=4,True," purposes, and their antidotes when\ntaken by accident.\nDuring the course the mode of preparing'\nthe Nitrous Oxide or Exhilerating Gas will\nbe shown, and as many facts as are practicable,\nwill be illustrated by experiment.\nTickets may be procured "
exhilerating,chroniclingamerica,1833-08-24,"Image 3 of The liberator (Boston, Mass.), August 24, 1833",http://www.loc.gov/resource/sn84031524/1833-08-24/ed-1/?sp=3,True,"l purposes, and their antidotes when\ntaken by accident.\nDuring the course the mode of preparing\nthe Nitrous Oxide or Exhilerating Gas will\nbe shown, and as many facts as are practicable,\nwill be illustrated by experiment.\nTickets may be procured "
exhilerating,chroniclingamerica,1830-05-22,"Image 1 of Daily Richmond Whig (Richmond, Va.), May 22, 1830",http://www.loc.gov/resource/sn85026767/1830-05-22/ed-1/?sp=1,False,
exhilerating,chroniclingamerica,1830-07-02,"Image 1 of Daily Richmond Whig (Richmond, Va.), July 2, 1830",http://www.loc.gov/resource/sn85026767/1830-07-02/ed-1/?sp=1,True,"em when they honor him with n call, to\nallay their thirst, or refresh themselves, with a glass\nof that most pleasant, exhilerating and healthy hcv-1\nernge. his pure, fragrnnt and fresh Soda, cold hr ice\ncan make it, and sweetened with syrup of the "
exhilerating,chroniclingamerica,1830-06-15,"Image 1 of Daily Richmond Whig (Richmond, Va.), June 15, 1830",http://www.loc.gov/resource/sn85026767/1830-06-15/ed-1/?sp=1,False,
exhilerating,chroniclingamerica,1830-07-08,"Image 1 of Daily Richmond Whig (Richmond, Va.), July 8, 1830",http://www.loc.gov/resource/sn85026767/1830-07-08/ed-1/?sp=1,True,"em whon they honor him with a call, to\nallay their thirst, or refresh themselves, with n glass\nof that most pleasant, exhilerating and healthy bev\nerage, his pure, fragrant and fresh Soda, cold as ice\ncan make it, and sweetened with syrup of tho ch"
exhilerating,chroniclingamerica,1830-06-30,"Image 1 of Daily Richmond Whig (Richmond, Va.), June 30, 1830",http://www.loc.gov/resource/sn85026767/1830-06-30/ed-1/?sp=1,True," when they honor him with a call, to\nallay their thirst, or refresh themselves, with a glass\nj of that most pleasant, exhilerating ami healthy bev\n1 flroge, his pure, fragrant and fresh Soda, cold as ico\ncan make it, and sweetened with syrup of the"
exhilerating,chroniclingamerica,1830-07-15,"Image 1 of Daily Richmond Whig (Richmond, Va.), July 15, 1830",http://www.loc.gov/resource/sn85026767/1830-07-15/ed-1/?sp=1,False,
systematize,chroniclingamerica,1817-09-17,"Image 2 of Daily national intelligencer (Washington City [D.C.]), September 17, 1817",http://www.loc.gov/resource/sn83026172/1817-09-17/ed-1/?sp=2,True,"eat cattle tn. ovina,\nto the distempers of sheep; m canina,\nto those of dogs &c. &c. the lecture be\ning intended to .systematize those very\nimportant departments of science.\nTALLEYRAND.\nThe following outline of this extraor\ndinary being is thu"
systematize,chroniclingamerica,1816-08-23,"Image 3 of Daily national intelligencer (Washington City [D.C.]), August 23, 1816",http://www.loc.gov/resource/sn83026172/1816-08-23/ed-1/?sp=3,True,"principlesol\nthe most useful and ornamental sciences.\nBesides the great object of the elemen\ntary years should be to systematize ideas,\nto discover their relation to, and depen\ndance upon each other. By this system\nthe mind is disciplined into "
systematize,chroniclingamerica,1813-03-06,"Image 2 of Daily national intelligencer (Washington City [D.C.]), March 6, 1813",http://www.loc.gov/resource/sn83026172/1813-03-06/ed-1/?sp=2,True,"rtation to the enemy and her allies.\nThe only effect of unlimited exporta\ntion 8c prohibited importation must be,\nto systematize and familiarize the base\nand detestable crime of smuggling, un\ntil lately Unknown amongst us.\nMILITARY PARADE ON TH"
systematize,chroniclingamerica,1825-03-03,"Image 3 of The Rhode-Island Republican (Newport, R.I.), March 3, 1825",http://www.loc.gov/resource/sn83025561/1825-03-03/ed-1/?sp=3,True,"dis\npensably necessary, not only to faciliate, bu:\nto concentrate and ecmbody the diversity o\nviews which exist, snd systematize a general\npian of operation. The Memornialists solicit\nthe aitention of Gove:nment to (he sutject\nIt is case wheie "
systematize,chroniclingamerica,1800-05-20,"Image 1 of The New Hampshire gazette (Portsmouth [N.H.]), May 20, 1800",http://www.loc.gov/resource/sn83025588/1800-05-20/ed-1/?sp=1,True,", which ripened into a&s of\noutrage against #be7z, and were extend\ned to private citizens. Committees\nwere formed to systematize and in\nflame the {pirit of opposition. Violence\nsucceeded to violense, and the col\nlector of Fayette county was com"
systematize,chroniclingamerica,1815-12-16,"Image 2 of Daily national intelligencer (Washington City [D.C.]), December 16, 1815",http://www.loc.gov/resource/sn83026172/1815-12-16/ed-1/?sp=2,True," means are to be\napplied. The national faith seems to re\nquire no effort of complicated legislation a\nsingle act may systematize the means of its\nrestoration, so that it be afterwards sup\nported by the receipts of the ord nary reve\nnue. Naval a"
systematize,chroniclingamerica,1817-07-01,"Image 2 of Daily national intelligencer (Washington City [D.C.]), July 1, 1817",http://www.loc.gov/resource/sn83026172/1817-07-01/ed-1/?sp=2,False,
systematize,chroniclingamerica,1821-01-06,"Image 2 of The Alexandrian: a commercial, agricultural and literary journal ([Alexandria, D.C.]), January 6, 1821",http://www.loc.gov/resource/sn84038753/1821-01-06/ed-1/?sp=2,True,"stinctions, which arise from .extrava\nrance in dress, and the pomp ot courtly parade. With\nhis view, and in order to .systematize our designs, we\nhave formed our constitution\nThe following is the article in the constitution respect\ning dress.\nA"
systematize,chroniclingamerica,1825-02-07,"Image 1 of Daily national intelligencer (Washington City [D.C.]), February 7, 1825",http://www.loc.gov/resource/sn83026172/1825-02-07/ed-1/?sp=1,True,"\nenergies of his genius to complete, arm, and\nclothe the army, to place the marine on a re\nspectable looting, and to systematize the public\nfinances. The indefatigable attention which he\nhas devoted to all these branches of the public\nservice, "
systematize,chroniclingamerica,1811-11-07,"Image 1 of Virginia Argus (Richmond, Va.), November 7, 1811",http://www.loc.gov/resource/sn84024710/1811-11-07/ed-1/?sp=1,True,"s, and force us to volunt'd r and fight tor\nthe glory of our king\u2014\nWe are not biased with hordes of nobility\nto systematize oppression and thrive on the\nsufferings of the community\u2014\nWe have no star* and coronets\u2014r.o pom\npous titl"
systematize,chroniclingamerica,1830-07-09,"Image 4 of Virginia advocate (Charlottesville, Va.), July 9, 1830",http://www.loc.gov/resource/sn84024689/1830-07-09/ed-1/?sp=4,True,"ge that only which is\nuseful.\nSecond\u2014To condense it as fa* as its\npractical utility will admit.\nThird.\u2014To systematize and arrange\nthe whole in such a manner, that each\nand every portion shall be at immediate I\ncommand.\nt The scanty "
systematize,chroniclingamerica,1834-11-26,"Image 1 of Herald of the times (Newport, R.I.), November 26, 1834",http://www.loc.gov/resource/sn83021167/1834-11-26/ed-1/?sp=1,False,
systematize,chroniclingamerica,1823-10-07,"Image 2 of The National Republican and Ohio political register (Cincinnati [Ohio]), October 7, 1823",http://www.loc.gov/resource/sn84031604/1823-10-07/ed-1/?sp=2,False,
systematize,chroniclingamerica,1827-04-27,"Image 2 of American watchman and Delaware advertiser (Wilmington, Del.), April 27, 1827",http://www.loc.gov/resource/sn82014894/1827-04-27/ed-1/?sp=2,True,n\nmake more noise about nothing than any people\nwe ever met with. Meetings are got up (the*\n>iest thing in nature to systematize) ami the pro\nceedings bandied forth to the world us if they were\nreally adopted by the virtuous anti dignified part\
systematize,chroniclingamerica,1830-07-16,"Image 4 of Virginia advocate (Charlottesville, Va.), July 16, 1830",http://www.loc.gov/resource/sn84024689/1830-07-16/ed-1/?sp=4,True,"e that only which is\nuseful.\nSecond.\u2014To condense it as far as its\npractical utility will admit.\nThird.\u2014To systematize and arrange\nthe whole in such a manner, that each\nand every portion shall be at immediate\ncom rnand.\nThe scanty li"
systematize,chroniclingamerica,1832-04-21,"Image 2 of Southern planter (Woodville, Miss.), April 21, 1832",http://www.loc.gov/resource/sn87065672/1832-04-21/ed-1/?sp=2,False,
systematize,chroniclingamerica,1825-03-05,"Image 1 of Concord register (Concord, N.H.), March 5, 1825",http://www.loc.gov/resource/sn84022928/1825-03-05/ed-1/?sp=1,False,
systematize,chroniclingamerica,1800-05-24,"Image 1 of The United States oracle of the day (Portsmouth, N.H.), May 24, 1800",http://www.loc.gov/resource/sn83025544/1800-05-24/ed-1/?sp=1,False,
systematize,chroniclingamerica,1834-10-30,"Image 1 of Herald of the times (Newport, R.I.), October 30, 1834",http://www.loc.gov/resource/sn83021167/1834-10-30/ed-1/?sp=1,False,
systematize,chroniclingamerica,1830-07-15,"Image 3 of Martinsburg gazette and public advertiser (Martinsburg, Va. [W. Va.]), July 15, 1830",http://www.loc.gov/resource/sn85059526/1830-07-15/ed-1/?sp=3,False,
systematize,chroniclingamerica,1831-12-14,"Image 3 of Daily national intelligencer (Washington City [D.C.]), December 14, 1831",http://www.loc.gov/resource/sn83026172/1831-12-14/ed-1/?sp=3,True,"but\nespecially because the adoption of such a resolu\ntion would lead to an impression that the House\nwas disposed to systematize Internal Improve\nment, and with it the present high duties on\nimports, &c. He was disposed to soften and\nsooth, rat"
systematize,chroniclingamerica,1820-03-03,"Image 2 of Daily national intelligencer (Washington City [D.C.]), March 3, 1820",http://www.loc.gov/resource/sn83026172/1820-03-03/ed-1/?sp=2,True,"tion, that the inquiry into the conduct\nofthe chief magistrate originated in feelings of personal\ndisappointment, was systematize.\u2019 by a few^ and was\nfinally presented to the consideration ofthe House of Re\npresentatives for the mere purpose"
systematize,chroniclingamerica,1830-07-02,"Image 3 of Virginia advocate (Charlottesville, Va.), July 2, 1830",http://www.loc.gov/resource/sn84024689/1830-07-02/ed-1/?sp=3,True,"ge that only which is\nuseful.\nSecond\u2014To condense it as far as its\npractical utility will admit.\nThird.\u2014To systematize and arrange\nthe whole in such a manner, that each\nand every portion shall he at immediate\ncommand.\nThe scanty limi"
systematize,chroniclingamerica,1830-08-18,"Image 3 of The Arkansas gazette (Arkansas Post, Ark. Ter.), August 18, 1830",http://www.loc.gov/resource/sn82016482/1830-08-18/ed-1/?sp=3,True,"ge that only tohich is useful.\nSecond.\u2014To condense it as far as its practical\nutility will admit\nThird.\u2014To systematize and arrange the\nwhole in such manner, that each and every por\ntion shall be at immediate command.\nThe scanty limits"
systematize,chroniclingamerica,1830-07-07,"Image 1 of Wheeling compiler (Wheeling, Va. [i.e. W. Va.]), July 7, 1830",http://www.loc.gov/resource/sn84038587/1830-07-07/ed-1/?sp=1,True,",'u/t onh/ which is us-fid\nSecond \u2014To condense it as tar us its pr.ictica\nutility v\\ ill admit.\nThird.\u2014To systematize ant! arrange the whnh\nin such a manner, that each and every portion slial\nbe at immediate command.\nThe scanty limit"
systematize,chroniclingamerica,1834-11-13,"Image 4 of Herald of the times (Newport, R.I.), November 13, 1834",http://www.loc.gov/resource/sn83021167/1834-11-13/ed-1/?sp=4,False,
systematize,chroniclingamerica,1834-11-06,"Image 4 of Herald of the times (Newport, R.I.), November 6, 1834",http://www.loc.gov/resource/sn83021167/1834-11-06/ed-1/?sp=4,False,
systematize,chroniclingamerica,1826-11-30,"Image 1 of Rhode-Island American and Providence gazette (Providence [R.I.]), November 30, 1826",http://www.loc.gov/resource/sn83021385/1826-11-30/ed-1/?sp=1,True,"nvery considerable, and with additional mer\nchants, and an improved mode of transportation,\nwhich another season will systematize and com\nplete, will draw'' to Mount Carbon, either for\nconsumption or transportation, a very large pro\nportion of t"
systematize,chroniclingamerica,1833-05-20,"Image 2 of Daily national intelligencer (Washington City [D.C.]), May 20, 1833",http://www.loc.gov/resource/sn83026172/1833-05-20/ed-1/?sp=2,True," of perception was wonderful, and\nperhaps it was owing to this very quickness of percep\ntion that he was incapable of systematizing the results.\nIndeed, it might be said, that it required different orders\nof minds to make discoveries, and to syst"
systematize,chroniclingamerica,1829-08-05,"Image 1 of The Massachusetts spy, and Worcester County advertiser ([Worcester, Mass.]), August 5, 1829",http://www.loc.gov/resource/sn83021206/1829-08-05/ed-1/?sp=1,False,
systematize,chroniclingamerica,1829-06-30,"Image 3 of Constitutional Whig (Richmond, Va.), June 30, 1829",http://www.loc.gov/resource/sn83045110/1829-06-30/ed-1/?sp=3,False,
systematize,chroniclingamerica,1829-06-30,"Image 3 of Daily Richmond Whig (Richmond, Va.), June 30, 1829",http://www.loc.gov/resource/sn85026767/1829-06-30/ed-1/?sp=3,False,
systematize,chroniclingamerica,1825-11-11,"Image 2 of Rhode-Island American and Providence gazette (Providence [R.I.]), November 11, 1825",http://www.loc.gov/resource/sn83021385/1825-11-11/ed-1/?sp=2,False,
systematize,chroniclingamerica,1829-04-28,"Image 4 of Constitutional Whig (Richmond, Va.), April 28, 1829",http://www.loc.gov/resource/sn83045110/1829-04-28/ed-1/?sp=4,True,"thin\nthe range of the talents, virtue and intelligence of the\nSenators and Representatives, to arrange, combine,\nand systematize her laws and policy, general and lo\ncal.\nStrong objections are urged to the present judicial\nestablishment oft he S"
systematize,chroniclingamerica,1832-08-07,"Image 1 of Constitutional Whig (Richmond, Va.), August 7, 1832",http://www.loc.gov/resource/sn83045110/1832-08-07/ed-1/?sp=1,True,"capable of discrimination, of perceiving incon\ngruities visible as tho day, huge as Olympus? Or\nhas lie determined to systematize inconsistency, to\nleavo no one article of his ancient creed, no one\nopinion ever enunciated by him, uncoutradictcd\n"
systematize,chroniclingamerica,1825-02-18,"Image 4 of Constitutional Whig (Richmond, Va.), February 18, 1825",http://www.loc.gov/resource/sn83045110/1825-02-18/ed-1/?sp=4,False,
systematize,chroniclingamerica,1829-04-25,"Image 2 of Daily Richmond Whig (Richmond, Va.), April 25, 1829",http://www.loc.gov/resource/sn85026767/1829-04-25/ed-1/?sp=2,False,
systematize,chroniclingamerica,1832-04-13,"Image 2 of Constitutional Whig (Richmond, Va.), April 13, 1832",http://www.loc.gov/resource/sn83045110/1832-04-13/ed-1/?sp=2,False,
systematize,chroniclingamerica,1817-09-23,"Image 4 of Richmond enquirer (Richmond, Va.), September 23, 1817",http://www.loc.gov/resource/sn84024735/1817-09-23/ed-1/?sp=4,False,
systematize,chroniclingamerica,1829-05-01,"Image 4 of Richmond enquirer (Richmond, Va.), May 1, 1829",http://www.loc.gov/resource/sn84024735/1829-05-01/ed-1/?sp=4,True,"n the range of the talents, virtue and intelli-'\ngence of the Senators and Representatives, to ar\nrange, combine, and systematize her laws and pdli\ncy, general and local.\nStrong objections are urged (o the present judi\ncial establishment of the "
stampedo,archive.org (metadata date; check the item),1834-12-01,Military and Naval Magazine of the United States 1834-12: Vol 4 Iss 4,https://archive.org/details/sim_military-and-naval-magazine-of-the-united-states_1834-12_4_4,True,"Sl Oe a "" Sncadiapioana esata :
     
   
296 A [STAMPEDO]. | DrceMBER,
When northern hills their haught | beside, Fleet winner of my forest bride! C,
 
 
A [STAMPEDO].
The rain, Which had been falling ever since we |                     
 
 
 
 
   
  
1834. | A [STAMPEDO]. 297
an insta"
stampedo,archive.org (metadata date; check the item),1839-01-01,"Travels in North America During the Years 1834, 1835, & 1836 1839: Vol 1",https://archive.org/details/per_uncg_microfilm_hon-charles-august_1839_1,True,"of our Pawnee friends.
a *
JAA
A [STAMPEDO].
CHAPTER XVIII.
A [Stampedo]. — Number of Horses in the Encampment | Country. ; : Page 325 |
| CHAPTER XVIII. | | A [Stampedo].—Number of Horses in the Encampment. Mo- cassins | character ; this is called by the white traders a [Stampedo] ;"
stampedo,archive.org (metadata date; check the item),1839-01-01,"Travels in North America during the years 1834, 1835 & 1836, including a summer residence with the Pawnee tribe of India",https://archive.org/details/travelsinnortha03murrgoog,True," our  Pawnee  friends.
350  A  [STAMPEDO].
CHAPTER  XVIIl.
A  [Stampedo].  —  Number  of  Horses  in  the | Country,       .  •  .  Page  325
CHAPTER  XVIII.
A  [Stampedo], — Number  of  Horses  in  the  Encampment. — | this  is  cialled  by  the  white  traders a  [Stampedo] ;  a  m"
stampedo,archive.org (metadata date; check the item),1834-01-01,"The General stud book containing pedigrees of English race horses, &c. &c. from the earliest accounts to the year 1831, ",https://archive.org/details/generalstudbookc1118unse,True,"Knight of
Avenel - - - 505 by Knightof Kars 70 by [Stampedo]’ - 4 Barricade - - - 383i Barrier - - 149. Barrington | 81 by Napier - - 446 —— by Y. Melbourne- 336 by [Stampedo] - 103 Cora Linne- - - 82 Coral Nymph - - 462 Cora | Emilius - 378
by Lord Derwent-
water - - = 28
[Stampedo] - -"
stampedo,archive.org (metadata date; check the item),1839-01-01,"Travels in North America during the years 1834, 1835, and 1836 : including a summer residence with the Pawnee tribe of I",https://archive.org/details/travelsinnortham01murruoft,True,"        .  .  .  Page  325
CHAPTER  XVIII.
A  [Stampedo]. — Number  of  Horses  in  the  Encampment. — | heartily  tired  of  our  Pawnee  friends.
350  A   [STAMPEDO].
CHAPTER   XVIIl.
A  Stampede.  —  Number  of |  this  is  called  by  the  white  traders a  [Stampedo] ;  a  most  exp"
stampedo,archive.org (metadata date; check the item),1800-01-01,ERIC ED623845: The Dog Crusoe: A Tale of the Western Prairies. Alta Edition,https://archive.org/details/ERIC_ED623845,True,"Cataracts. —An Alarm.— Indians and their Doings. — The [Stampedo]. — Charlie again.
One day Dick Varley was out | At the same moment a countless herd of wild
THE [STAMPEDO], 335
horses came thundering round the base of | plain straight towards the Indian camp.
{ 9
“A [stampedo]!.” cried "
stampedo,archive.org (metadata date; check the item),1839-01-01,"Travels in North America during the years 1834, 1835 & 1836 [microform] : including a summer residence with the Pawnee t",https://archive.org/details/cihm_38876,True,"tired of our Pawnee friends.
350 A [STAMPEDO].
CHAPTER XVIII.
A [Stampedo].— Number of Horses in the Encampment | of the Country. . ‘ : Page 325
CHAPTER XVIII.
A [Stampedo].—Number of Horses in the Encampment.—Mo- cassins | character ; this is called by the white traders a [Stampedo]"
stampedo,archive.org (metadata date; check the item),1839-01-01,"Travels in North America during the years 1834, 1835 & 1836, including a summer residence with the Pawnee tribe of India",https://archive.org/details/travelsinnortha00unkngoog,True," our  Pawnee  friends.
350  A  [STAMPEDO].
CHAPTER  XVIIl.
A  [Stampedo].  —  Number  of  Horses  in  the | Country.       .  .  .  Page  S25
CHAPTER  XVIII.
A  [Stampedo]. — Number  of  Horses  in  the  Encampment. — |  this  is  called  by  the  white  traders a  [Stampedo] ;  a  m"
stampedo,archive.org (metadata date; check the item),1841-01-01,"Travels in North America [microform] : during the years 1834, 1835 & 1836, including a summer residence with the Pawnee ",https://archive.org/details/cihm_38375,True,"friends.
45h en I Ti oNIRba ie AU?
A [STAMPEDO].
CHAPTER XVIII.
A [Stampedo].— Number of Horses in the Encampment | of the Country. . : : Page 325
CHAPTER XVIII.
A [Stampedo].—Number of Horses in the Encampment.—Mo- cassins—Prickly | character ; this is called by the white traders a [S"
stampedo,archive.org (metadata date; check the item),1800-01-01,The dog Crusoe : a tale of the western prairies,https://archive.org/details/dogcrusoetaleofw00rmba,True,"Alarm.  —  Indians  and  their Doings.  —  The  [Stampedo].  —  Charlie  again.
One  day  Dick  Yarley  was | «ame  moment  a  countless  herd  of  wild
THE  [STAMPEDO].
335
horses  came  thundering  round  the  base | plain  straight  towards  the  Indian camp.
“  A  [stampedo] !  ”  cr"
stampedo,archive.org (metadata date; check the item),1807-01-01,"The general stud-book, containing pedigrees of race horses, &c. &c. from the earliest accounts to the year ... inclusive",https://archive.org/details/generalstudbook10unkngoog,True,"Clifden         .        -    33
Batonet,  by  [Stampedo]  -      4
1   by  Trumpeter       .    33
I  Barricade | -  -  337 Gipsy,  by  Buccaneer     -167
  by  [Stampedo]        -  167
Gipsy  Boy  -  -  -  168 Gipsy  | Bonny  Bonnet* 186ti  b.  €.  'The  Barmust,  by  [Stampedo]  (cut)"
stampedo,archive.org (metadata date; check the item),1839-08-03,The Athenaeum 1839-08-03: Iss 614,https://archive.org/details/sim_athenaeum-uk_1839-08-03_614,True,"vivid sketch of what is ex- pressively called a [Stampedo] :—
“ About an hour after the usual time at which | continued their ineffectual pursuit. This is a [Stampedo], and is one of the most extraordinary scenes I"
stampedo,archive.org (metadata date; check the item),1839-01-01,"Travels in North America during the years 1834, 1835, & 1836 : including a summer residence with the Pawnee tribe of Ind",https://archive.org/details/travelsinnorthamna01murr,True,"called  by  the  white  tra-
344  A     [STAMPEDO].
ders  a  [Stampedo]  ;  a  most  expressive  word,  which | Aspect  of  the  Country.  227
CHAPTER  XVIII.
A  [Stampedo]. — Number  of  Horses  in  the  Encampment. — | day  was,  I  believe,  ifie  anniversary
A    [STAMPEDO].  243"
stampedo,archive.org (metadata date; check the item),1842-02-09,"Travels in North America during the years 1834, 1835 & 1836. Including a summer of residence with the Pawnee tribe of In",https://archive.org/details/travelsinnortham01murriala,True,"heartily  tired  of  our  Pawnee  friends.
350  A   [STAMPEDO].
CHAPTER   XVIII.
A  Stampede.  —  Number  of |  this  is  called  by  the  white  traders a  [Stampedo] ;  a  most  expressive  word,  which  the  fol- | secured  near  the  tents  and  fires  of
A   [STAMPEDO].  351
their  "
stampedo,archive.org (metadata date; check the item),1834-01-01,Military and Naval Magazine of the United States 1834: Vol 4 Index,https://archive.org/details/sim_military-and-naval-magazine-of-the-united-states_1834_4_index,True,"Soldier's Requiem, : . : . Son of Ocean, A . ® ‘ [Stampedo]. a, . . * Statue of Thomas Jefferson, : . Traditions"
outfits,archive.org (metadata date; check the item),1831-01-01,"Samuel Lee and Barbara Lfe, Plaintiffs in Error, versus Elizabeth Lee. 1831: Vol 96",https://archive.org/details/per_scotus_1831_96,True,"assurers of the said vessel and [outfits], and oil in the lieu of [outfits], for the period aforesaid, according | decease, interested in said ship, [outfits], and oil in lieu of [outfits], to a large value and amount, to | dollars on the said ship Dawn and her [outfits], and oil"
worth the candle,archive.org (metadata date; check the item),1800-01-01,What converted me,https://archive.org/details/whatconvertedme00dole,True,"in short, if the game proved not to be ‘“‘[worth the candle],” we should give up having mince-pie. We should | will venture to claim here that ‘the game is [worth the candle]”?
This simple sort of consideration makes"
ho for the,archive.org (metadata date; check the item),1800-01-01,"Ho, for the Klondike! [microform]",https://archive.org/details/cihm_16250,True,"ICE BREAKING UP ON THE YUKON IN THE SPRING,
[HO, FOR THE] KLONDIKE!
By TIAMLIN GARLAND,
Author of ‘* Main-Traveled | pres-
ent three: the Edmonton and Peace River
[HO, FOR THE] KLONDIKE!
PHOTOGRAPH BY
route, ‘‘ the Old Telegraph | people of Kamloops are actively en-
ee tec a
[HO, FOR THE}}"
well nigh,archive.org (metadata date; check the item),1804-01-01,The Decameron of Boccaccio,https://archive.org/details/decameronofbocca0000giov,True,"thereagainst,—not only did few recover thereof, but [well nigh] all died within the third day from the ap- pearance | were begotten in those who abode alive, which [well nigh] all tended to a very barbarous conclu- sion, namely | sickened of the plague and languished on all sides, [well ni"
well nigh,archive.org (metadata date; check the item),1804-01-01,The decameron of boccaccio,https://archive.org/details/dli.ministry.11807,True,"thereagainst,—not only did few recover thereof, but [well nigh] all died within the third day from the appearance | were begotten in those who abode alive, which [well nigh] all tended to a very barbarous con- clusion, namely | sickened of the plague and languished on all sides, [well nigh"
encounter the expense,archive.org (metadata date; check the item),1836-07-01,"American Turf Register and Sporting Magazine, July 1836",https://archive.org/details/nslm-american-turf-register-and-sporting-magazine-july-1836,True,"to furnish us the drawings, even when we [encounter the expense] of the engraving,
71 v.7
4gHi AMERICAN TURF | giving priority to thM who may be willing to [encounter the expense] of the engraving.
•|j|r Editor.
flU I
Br-"
encounter the expense,archive.org (metadata date; check the item),1836-07-01,American Turf Register and Sporting Magazine 1836-07: Vol 7 Iss 11,https://archive.org/details/sim_american-turf-register-and-sporting-magazine_1836-07_7_11,True,"to furnish us the drawings, even when we [encounter the expense] of the engraving, 71 vV.7
    
 
 
a ae | priority to those who may be willing to [encounter the expense] of the engraving. EpiTor.
BUZZARD—Importeb"
encounter the expense,archive.org (metadata date; check the item),1832-03-17,Episcopal Recorder 1832-03-17: Vol 9 Iss 51,https://archive.org/details/sim_episcopal-recorder_1832-03-17_9_51,False,"we  ought  to  expose,  which  exists ! [encounter  the  expense]  of particularly  among  forei^  in  England |   arisen  from  an  unwillingness to  [encounter  the  expense]  of  erecting  school-houses. A  remedy"
encounter the expense,archive.org (metadata date; check the item),1819-01-01,Accounts relating to Prisons in Dublin,https://archive.org/details/op1243434-1001,True,"than neglect their necessary business, and [encounter the expense] and inconvenience of remaining so long in"
encounter the expense,archive.org (metadata date; check the item),1819-01-01,"An address delivered before the Philadelphia Society for Promoting Agriculture: at its anniversary meeting, January 19, ",https://archive.org/details/addressdelivered00rawlrich,False,abuses  which  impel  their  subjects to  [encounter  the  expense]  and  peiil  of  crossing an  ocean  in
encounter the expense,archive.org (metadata date; check the item),1819-01-01,"An address delivered before the Philadelphia society for promoting agriculture: at its anniversary meeting, January 19, ",https://archive.org/details/anaddressdelive00agrigoog,True,the abuses which impel their subjects to [encounter the expense] and peril of crossing an ocean in quest
encounter the expense,archive.org (metadata date; check the item),1843-01-01,The Potter's Examiner and Emigrant's Advocate 1843 - 1850: Vol 10 Iss 14,https://archive.org/details/sim_potters-examiner-and-emigrants-advocate_1843-1850_10_14,True,"land. Whenever, then, a man is willing to [encounter the expense] of a transfer, and seeks for a small piece"
encounter the expense,archive.org (metadata date; check the item),1832-05-31,"The Penny Magazine May 31-June 30, 1832: Vol 1 Iss 16",https://archive.org/details/sim_knights-penny-magazine_may-31-june-30-1832_1_16,True,"grounds on a small scale, not being able to [encounter the expense] of much machinery. The state of morals among"
encounter the expense,archive.org (metadata date; check the item),1795-01-03,"Kentucky gazette (Lexington, Ky. : 1789): 1795-01-03",https://archive.org/details/xt71g15t7k0d,False,"the  dishonor  of  inch  exec  lies — 10 [encounter  the  expense],  and  01  her embari  afments  of  to"
encounter the expense,archive.org (metadata date; check the item),1830-01-01,"Memorial of the trustees of the University of Maryland, and the trustees of Baltimore College, to the legislature of Mar",https://archive.org/details/memorialtrustee00goog,True,numbers. Though these may be unable to [encounter the expense] of money and time required by our ordinary
encounter the expense,archive.org (metadata date; check the item),1839-01-01,"Report relative to the canals & railroads of the commonwealth ... read in Senate, May 24, 1839",https://archive.org/details/reportrelativeto00penn_0,False,"change  would,  however,  of  necessity  [encounter  the  expense]  of extending  the  feeder;  what  that"
encounter the expense,archive.org (metadata date; check the item),1839-01-01,Report of the Committee Appointed to Inquire into the Condition of the New Haven Burying Ground : and to propose a plan ,https://archive.org/details/reportofcommitte00newh,False,prosperous  times  the  citizens may  [encounter  the  expense]  of  a  stone  wall  in  lieu  of  the
encounter the expense,archive.org (metadata date; check the item),1835-03-07,Paul Pry 1835-03-07: Vol 4 Iss 13,https://archive.org/details/sim_paul-pry_1835-03-07_4_13,True,no longer feel that it is self-denial to [encounter the expense] of sustaining missionarirs who are hazard-
encounter the expense,archive.org (metadata date; check the item),1836-11-22,American Farmer 1836-11-22: Vol 3 Iss 30,https://archive.org/details/sim_american-farmer-devoted-to-agriculture-horticulture_1836-11-22_3_30,True,"enterprise which influenced the gentlemen to [encounter the expense] and risk of importation, and reflects the"
encounter the expense,archive.org (metadata date; check the item),1845-01-01,South-eastern railway. General statement of the position and projects of the company. 1845-6,https://archive.org/details/southeasternrai00englgoog,True,little use. It was therefore determined to [encounter the expense]; and by passing through the Town of Woolwich
encounter the expense,archive.org (metadata date; check the item),1829-05-09,"The Mirror of Literature, Amusement, and Instruction 1829-05-09: Vol 13 Iss 369",https://archive.org/details/sim_mirror-monthly-magazine_1829-05-09_13_369,True,"from it by immediate rent, rather than [encounter the expense] and trouble of attempting the modes of amelioration"
encounter the expense,archive.org (metadata date; check the item),1841-01-01,"Costume of the Ancients, in Two Volumes, New ed., much Enlarged; three hundred and twenty one plates, Vol. I",https://archive.org/details/india.history.resource.71226,True,"while, consequently, the painter dares not [encounter the expense] and the labour attendant on high-wrought"
encounter the expense,archive.org (metadata date; check the item),1832-12-22,The Genesee Farmer and Gardener's Journal 1832-12-22: Vol 2 Iss 51,https://archive.org/details/sim_genesee-farmer-and-gardeners-journal_1832-12-22_2_51,True,"publish the dishonor of such excesses--to. [encounter the expense], and other embar- | rassments of so distant"
encounter the expense,archive.org (metadata date; check the item),1842-03-01,American Railroad Journal 1842-03-01: Vol 14 Iss 401,https://archive.org/details/sim_railway-locomotives-and-cars_1842-03-01_14_401,True,"to employ such cars on small roads, than [encounter the expense] of the huge boxes usually employed, the"
encounter the expense,archive.org (metadata date; check the item),1841-01-01,Costume of the ancients,https://archive.org/details/costumeofancient0001hope,False,"consequently,  the  painter  dares not  [encounter  the  expense]  and  the  labour attendant  on  high-wrought"
encounter the expense,archive.org (metadata date; check the item),1825-01-11,Alexandria Gazette & Advertiser 1825-01-11: Vol 1 Iss 5,https://archive.org/details/per_alexandria-gazette-packet_alexandria-gazette-advertiser_1825-01-11_1_5,True,are generalHy unable and unwil- ling to [encounter the expense] of more We must know the passing local matter
encounter the expense,archive.org (metadata date; check the item),1820-08-25,American Farmer 1820-08-25: Vol 2 Iss 22,https://archive.org/details/sim_american-farmer-devoted-to-agriculture-horticulture_1820-08-25_2_22,True,"team; without this, it will be vain
to [encounter the expense] of valuable and costly ploughs; give me"
encounter the expense,archive.org (metadata date; check the item),1831-04-11,Western Carolinian 1831-04-11: Vol 11 Iss 566,https://archive.org/details/per-western-carolinian-salisbury_western-carolinian_1831-04-11_11_566,True,"Select for your model, the purest ed able to [encounter the expense], It and greatest characters, and always"
encounter the expense,archive.org (metadata date; check the item),1812-01-01,Costume of the ancients,https://archive.org/details/b33520161_0001,True,"while, consequently, the painter dares not [encounter the expense] and the labour attendant on high- wrought"
encounter the expense,archive.org (metadata date; check the item),1824-03-06,The Christian Herald and Seaman's Magazine 1824-03-06: Vol 11 Iss 5,https://archive.org/details/sim_christian-herald-and-seamans-magazine_1824-03-06_11_5,True,"considered wealthy inhabitants, cannot [encounter the expense] of a residence abroad. Money is not to be"
encounter the expense,archive.org (metadata date; check the item),1832-12-07,"Newbern Spectator, and Literary Journal 1832-12-07: Vol 5 Iss 225",https://archive.org/details/per_newbern-spectator_newbern-spectator-and-literary-journal_1832-12-07_5_225,True,"opening a | taxes, » DY pre Ss g : Ce8s—to [encounter the expense], and other em-|ces, there are not wanting"
encounter the expense,archive.org (metadata date; check the item),1843-06-01,American Railroad Journal 1843-06: Vol 16 Iss 425,https://archive.org/details/sim_railway-locomotives-and-cars_1843-06_16_425,True,bestowed as to how far it was justifiable to [encounter the expense] of these operations. ‘The average cost of
encounter the expense,archive.org (metadata date; check the item),1834-12-20,Religious Intelligencer 1834-12-20: Vol 19 Iss 30,https://archive.org/details/sim_religious-intelligencer_1834-12-20_19_30,True,"servitude has expired and the
value, than to [encounter the expense] which would be | promise has been fulfilled"
encounter the expense,archive.org (metadata date; check the item),1835-06-09,Alexandria Gazette 1835-06-09: Vol 35 Iss 3961,https://archive.org/details/per_alexandria-gazette-packet_alexandria-gazette_1835-06-09_35_3961,True,"last
Richmond Compiler:—
- {mn order to [encounter the expense] of her ca- nal from the head of tide, Alexandria"
encounter the expense,archive.org (metadata date; check the item),1841-01-01,"Southern planter : devoted to agriculture, horticulture, and the household arts",https://archive.org/details/southernplanterd110sout,False,"circumstances  justify  it,  will  be  induced to  [encounter  the  expense]  of  a  trial  of  the  system-
is  their"
encounter the expense,archive.org (metadata date; check the item),1836-10-19,Alexandria Gazette 1836-10-19: Vol 36 Iss 4388,https://archive.org/details/per_alexandria-gazette-packet_alexandria-gazette_1836-10-19_36_4388,True,ericksburg. They have done this rather than [encounter the expense] of running the mail in carts. The time allowed
encounter the expense,archive.org (metadata date; check the item),1825-12-28,"The Bombay Gazette, 28 December 1825",https://archive.org/details/india.history.resource.26685,True,restricted means did not enable them to [encounter the expense]. He wished to have established on the spota
encounter the expense,archive.org (metadata date; check the item),1831-05-14,Christian Register 1831-05-14: Vol 10 Iss 20,https://archive.org/details/sim_unitarian-register-and-the-universalist-leader_christian-register_1831-05-14_10_20,True,"grounds on a small scale, not being able to [encounter the expense] of much machinery.
I am pained to learn"
encounter the expense,archive.org (metadata date; check the item),1824-04-03,The Columbian Star 1824-04-03: Vol 3 Iss 14,https://archive.org/details/sim_columbian-star_1824-04-03_3_14,True,"upon the heart ;—has present Editor to [encounter the expense] of their pub ication, and t them the patronage"
encounter the expense,archive.org (metadata date; check the item),1828-01-01,"A letter to Sir Walter Scott, Bart. : exposing certain fundamental errors in his late essay on planting, and containing ",https://archive.org/details/lettertosirwalte00with,True,"obtain by immediate rent,’ rather than [encounter the expense] and trouble of at- tempting modes of amelioration"
encounter the expense,archive.org (metadata date; check the item),1818-11-06,"Kentucky gazette (Lexington, Ky. : 1809): 1818-11-06",https://archive.org/details/xt7bzk55ff3x,False,"resides  in  New  Orleans,  has only  to  [encounter  the  expense]  of  convey- ing the  specie  from  the"
encounter the expense,archive.org (metadata date; check the item),1831-05-17,Adams Sentinel (1831-05-17),https://archive.org/details/adams-sentinel-1831-05-17,False,"grounds on a small"" scaje, not>eing-Abieyto-[encounter-the expense] of much machinery
It is painful to ' • i"
encounter the expense,archive.org (metadata date; check the item),1836-06-01,"American Turf Register and Sporting Magazine, June 1836",https://archive.org/details/nslm-american-turf-register-and-sporting-magazine-june-1836,True,"high .reputation, was the inducement to [encounter the expense] of a lithograph, and allot his memoir a"
encounter the expense,archive.org (metadata date; check the item),1832-01-31,Carolina Observer 1832-01-31: Vol 15 Iss 765,https://archive.org/details/per_fayetteville-observer_carolina-observer_1832-01-31_15_765,True,"advertisements of the dav, yet are unwilling to [encounter the expense] of subscription and postage of a daily paper"
encounter the expense,archive.org (metadata date; check the item),1837-01-28,American Railroad Journal 1837-01-28: Vol 6 Iss 4,https://archive.org/details/sim_railway-locomotives-and-cars_1837-01-28_6_4,True,"than cross the river near the village, and [encounter the expense] of cutting down the rocky ridge on the one"
encounter the expense,archive.org (metadata date; check the item),1832-09-21,Pittsburgh Weekly Gazette - 1832-09-21,https://archive.org/details/per_pittsburgh-weekly-gazette-895_pittsburgh-weekly-gazette_1832-09-21,True,"greunds on a small scale, sot being | able to [encounter the expense] of' much machinery. | The state of morale"
encounter the expense,archive.org (metadata date; check the item),1832-02-21,Pittsburgh Weekly Gazette - 1832-02-21,https://archive.org/details/per_pittsburgh-weekly-gazette-895_pittsburgh-weekly-gazette_1832-02-21,True,"ments of the day, yet are unwilling to [encounter the expense] of subscription and postage of a dai- ly"
personating,archive.org (metadata date; check the item),1842-01-01,Select Committee to inquire whether Corrupt Compromise has been entered into to avoid Investigation into Bribery at late,https://archive.org/details/op1245844-1001,True,"which they were paid for [personating] ?—There were some of them paid for [personating], and others were paid | off who were paid for [personating]; show which of those were paid for [personating] ?—I never had half of | persons bribed, of persons bribing, of persons [personating}}"
personating,archive.org (metadata date; check the item),1806-01-01,A treatise of the pleas of the crown,https://archive.org/details/atreatisepleasc00eastgoog,True,"FALSELY  [PERSONATING]  ANOTHER.
3ESS
Assimilated  to  Forgery.  §  1.
!•  Falsely  [personating]  the  Proprietors | Secondly,  that  the  [personating]  intended  by  the statute  was  a  [personating]  in  order  to  the  | credit  to  the  said fictitious  assumptions  [persona"
personating,archive.org (metadata date; check the item),1821-01-01,"The Theatrical observer and, Daily bills of the play",https://archive.org/details/theatricalobserv183402lond,True,"on  Tasso's  beautiful  story,  Fanny Elsler  [personating]  the  Enchantress,  and  her  sister  the  Knight | LEWIS,    Mute,    Mr  F,  SUTTON,
Barhaddan3([personating]  a  Genius)MissNOVELLC,
Zulima,    Miss  E.  | LEWIS,    Mute,    Mr  F,  SUTTON,
Barhaddanj([personating]  a  Geniu"
personating,archive.org (metadata date; check the item),1821-01-01,"The Theatrical observer and, Daily bills of the play",https://archive.org/details/theatricalobserv183703lond,True,"Danube,      Miss  SOMERVILLE.
A  Phantom,      ([personating]  Finer  des  Champs)      Miss  LANE,
Ladies | Danube,      Miss  SOMERVILLE.
A  Phantom,      ([personating]  Finer  des  Champs)      Miss  LANE,
Ladies | Danube,      Miss  SOMERVlLLE.
A  Phantom,      [{personating]  Flue"
personating,archive.org (metadata date; check the item),1829-01-01,"An Analysis Of, and Digested Index to the Criminal Statutes, Alphabetically Arranged, Shewing ...",https://archive.org/details/ananalysisofand00robigoog,True,"Larceny, post.
c. 4.
rALSELT   [PERSONATING]   SEAMEN, &C. 53
FALSELY [PERSONATING] SEAMEN, &c.
Aoy person representing | false date in an order for payment [PERSONATING]—conhnttfid.
[PERSONATING] —PLEA. 133
of priase money, &c. misd | co. of Midd^r and also lespecting frauds by [p"
personating,archive.org (metadata date; check the item),1833-01-01,"Statute 3d. Wm. IV, Chap. 4. relating to capital offences [microform] : with an exposition of its provisions, in a charg",https://archive.org/details/cihm_21396,True,"note, bill or Pillory. writing, or of falsely [personating] any person or persons, which forgery, or which | person in custody for such offence.
Falsely [personating] bail, or persons acknowledging fines, recoveries | letters of attorney to transfer stock. Falsely [personating] the owner"
personating,archive.org (metadata date; check the item),1833-01-01,"Upper Canada. Statute 3d., Wm. IV, chapter 4 relating to capital offices",https://archive.org/details/uppercanadastatu00york,True,"bill  or Pillory.  writing,  or  of  falsely  [personating]  any  person  or persons,  which  forgery,  or | person  in  custody  for  such  offence.
Falsely  [personating]  bail,  or  persons  acknowledging  fines, recoveries | of  attorney  to  transfer  stock.
Falsely  [personating]  "
punctillio,archive.org (metadata date; check the item),1769-01-01,"Comfort for Sion's mourners: or, the final perseverance of the saints. A sermon preached at Portsmouth, by Samuel Meadow",https://archive.org/details/bim_eighteenth-century_comfort-for-sions-mourn_meadows-samuel_1769,True,"his experience agrees a) not with mine in every [punctillio]. p Again, ſome like Timothy, under pious pa-"
punctillio,archive.org (metadata date; check the item),1649-01-01,The faith of the army reviving. ... 1649,https://archive.org/details/bim_early-english-books-1641-1700_the-faith-of-the-army-re_1649,True,"removed, not one vexation * es abated, or one [punctillio]
* 7 * 1 atall a ari Ancd effi |
— —
= one rhe"
punctillio,archive.org (metadata date; check the item),1804-05-15,The Balance Columbian and Repository 1804-05-15: Vol 3 Iss 20,https://archive.org/details/sim_balance-and-state-journal_1804-05-15_3_20,True,"misfortune ; Pride is the-cavufe of many. P. [PUNCTILLIO]. ee ———— THE VENERABLE TORTOISE.
 
FEW have any"
punctillio,archive.org (metadata date; check the item),1804-07-04,The Hive 1804-07-04: Vol 2 Iss 3,https://archive.org/details/sim_lancaster-hive-devoted-to-morality-literature-biography_1804-07-04_2_3,True,"Misfortune—Pride is the cause of many.
—@B— ~=s iPe [PUNCTILLIO]- ANECDOTES.
THE Rev. Mr. Buckley, of Colchester"
punctillio,archive.org (metadata date; check the item),1721-01-01,"A supplement to three political letters to a noble lord, concerning liberty and the constitution: with a political disse",https://archive.org/details/bim_eighteenth-century_a-supplement-to-three-po_gordon-thomas_1721,True,"wicked as themſelves, and Laugh'd at tha Idle [Punctillio], which Commines mentions, o Lord Haſtings, in"
punctillio,archive.org (metadata date; check the item),1804-07-21,"The Weekly Visitor Or, Ladies' Miscellany 1804-07-21: Vol 2 Iss 94",https://archive.org/details/sim_ladys-miscellany-or-weekly-visitor_1804-07-21_2_94,True,"many a misfortune—Pride is the cause of many.
P. [PuNCTILLIO].
— +o
~
_ A PUN HYMENIAL.—The Wash- ington Federalist"
punctillio,archive.org (metadata date; check the item),1701-01-01,"Æsop at Paris, his letters and fables. Translated from the original French. 1701",https://archive.org/details/bim_eighteenth-century_sop-at-paris-his-lette_ward-edward_1701,True,"Judgement, becauſe you truly Underſtand eve- ry [Punctillio], that ought to be obſerved, by the
but ingroſſes"
punctillio,archive.org (metadata date; check the item),1695-01-01,A friendly dialogue between a livery-man ... 1695,https://archive.org/details/bim_early-english-books-1641-1700_a-friendly-dialogue-betw_1695_0,True,do not pleaſe them in every little Niciry and [PunCtillio] as they ſhall defire. And therefore what ſhall
punctillio,archive.org (metadata date; check the item),1809-01-01,"The correspondence of John Adams, Esquire, late president of the United States of America; concerning the British doctri",https://archive.org/details/correspondenceofjae00adam,True," trea- ty they  could  not  depart  from  a  [punctillio].  A  convention  they  niigh' Btiake,  as  they"
punctillio,archive.org (metadata date; check the item),1821-01-22,"The Weekly Entertainer, and West of England Miscellany 1821-01-22: Vol 3",https://archive.org/details/sim_weekly-entertainer-and-west-of-england-miscellany_1821-01-22_3,True,"Array'd in all the elegance of taste,
With great [punctillio] near the fair op placed.
There ov my body you"
punctillio,archive.org (metadata date; check the item),1769-01-01,"The evangelical plan. Or an attempt to form right notions in the minds of the common people, and to establish them in th",https://archive.org/details/bim_eighteenth-century_the-evangelical-plan-or_porter-john-pastor-of-_1769,True," and are indiſpenſibly obliged. to obey to a [punctillio], upon pain of death; but not by vertue of any"
punctillio,archive.org (metadata date; check the item),1845-04-01,"The Green Mountain Gem: A Monthly Journal of Literature, Science, and the Arts 1845-04: Vol 3 Iss 4",https://archive.org/details/sim_green-mountain-gem-a-monthly-journal-of-literature_1845-04_3_4,True,practi@™® upon its precepts. They have so much of [punctillio] concerning the etiquette of charity and duty
punctillio,archive.org (metadata date; check the item),1827-04-04,The Album and Ladies' Weekly Gazette 1827-04-04: Vol 1 Iss 44,https://archive.org/details/sim_philadelphia-album-and-ladies-literary-port-folio_the-album-and-ladies-we_1827-04-04_1_44,True,"gladsome. Some of the band, unskilled in the [punctillio] which could induce their captain to risk a single"
punctillio,archive.org (metadata date; check the item),1835-04-11,"The Bombay Gazette, 11 April 1835",https://archive.org/details/india.history.resource.29873,True,"wait up in you, for
Purpose, ‘Which ackaowledged [punctillio]
forbids’ me to mention, sdve through the me."
punctillio,archive.org (metadata date; check the item),1819-07-10,The National Register 1819-07-10: Vol 8 Iss 2,https://archive.org/details/sim_national-register-a-weekly-the-proceedings-of-congress_1819-07-10_8_2,True,"sanction of the king; however, this delay is compa-
[punctillio] of the Spanish court, that always stand in the"
punctillio,archive.org (metadata date; check the item),1702-01-01,"The false friend, a comedy. As it is acted at the Theatre-Royal in Drury-lane, by His Majesty's servants. 1702",https://archive.org/details/bim_eighteenth-century_the-false-friend-a-come_vanbrugh-john-sir_1702,True,"Believe me Pedro, the Injury's too great for a [Punctillio] Satisfaction.
Dos P. Well, Guide me as 75 pleaſe"
punctillio,archive.org (metadata date; check the item),1842-12-06,"Bombay Courier, 6 December 1842",https://archive.org/details/india.history.resource.2360,True,"provided by the sta-
to recover from the | tutes of [punctillio] ,—the most learned in questions of
wounds, we"
punctillio,archive.org (metadata date; check the item),1804-04-14,Boston Weekly Magazine 1804-04-14: Vol 2 Iss 25,https://archive.org/details/sim_boston-magazine_1804-04-14_2_25,True,"misfortune ;
Pride is the cause of many. =P. [PUNCTILLIO].
 
in the enthusiasm of his pleasure, will frequently"
punctillio,archive.org (metadata date; check the item),1827-03-24,Christian Secretary 1827-03-24: Vol 4 Iss 9,https://archive.org/details/sim_christian-secretary_1827-03-24_4_9,True,French Admiral seemed to insist too much upon [punctillio] to the injury of our com- mon operations. We
punctillio,archive.org (metadata date; check the item),1769-01-01,"Divine truth; being a vindication of the three immutable attributes, perfections or properties of the true God: ... agai",https://archive.org/details/bim_eighteenth-century_divine-truth-being-a-vi_johnson-john_1769,True,"poſſible, I may not have been Witneſs to every [Punctillio], which he men- tions; but the greateſt Part of | Purpoſe (as probably it may not reach to every [Punctillio]) when the Defi- ciency is properly pointed out"
punctillio,archive.org (metadata date; check the item),1674-01-01,"A brief memorial, wherein the present case of the ancient leases... Royal Exchange... 1674",https://archive.org/details/bim_early-english-books-1641-1700_a-brief-memorial-wherei_1674,True,"but Co-founder, which it ſeems was ſuch an high [punctillio] of Honour, Creditand Reputation eſteem-
_ ed"
punctillio,archive.org (metadata date; check the item),1689-01-01,The amours of Messalina late Queen of Albion. 1689,https://archive.org/details/bim_early-english-books-1641-1700_the-amours-of-messalina-_1689,True,"RnXM_
& Oo 8
DP - Yy -MSv__2.4.
(55) made the [Punctillio] of Honour ſo much her preſent Excuſe for not"
punctillio,archive.org (metadata date; check the item),1686-01-01,A treatise of the necessity of restitution. 1686,https://archive.org/details/bim_early-english-books-1475-1640_a-treatise-of-the-necess_smythies-william_1686,True,"ty; yet it muſt not be ſo ſtrain'd to e- very [Punctillio], as tobe an occaſion of un- neceſſary & cauſleſs"
punctillio,archive.org (metadata date; check the item),1684-01-01,The rebel's doom: ... 1684,https://archive.org/details/bim_early-english-books-1641-1700_the-rebels-doom-_1684,True,"Vurder Sir Zohn» Newtos for his Omiſfſfion of ſome [Punctillio] of Reſpe&, which he arrogated to his Uſurped"
exhilerating,archive.org (metadata date; check the item),1769-01-01,The fountain of salvation opened in the blood of the lamb. Being a spiritual and evangelical illustration of Zech. xiii.,https://archive.org/details/bim_eighteenth-century_the-fountain-of-salvatio_j-j_1769,True,"SaLvation oyanED
the healing, cleanſing, and [exhilerating] virtue of his blood ; which, like an overflowing | adorable Jeſus, whoſe blood, like a redundant and [exhilerating] fountain, will ſecure our felicity eternally | freely come to this %% fountain, and drink of its [exhilerating] "
exhilerating,archive.org (metadata date; check the item),1798-01-01,"[Observations on the use and abuse of the Cheltenham waters]. Observations on the nature, the use and abuse of the Chelt",https://archive.org/details/bim_eighteenth-century_observations-on-the-use_smith-joseph-md-sav_1798,True,"the Cheltenham waters, their ſtrengthening and [exhilerating] ingredients unre- ſtrained, would co-operate | their lightneſs upon the ſtomach, their ſudden [exhilerating] effect upon the ſpirits, their expiditious and | from the fame cauſe, the ſtrengthen] ing: and [exhilerating] ingredi"
exhilerating,archive.org (metadata date; check the item),1845-05-08,The Youth's Companion 1845-05-08: Vol 19 Iss 1,https://archive.org/details/sim_youths-companion_1845-05-08_19_1,True,"longed for something bright and pleasant, and [exhilerating]. My heart leaped up, for at that very mo- ment | can be found in this world pleasanter or more [exhilerating] than the face of a friend, I am yet to learn"
exhilerating,archive.org (metadata date; check the item),1696-01-01,"Wisdom's dictates: or aphorisms and rules, physical, moral and divine, for preserving the health of the body, and the pe",https://archive.org/details/b30321839,True,"makes a moft ex}. cellent Food, of a cleanfing [exhilerating] Qualii| ty, ealte of digeftion ; the frequent | Bread, Butter, and
Salt, is a brave friendly [exhilerating] Food. > Mo oO >
generating good Blood, and fine | Parfley and Bread and Butter, makes a hoble [exhilerating] Food, agr"
exhilerating,archive.org (metadata date; check the item),1842-04-01,Rutgers Literary Miscellany 1842-04: Vol 1 Iss 4,https://archive.org/details/sim_rutgers-literary-miscellany_1842-04_1_4,True,"above the earth, the air ie always pure and [exhilerating]. So it is with those affections that are confined | had it, and we told the truth; and under its [exhilerating] influence, we would fain spread it before you"
exhilerating,archive.org (metadata date; check the item),1676-01-01,Vinetum Britannicum: ... 1676,https://archive.org/details/bim_early-english-books-1641-1700_vinetum-britannicum-_worlidge-john_1676,True,"Lachrymz Chriſti exceedeth, for its
pleaſant and [exhilerating] quality. .S0 at
this day the Germans are much | and Mundificative nature, and withal have an [exhilerating] and vivifying faculty 1th them, that to thoſe | and Mundificative nature, and withal have an [exhilerating] and vivi"
exhilerating,archive.org (metadata date; check the item),1838-02-03,The Huntress 1838-02-03: Vol 2 Iss 10,https://archive.org/details/sim_huntress_1838-02-03_2_10,True,"grateful Antoine—‘so now let us forth, and | [exhilerating] beverage and the playful wit Fortunate had it | rapiers: And I’m thinking—’ sance that was truly [exhilerating]. same as my Own,” tio . | perhaps deem me imprudent"
exhilerating,archive.org (metadata date; check the item),1825-02-05,The Microscope 1825-02-05: Vol 4 Iss 204,https://archive.org/details/sim_the-microscope_1825-02-05_4_204,True,"and tt in-|tioner. To 1
the mimic tra
not | of [exhilerating] my } nour of the ki ner. [in the stream © idv | and ihe mimic tragedian, for the splendour of [exhilerating] wit and the broad hu- nour of the king of the"
exhilerating,archive.org (metadata date; check the item),1789-01-01,The history and chemical analysis of the mineral water lately discovered in the City of Gloucester; the various diseases,https://archive.org/details/b30347580,True,"lofe  their  efficacy, were  it  not  for  the  [exhilerating]  influence  of  pub¬ lic  amufements.  Although | liquors  produced  by fermentation.
That  fuch  [exhilerating]  effeds  do  take  place from  the  ufe  of"
exhilerating,archive.org (metadata date; check the item),1791-01-01,"A sketch of the reign of George the Third, from 1780, to the close of the year 1790. 1791",https://archive.org/details/bim_eighteenth-century_a-sketch-of-the-reign-of_1791_3,True,"judicious to paſs to a more animated, if not a more [exhilerating] ſcene ; that which was ex- hibited at home, | its termination. But, before we arrive at that [exhilerating] ſcene, it may be not a leſs inſtructive, though | counſels of Walpole, diſcloſes ſcarcely a more [exhilerating] p"
exhilerating,archive.org (metadata date; check the item),1791-01-01,"A sketch of the reign of George the Third, from 1780, to the close of the year 1790. 1791",https://archive.org/details/bim_eighteenth-century_a-sketch-of-the-reign-of_1791_1,True,"judicious to paſs to a more animated, if not a more
[exhilerating] ſcene; that which was ex- . hibited at home | its termination. But, before we arrive at that [exhilerating] ſcene, it may be not a leſs inſtructive, though | counſels of Walpole, diſcloſes ſcarcely a more [exhilerating] p"
exhilerating,archive.org (metadata date; check the item),1713-01-01,"A funeral sermon occasion'd by the much lamented death of Mrs. Martha Michel, daughter of John Michel, Esq; of Kingston-",https://archive.org/details/bim_eighteenth-century_a-funeral-sermon-occasio_banger-bernard_1713,True,"us ſet ſo high a Value up- on the benign and [exhilerating] Influences of God's re- conciled Countenance | that affords durable Contentment, whereas the [exhilerating] Influences of God's reconcil'd Coun- tenance"
exhilerating,archive.org (metadata date; check the item),1789-01-01,"The history and chemical analysis of the mineral water lately discovered in the city of Gloucester; ... By John Hemming,",https://archive.org/details/bim_eighteenth-century_the-history-and-chemical_hemming-john_1789,True,"thereby loſe their efficacy, were it not for the [exhilerating] influence of pub- lic amuſements. Although I | liquors produced by fermentation. |
That ſuch [exhilerating] effects do take place from the uſe of this water"
exhilerating,archive.org (metadata date; check the item),1829-01-01,The talisman : a tale for boys,https://archive.org/details/talismanatalefo00waitgoog,True,"merry, lively
Digitized by VjOOQIC fellows, was [exhilerating] to Frank ; who had lived in retirement, and | FOR BOYS. 51
When it first sprung up, a most [exhilerating] shout issued from the group, then in perfect"
exhilerating,archive.org (metadata date; check the item),1737-01-01,"The pleasant art of money-catching: treating, I. Of the original and invention of money. ... To which is added, the way ",https://archive.org/details/bim_eighteenth-century_the-pleasant-art-of-mone_1737,True,"above a Farthing, and yet makes a moſt Noble aud [Exhilerating] Meal : xt may be made thicker or thinner, as | Bread, Butter and Salt, is a curious friendly [Exhilerating]
Food, and makes good Blood, and clean- 3 - *Bread | caſie of Digeſtion- | 46. Mint makes a Noble [Exhilerating] ' Po"
exhilerating,archive.org (metadata date; check the item),1791-01-01,"A Sketch of the Reign of George the Third, from 1780, to the Close of the ...",https://archive.org/details/asketchreigngeo00conggoog,True,"judicious to pafs to a more animated, if not a more [exhilerating] fcene; that which was exhibited at home, in | its termination* But, before we arrive at that [exhilerating] fceae, it may. be not a lefs inflru£tive, though | counfels of Walpole, difclofes fcarcclya more [exhilerating] p"
exhilerating,archive.org (metadata date; check the item),1810-01-01,Northern sketches,https://archive.org/details/northernsketches00smit,True,"of  water  to  the  thirsty  traveller! how  [exhilerating]  the  appearance  of  a  palmyra, blooming  | and  sooth  the  cares  of age !  What  an  [exhilerating]  light  does  it  cast  on  the gloom  of  futurity"
exhilerating,archive.org (metadata date; check the item),1814-03-01,The Literary and Philosophical Repertory 1814-03: Vol 1 Iss 6,https://archive.org/details/sim_literary-and-philosophical-repertory_1814-03_1_6,True,"London, that the French are more partial to this [exhilerating] liquid than the Eng- lish, The fact, l-believe | distinguished felicity of baskingiin those concentrated [exhilerating] rays, that beamed with such ¢f-
           "
exhilerating,archive.org (metadata date; check the item),1826-11-01,The Juvenile Miscellany 1826-11: Vol 1 Iss 2,https://archive.org/details/sim_juvenile-miscellany_1826-11_1_2,True,"worth while to repeat them.
James.—W hat is this [exhilerating] gas, which they are going to show off for John’s | name it gaseous oryde of mitrogen. It is called [exhilerating] gas, be- cause when drawn in upon the lungs"
