,jefferson_1,jefferson_2,jefferson_3,jefferson_4,randolph_1,randolph_2,randolph_3,randolph_4,jackson_1,jackson_2,jackson_3,jackson_4,jqadams_1,jqadams_2,jqadams_3,jqadams_4,ejames_1,ejames_2,ejames_3,ejames_4,flint_1,flint_2,flint_3,flint_4,hall_1,hall_2,hall_3,hall_4,paulding_1,paulding_2,paulding_3,paulding_4,pike_1,pike_2,pike_3,pike_4,biddle_1,biddle_2,biddle_3,biddle_4,gregg_1,gregg_2,gregg_3,gregg_4,pattie_1,pattie_2,pattie_3,pattie_4,tjames_1,tjames_2,tjames_3,tjames_4,irving_1,irving_2,irving_3,irving_4,bagby_1,bagby_2,bagby_3,bagby_4,cooke_1,cooke_2,cooke_3,cooke_4,cooke_lee_1,cooke_lee_2,cooke_lee_3,cooke_lee_4,davis_1,davis_2,davis_3,davis_4,page_1,page_2,page_3,page_4,cable_1,cable_2,cable_3,cable_4,eggleston_1,eggleston_2,eggleston_3,eggleston_4,twain_1,twain_2,twain_3,twain_4,twain_letters_1,twain_letters_2,twain_letters_3,twain_letters_4,lee_1,lee_2,lee_3,lee_4,cabell_1,cabell_2,cabell_3,cabell_4,christian_1,christian_2,christian_3,christian_4,pollock_1,pollock_2,pollock_3,pollock_4,shsp_1,shsp_2,shsp_3,shsp_4,poe_goldbug_1,poe_goldbug_2,poe_letters_1,beale_letters,beale_letter1,beale_b2,narrative,morriss,narrative_A,narrative_B,beale_letters_2000,narrative_2000
jefferson_1,-0.0000,0.8686,0.9696,0.9088,0.8928,0.9376,0.9610,0.9340,1.0080,0.9165,0.9656,1.1467,0.9172,0.9441,0.9567,0.9974,1.1867,1.1350,1.0634,1.0728,0.8524,1.1805,0.9863,1.0648,1.0633,1.1510,1.0685,0.9945,0.9255,1.0721,0.9253,0.8726,1.1825,1.1265,0.9609,1.0406,1.0767,1.1468,1.2434,1.0452,0.9348,1.1684,1.0563,0.9453,1.1160,1.2146,0.9188,0.8629,1.1123,1.0278,1.1371,1.0363,1.0480,1.2358,1.2378,1.1305,0.7514,0.9761,0.8659,1.0247,1.0763,1.0528,1.0497,0.9526,0.8354,1.0472,1.0553,0.8528,0.8588,1.0316,0.9039,0.9770,1.0816,1.0270,1.0445,1.1705,1.0807,0.9985,1.1189,1.0282,0.9087,1.0224,0.8944,1.0826,0.9829,0.9519,0.9894,1.0444,0.9812,0.8986,1.0352,0.8226,0.8984,0.9729,0.8696,0.9782,0.8861,0.9056,1.0059,0.9404,0.8429,1.1029,1.2153,1.0453,0.9807,1.0049,0.9407,0.9960,0.9532,1.1628,1.0346,1.0877,0.9512,0.9395,0.7701,0.9712,0.9663,0.9499,0.7981,0.8388,0.8000,0.8636,0.9714,0.8009
jefferson_2,0.8686,-0.0000,0.8262,0.8055,0.8536,1.0805,1.0487,0.9745,0.8938,0.8606,0.9632,1.1148,0.8578,0.9387,0.8593,1.0856,1.2033,0.9428,0.9736,1.1153,0.9089,1.0748,1.0317,1.1665,0.9880,0.9732,0.8927,0.9773,1.0432,0.8898,1.0211,1.0925,1.1098,1.1333,0.8012,0.9846,1.0411,1.2147,1.2176,1.1841,1.0377,0.9492,0.9266,0.8353,0.9308,1.1809,0.7938,0.9903,1.0366,1.1248,1.1871,1.0618,0.9835,1.0528,1.0690,1.0657,1.0223,1.1292,0.9980,1.0479,1.1206,0.9622,1.1583,0.9817,0.8733,0.9876,1.0580,0.9034,0.8993,0.9631,0.7741,0.9003,1.1111,1.0847,1.1254,1.1860,1.1481,1.0803,1.1781,1.0882,0.9420,0.9281,1.1715,0.8831,1.1066,1.0621,0.8495,0.9241,1.0746,1.0139,1.0990,0.9839,0.8039,0.8128,0.7849,1.0190,1.0215,0.9977,0.9621,1.0087,0.9108,1.1331,1.0390,1.0177,0.8414,0.9343,0.9797,1.0155,1.0117,1.1823,0.9951,0.9592,1.1073,1.0829,0.8819,0.8121,0.8491,0.9203,0.8357,1.0946,0.8461,0.8803,0.8751,0.8421
jefferson_3,0.9696,0.8262,-0.0000,0.7683,0.9925,1.1497,1.0755,1.1487,0.8954,1.0704,1.0215,1.0180,0.9729,0.8825,0.8689,1.0276,0.8497,0.8332,0.8426,1.0539,0.9066,0.8888,0.9201,1.0894,0.8109,0.9114,0.8796,0.8749,1.1607,1.0634,1.0746,1.0203,0.9911,0.9540,0.7917,0.9753,0.9200,0.8832,0.8070,0.9444,0.9653,0.7069,0.7553,0.8678,0.8539,0.9108,0.8931,1.0883,0.9535,0.8525,0.9009,0.9896,0.9443,0.8899,0.9453,0.9318,1.1411,1.1644,0.9584,1.1280,1.0862,1.0913,1.0955,1.0963,0.9790,0.9564,0.8751,1.1004,0.6794,0.8929,0.8225,0.7971,1.0896,1.1559,1.2034,1.1035,1.2175,1.2136,1.2430,1.2022,1.0290,0.8622,1.2572,0.9888,1.2209,1.2415,1.2424,0.8014,1.0969,1.1455,1.3058,1.1456,1.0606,1.0335,0.9744,0.9950,1.0549,1.0647,1.0128,1.1004,1.1307,1.2109,1.1383,1.1653,0.9985,0.9397,1.0685,1.0985,0.9540,1.1948,0.9960,0.9220,1.1754,1.0673,0.9997,0.8090,0.8189,1.0321,1.0032,0.9321,1.0932,0.9130,0.8301,1.0987
jefferson_4,0.9088,0.8055,0.7683,0.0000,0.9043,1.0449,1.1610,0.9254,0.7778,0.8736,0.9902,1.1455,0.7977,0.8551,0.9491,1.0874,1.0767,1.1303,0.8864,1.1966,1.0318,1.2067,0.8842,1.1591,0.8661,0.9322,1.0626,0.6739,0.7852,0.7006,0.9482,0.9006,1.1423,1.0821,0.8436,0.9416,1.0516,1.2119,1.0058,1.0727,0.7970,0.9868,0.7340,0.7775,1.0289,1.1186,1.0102,1.0275,1.1696,1.1302,1.1258,1.0419,1.0292,1.2032,1.1287,1.1090,0.8170,1.1546,0.9533,0.9243,1.0991,1.1130,1.2174,1.1135,0.9049,1.0742,1.1381,1.1489,0.5644,0.8812,0.8530,0.7953,1.1178,1.1015,1.2114,1.1635,1.0094,1.1953,1.0886,1.0026,0.8642,0.9058,1.1194,0.9728,1.1172,0.9980,0.9709,0.6579,0.9053,1.0380,1.1127,0.9045,0.9420,1.0288,0.8097,1.1844,1.1812,1.2462,1.1505,1.1584,0.9651,1.2443,1.1840,1.1501,0.9068,0.9724,0.9931,1.0372,1.1323,1.2652,1.0703,1.0729,1.0385,0.9531,1.0393,0.7957,0.8136,1.1584,0.8653,1.2519,0.9208,0.8553,0.8624,0.9211
randolph_1,0.8928,0.8536,0.9925,0.9043,0.0000,0.4231,0.5670,0.6245,0.6669,0.5707,0.6582,1.1383,1.0357,0.9652,1.0365,0.9690,1.1429,1.2532,1.1177,1.1343,0.9905,1.1442,1.0787,1.0671,1.1063,1.0711,1.0750,0.8422,0.9613,1.0154,0.9526,0.9793,1.1797,1.1411,0.7548,1.0466,1.2428,1.1107,1.1085,1.1383,0.9893,1.1143,0.9925,0.9475,1.0513,1.2146,1.1032,0.8562,1.1857,1.2081,1.0845,0.8898,1.2012,1.2490,1.2842,1.2896,0.9550,1.0489,1.0649,0.8823,1.2002,1.0746,1.2190,1.1222,0.8856,1.1965,1.1965,1.0478,1.1439,1.0684,1.1923,0.8499,1.1811,1.1322,1.1160,1.2899,1.0700,0.9315,1.0451,0.7651,1.1128,1.0498,1.0780,1.0546,1.1324,0.9967,1.0662,0.9975,0.6742,0.7768,0.9547,0.6097,0.5973,0.7525,0.4857,1.1382,1.1077,1.0437,1.0482,1.1979,1.0553,1.2637,1.2428,1.1284,0.8863,1.0767,1.0595,1.1102,1.0831,1.1658,1.0385,0.8729,0.7837,1.0647,0.6630,0.7897,0.8756,1.0697,0.8009,0.8637,0.9034,0.7658,0.9354,0.9090
randolph_2,0.9376,1.0805,1.1497,1.0449,0.4231,-0.0000,0.3949,0.7127,0.6488,0.6628,0.6715,1.0348,1.0149,0.9687,1.0027,0.7908,1.0609,1.2461,1.0848,1.0425,1.0312,1.1709,1.1342,0.9897,1.1545,1.0841,1.2312,0.9102,0.9384,1.1000,0.9662,0.9108,1.0182,0.9197,0.8446,1.0332,1.2325,1.0623,1.0585,1.0423,1.0243,1.1772,1.0394,1.0580,1.1901,1.1319,1.0927,0.7571,1.1614,1.1270,1.0927,0.9174,1.2220,1.2417,1.2678,1.2173,0.9359,0.9276,1.1297,0.8614,1.2409,1.1372,1.2264,1.0843,0.9200,1.2133,1.1696,0.9941,1.1364,0.9431,1.2889,0.7866,1.2581,1.1679,1.0257,1.1325,1.0742,0.8621,0.9653,0.7757,1.1608,1.1462,0.9935,1.0938,1.0662,1.0758,1.0827,1.0963,0.7381,0.8809,0.9393,0.6834,0.6125,0.8763,0.5668,1.0958,1.1908,1.1352,1.1422,1.1552,1.1411,1.1928,1.2595,1.1076,0.9668,1.1175,1.0611,1.0257,1.1640,1.1129,0.9892,0.9056,0.6994,0.9989,0.6827,0.9505,1.0384,1.0657,0.9342,0.9407,1.0115,0.8796,1.0905,1.0175
randolph_3,0.9610,1.0487,1.0755,1.1610,0.5670,0.3949,-0.0000,0.6188,0.7344,0.7638,0.7068,1.0068,1.1197,1.0345,1.0104,0.8014,1.1218,1.1583,1.1455,1.0875,1.0588,0.9721,1.2361,0.8845,1.0755,1.0755,1.2594,1.0186,0.9820,1.1607,0.9091,0.9325,1.0202,0.9556,0.9514,1.0680,1.1746,1.0642,1.0533,1.1320,1.0518,1.1812,1.1149,1.0185,1.1050,1.1151,1.0848,0.8183,1.1304,1.1219,1.0739,0.9048,1.3233,1.1876,1.2040,1.1957,0.9736,0.9836,0.9903,0.9222,1.2765,1.1424,1.2176,1.0528,0.8535,1.1783,1.0101,1.0293,1.1893,0.8479,1.1864,0.8500,1.1947,1.1149,1.0585,1.0036,1.1363,0.9019,0.9444,0.8887,1.1373,1.1546,1.0866,1.1979,1.1161,1.0395,1.0788,1.0079,0.7829,0.7856,0.9901,0.8384,0.6803,0.9189,0.6686,1.0903,1.2344,1.1037,1.1041,1.1482,0.9734,1.1284,1.2146,0.9865,0.8557,1.0925,1.0104,0.9357,1.0340,0.9017,0.9357,0.8104,0.8130,0.9707,0.7310,0.9696,1.0346,1.1206,1.0585,0.8731,1.1287,0.9696,1.0737,1.1331
randolph_4,0.9340,0.9745,1.1487,0.9254,0.6245,0.7127,0.6188,0.0000,0.9545,0.6417,0.7903,1.0060,0.9217,1.0556,1.0661,1.0048,1.1099,1.1986,1.1544,1.0878,0.9908,1.1233,1.1324,1.0710,1.1445,0.9380,1.2418,0.8775,0.8025,0.8016,0.8201,0.8641,1.1288,1.0479,1.0061,1.1817,1.3217,1.0500,1.0814,1.1374,0.8030,1.1413,1.0997,1.0162,1.0736,1.2079,1.1386,0.9427,1.2819,1.2466,1.1826,0.9525,1.1912,1.1919,1.2154,1.1293,0.8303,0.9895,0.8387,0.7666,1.2633,1.0421,1.3175,1.1302,0.9819,1.2567,1.1714,1.0196,1.1883,1.0592,1.2145,1.0737,1.1019,0.9775,1.0384,1.1341,1.0848,0.7861,0.8426,0.7866,0.9957,1.0977,0.8684,1.0406,0.9897,0.8005,0.8934,0.8494,0.6993,0.7334,0.9135,0.7046,0.7097,1.0253,0.7350,1.0987,1.1842,0.9670,1.0959,1.1483,1.0624,1.2471,1.2238,1.1581,0.9549,1.2221,1.0791,1.1315,1.1584,0.9448,1.0591,0.8321,0.7781,0.9536,0.8484,0.9246,0.9405,1.1208,0.9871,0.9534,1.0097,0.9690,0.9643,1.0152
jackson_1,1.0080,0.8938,0.8954,0.7778,0.6669,0.6488,0.7344,0.9545,-0.0000,0.5612,0.5997,1.0472,0.9689,0.8269,0.9856,0.8967,1.1178,1.2433,1.0611,1.0417,1.0351,1.1270,0.9697,0.9478,1.0629,1.1519,1.0792,0.8042,1.0117,0.9498,1.1008,0.8237,1.1742,1.0202,0.7388,0.9161,1.0157,1.0397,1.1245,1.1096,0.9452,1.0952,0.9952,0.8085,1.1264,1.2354,1.0948,0.8960,1.0607,1.1449,1.0473,1.0392,1.1717,1.3009,1.2061,1.2740,0.9439,1.1037,1.1644,0.9962,1.2105,0.9477,1.1834,0.9614,0.8648,1.0408,1.0322,0.7941,0.9367,0.8346,1.0309,0.7392,1.1959,1.1539,1.1279,1.2430,1.1848,1.0340,1.1543,0.9366,1.1354,1.0525,1.0691,1.2139,1.2970,1.2196,1.0358,0.8327,0.9047,0.9733,1.0316,0.8666,0.7982,0.8698,0.7003,1.1545,1.0708,1.1278,0.9649,1.0918,0.9904,1.2347,1.2048,1.0815,0.8709,0.9983,0.9470,0.9650,1.1582,1.1552,0.8462,1.0109,1.0294,1.0858,0.8894,0.7916,0.8846,0.9708,0.9008,0.9101,0.9672,0.8682,0.9359,0.9667
jackson_2,0.9165,0.8606,1.0704,0.8736,0.5707,0.6628,0.7638,0.6417,0.5612,0.0000,0.5734,1.0449,0.8936,0.8684,0.9750,0.9454,1.0977,1.2285,1.1575,1.1381,0.9933,1.2273,1.0837,1.0106,1.1740,1.1894,1.2603,0.9620,0.9391,1.0164,1.1044,0.9325,1.1354,1.0442,0.7784,1.0216,1.2340,1.1356,1.1387,1.1923,0.9562,1.2547,1.0955,1.0004,1.0802,1.2056,1.0283,0.8904,1.2139,1.2859,1.2467,0.8990,1.1521,1.2385,1.2191,1.2366,0.8396,1.1300,1.1309,0.6984,1.3021,1.0351,1.3257,1.0499,0.9218,1.1057,1.1487,0.9181,1.1277,0.9695,1.1680,0.9173,1.2918,0.9846,0.9298,1.2557,1.1016,0.9710,0.9118,0.6460,1.1261,1.1837,0.9806,1.1718,1.1801,0.9388,0.9507,0.7438,0.7094,0.8186,0.8919,0.5994,0.5618,0.7617,0.5742,1.0862,1.2245,1.0568,1.2347,1.2379,1.0504,1.2893,1.2549,1.1443,0.8966,1.0735,1.0276,1.0616,1.1299,1.1665,0.8908,0.8905,0.7667,1.0133,0.7688,0.7277,0.8066,1.0054,0.8260,0.9493,0.8946,0.8163,0.8447,0.8956
jackson_3,0.9656,0.9632,1.0215,0.9902,0.6582,0.6715,0.7068,0.7903,0.5997,0.5734,0.0000,1.0140,1.0553,0.9927,1.0216,0.9597,1.1378,1.1485,1.1392,1.1268,0.9447,0.9415,0.9369,0.9890,1.1499,1.1240,1.1546,0.8497,0.9371,0.9879,1.0770,0.8104,1.1793,1.1276,0.9064,1.1170,1.2096,1.2239,1.1876,1.2024,0.9496,1.1655,0.9963,0.9485,1.1109,1.1794,1.0869,0.9400,1.0705,1.1428,1.2146,1.0337,1.2633,1.1439,1.0877,1.2358,0.8825,1.2129,0.8587,0.9830,1.2573,1.0535,1.2759,1.1117,0.8901,1.1242,1.2260,0.9136,1.0348,0.8014,1.1771,0.8362,1.2119,1.0453,1.0675,1.1909,1.1470,1.0283,1.0497,0.8606,1.1420,1.0788,0.9977,1.0988,1.1726,1.0585,1.0879,0.7564,0.8643,0.9852,0.9296,0.7684,0.6710,0.8274,0.6474,1.0180,1.0968,0.9122,0.9102,1.0158,0.9265,1.1624,1.0870,1.1854,0.8735,0.9208,0.8441,1.0597,1.0838,1.1066,0.9020,0.9617,0.8902,0.9562,0.7388,0.7924,0.9002,1.0322,0.7243,0.7593,0.8582,0.6838,0.9204,0.8566
jackson_4,1.1467,1.1148,1.0180,1.1455,1.1383,1.0348,1.0068,1.0060,1.0472,1.0449,1.0140,-0.0000,0.9032,0.9638,0.7593,0.8131,1.0845,0.9973,1.0626,0.9548,1.1261,1.0792,1.0702,1.0610,1.0460,0.8536,0.9532,1.0505,0.9344,0.9911,0.8833,1.0458,0.9359,0.9201,0.9246,1.0954,1.0155,0.8987,1.0784,1.0588,1.0627,1.0271,1.0866,1.0903,1.0231,0.8071,0.9878,0.8483,1.0336,1.0491,0.9584,0.8065,0.8619,0.8526,0.9768,1.0311,1.0403,1.0728,0.9677,1.0332,1.0238,1.0622,0.9603,1.0319,0.9869,0.8431,0.9179,0.9195,1.0383,0.7662,1.0089,1.1086,1.1287,1.0527,1.0416,0.9585,0.9602,0.9730,0.9707,0.9810,1.0996,1.0695,0.7355,0.9286,1.0899,0.9821,1.1193,0.9873,1.0743,1.1654,1.0721,1.1188,1.1323,1.0789,1.0660,0.9710,0.9987,0.9733,1.0932,1.1126,1.0405,1.0354,1.0028,1.0651,1.0208,1.1592,1.0773,1.1196,1.0544,0.9942,0.7894,0.9380,0.9905,0.9300,0.9582,0.9846,0.9967,1.1128,0.9052,0.8391,0.8612,0.9805,0.9774,0.8642
jqadams_1,0.9172,0.8578,0.9729,0.7977,1.0357,1.0149,1.1197,0.9217,0.9689,0.8936,1.0553,0.9032,0.0000,0.5372,0.8763,0.7785,1.0617,1.1279,0.9338,1.1003,0.9895,1.1555,1.0151,0.8818,0.9857,0.9513,1.1299,0.9183,1.0160,0.9995,1.0490,1.0726,1.0868,0.9769,0.8768,1.0391,1.0975,1.0363,1.0344,1.0666,0.7654,1.0937,0.8768,1.0188,1.1600,1.1094,0.9460,0.9748,1.0731,1.1429,1.1278,0.9602,0.9695,1.1706,1.1180,1.1302,1.0536,1.2211,1.0156,1.0852,0.9468,0.8730,1.1481,0.9345,0.9751,0.8994,0.9946,1.0353,0.7710,0.9512,0.8570,0.8660,1.1672,1.1371,1.1331,1.1991,0.9612,1.0749,1.1650,0.9739,0.8840,1.1092,0.8399,0.9939,1.2001,1.1096,0.9782,0.7752,1.1672,1.1858,1.1261,0.9955,1.0252,1.0519,1.0185,1.0001,0.9227,0.9377,1.0968,0.9702,0.9877,0.9227,0.8719,0.8887,0.9358,0.9756,1.1033,1.1004,1.0920,1.0886,1.0059,0.9531,0.9359,1.0275,1.0588,1.0473,1.0245,1.0353,0.9533,1.1093,0.8049,1.1158,1.0249,0.8018
jqadams_2,0.9441,0.9387,0.8825,0.8551,0.9652,0.9687,1.0345,1.0556,0.8269,0.8684,0.9927,0.9638,0.5372,0.0000,0.6654,0.6601,1.0306,1.0503,0.9982,1.1421,1.0774,1.0329,1.0569,0.9651,1.1171,1.1534,1.1261,0.7753,1.1359,1.1194,1.0753,1.2008,1.1280,0.9541,0.8586,1.0559,1.1145,0.9724,1.0572,1.0580,0.8501,0.9933,0.9335,1.0724,1.0759,1.0495,0.8382,0.7804,1.2301,1.2043,1.1706,1.0114,1.1161,1.2026,1.2375,1.1679,1.1272,1.0923,1.0810,1.0537,1.1717,1.0013,1.0828,1.0454,0.9093,0.9715,0.9319,0.8743,0.7374,0.7828,0.9250,0.6927,1.0454,1.0974,1.0686,1.1568,1.0577,1.0255,1.0599,0.9585,0.9093,1.0437,0.8680,0.9495,1.1775,1.1835,1.1144,1.0017,1.0427,1.1060,1.0173,1.0299,0.9959,0.9331,1.0566,0.9112,0.9850,0.9226,1.1094,1.0274,1.1375,1.0829,0.9829,0.9711,1.0016,1.0255,0.9525,1.1171,1.0814,1.0840,0.8680,1.0498,0.9069,1.0657,1.0573,1.0775,1.1023,1.1360,0.8628,0.8697,0.9029,0.8690,1.1051,0.8997
jqadams_3,0.9567,0.8593,0.8689,0.9491,1.0365,1.0027,1.0104,1.0661,0.9856,0.9750,1.0216,0.7593,0.8763,0.6654,0.0000,0.6826,1.1550,0.9441,1.1823,1.1355,1.2072,1.0821,1.2385,1.1124,1.0152,0.9397,0.9830,0.9945,1.0893,1.0753,1.0132,1.1802,1.0891,0.8615,0.8331,1.0870,1.1085,1.0552,1.1398,1.1916,1.0861,0.9104,0.9981,1.0883,0.7607,0.9306,0.7561,0.7410,1.2725,1.1701,1.2201,1.0064,0.8638,0.9316,1.0176,1.0965,1.0702,1.0033,1.0405,0.9226,1.0420,1.0488,1.0810,1.0088,0.8455,0.8650,0.9799,0.8616,0.9104,0.7302,0.9777,0.7757,1.0945,1.0059,0.9454,1.0780,1.0477,1.0333,1.0245,0.8571,1.0771,0.9118,0.9932,0.9138,1.1950,1.0536,1.0992,1.1090,0.8694,1.1503,1.0149,0.9450,1.0959,1.0794,1.0632,0.9000,1.0769,1.0381,1.0590,1.0972,1.0873,1.1693,1.0597,1.0687,1.1198,1.2341,1.1003,1.0857,1.0150,1.0232,0.9298,1.1623,0.9136,0.8592,0.8522,1.0130,0.9853,1.0637,0.8200,0.8725,0.8594,0.8411,0.9822,0.8599
jqadams_4,0.9974,1.0856,1.0276,1.0874,0.9690,0.7908,0.8014,1.0048,0.8967,0.9454,0.9597,0.8131,0.7785,0.6601,0.6826,0.0000,1.0371,1.0642,1.0525,1.1191,1.1019,0.9916,1.2122,1.0173,1.0615,1.0956,1.1325,0.9935,1.1571,1.2948,0.9643,1.2386,0.9523,0.8176,0.8850,1.1092,1.0858,1.0354,1.0191,1.1370,1.0450,1.0465,1.0643,1.1760,1.0962,1.0691,0.9787,0.8160,1.1982,1.1576,1.1251,0.9344,1.1341,1.0834,1.0725,1.0209,1.1491,1.0569,1.0863,0.9608,1.0524,1.0174,0.9233,0.9718,0.9928,0.9062,0.7686,0.9656,0.9626,0.7318,1.0636,0.9229,1.0261,1.0419,0.9488,0.9961,1.1221,1.0225,0.9248,0.8209,0.9832,1.0332,0.9953,0.9748,1.0226,1.0849,1.2023,1.1281,0.9478,1.1401,1.0266,0.9814,1.0495,1.0569,1.0693,0.9208,1.1484,0.9367,1.1427,1.1182,1.0313,1.0404,0.9934,0.9822,0.9764,1.0137,1.0083,0.9729,1.0171,0.9771,0.9180,1.0426,0.8928,0.8818,0.9886,1.0605,1.0568,1.0262,0.8125,0.8167,0.8313,0.8565,1.0657,0.8338
ejames_1,1.1867,1.2033,0.8497,1.0767,1.1429,1.0609,1.1218,1.1099,1.1178,1.0977,1.1378,1.0845,1.0617,1.0306,1.1550,1.0371,0.0000,0.6985,0.5890,0.7355,0.9293,0.7787,0.7610,0.8655,0.6970,0.8219,0.9479,0.8858,1.1105,1.0480,1.1888,0.8611,0.9867,0.8312,1.2507,0.8249,0.7151,0.9582,0.5271,0.6839,0.8319,0.8137,0.7996,0.9208,0.9615,0.8811,1.1133,1.3147,0.7762,0.7269,0.8609,1.1050,0.9562,0.8361,0.8310,0.8889,1.1313,1.0108,1.0699,1.2132,0.9798,1.1583,0.9954,0.9301,1.0766,1.0355,0.9240,1.1921,0.8986,1.1037,0.8859,1.1072,1.0291,1.2469,1.1797,1.0343,1.0035,1.1920,1.1667,1.2171,1.0551,1.0689,1.0698,1.0431,1.1018,1.2191,1.1466,0.9927,1.2684,1.2187,1.2302,1.2931,1.1819,1.3493,1.1739,1.0217,0.9759,1.0099,0.9662,0.9806,1.0187,1.0054,1.0205,1.0256,0.8879,0.6785,0.9843,0.8158,1.0935,1.0457,1.0143,0.9277,1.0829,0.9193,1.2661,0.9287,0.9027,0.8520,1.1220,1.0246,1.1235,1.0797,0.8905,1.1240
ejames_2,1.1350,0.9428,0.8332,1.1303,1.2532,1.2461,1.1583,1.1986,1.2433,1.2285,1.1485,0.9973,1.1279,1.0503,0.9441,1.0642,0.6985,0.0000,0.7931,0.7743,0.9437,0.7750,0.8825,0.8754,1.0228,0.7620,0.8488,1.1162,1.2446,0.9853,1.1294,0.9702,0.7099,0.7750,1.2247,0.8391,0.7112,0.8264,0.6274,0.7138,1.0555,0.6348,0.8101,0.9795,0.7165,0.6746,0.7892,1.1475,0.7309,0.7129,0.8647,1.0800,0.7759,0.5978,0.7622,0.6461,1.2007,1.0685,1.0121,1.2285,1.0162,1.0630,0.9880,0.9408,1.0970,0.9675,0.8853,1.1627,0.9709,1.0370,0.8612,1.1165,0.9844,1.1209,1.1308,1.0072,1.1136,1.2106,1.1807,1.2192,1.1238,1.0680,1.1740,0.8953,1.0379,1.2277,1.1395,0.9870,1.2894,1.1873,1.2888,1.3932,1.2375,1.1902,1.2646,1.0156,1.0814,1.1023,0.9989,0.9414,1.0903,0.9105,0.9453,0.9880,1.0123,0.9407,1.0584,0.9319,0.8610,0.9538,0.9840,0.9838,1.1996,0.9817,1.2969,0.8440,0.7839,0.8789,1.2406,1.1511,1.2219,1.1788,0.7534,1.2236
ejames_3,1.0634,0.9736,0.8426,0.8864,1.1177,1.0848,1.1455,1.1544,1.0611,1.1575,1.1392,1.0626,0.9338,0.9982,1.1823,1.0525,0.5890,0.7931,0.0000,0.7655,0.8749,0.8432,0.5170,1.0151,0.7313,0.8748,1.0033,0.8196,0.9332,0.8021,1.2255,0.8592,0.9508,0.9780,1.1597,0.6407,0.6033,1.0494,0.6531,0.7498,0.7122,0.9129,0.5006,0.7642,1.1437,1.0406,1.0909,1.2479,0.7688,0.8538,0.9603,1.1748,0.9403,0.9963,0.9371,0.9067,0.9710,1.0916,1.0691,1.2034,1.0290,1.0457,1.1152,0.8558,0.9727,0.9408,0.9495,1.0776,0.8264,1.0683,0.7687,1.0607,1.2307,1.3471,1.2723,1.2699,1.1092,1.1792,1.2881,1.1997,1.0523,1.2784,1.1553,1.0327,1.1527,1.2191,1.1085,0.8616,1.3078,1.2377,1.2909,1.2709,1.2354,1.1602,1.1200,0.9502,0.8632,0.9634,0.9743,1.0067,1.0372,1.0343,1.0801,1.0222,0.9252,0.5163,1.0103,0.8373,1.1785,1.1043,1.0074,1.0389,1.1518,1.0688,1.2454,1.0108,1.0175,0.7412,1.1205,1.1992,1.1690,1.0322,1.0253,1.1670
ejames_4,1.0728,1.1153,1.0539,1.1966,1.1343,1.0425,1.0875,1.0878,1.0417,1.1381,1.1268,0.9548,1.1003,1.1421,1.1355,1.1191,0.7355,0.7743,0.7655,0.0000,1.1266,1.1254,0.9129,1.0748,0.8970,0.9973,0.8362,1.0574,1.2367,0.9796,1.2102,0.9958,0.8968,0.8894,1.1121,0.5738,0.3754,1.0103,0.9217,0.9394,1.0664,1.0527,0.9046,0.9156,1.0429,0.9683,1.1329,1.0948,0.7095,0.8430,0.9212,1.1761,0.7439,0.8126,1.0664,0.9544,1.0125,0.8633,1.0947,1.1672,0.8362,0.9116,0.9318,0.4701,0.9620,0.9164,0.9378,1.0288,0.9648,1.0442,0.6627,0.9968,1.0824,1.2271,1.1407,1.0908,1.0978,1.0170,1.0163,1.1036,1.0967,1.2386,1.1020,1.1192,1.0580,1.2687,1.0011,1.1996,1.2594,1.2475,1.2295,1.2918,1.2650,1.1000,1.2311,0.9908,0.8369,1.0735,0.9310,0.9483,0.8926,0.8939,0.9719,0.9334,0.9503,0.7636,0.9996,0.5192,1.1152,0.9961,0.9948,1.0339,1.1721,1.0432,1.1810,1.0716,1.0639,0.7478,1.1932,1.1503,1.1905,1.1313,1.0498,1.1934
flint_1,0.8524,0.9089,0.9066,1.0318,0.9905,1.0312,1.0588,0.9908,1.0351,0.9933,0.9447,1.1261,0.9895,1.0774,1.2072,1.1019,0.9293,0.9437,0.8749,1.1266,0.0000,0.7483,0.6693,0.7754,0.9672,0.9265,0.8503,0.8655,0.9066,0.7895,1.0995,0.7182,1.1849,1.1286,0.9844,1.0433,1.0446,1.0993,0.9706,0.9560,0.9224,0.9818,0.9390,0.8577,0.9260,0.9608,0.8571,0.9914,0.8865,0.9093,0.9631,1.0563,1.0356,1.1199,1.0415,0.8147,0.9204,1.0617,1.0014,1.0668,1.0133,1.1018,1.1401,1.1254,1.0503,1.2430,1.0758,1.0935,0.9653,1.0820,1.0105,1.0703,0.9919,1.0342,1.0411,1.1257,1.0208,1.1936,1.1964,1.2259,0.9378,0.9562,1.0936,0.7925,1.0390,0.9863,1.0062,0.8783,1.0868,0.9856,1.1132,1.0511,0.9450,1.0643,0.9413,1.1840,1.0600,0.9793,1.0399,0.9909,1.0310,0.9273,1.0354,0.9790,0.9037,0.8773,0.9259,1.1236,1.0731,1.1098,1.1697,1.1131,1.1607,1.0819,1.0195,0.8741,0.8651,1.0013,0.9668,0.9754,0.9415,1.0029,0.8811,0.9413
flint_2,1.1805,1.0748,0.8888,1.2067,1.1442,1.1709,0.9721,1.1233,1.1270,1.2273,0.9415,1.0792,1.1555,1.0329,1.0821,0.9916,0.7787,0.7750,0.8432,1.1254,0.7483,0.0000,0.7486,0.7337,0.9050,0.9219,1.0058,0.9083,1.1213,1.0376,0.9864,1.0462,0.8912,0.9745,1.2344,1.1013,1.0081,0.9025,0.8290,0.8775,0.9730,0.8188,0.9660,1.0281,0.9067,0.8613,0.8888,0.9921,0.8603,0.8063,0.9378,1.0447,1.0151,0.9416,0.7380,0.8143,1.1802,0.9882,0.9762,1.1455,1.0963,1.2725,1.0275,1.1655,1.0240,1.0062,0.9000,1.0221,1.0288,1.0333,0.9920,1.1186,0.9796,1.0099,1.1033,1.0023,1.0354,1.1139,1.1681,1.1969,1.0255,1.0261,1.0875,0.9677,0.8927,1.0134,1.1429,0.9272,1.1726,1.0229,1.0839,1.1752,1.0977,1.1973,1.1001,1.0854,1.0400,0.9500,0.9524,0.9437,0.9672,0.9567,0.9905,1.0434,1.0382,0.9102,0.8613,1.0418,0.9913,0.9182,1.0718,0.9302,1.0468,0.9125,1.0106,1.0068,0.9611,0.9308,1.0540,0.9485,1.1134,0.9772,0.9394,1.1109
flint_3,0.9863,1.0317,0.9201,0.8842,1.0787,1.1342,1.2361,1.1324,0.9697,1.0837,0.9369,1.0702,1.0151,1.0569,1.2385,1.2122,0.7610,0.8825,0.5170,0.9129,0.6693,0.7486,-0.0000,0.8022,0.7550,0.8875,0.9565,0.7954,0.9208,0.7667,1.1174,0.6559,1.0343,1.0117,1.3278,0.7963,0.6866,1.1219,0.6794,0.7234,0.7554,0.8856,0.7409,0.8757,1.0162,0.9594,1.0115,1.2181,0.7934,0.8134,0.9846,1.1134,0.8810,1.0611,0.9374,1.0264,0.9281,1.1079,1.0232,1.2176,0.9928,0.9880,1.1652,0.9935,0.9224,1.1111,1.0379,1.1267,0.9125,1.1212,0.8577,1.0931,1.1666,1.1167,1.2265,1.2471,1.0026,1.2349,1.2752,1.2789,1.0452,1.1763,1.0749,1.0643,1.0648,1.0997,1.0857,0.7716,1.2899,1.1053,1.2294,1.1987,1.0861,1.0787,1.0016,1.1297,0.9313,0.9499,0.9232,1.0274,0.9387,1.0866,0.9909,1.0741,0.8459,0.8020,0.8171,1.0013,1.0725,1.2423,1.1461,1.1754,1.1075,0.9285,1.1856,1.0113,1.0210,0.8794,1.1112,1.1154,1.1566,1.0291,1.0229,1.1524
flint_4,1.0648,1.1665,1.0894,1.1591,1.0671,0.9897,0.8845,1.0710,0.9478,1.0106,0.9890,1.0610,0.8818,0.9651,1.1124,1.0173,0.8655,0.8754,1.0151,1.0748,0.7754,0.7337,0.8022,0.0000,0.9419,0.9551,0.9412,1.0458,0.9924,1.1299,0.9125,0.8410,0.9909,0.9196,1.1733,1.1511,1.0570,1.1242,0.8044,0.9503,0.9498,0.9608,1.0157,1.1600,1.1190,1.0256,0.9722,0.8998,0.9540,0.9096,0.8620,0.9388,1.0596,1.0787,0.8961,0.9843,1.1379,1.0243,0.9878,1.0327,1.0143,1.0817,1.0277,1.0310,0.9511,1.0366,0.9225,1.0580,1.1613,1.0764,1.0254,1.0703,1.0834,1.0737,1.0081,1.0859,1.1355,1.2056,1.1612,1.1651,1.1405,1.0608,1.0951,1.0819,0.8745,1.0743,1.0629,0.9253,1.1107,0.8774,0.9648,1.0545,0.9840,1.1507,1.1050,1.1064,1.0748,1.0657,0.9298,0.9422,0.8658,0.8350,0.7814,0.8256,0.9667,0.9762,0.8795,1.1023,1.0587,0.9420,1.1257,1.0649,1.0069,0.8102,0.9580,0.8477,0.8296,1.0669,1.0908,0.9628,1.0249,1.1258,0.7998,1.0199
hall_1,1.0633,0.9880,0.8109,0.8661,1.1063,1.1545,1.0755,1.1445,1.0629,1.1740,1.1499,1.0460,0.9857,1.1171,1.0152,1.0615,0.6970,1.0228,0.7313,0.8970,0.9672,0.9050,0.7550,0.9419,-0.0000,0.7024,0.8337,0.7888,1.0231,1.0388,1.1322,0.9807,1.1569,1.1028,1.0299,0.7636,0.8085,1.1974,0.7794,0.9018,0.9211,0.8559,0.7961,0.7962,1.0770,1.0676,1.1281,1.1498,0.9182,1.0156,1.0355,1.0794,0.8169,0.9862,0.9447,1.0052,0.9939,1.0406,1.1239,1.1300,0.9216,0.9462,1.0149,0.9824,0.8606,1.0459,0.9238,1.0015,0.8179,1.0045,0.7203,1.0824,1.0435,1.1719,1.2098,1.1487,0.9038,1.1724,1.0936,1.1244,1.1081,0.9769,1.1566,1.0948,1.2303,1.2284,0.9127,0.8990,1.1591,1.2182,1.1275,1.2685,1.2462,1.1688,1.0346,1.0126,0.9556,1.0042,1.0046,0.9277,0.9314,1.0247,1.0118,0.9889,0.8807,0.7853,0.8644,0.8373,0.9828,1.1031,1.1538,0.9960,1.1079,0.8829,1.0345,1.0686,1.0337,0.9407,0.9920,1.1971,0.9964,0.9903,1.0257,0.9952
hall_2,1.1510,0.9732,0.9114,0.9322,1.0711,1.0841,1.0755,0.9380,1.1519,1.1894,1.1240,0.8536,0.9513,1.1534,0.9397,1.0956,0.8219,0.7620,0.8748,0.9973,0.9265,0.9219,0.8875,0.9551,0.7024,-0.0000,0.9386,0.8652,0.9199,0.9480,0.8841,0.9662,0.9281,0.9704,1.0594,0.9661,0.9829,0.9989,0.7304,0.8137,0.9834,0.8611,0.8260,0.9524,1.0230,0.9989,1.0607,1.0410,0.9405,1.0344,0.9341,0.9894,0.8020,0.9361,0.9097,0.9389,0.9082,1.1120,0.9649,1.2260,0.9679,0.9512,1.1743,1.1140,1.0945,1.1411,1.0477,1.1975,0.9026,1.0593,0.8865,1.1423,0.9432,1.1105,1.2112,1.0691,0.9102,1.0815,1.1041,1.1293,1.0071,1.0158,0.9727,1.0148,1.1032,1.0483,1.0357,0.7782,1.1102,1.1443,1.2066,1.1771,1.1797,1.2097,1.1626,1.0633,0.9943,0.9823,0.9923,0.9353,1.0110,0.9476,0.9792,0.9566,0.8741,0.9124,0.9999,1.0454,1.1016,1.0360,1.0332,1.1191,1.0945,0.9261,1.0922,1.0034,0.9865,1.1060,1.0493,1.0609,0.9430,1.1380,0.9675,0.9442
hall_3,1.0685,0.8927,0.8796,1.0626,1.0750,1.2312,1.2594,1.2418,1.0792,1.2603,1.1546,0.9532,1.1299,1.1261,0.9830,1.1325,0.9479,0.8488,1.0033,0.8362,0.8503,1.0058,0.9565,0.9412,0.8337,0.9386,0.0000,0.9364,1.0468,0.9054,0.9300,0.9727,1.0422,1.0040,0.9576,0.9948,0.8624,0.9404,1.0818,0.9712,1.0849,0.6527,1.1171,0.9436,0.7030,0.8200,0.8456,1.1316,0.6894,0.8635,0.8355,1.0933,0.7684,0.8714,0.9153,0.8859,1.0439,1.0889,1.1251,1.2475,0.7420,0.9380,0.7108,0.9658,1.0077,0.9891,0.9580,1.0039,0.9120,0.9589,0.8790,1.0045,0.9060,1.0331,1.0762,1.0627,1.0399,1.1657,1.1249,1.2768,0.9718,0.7467,1.0687,0.7302,1.0873,1.2176,1.0921,1.1587,1.2650,1.1502,1.1734,1.1825,1.2116,1.0988,1.1867,1.0518,0.8674,0.8732,0.8819,0.9226,0.8524,0.9927,0.9550,1.0133,1.0733,0.9738,1.0722,0.9494,0.8136,1.0447,1.1561,0.9433,1.3854,1.1220,1.0358,0.8963,0.8481,1.0219,0.9335,0.8892,0.9066,0.9824,0.8336,0.9069
hall_4,0.9945,0.9773,0.8749,0.6739,0.8422,0.9102,1.0186,0.8775,0.8042,0.9620,0.8497,1.0505,0.9183,0.7753,0.9945,0.9935,0.8858,1.1162,0.8196,1.0574,0.8655,0.9083,0.7954,1.0458,0.7888,0.8652,0.9364,0.0000,0.9316,0.8311,1.0201,0.8773,1.2712,1.1724,1.0077,0.9681,1.0870,1.0954,0.9984,1.0345,0.5732,0.9020,0.8888,0.7340,1.1283,1.0824,1.1067,0.9226,1.1640,1.2331,1.1974,1.1630,1.0709,1.2946,1.0887,1.1758,0.7153,1.1416,0.9056,1.0987,1.1214,1.1431,1.2005,1.1369,0.8576,1.0879,1.0711,1.0096,0.7862,0.9989,0.9413,0.9864,1.1135,1.1843,1.3295,1.2929,1.0344,1.1323,1.0823,1.0966,0.9303,0.9835,0.9457,0.9075,1.2209,1.2513,0.9280,0.7720,1.0151,1.1054,1.2284,1.0610,0.9724,1.0868,0.8299,0.9742,1.0240,1.0026,1.0598,1.0455,0.9544,1.2190,1.1418,1.0975,0.8415,0.8735,0.8582,1.0701,1.1163,1.1154,1.0503,1.0654,1.0965,1.1161,0.9642,0.9109,0.9421,1.1165,0.8072,0.8988,0.8830,0.7967,0.9772,0.8860
paulding_1,0.9255,1.0432,1.1607,0.7852,0.9613,0.9384,0.9820,0.8025,1.0117,0.9391,0.9371,0.9344,1.0160,1.1359,1.0893,1.1571,1.1105,1.2446,0.9332,1.2367,0.9066,1.1213,0.9208,0.9924,1.0231,0.9199,1.0468,0.9316,0.0000,0.7946,0.7155,0.6377,1.2141,1.0861,1.0179,1.1321,1.2072,1.0745,1.1243,1.0553,0.7697,1.0618,0.9882,0.9538,0.9908,1.0285,1.0244,1.0638,1.1445,1.2015,1.2150,1.0177,1.1329,1.1379,1.0928,1.0809,0.6424,0.9912,0.8504,0.9572,0.9812,1.1445,1.1453,1.1783,1.0223,1.2260,1.2000,1.0575,1.0506,1.1756,1.1966,1.1093,1.0937,0.9969,0.9616,1.0671,0.8044,0.8772,0.9406,0.9669,0.9360,0.9618,0.8598,0.8987,0.9034,0.8319,0.9174,0.8614,0.9634,0.8607,0.8845,0.8669,0.9915,1.0635,0.8705,1.0644,1.0079,0.9550,0.9124,1.0124,0.8677,1.1020,1.1603,1.0986,0.9949,1.0559,1.0403,1.1810,1.0861,1.1568,1.0200,1.1669,0.9203,0.9662,0.8935,0.9322,0.9599,1.1373,0.9097,0.9989,0.8606,0.9885,0.9750,0.8594
paulding_2,1.0721,0.8898,1.0634,0.7006,1.0154,1.1000,1.1607,0.8016,0.9498,1.0164,0.9879,0.9911,0.9995,1.1194,1.0753,1.2948,1.0480,0.9853,0.8021,0.9796,0.7895,1.0376,0.7667,1.1299,1.0388,0.9480,0.9054,0.8311,0.7946,-0.0000,0.9152,0.7387,1.0987,1.0823,1.0589,0.9669,0.9831,1.0888,1.1089,1.1339,0.7844,0.9050,0.8062,0.8426,0.9608,1.1847,1.1231,1.1594,0.9925,1.0227,1.0841,1.0739,0.8426,0.9393,0.9942,0.9406,0.7150,1.0025,0.8675,0.9904,1.1208,0.9545,1.1585,0.9315,0.9876,1.0757,1.1523,1.0549,0.9294,1.1049,1.0518,1.0329,1.0685,0.9455,1.0605,1.1199,0.9038,1.0390,1.0282,1.1048,0.9159,1.0773,1.0282,1.0068,1.0494,0.8443,0.8150,0.8625,1.0896,0.9501,1.1061,1.0863,1.0856,1.0129,0.9368,1.0311,1.0880,1.1004,0.9966,1.0766,0.8289,1.1177,1.1217,1.0669,1.0027,1.0689,1.0508,1.0176,1.2703,1.1049,1.1173,1.1007,1.0631,1.1687,1.0810,1.0139,1.0118,1.0385,1.1288,1.1594,1.1105,1.1039,1.0135,1.1115
paulding_3,0.9253,1.0211,1.0746,0.9482,0.9526,0.9662,0.9091,0.8201,1.1008,1.1044,1.0770,0.8833,1.0490,1.0753,1.0132,0.9643,1.1888,1.1294,1.2255,1.2102,1.0995,0.9864,1.1174,0.9125,1.1322,0.8841,0.9300,1.0201,0.7155,0.9152,-0.0000,0.9677,0.9775,1.1103,1.0632,1.3382,1.2889,0.9761,1.1743,1.0891,1.0137,1.0560,1.2600,1.1064,1.0328,1.0995,0.9633,0.8909,1.1697,1.1777,0.8953,0.8867,0.9942,1.0470,1.0833,0.9600,0.8412,0.9510,0.8723,1.0014,1.0135,1.0498,1.0405,1.1677,0.9791,1.0627,1.0411,0.9911,1.0551,1.1279,1.1855,1.1498,0.9174,0.9641,0.8993,1.0098,1.0546,0.9051,0.8176,0.9435,0.8749,0.8803,0.8862,0.9639,0.8773,0.7725,0.9871,1.0757,0.9042,0.8213,0.8774,0.9015,0.9187,0.9609,1.0342,1.0462,1.1490,1.0041,0.9538,1.0728,0.8911,1.0524,0.9319,1.1113,1.0320,1.1091,0.9604,1.2520,0.9034,1.0410,1.1687,1.1143,0.8954,1.0213,0.7158,1.0288,1.0114,1.2220,0.8744,0.8721,0.8567,0.9339,1.0046,0.8608
paulding_4,0.8726,1.0925,1.0203,0.9006,0.9793,0.9108,0.9325,0.8641,0.8237,0.9325,0.8104,1.0458,1.0726,1.2008,1.1802,1.2386,0.8611,0.9702,0.8592,0.9958,0.7182,1.0462,0.6559,0.8410,0.9807,0.9662,0.9727,0.8773,0.6377,0.7387,0.9677,-0.0000,1.2448,0.9944,1.1142,0.8985,1.0359,1.1815,1.0102,0.9515,0.7021,0.9430,0.8867,0.7369,0.8785,1.0443,1.0459,1.1867,0.9200,1.0101,1.0357,1.0791,1.0815,1.2146,1.0639,1.1764,0.8294,1.1389,0.9286,1.1198,1.0416,1.0871,1.1481,1.0480,0.9396,1.2182,1.1284,1.0687,0.9804,1.0889,0.9990,1.0397,1.0805,1.0897,1.0897,1.0909,0.9530,1.1330,1.1572,1.1472,0.9801,0.9225,1.0087,0.9503,1.1322,1.0305,0.9270,0.7886,1.0957,0.9330,1.2226,1.0059,1.0041,1.1256,0.9545,1.2056,1.0216,1.0731,0.9424,1.0322,0.9215,1.0243,1.1673,1.0673,0.9270,0.9468,1.0336,1.0925,1.0114,1.1731,1.0932,1.1887,0.9664,0.9415,0.8871,0.8623,0.8748,1.0904,0.9980,1.0443,1.0233,0.9736,0.8825,1.0227
pike_1,1.1825,1.1098,0.9911,1.1423,1.1797,1.0182,1.0202,1.1288,1.1742,1.1354,1.1793,0.9359,1.0868,1.1280,1.0891,0.9523,0.9867,0.7099,0.9508,0.8968,1.1849,0.8912,1.0343,0.9909,1.1569,0.9281,1.0422,1.2712,1.2141,1.0987,0.9775,1.2448,0.0000,0.6249,0.9811,0.9191,0.8311,0.6729,0.5851,0.6010,1.2389,0.9159,0.9095,1.1294,1.0070,0.7159,1.0339,1.0806,0.7636,0.7262,0.6749,0.8457,0.9595,0.6723,0.7168,0.6393,1.2381,0.9758,1.1431,1.0694,0.9538,1.0972,0.9734,1.0051,1.3352,0.8377,0.9234,1.2252,1.1500,1.1043,0.9685,1.0248,0.9424,0.8759,0.9755,0.8443,1.0814,1.0633,1.0548,1.0988,1.1547,1.0151,1.2045,1.0634,0.8124,0.9894,1.1152,1.0690,1.0807,1.1016,1.0367,1.1682,1.1696,0.9038,1.2233,1.1262,1.1520,1.1486,1.1087,1.0852,1.1320,0.9444,0.8944,1.0134,1.0649,1.1001,1.1349,0.9494,0.8614,0.9665,0.9364,0.8394,1.0609,1.0634,1.2093,1.0954,1.0584,0.8055,1.3359,1.1651,1.3120,1.2473,1.0295,1.3179
pike_2,1.1265,1.1333,0.9540,1.0821,1.1411,0.9197,0.9556,1.0479,1.0202,1.0442,1.1276,0.9201,0.9769,0.9541,0.8615,0.8176,0.8312,0.7750,0.9780,0.8894,1.1286,0.9745,1.0117,0.9196,1.1028,0.9704,1.0040,1.1724,1.0861,1.0823,1.1103,0.9944,0.6249,0.0000,1.0358,0.8967,0.8674,0.9052,0.6984,0.7694,1.0246,0.7969,1.0388,1.0017,0.9505,0.8325,0.9985,1.0498,0.9560,0.8741,0.8581,1.0161,1.0228,0.8694,0.8250,0.9498,1.2582,0.9587,1.0905,1.0202,0.9992,1.0488,0.8980,1.0091,1.1756,0.9750,0.8646,1.1541,1.1317,0.9448,1.1858,0.9632,1.0420,1.0234,1.0525,0.8656,0.9833,1.0520,1.0217,1.0127,1.2068,1.1459,1.1302,1.0659,0.9142,1.0533,1.0880,1.0845,1.0436,1.0462,1.1450,1.1603,1.0473,1.1626,1.1488,1.1098,1.0950,1.0769,1.1061,1.1238,1.1450,0.9846,1.0725,0.9842,1.0394,1.0912,1.0835,0.8849,1.1361,1.0911,0.9589,1.0030,1.0203,0.7913,1.1085,0.8557,0.8452,0.9645,1.0820,1.0391,1.0451,1.0912,0.8391,1.0488
pike_3,0.9609,0.8012,0.7917,0.8436,0.7548,0.8446,0.9514,1.0061,0.7388,0.7784,0.9064,0.9246,0.8768,0.8586,0.8331,0.8850,1.2507,1.2247,1.1597,1.1121,0.9844,1.2344,1.3278,1.1733,1.0299,1.0594,0.9576,1.0077,1.0179,1.0589,1.0632,1.1142,0.9811,1.0358,0.0000,0.8776,1.1174,1.0286,1.1935,1.1555,1.2069,1.0506,1.1645,0.8846,0.9171,1.0577,0.9530,0.7495,1.0245,1.0479,0.9661,0.7106,1.0952,1.1547,1.2135,1.0630,1.2035,1.0399,1.1451,0.9240,0.9398,0.9977,0.9962,1.0938,0.9896,0.9468,0.9958,0.8350,0.8991,0.9932,1.1288,0.7478,0.9301,0.9891,0.9835,0.9978,1.1237,0.9446,1.0218,0.8173,1.1092,0.8490,1.1718,0.9075,1.0728,0.9789,1.0598,0.9884,0.7996,1.0946,0.9600,0.7964,0.8696,0.7297,0.8064,1.0305,1.1454,1.1288,1.1269,1.1601,1.1723,1.1701,1.2524,1.1453,1.1528,1.1085,1.2188,1.0960,1.0473,1.1579,1.0142,0.9989,1.0407,1.1482,0.8456,0.9167,0.9731,1.0507,0.8046,0.9259,0.9165,0.7591,0.9923,0.9224
pike_4,1.0406,0.9846,0.9753,0.9416,1.0466,1.0332,1.0680,1.1817,0.9161,1.0216,1.1170,1.0954,1.0391,1.0559,1.0870,1.1092,0.8249,0.8391,0.6407,0.5738,1.0433,1.1013,0.7963,1.1511,0.7636,0.9661,0.9948,0.9681,1.1321,0.9669,1.3382,0.8985,0.9191,0.8967,0.8776,0.0000,0.4956,1.0322,0.8683,0.8849,1.0028,0.9987,0.8468,0.7687,1.0072,0.9645,1.1759,1.1551,0.8493,0.9530,1.0398,1.1181,0.9167,1.0587,1.0468,1.1068,1.0572,0.9401,1.1814,1.1796,0.9294,0.8962,0.9338,0.7295,0.9881,1.0023,0.9031,1.0031,0.8165,1.0184,0.7833,0.8934,1.0014,1.1936,1.2033,1.1108,1.0670,1.1792,1.2200,1.0532,1.1882,1.0960,1.2518,1.1184,1.1481,1.2544,1.0172,0.9205,1.1272,1.1804,1.2477,1.1889,1.0802,0.9357,0.9861,1.0288,0.9416,1.0993,0.9630,0.9835,1.0335,0.9576,1.0194,0.9826,1.0213,0.7273,1.0365,0.6194,1.0622,0.9781,1.0916,1.0548,1.2048,1.1584,1.1220,1.1656,1.1942,0.8717,1.1400,1.2672,1.1886,1.0451,1.2119,1.1921
biddle_1,1.0767,1.0411,0.9200,1.0516,1.2428,1.2325,1.1746,1.3217,1.0157,1.2340,1.2096,1.0155,1.0975,1.1145,1.1085,1.0858,0.7151,0.7112,0.6033,0.3754,1.0446,1.0081,0.6866,1.0570,0.8085,0.9829,0.8624,1.0870,1.2072,0.9831,1.2889,1.0359,0.8311,0.8674,1.1174,0.4956,-0.0000,0.9272,0.7502,0.8114,1.0416,0.8454,0.8183,0.8636,1.0060,0.8696,1.0776,1.2288,0.6230,0.6608,0.9105,1.1128,0.6976,0.7969,0.8858,0.8807,1.1425,1.0781,1.1627,1.2791,0.7685,0.8649,0.8721,0.5280,0.9859,0.8474,0.8372,1.0212,0.8133,0.9355,0.6275,0.9305,1.0291,1.2194,1.2201,1.0778,1.1060,1.1815,1.1975,1.2043,1.1199,1.1704,1.1928,1.1359,1.1247,1.2873,1.1224,0.9797,1.3444,1.3403,1.3817,1.3863,1.3456,1.1309,1.3178,0.9521,0.9010,1.0696,0.9147,0.9151,0.9584,0.9428,0.9293,0.9507,0.9460,0.6963,1.0262,0.6247,1.0215,1.0121,1.0246,1.0671,1.3749,1.0497,1.3287,1.1183,1.0821,0.7006,1.2601,1.1693,1.2214,1.2115,1.0781,1.2215
biddle_2,1.1468,1.2147,0.8832,1.2119,1.1107,1.0623,1.0642,1.0500,1.0397,1.1356,1.2239,0.8987,1.0363,0.9724,1.0552,1.0354,0.9582,0.8264,1.0494,1.0103,1.0993,0.9025,1.1219,1.1242,1.1974,0.9989,0.9404,1.0954,1.0745,1.0888,0.9761,1.1815,0.6729,0.9052,1.0286,1.0322,0.9272,0.0000,0.7839,0.6696,0.9992,0.7309,1.1247,1.0523,0.7856,0.6032,0.8685,1.1377,0.8418,0.7609,0.6885,0.9820,0.9294,0.7755,0.7815,0.7302,1.1660,0.9890,1.0884,1.0983,0.8782,1.0055,0.8987,1.0759,1.2679,1.0188,0.9607,0.9948,1.1023,1.1312,1.1094,1.0545,0.8410,0.8716,1.0422,0.8602,0.9996,1.0298,1.0317,1.1218,1.1433,0.9792,0.8947,1.0272,0.9279,1.1409,1.0731,1.0607,1.0920,1.0565,0.9580,1.1253,1.1501,0.9624,1.1669,1.0137,0.9499,1.0415,1.0359,1.1010,1.2407,1.0321,0.9995,1.0267,1.1299,1.0685,1.1060,1.0949,0.9171,0.8077,1.0039,0.8130,1.1456,1.2565,1.1968,1.1234,1.0712,0.9931,1.2634,0.9573,1.1705,1.2674,1.0485,1.1750
biddle_3,1.2434,1.2176,0.8070,1.0058,1.1085,1.0585,1.0533,1.0814,1.1245,1.1387,1.1876,1.0784,1.0344,1.0572,1.1398,1.0191,0.5271,0.6274,0.6531,0.9217,0.9706,0.8290,0.6794,0.8044,0.7794,0.7304,1.0818,0.9984,1.1243,1.1089,1.1743,1.0102,0.5851,0.6984,1.1935,0.8683,0.7502,0.7839,0.0000,0.3908,0.9325,0.8024,0.7022,1.0485,0.9909,0.8038,1.0221,1.2543,0.8796,0.7296,0.7637,0.9776,1.0198,0.7530,0.7885,0.8103,1.2047,1.0580,1.1266,1.0400,0.9739,1.1187,1.0779,1.0819,1.1722,1.0041,0.9249,1.3445,1.0202,1.1452,0.9390,1.1195,1.1229,1.1365,1.1844,0.9892,1.1088,1.1895,1.1327,1.1620,1.1566,1.0945,1.0815,1.0680,1.0580,1.1561,1.1944,0.9226,1.1372,1.1661,1.1880,1.2554,1.2092,1.2799,1.1512,1.1691,1.1160,1.0567,1.1243,1.0862,1.1579,1.0201,1.0621,1.0100,0.9310,0.8705,1.0037,0.9846,1.0590,0.9768,0.9606,0.8437,0.9688,0.8197,1.2644,0.9804,0.9534,0.8442,1.2450,1.1046,1.2090,1.1987,0.9343,1.2107
biddle_4,1.0452,1.1841,0.9444,1.0727,1.1383,1.0423,1.1320,1.1374,1.1096,1.1923,1.2024,1.0588,1.0666,1.0580,1.1916,1.1370,0.6839,0.7138,0.7498,0.9394,0.9560,0.8775,0.7234,0.9503,0.9018,0.8137,0.9712,1.0345,1.0553,1.1339,1.0891,0.9515,0.6010,0.7694,1.1555,0.8849,0.8114,0.6696,0.3908,0.0000,0.8190,0.7237,0.8740,0.9493,0.9111,0.7133,0.9071,1.1903,0.7908,0.5702,0.6534,0.8509,0.9857,0.8033,0.8101,0.8065,1.1298,1.1422,1.1530,1.2244,0.9562,1.0966,0.9632,1.1277,1.2436,1.1138,1.0229,1.2524,1.1073,1.1781,0.9830,1.1028,0.9549,1.0659,1.1488,0.9989,1.0431,1.1642,1.2169,1.2241,1.0375,0.9451,0.9681,1.0240,1.0424,1.1431,1.1067,1.0591,1.1912,1.1120,1.1359,1.2405,1.1252,1.1398,1.1818,1.2129,1.0256,1.0464,1.0563,1.0250,1.1223,0.9441,0.9984,1.0440,1.0210,0.9807,1.0096,1.0912,0.9645,0.9680,1.0482,0.9262,1.1058,0.9663,1.2209,0.9665,0.9360,0.8794,1.1760,0.9770,1.0937,1.1987,0.9179,1.0962
gregg_1,0.9348,1.0377,0.9653,0.7970,0.9893,1.0243,1.0518,0.8030,0.9452,0.9562,0.9496,1.0627,0.7654,0.8501,1.0861,1.0450,0.8319,1.0555,0.7122,1.0664,0.9224,0.9730,0.7554,0.9498,0.9211,0.9834,1.0849,0.5732,0.7697,0.7844,1.0137,0.7021,1.2389,1.0246,1.2069,1.0028,1.0416,0.9992,0.9325,0.8190,0.0000,0.7139,0.7814,0.6676,1.1013,1.0976,1.2081,1.0590,1.0141,1.0213,1.2051,1.0061,1.0248,1.1448,0.9014,1.1553,0.8431,1.1579,0.8765,1.1986,1.0732,1.0845,1.2185,1.0239,0.9690,1.1399,1.0453,1.0664,0.9440,1.0297,0.9965,1.0670,1.1943,1.1413,1.1890,1.2087,0.9297,1.1246,1.1560,1.1314,0.8548,1.0808,0.8151,0.9820,1.2758,1.1924,0.9376,0.8510,1.0851,1.0981,1.1777,1.0845,1.0288,1.2349,1.0231,1.0575,0.8896,0.9475,1.0038,0.9823,0.9483,1.1800,1.2308,1.1536,0.9574,0.8282,0.9626,1.0979,1.1586,1.1055,1.0415,1.0254,1.0091,0.9641,0.9898,0.8932,0.9005,1.1107,0.9360,0.9267,0.8727,1.0201,0.9062,0.8731
gregg_2,1.1684,0.9492,0.7069,0.9868,1.1143,1.1772,1.1812,1.1413,1.0952,1.2547,1.1655,1.0271,1.0937,0.9933,0.9104,1.0465,0.8137,0.6348,0.9129,1.0527,0.9818,0.8188,0.8856,0.9608,0.8559,0.8611,0.6527,0.9020,1.0618,0.9050,1.0560,0.9430,0.9159,0.7969,1.0506,0.9987,0.8454,0.7309,0.8024,0.7237,0.7139,0.0000,0.8167,0.9303,0.7402,0.7353,0.9671,1.1643,0.7992,0.7345,0.8503,0.9941,0.8736,0.8668,0.7092,0.8607,1.2164,1.2553,0.9583,1.2929,0.9010,1.0323,0.9548,1.0759,1.0529,0.9982,0.9573,1.1010,0.9489,0.9703,1.0071,1.0393,0.8375,0.9432,1.1671,1.0014,1.0393,1.2096,1.2689,1.3467,0.9591,0.7007,1.0361,0.7976,1.1287,1.2617,1.1678,1.0475,1.1694,1.2216,1.3259,1.3031,1.1599,1.1980,1.2529,1.0186,0.9975,0.9286,0.9449,0.9138,1.1768,1.0484,1.0445,1.1118,1.1075,1.0109,1.1958,1.1249,0.9153,1.0429,1.1524,0.9968,1.2216,0.9515,1.1275,0.8727,0.8058,1.0931,1.1028,0.9535,1.0846,1.0864,0.7973,1.0865
gregg_3,1.0563,0.9266,0.7553,0.7340,0.9925,1.0394,1.1149,1.0997,0.9952,1.0955,0.9963,1.0866,0.8768,0.9335,0.9981,1.0643,0.7996,0.8101,0.5006,0.9046,0.9390,0.9660,0.7409,1.0157,0.7961,0.8260,1.1171,0.8888,0.9882,0.8062,1.2600,0.8867,0.9095,1.0388,1.1645,0.8468,0.8183,1.1247,0.7022,0.8740,0.7814,0.8167,0.0000,0.7260,1.0673,1.0453,1.1287,1.1716,0.9262,0.9541,0.9225,1.0778,0.9650,0.9260,0.8955,0.9912,0.9574,1.2443,0.9270,1.1036,1.0977,1.0906,1.2290,0.9548,1.0755,0.9623,1.0657,1.2071,0.8331,0.9392,0.7725,0.9209,1.1467,1.1646,1.1724,1.2061,1.0789,1.1993,1.1863,1.2161,1.0144,1.0283,1.1526,1.0467,1.1630,1.1865,1.0107,0.7961,1.1451,1.2444,1.2607,1.2211,1.2343,1.1636,1.1346,1.0671,1.0306,1.1343,1.0235,1.0383,0.9938,1.0601,1.0486,0.9517,0.8902,0.6924,1.0498,1.0027,1.1633,1.2252,0.9593,1.0082,0.8903,0.9488,1.1609,0.9525,0.9377,0.8803,1.0833,1.1842,1.0795,1.0593,0.9353,1.0753
gregg_4,0.9453,0.8353,0.8678,0.7775,0.9475,1.0580,1.0185,1.0162,0.8085,1.0004,0.9485,1.0903,1.0188,1.0724,1.0883,1.1760,0.9208,0.9795,0.7642,0.9156,0.8577,1.0281,0.8757,1.1600,0.7962,0.9524,0.9436,0.7340,0.9538,0.8426,1.1064,0.7369,1.1294,1.0017,0.8846,0.7687,0.8636,1.0523,1.0485,0.9493,0.6676,0.9303,0.7260,0.0000,0.9304,1.0975,1.1400,1.1056,0.8956,0.9631,0.9000,1.1842,1.0154,1.0670,0.9804,1.0488,0.8868,1.0991,0.9587,1.2293,0.9896,0.9847,1.1045,1.0398,0.9534,1.1581,1.0723,1.0017,0.8228,1.0788,1.0060,1.0494,0.9762,1.1390,1.2169,1.1306,1.0227,1.1328,1.1382,1.1194,1.0471,0.9881,1.0930,1.0517,1.2331,1.1406,0.7863,0.8001,1.1639,1.1047,1.1572,1.1847,1.1020,1.0807,0.9577,1.0663,0.9948,1.0261,0.9132,1.0540,1.0266,1.1538,1.1603,1.0532,0.8266,0.7887,1.0123,0.9761,1.0256,1.2662,1.1260,1.0945,1.1799,1.1651,1.0578,0.8743,0.8971,0.9867,0.8517,1.0531,0.8649,0.8882,0.9179,0.8682
pattie_1,1.1160,0.9308,0.8539,1.0289,1.0513,1.1901,1.1050,1.0736,1.1264,1.0802,1.1109,1.0231,1.1600,1.0759,0.7607,1.0962,0.9615,0.7165,1.1437,1.0429,0.9260,0.9067,1.0162,1.1190,1.0770,1.0230,0.7030,1.1283,0.9908,0.9608,1.0328,0.8785,1.0070,0.9505,0.9171,1.0072,1.0060,0.7856,0.9909,0.9111,1.1013,0.7402,1.0673,0.9304,0.0000,0.5543,0.5766,1.0458,0.8803,0.8019,0.9084,0.9540,0.7989,0.8416,0.8462,0.8825,1.2198,1.0684,1.0672,1.0735,0.7873,1.0495,0.8636,1.1022,1.0175,0.9634,0.9561,0.9763,0.9998,0.9770,0.9808,0.8902,0.8578,1.0118,1.0606,0.9602,0.8723,1.0953,0.9842,1.0884,0.9399,0.7548,1.0099,0.8697,1.0516,1.0563,1.0966,1.0709,1.1097,1.0405,1.1462,1.0868,1.1169,1.0190,1.1500,1.0826,1.1248,1.1931,1.0829,1.2029,1.1709,1.1584,1.0417,1.1041,1.1879,1.1460,1.1994,1.1122,0.7928,1.1371,1.0999,1.0411,1.1101,0.9931,1.1733,0.9413,0.8665,1.0479,1.0440,0.9522,1.0941,0.9798,0.8621,1.0959
pattie_2,1.2146,1.1809,0.9108,1.1186,1.2146,1.1319,1.1151,1.2079,1.2354,1.2056,1.1794,0.8071,1.1094,1.0495,0.9306,1.0691,0.8811,0.6746,1.0406,0.9683,0.9608,0.8613,0.9594,1.0256,1.0676,0.9989,0.8200,1.0824,1.0285,1.1847,1.0995,1.0443,0.7159,0.8325,1.0577,0.9645,0.8696,0.6032,0.8038,0.7133,1.0976,0.7353,1.0453,1.0975,0.5543,0.0000,0.6340,1.1233,0.8572,0.7681,0.7759,0.9038,0.9197,0.7534,0.8008,0.7225,1.2979,1.0612,1.0970,1.0762,0.8349,1.0594,0.9028,1.1282,1.1248,1.0176,0.8708,1.1160,1.0646,0.9274,1.0326,1.0248,0.8513,1.0111,1.0743,0.8681,1.0394,1.1440,1.0665,1.1927,1.0625,0.8412,1.0013,0.9092,0.9269,1.1079,1.1494,1.0729,1.1263,1.0878,1.1004,1.1403,1.1445,1.1088,1.2515,0.9624,1.1084,1.1792,1.1180,1.1137,1.2230,1.0848,0.9709,1.0861,1.1261,1.1374,1.1400,1.0504,0.8708,0.8910,1.1004,0.9152,1.0493,0.9733,1.1806,1.0272,0.9406,1.0738,1.2305,1.1023,1.1981,1.1856,0.9288,1.2009
pattie_3,0.9188,0.7938,0.8931,1.0102,1.1032,1.0927,1.0848,1.1386,1.0948,1.0283,1.0869,0.9878,0.9460,0.8382,0.7561,0.9787,1.1133,0.7892,1.0909,1.1329,0.8571,0.8888,1.0115,0.9722,1.1281,1.0607,0.8456,1.1067,1.0244,1.1231,0.9633,1.0459,1.0339,0.9985,0.9530,1.1759,1.0776,0.8685,1.0221,0.9071,1.2081,0.9671,1.1287,1.1400,0.5766,0.6340,0.0000,0.9033,0.9343,0.9446,0.9754,0.9476,0.9890,1.0144,0.9959,0.9654,1.1224,0.9544,1.1798,1.0339,1.0019,1.0390,1.0058,1.1071,0.8967,0.9676,0.9022,0.9304,0.9596,0.9004,0.9683,0.8696,0.9886,1.0953,1.0448,0.9234,1.1665,1.0657,1.0911,1.0524,1.0282,0.9941,0.9972,0.8484,0.9594,1.0672,1.0855,1.1296,1.1848,1.0425,1.0363,1.0589,1.0176,1.0227,1.0987,0.9565,1.0793,1.0604,1.0078,1.0590,1.0150,1.0573,0.9974,1.0471,1.0399,1.1776,1.0718,1.0653,0.9515,0.8741,1.0144,1.0207,1.1161,1.0285,1.0443,0.8829,0.8216,1.0437,0.9680,0.9726,0.9233,1.0229,0.8252,0.9190
pattie_4,0.8629,0.9903,1.0883,1.0275,0.8562,0.7571,0.8183,0.9427,0.8960,0.8904,0.9400,0.8483,0.9748,0.7804,0.7410,0.8160,1.3147,1.1475,1.2479,1.0948,0.9914,0.9921,1.2181,0.8998,1.1498,1.0410,1.1316,0.9226,1.0638,1.1594,0.8909,1.1867,1.0806,1.0498,0.7495,1.1551,1.2288,1.1377,1.2543,1.1903,1.0590,1.1643,1.1716,1.1056,1.0458,1.1233,0.9033,0.0000,1.2336,1.1120,1.1194,0.7605,1.0983,1.1673,1.1709,1.1931,1.0599,0.7900,1.0306,0.8878,1.1857,1.1031,1.1143,1.0564,0.9261,0.9639,1.0693,0.8541,1.0649,1.0020,1.0695,0.9477,1.0599,0.9737,0.9457,0.9971,0.9670,0.7951,0.9057,0.7658,1.1177,1.0422,0.9434,1.0145,1.0445,0.9231,1.0260,1.1009,0.8449,0.8952,0.8009,0.7271,0.7473,0.9771,0.8478,1.0709,1.1047,1.1191,1.2125,1.0749,1.0919,1.0988,1.1747,1.0720,1.0678,1.2139,1.0136,1.1259,1.1920,1.0805,0.8897,1.1454,0.8357,0.8348,0.6378,0.9191,0.9449,1.1119,0.7754,0.7941,0.8558,0.7709,0.9413,0.8574
tjames_1,1.1123,1.0366,0.9535,1.1696,1.1857,1.1614,1.1304,1.2819,1.0607,1.2139,1.0705,1.0336,1.0731,1.2301,1.2725,1.1982,0.7762,0.7309,0.7688,0.7095,0.8865,0.8603,0.7934,0.9540,0.9182,0.9405,0.6894,1.1640,1.1445,0.9925,1.1697,0.9200,0.7636,0.9560,1.0245,0.8493,0.6230,0.8418,0.8796,0.7908,1.0141,0.7992,0.9262,0.8956,0.8803,0.8572,0.9343,1.2336,-0.0000,0.5750,0.6313,0.9532,0.8241,0.7123,0.8005,0.8144,1.1201,1.1099,1.1210,1.3117,0.6842,0.9174,0.8261,0.8991,1.0996,0.8069,0.9713,1.0759,0.9258,1.0050,0.7908,1.0675,0.9298,1.1684,1.1537,1.0191,0.9636,1.1688,1.3012,1.2836,0.9912,1.0077,1.1581,0.9264,1.0578,1.2555,1.0864,1.0410,1.3048,1.2646,1.1814,1.3829,1.1869,1.0502,1.2506,1.0416,0.8839,1.0014,0.8853,0.8884,1.0227,0.7983,0.9395,0.9986,1.0957,0.7526,1.0948,0.9393,0.8478,1.0525,1.1360,0.9007,1.3061,1.1363,1.2844,0.9533,0.9418,0.6417,1.1602,1.0535,1.1872,1.0799,0.9195,1.1828
tjames_2,1.0278,1.1248,0.8525,1.1302,1.2081,1.1270,1.1219,1.2466,1.1449,1.2859,1.1428,1.0491,1.1429,1.2043,1.1701,1.1576,0.7269,0.7129,0.8538,0.8430,0.9093,0.8063,0.8134,0.9096,1.0156,1.0344,0.8635,1.2331,1.2015,1.0227,1.1777,1.0101,0.7262,0.8741,1.0479,0.9530,0.6608,0.7609,0.7296,0.5702,1.0213,0.7345,0.9541,0.9631,0.8019,0.7681,0.9446,1.1120,0.5750,0.0000,0.6166,0.8136,0.9469,0.6595,0.7523,0.7847,1.2383,1.1040,1.1019,1.2123,0.9036,1.0646,0.7946,0.9670,1.1781,0.9570,1.0077,1.1169,1.0249,1.1176,0.9328,1.1002,0.8892,1.0866,1.1604,0.8787,0.9978,1.1463,1.1353,1.2423,1.0737,0.9630,1.1227,1.0130,0.9141,1.1126,1.1669,1.0740,1.2408,1.1214,1.1805,1.2644,1.1683,1.1448,1.1688,1.1373,0.8979,1.0873,0.9974,0.9541,0.9935,0.8894,0.9529,1.0393,1.1493,0.8924,1.0427,1.0609,0.8055,1.0056,1.1105,0.8386,1.2394,0.9373,1.2366,0.9238,0.9021,0.7837,1.2175,0.9339,1.1875,1.1745,0.8703,1.1882
tjames_3,1.1371,1.1871,0.9009,1.1258,1.0845,1.0927,1.0739,1.1826,1.0473,1.2467,1.2146,0.9584,1.1278,1.1706,1.2201,1.1251,0.8609,0.8647,0.9603,0.9212,0.9631,0.9378,0.9846,0.8620,1.0355,0.9341,0.8355,1.1974,1.2150,1.0841,0.8953,1.0357,0.6749,0.8581,0.9661,1.0398,0.9105,0.6885,0.7637,0.6534,1.2051,0.8503,0.9225,0.9000,0.9084,0.7759,0.9754,1.1194,0.6313,0.6166,-0.0000,0.7791,0.9421,0.7953,0.7533,0.7883,1.2164,1.0134,1.0651,1.1188,0.8597,0.9934,0.6977,1.1949,1.2131,0.9392,0.9632,1.0766,1.1302,1.0848,1.0411,1.0561,0.8762,1.0353,1.0490,0.8662,0.9936,1.0410,1.0979,1.1378,1.1501,0.9297,1.1178,1.0056,0.8796,0.9720,1.0291,1.1083,1.0961,1.0226,1.0217,1.1286,1.1258,1.0098,1.1795,1.1203,1.0353,1.1279,1.0218,1.1187,1.1467,0.8972,0.9289,0.9411,1.1285,0.9979,1.0834,1.1988,0.9408,0.9593,1.1749,0.8553,1.1683,1.0967,1.1859,0.9089,0.8968,0.9658,1.1843,0.9750,1.1732,1.1338,0.8807,1.1738
tjames_4,1.0363,1.0618,0.9896,1.0419,0.8898,0.9174,0.9048,0.9525,1.0392,0.8990,1.0337,0.8065,0.9602,1.0114,1.0064,0.9344,1.1050,1.0800,1.1748,1.1761,1.0563,1.0447,1.1134,0.9388,1.0794,0.9894,1.0933,1.1630,1.0177,1.0739,0.8867,1.0791,0.8457,1.0161,0.7106,1.1181,1.1128,0.9820,0.9776,0.8509,1.0061,0.9941,1.0778,1.1842,0.9540,0.9038,0.9476,0.7605,0.9532,0.8136,0.7791,-0.0000,0.9872,0.9368,0.9086,1.1122,1.1177,1.0932,1.1334,0.8731,1.0915,1.0202,0.9430,1.1993,1.0668,1.0393,1.1343,1.1088,1.1408,1.0794,1.1752,1.0844,1.0088,1.0135,0.9846,0.9020,0.9473,0.9140,0.9424,0.8012,1.0865,0.8173,1.0268,0.9838,0.9618,0.8173,1.1060,1.0365,0.7933,0.9179,0.8432,0.8308,0.8240,0.9954,0.9502,1.0945,1.1803,1.2330,1.1451,1.2542,1.0705,1.0024,1.1936,1.1286,1.2081,1.2170,1.2002,1.2290,1.0561,1.0917,1.1221,0.9168,0.8384,0.8507,0.8733,0.9041,0.9079,1.0606,1.0106,0.8197,0.9943,1.0232,0.8792,0.9978
irving_1,1.0480,0.9835,0.9443,1.0292,1.2012,1.2220,1.3233,1.1912,1.1717,1.1521,1.2633,0.8619,0.9695,1.1161,0.8638,1.1341,0.9562,0.7759,0.9403,0.7439,1.0356,1.0151,0.8810,1.0596,0.8169,0.8020,0.7684,1.0709,1.1329,0.8426,0.9942,1.0815,0.9595,1.0228,1.0952,0.9167,0.6976,0.9294,1.0198,0.9857,1.0248,0.8736,0.9650,1.0154,0.7989,0.9197,0.9890,1.0983,0.8241,0.9469,0.9421,0.9872,-0.0000,0.6398,0.7511,0.7789,1.0269,0.9546,1.1934,1.1741,0.8461,0.9132,0.8725,0.8258,0.9960,0.9423,0.9294,0.9780,0.9492,0.9919,0.8598,1.0387,1.0685,1.0735,1.0694,1.0940,0.8237,1.0871,0.9814,1.1531,1.0420,1.0517,1.0043,0.9945,1.0794,1.1445,0.9774,1.0824,1.1622,1.2017,1.1748,1.1655,1.1576,1.0109,1.2855,0.8577,0.8530,1.1000,0.9986,0.9896,1.0617,0.9643,0.8489,0.9832,1.0100,1.0620,0.9821,0.9112,0.9290,1.0405,1.0397,1.0817,1.1647,1.1112,1.2433,1.1120,1.0664,0.9464,1.2228,1.1119,1.1201,1.2501,1.0602,1.1220
irving_2,1.2358,1.0528,0.8899,1.2032,1.2490,1.2417,1.1876,1.1919,1.3009,1.2385,1.1439,0.8526,1.1706,1.2026,0.9316,1.0834,0.8361,0.5978,0.9963,0.8126,1.1199,0.9416,1.0611,1.0787,0.9862,0.9361,0.8714,1.2946,1.1379,0.9393,1.0470,1.2146,0.6723,0.8694,1.1547,1.0587,0.7969,0.7755,0.7530,0.8033,1.1448,0.8668,0.9260,1.0670,0.8416,0.7534,1.0144,1.1673,0.7123,0.6595,0.7953,0.9368,0.6398,-0.0000,0.4952,0.5288,1.2635,0.9514,1.0772,0.9935,0.8449,1.0105,0.8359,0.9754,1.2312,0.8680,0.9526,1.2189,1.0714,0.9805,0.8467,1.1741,0.9135,0.9694,0.9983,0.8601,0.9302,1.1026,0.8637,1.1432,1.0503,1.0120,1.1593,1.0620,0.9056,0.9689,1.0518,1.1986,1.0886,1.1256,1.0040,1.2075,1.3012,1.1766,1.3061,1.0060,1.0893,1.1654,1.0949,1.0534,1.1073,0.8592,0.8663,0.9674,1.0923,1.1132,1.0715,0.9921,0.8032,0.9207,0.9706,0.8233,1.0561,0.9522,1.3114,1.0470,0.9748,0.8797,1.3419,1.0512,1.2446,1.3240,0.9345,1.2457
irving_3,1.2378,1.0690,0.9453,1.1287,1.2842,1.2678,1.2040,1.2154,1.2061,1.2191,1.0877,0.9768,1.1180,1.2375,1.0176,1.0725,0.8310,0.7622,0.9371,1.0664,1.0415,0.7380,0.9374,0.8961,0.9447,0.9097,0.9153,1.0887,1.0928,0.9942,1.0833,1.0639,0.7168,0.8250,1.2135,1.0468,0.8858,0.7815,0.7885,0.8101,0.9014,0.7092,0.8955,0.9804,0.8462,0.8008,0.9959,1.1709,0.8005,0.7523,0.7533,0.9086,0.7511,0.4952,0.0000,0.5969,1.1488,0.9682,1.0156,1.0987,0.8881,1.0860,0.8475,1.0633,1.2139,0.8568,0.9671,1.0936,1.2047,1.0479,0.9873,1.2139,0.9627,0.9763,1.0780,0.9192,0.9259,1.1867,1.0621,1.1851,1.0358,0.9578,1.1870,0.9862,0.9120,0.9972,1.1079,1.0884,1.0647,1.1109,1.0992,1.2077,1.1612,1.2200,1.3356,0.9306,0.9880,1.0129,0.9767,0.9610,1.1030,0.8418,0.8406,1.0127,1.0976,0.9746,0.9836,1.0504,0.8356,0.9818,1.0472,0.9610,1.1548,0.8847,1.2658,1.0398,0.9819,1.0395,1.2514,1.0234,1.1098,1.3076,0.9378,1.1079
irving_4,1.1305,1.0657,0.9318,1.1090,1.2896,1.2173,1.1957,1.1293,1.2740,1.2366,1.2358,1.0311,1.1302,1.1679,1.0965,1.0209,0.8889,0.6461,0.9067,0.9544,0.8147,0.8143,1.0264,0.9843,1.0052,0.9389,0.8859,1.1758,1.0809,0.9406,0.9600,1.1764,0.6393,0.9498,1.0630,1.1068,0.8807,0.7302,0.8103,0.8065,1.1553,0.8607,0.9912,1.0488,0.8825,0.7225,0.9654,1.1931,0.8144,0.7847,0.7883,1.1122,0.7789,0.5288,0.5969,0.0000,1.1749,0.9379,0.9735,1.0371,0.8664,1.1401,0.8848,1.0385,1.2616,1.0040,0.8889,1.1033,1.0480,1.0951,0.9875,1.2262,0.7728,0.9402,0.9258,0.9150,1.0331,1.0722,0.9890,1.2942,0.9480,1.0015,1.2043,0.8591,0.7296,0.9263,1.1161,1.1807,1.0723,1.0781,1.0861,1.2392,1.1893,1.0960,1.2644,1.1142,1.1340,1.0521,1.1079,0.9926,1.1512,0.8592,0.8326,0.9391,1.0436,0.9648,1.0113,1.0974,0.8729,0.9641,0.9732,0.8955,1.1350,1.0509,1.2542,1.0690,1.0271,0.9367,1.2484,1.1272,1.2084,1.2051,1.0010,1.2096
bagby_1,0.7514,1.0223,1.1411,0.8170,0.9550,0.9359,0.9736,0.8303,0.9439,0.8396,0.8825,1.0403,1.0536,1.1272,1.0702,1.1491,1.1313,1.2007,0.9710,1.0125,0.9204,1.1802,0.9281,1.1379,0.9939,0.9082,1.0439,0.7153,0.6424,0.7150,0.8412,0.8294,1.2381,1.2582,1.2035,1.0572,1.1425,1.1660,1.2047,1.1298,0.8431,1.2164,0.9574,0.8868,1.2198,1.2979,1.1224,1.0599,1.1201,1.2383,1.2164,1.1177,1.0269,1.2635,1.1488,1.1749,0.0000,0.9021,0.8876,0.8914,1.0989,0.8731,1.1543,0.9155,0.7921,1.1994,1.2157,1.0107,1.0412,1.1706,1.1288,1.1322,1.1521,1.0082,1.0800,1.2099,0.9107,0.8431,0.8849,0.8764,0.7767,1.1766,0.8496,1.1094,1.0348,0.9669,0.7955,0.8819,0.9447,0.9317,0.9519,0.9398,0.9227,0.9958,0.7784,0.9175,0.8685,0.9071,0.9156,1.0307,0.7380,1.1110,1.1730,1.1061,0.8616,0.9284,0.8791,0.9716,1.1497,1.1327,1.0374,1.1802,0.9502,1.1067,0.8153,1.0022,1.0663,1.0022,0.8741,0.9406,0.8377,0.9521,1.0759,0.8383
bagby_2,0.9761,1.1292,1.1644,1.1546,1.0489,0.9276,0.9836,0.9895,1.1037,1.1300,1.2129,1.0728,1.2211,1.0923,1.0033,1.0569,1.0108,1.0685,1.0916,0.8633,1.0617,0.9882,1.1079,1.0243,1.0406,1.1120,1.0889,1.1416,0.9912,1.0025,0.9510,1.1389,0.9758,0.9587,1.0399,0.9401,1.0781,0.9890,1.0580,1.1422,1.1579,1.2553,1.2443,1.0991,1.0684,1.0612,0.9544,0.7900,1.1099,1.1040,1.0134,1.0932,0.9546,0.9514,0.9682,0.9379,0.9021,-0.0000,0.9802,0.8665,0.9793,1.0373,0.8805,0.9486,1.0258,1.0670,0.9792,0.9702,1.2038,1.2417,1.1564,1.0818,0.9368,0.9212,0.8780,0.8707,0.9056,0.7434,0.8430,0.8122,1.1322,1.1553,1.0842,1.1667,0.7893,0.7936,0.9132,1.3256,0.8671,0.7964,0.6871,0.8943,0.8761,1.0388,1.0069,0.9152,0.9250,1.0320,0.9687,1.0099,1.0581,1.0295,1.0242,1.0093,1.1513,1.1448,1.0133,0.8090,1.1149,0.9245,1.0003,0.9916,0.8115,1.0945,0.9808,1.2430,1.2676,0.9252,1.1240,1.0853,1.1278,1.0788,1.2561,1.1297
bagby_3,0.8659,0.9980,0.9584,0.9533,1.0649,1.1297,0.9903,0.8387,1.1644,1.1309,0.8587,0.9677,1.0156,1.0810,1.0405,1.0863,1.0699,1.0121,1.0691,1.0947,1.0014,0.9762,1.0232,0.9878,1.1239,0.9649,1.1251,0.9056,0.8504,0.8675,0.8723,0.9286,1.1431,1.0905,1.1451,1.1814,1.1627,1.0884,1.1266,1.1530,0.8765,0.9583,0.9270,0.9587,1.0672,1.0970,1.1798,1.0306,1.1210,1.1019,1.0651,1.1334,1.1934,1.0772,1.0156,0.9735,0.8876,0.9802,0.0000,0.9665,1.0490,1.0459,1.0199,1.0909,1.0896,1.0844,1.2119,1.0341,0.9654,0.9876,1.0837,1.1045,0.8463,0.8375,0.9296,0.9773,0.9734,0.9814,1.1010,1.0885,0.8478,0.8954,0.9509,0.8731,0.9329,0.8259,1.0204,0.9521,0.9009,0.9367,0.8902,0.9803,0.9485,0.9887,0.9698,0.9438,1.0281,0.8841,0.9092,0.7889,0.9669,1.1315,0.9840,1.0740,1.1317,0.8964,1.0774,1.1275,0.9878,1.0168,1.0096,1.0764,0.9091,1.0186,0.9204,0.9407,0.9370,1.1371,0.8605,0.8674,0.9576,0.8109,0.9372,0.9564
bagby_4,1.0247,1.0479,1.1280,0.9243,0.8823,0.8614,0.9222,0.7666,0.9962,0.6984,0.9830,1.0332,1.0852,1.0537,0.9226,0.9608,1.2132,1.2285,1.2034,1.1672,1.0668,1.1455,1.2176,1.0327,1.1300,1.2260,1.2475,1.0987,0.9572,0.9904,1.0014,1.1198,1.0694,1.0202,0.9240,1.1796,1.2791,1.0983,1.0400,1.2244,1.1986,1.2929,1.1036,1.2293,1.0735,1.0762,1.0339,0.8878,1.3117,1.2123,1.1188,0.8731,1.1741,0.9935,1.0987,1.0371,0.8914,0.8665,0.9665,0.0000,1.1185,1.0575,1.0675,1.1642,1.0407,1.1068,1.1581,1.1021,1.2616,1.1581,1.1972,1.1686,1.1279,0.6985,0.7013,0.8925,0.8945,0.7181,0.6000,0.5079,0.9691,1.0414,1.0052,1.0599,0.7556,0.5523,0.8600,1.0154,0.5792,0.6754,0.5765,0.6480,0.7537,0.9736,0.7578,1.0027,1.2506,1.1807,1.2870,1.3065,1.1760,1.1730,1.1807,1.0968,1.0821,1.2440,1.1130,1.1368,1.0993,0.9348,1.0302,1.0422,0.5887,0.9148,0.8611,1.0749,1.1031,1.1349,1.0248,1.0706,1.0736,0.9682,1.1035,1.0727
cooke_1,1.0763,1.1206,1.0862,1.0991,1.2002,1.2409,1.2765,1.2633,1.2105,1.3021,1.2573,1.0238,0.9468,1.1717,1.0420,1.0524,0.9798,1.0162,1.0290,0.8362,1.0133,1.0963,0.9928,1.0143,0.9216,0.9679,0.7420,1.1214,0.9812,1.1208,1.0135,1.0416,0.9538,0.9992,0.9398,0.9294,0.7685,0.8782,0.9739,0.9562,1.0732,0.9010,1.0977,0.9896,0.7873,0.8349,1.0019,1.1857,0.6842,0.9036,0.8597,1.0915,0.8461,0.8449,0.8881,0.8664,1.0989,0.9793,1.0490,1.1185,-0.0000,0.6095,0.5354,0.7998,0.9391,0.7719,0.8614,1.0723,0.9254,1.0144,0.8585,0.9999,0.7609,1.0021,1.0745,0.9554,0.9524,1.1227,1.0247,1.2200,0.7975,0.8027,0.9561,0.8400,0.9486,1.0697,1.0660,1.1688,1.2423,1.2063,1.0716,1.2408,1.3237,1.0151,1.2928,0.9549,0.9953,1.0186,1.0244,0.9891,1.0205,0.7645,0.7632,0.8927,1.0718,0.9160,1.1509,0.9454,0.8613,0.9691,1.1221,0.9697,1.2226,0.9863,1.2563,1.0549,0.9802,0.8859,1.1117,1.0159,1.0415,1.1438,0.9593,1.0332
cooke_2,1.0528,0.9622,1.0913,1.1130,1.0746,1.1372,1.1424,1.0421,0.9477,1.0351,1.0535,1.0622,0.8730,1.0013,1.0488,1.0174,1.1583,1.0630,1.0457,0.9116,1.1018,1.2725,0.9880,1.0817,0.9462,0.9512,0.9380,1.1431,1.1445,0.9545,1.0498,1.0871,1.0972,1.0488,0.9977,0.8962,0.8649,1.0055,1.1187,1.0966,1.0845,1.0323,1.0906,0.9847,1.0495,1.0594,1.0390,1.1031,0.9174,1.0646,0.9934,1.0202,0.9132,1.0105,1.0860,1.1401,0.8731,1.0373,1.0459,1.0575,0.6095,-0.0000,0.6910,0.6594,0.7408,0.9798,0.9946,0.9818,0.9654,1.0190,0.9832,0.9925,0.8938,0.9358,1.0300,0.9939,0.9845,0.9868,0.9393,1.0011,0.9385,1.1109,0.9610,1.1245,1.1373,1.0182,0.8942,1.0619,1.1218,1.0084,0.9983,1.0649,1.1199,0.8175,1.0750,0.7431,0.8183,0.8968,0.9141,0.9507,1.0089,0.8868,0.8442,0.9175,0.9057,0.9737,1.0116,0.9799,1.0614,0.9672,1.0899,1.0578,1.1548,1.0822,1.1446,1.1143,1.1038,0.8963,1.0129,0.9742,0.9558,1.0652,1.1082,0.9532
cooke_3,1.0497,1.1583,1.0955,1.2174,1.2190,1.2264,1.2176,1.3175,1.1834,1.3257,1.2759,0.9603,1.1481,1.0828,1.0810,0.9233,0.9954,0.9880,1.1152,0.9318,1.1401,1.0275,1.1652,1.0277,1.0149,1.1743,0.7108,1.2005,1.1453,1.1585,1.0405,1.1481,0.9734,0.8980,0.9962,0.9338,0.8721,0.8987,1.0779,0.9632,1.2185,0.9548,1.2290,1.1045,0.8636,0.9028,1.0058,1.1143,0.8261,0.7946,0.6977,0.9430,0.8725,0.8359,0.8475,0.8848,1.1543,0.8805,1.0199,1.0675,0.5354,0.6910,-0.0000,0.9032,0.9981,0.7903,0.7613,0.8227,1.0517,1.0211,1.0379,1.0482,0.7175,0.9930,0.9679,0.6948,0.8811,1.0228,0.9198,1.0714,0.9296,0.8437,0.9323,0.8191,0.8509,1.0345,1.0761,1.2787,1.2166,1.0261,0.9906,1.1736,1.1668,0.9306,1.1841,0.8595,0.8285,1.0297,1.0074,0.9453,1.0536,0.8449,0.8585,0.9191,1.1927,1.0337,1.0987,0.9604,0.8125,0.8487,1.0231,0.9034,1.2882,1.0331,1.1268,1.1992,1.1636,0.9835,1.0275,0.8997,1.0034,1.0422,1.1423,0.9987
cooke_4,0.9526,0.9817,1.0963,1.1135,1.1222,1.0843,1.0528,1.1302,0.9614,1.0499,1.1117,1.0319,0.9345,1.0454,1.0088,0.9718,0.9301,0.9408,0.8558,0.4701,1.1254,1.1655,0.9935,1.0310,0.9824,1.1140,0.9658,1.1369,1.1783,0.9315,1.1677,1.0480,1.0051,1.0091,1.0938,0.7295,0.5280,1.0759,1.0819,1.1277,1.0239,1.0759,0.9548,1.0398,1.1022,1.1282,1.1071,1.0564,0.8991,0.9670,1.1949,1.1993,0.8258,0.9754,1.0633,1.0385,0.9155,0.9486,1.0909,1.1642,0.7998,0.6594,0.9032,-0.0000,0.7804,0.7175,0.7746,0.8658,0.9140,0.9949,0.7040,0.9230,1.1078,1.1949,1.1188,1.1704,1.1595,1.0770,1.1376,1.0603,1.0976,1.2171,1.0697,1.1554,1.1853,1.2610,1.0823,1.1410,1.2679,1.2674,1.2644,1.2045,1.1918,0.9962,1.2223,0.9216,0.8401,0.9947,0.8402,0.8385,0.7792,0.8736,0.8376,0.8611,0.8499,0.7553,1.0052,0.4278,1.0293,0.8764,0.8877,1.0973,1.1958,1.0132,1.0986,1.1370,1.1213,0.6889,1.1687,1.1460,1.1072,1.1733,1.1144,1.1077
cooke_lee_1,0.8354,0.8733,0.9790,0.9049,0.8856,0.9200,0.8535,0.9819,0.8648,0.9218,0.8901,0.9869,0.9751,0.9093,0.8455,0.9928,1.0766,1.0970,0.9727,0.9620,1.0503,1.0240,0.9224,0.9511,0.8606,1.0945,1.0077,0.8576,1.0223,0.9876,0.9791,0.9396,1.3352,1.1756,0.9896,0.9881,0.9859,1.2679,1.1722,1.2436,0.9690,1.0529,1.0755,0.9534,1.0175,1.1248,0.8967,0.9261,1.0996,1.1781,1.2131,1.0668,0.9960,1.2312,1.2139,1.2616,0.7921,1.0258,1.0896,1.0407,0.9391,0.7408,0.9981,0.7804,0.0000,0.9287,0.9033,0.7950,0.7105,0.8710,0.8390,0.8361,1.2410,1.2075,1.1643,1.1777,1.1773,0.9861,1.0678,1.0064,0.9136,1.1441,0.9825,0.9708,1.2734,1.2623,1.0655,0.9766,1.1919,1.1139,1.1037,1.0914,0.8756,0.8083,0.9093,0.8353,0.9509,0.9980,0.8837,1.0450,0.9526,1.0701,1.0708,0.9719,0.8785,0.9977,0.9949,0.9240,1.1225,1.1451,1.0507,1.0897,1.0137,1.0201,0.8245,0.9340,0.9770,0.9690,0.8216,0.9855,0.9429,0.7611,1.0031,0.9416
cooke_lee_2,1.0472,0.9876,0.9564,1.0742,1.1965,1.2133,1.1783,1.2567,1.0408,1.1057,1.1242,0.8431,0.8994,0.9715,0.8650,0.9062,1.0355,0.9675,0.9408,0.9164,1.2430,1.0062,1.1111,1.0366,1.0459,1.1411,0.9891,1.0879,1.2260,1.0757,1.0627,1.2182,0.8377,0.9750,0.9468,1.0023,0.8474,1.0188,1.0041,1.1138,1.1399,0.9982,0.9623,1.1581,0.9634,1.0176,0.9676,0.9639,0.8069,0.9570,0.9392,1.0393,0.9423,0.8680,0.8568,1.0040,1.1994,1.0670,1.0844,1.1068,0.7719,0.9798,0.7903,0.7175,0.9287,0.0000,0.4809,0.8478,0.8959,0.8085,0.6800,0.9071,1.0686,1.1453,0.9622,1.0406,1.0937,1.1843,1.1224,0.9981,1.0225,1.0422,0.9212,1.0261,1.0052,1.1483,1.1401,0.9929,1.1907,1.3307,1.1342,1.1637,1.2128,1.0234,1.2388,0.7662,0.9204,1.0188,0.9995,0.9570,1.0195,0.9421,0.8218,0.9159,1.1141,0.8860,1.1184,0.8689,0.7464,0.9506,0.7378,0.8840,1.1424,0.9986,1.1289,1.0174,0.9571,0.8074,1.0641,1.0570,1.0705,1.0363,0.9451,1.0640
cooke_lee_3,1.0553,1.0580,0.8751,1.1381,1.1965,1.1696,1.0101,1.1714,1.0322,1.1487,1.2260,0.9179,0.9946,0.9319,0.9799,0.7686,0.9240,0.8853,0.9495,0.9378,1.0758,0.9000,1.0379,0.9225,0.9238,1.0477,0.9580,1.0711,1.2000,1.1523,1.0411,1.1284,0.9234,0.8646,0.9958,0.9031,0.8372,0.9607,0.9249,1.0229,1.0453,0.9573,1.0657,1.0723,0.9561,0.8708,0.9022,1.0693,0.9713,1.0077,0.9632,1.1343,0.9294,0.9526,0.9671,0.8889,1.2157,0.9792,1.2119,1.1581,0.8614,0.9946,0.7613,0.7746,0.9033,0.4809,-0.0000,0.8141,0.9674,0.8318,0.7998,0.8909,0.9525,1.1698,1.0177,0.9714,1.1793,1.2029,1.1097,1.0625,1.0878,1.0417,0.9479,1.0477,1.0372,1.2454,1.2022,1.0627,1.1862,1.2227,1.2315,1.2608,1.2280,1.0827,1.2560,0.8110,1.0222,1.0105,0.9829,1.0138,0.9542,0.9556,0.8394,0.8668,1.0703,0.9717,1.0975,0.7202,0.9334,0.9509,0.7208,0.9122,1.1976,0.9524,1.1406,1.1136,1.0796,1.0227,1.1048,0.9748,1.0493,1.1248,1.0645,1.0446
cooke_lee_4,0.8528,0.9034,1.1004,1.1489,1.0478,0.9941,1.0293,1.0196,0.7941,0.9181,0.9136,0.9195,1.0353,0.8743,0.8616,0.9656,1.1921,1.1627,1.0776,1.0288,1.0935,1.0221,1.1267,1.0580,1.0015,1.1975,1.0039,1.0096,1.0575,1.0549,0.9911,1.0687,1.2252,1.1541,0.8350,1.0031,1.0212,0.9948,1.3445,1.2524,1.0664,1.1010,1.2071,1.0017,0.9763,1.1160,0.9304,0.8541,1.0759,1.1169,1.0766,1.1088,0.9780,1.2189,1.0936,1.1033,1.0107,0.9702,1.0341,1.1021,1.0723,0.9818,0.8227,0.8658,0.7950,0.8478,0.8141,0.0000,0.9967,0.9033,1.0117,0.9222,1.0037,1.1461,0.9857,1.1179,1.1001,0.8962,0.9915,0.9698,1.0953,0.9864,0.6721,0.9445,1.1192,1.1503,0.9383,1.1415,1.0499,1.0199,1.0487,0.9469,0.9371,0.7160,0.9763,0.7111,0.8071,0.8985,0.8982,0.9039,1.0690,1.0702,1.0212,1.1068,1.2275,1.0796,0.8923,0.9536,0.9472,0.9853,0.8145,1.0783,1.0229,1.0572,0.7916,1.0950,1.1047,1.0213,0.7469,0.8696,0.7368,0.8414,1.1050,0.7386
davis_1,0.8588,0.8993,0.6794,0.5644,1.1439,1.1364,1.1893,1.1883,0.9367,1.1277,1.0348,1.0383,0.7710,0.7374,0.9104,0.9626,0.8986,0.9709,0.8264,0.9648,0.9653,1.0288,0.9125,1.1613,0.8179,0.9026,0.9120,0.7862,1.0506,0.9294,1.0551,0.9804,1.1500,1.1317,0.8991,0.8165,0.8133,1.1023,1.0202,1.1073,0.9440,0.9489,0.8331,0.8228,0.9998,1.0646,0.9596,1.0649,0.9258,1.0249,1.1302,1.1408,0.9492,1.0714,1.2047,1.0480,1.0412,1.2038,0.9654,1.2616,0.9254,0.9654,1.0517,0.9140,0.7105,0.8959,0.9674,0.9967,-0.0000,0.7083,0.5735,0.6741,1.0100,1.2545,1.2830,1.1451,1.1390,1.2354,1.2309,1.2599,0.8823,0.9064,0.9998,0.8895,1.1845,1.1730,1.1207,0.8204,1.1750,1.2170,1.3187,1.1389,1.1386,1.0016,1.0680,1.0395,0.9931,1.0211,1.0824,0.9067,1.0200,1.0228,1.0790,1.0787,0.9449,0.7957,1.0039,0.9160,1.0017,1.1154,1.0120,1.0426,1.2204,1.0268,1.0806,0.8921,0.8751,0.9332,0.8173,1.1136,0.9311,0.7657,0.8939,0.9325
davis_2,1.0316,0.9631,0.8929,0.8812,1.0684,0.9431,0.8479,1.0592,0.8346,0.9695,0.8014,0.7662,0.9512,0.7828,0.7302,0.7318,1.1037,1.0370,1.0683,1.0442,1.0820,1.0333,1.1212,1.0764,1.0045,1.0593,0.9589,0.9989,1.1756,1.1049,1.1279,1.0889,1.1043,0.9448,0.9932,1.0184,0.9355,1.1312,1.1452,1.1781,1.0297,0.9703,0.9392,1.0788,0.9770,0.9274,0.9004,1.0020,1.0050,1.1176,1.0848,1.0794,0.9919,0.9805,1.0479,1.0951,1.1706,1.2417,0.9876,1.1581,1.0144,1.0190,1.0211,0.9949,0.8710,0.8085,0.8318,0.9033,0.7083,0.0000,0.7440,0.5138,1.0397,1.2616,1.1670,1.1371,1.2639,1.2231,1.1525,1.1328,0.9707,0.8671,0.9940,1.0057,1.2096,1.1853,1.1549,1.0347,0.8706,1.1876,1.2042,0.9961,1.0741,1.0470,1.0592,0.8924,1.0938,0.9307,1.0993,0.9740,0.9919,0.9805,0.9313,0.9437,0.9803,0.9295,0.9508,0.9142,0.9926,0.8638,0.8319,0.9463,1.1160,0.9017,1.0290,0.9220,0.9001,0.9432,0.9003,1.0072,0.9894,0.8455,0.9273,0.9857
davis_3,0.9039,0.7741,0.8225,0.8530,1.1923,1.2889,1.1864,1.2145,1.0309,1.1680,1.1771,1.0089,0.8570,0.9250,0.9777,1.0636,0.8859,0.8612,0.7687,0.6627,1.0105,0.9920,0.8577,1.0254,0.7203,0.8865,0.8790,0.9413,1.1966,1.0518,1.1855,0.9990,0.9685,1.1858,1.1288,0.7833,0.6275,1.1094,0.9390,0.9830,0.9965,1.0071,0.7725,1.0060,0.9808,1.0326,0.9683,1.0695,0.7908,0.9328,1.0411,1.1752,0.8598,0.8467,0.9873,0.9875,1.1288,1.1564,1.0837,1.1972,0.8585,0.9832,1.0379,0.7040,0.8390,0.6800,0.7998,1.0117,0.5735,0.7440,0.0000,0.7779,1.0771,1.2695,1.2893,1.2235,1.1820,1.3121,1.3190,1.2855,0.8959,0.9828,1.0638,1.0221,1.1401,1.2572,0.9487,1.0233,1.2524,1.3350,1.3243,1.2724,1.3628,1.0800,1.3013,1.0840,0.9065,1.0148,1.0006,0.8988,0.8381,0.8449,0.8275,0.7713,0.8922,0.7461,0.9947,0.7319,0.9001,0.9840,1.0051,0.9407,1.2372,1.0172,1.2119,1.0352,0.9810,0.8332,1.0865,1.1846,1.1027,1.0415,0.9705,1.0980
davis_4,0.9770,0.9003,0.7971,0.7953,0.8499,0.7866,0.8500,1.0737,0.7392,0.9173,0.8362,1.1086,0.8660,0.6927,0.7757,0.9229,1.1072,1.1165,1.0607,0.9968,1.0703,1.1186,1.0931,1.0703,1.0824,1.1423,1.0045,0.9864,1.1093,1.0329,1.1498,1.0397,1.0248,0.9632,0.7478,0.8934,0.9305,1.0545,1.1195,1.1028,1.0670,1.0393,0.9209,1.0494,0.8902,1.0248,0.8696,0.9477,1.0675,1.1002,1.0561,1.0844,1.0387,1.1741,1.2139,1.2262,1.1322,1.0818,1.1045,1.1686,0.9999,0.9925,1.0482,0.9230,0.8361,0.9071,0.8909,0.9222,0.6741,0.5138,0.7779,0.0000,1.1012,1.2292,1.1414,1.1250,1.1540,1.1848,1.1911,1.0400,1.0361,0.9327,1.1093,0.9942,1.2132,1.2128,1.0942,0.9767,0.8862,1.1020,1.1123,0.9311,1.0858,0.7939,1.0017,1.0056,1.0443,1.0934,1.0640,1.0564,0.9609,1.0040,0.9587,0.9448,0.9947,1.0468,1.0700,0.8928,1.1052,1.0571,0.9491,1.0657,1.1553,1.1295,0.9985,1.0102,1.0468,0.9242,1.0031,1.0143,1.0799,0.9260,1.0765,1.0776
page_1,1.0816,1.1111,1.0896,1.1178,1.1811,1.2581,1.1947,1.1019,1.1959,1.2918,1.2119,1.1287,1.1672,1.0454,1.0945,1.0261,1.0291,0.9844,1.2307,1.0824,0.9919,0.9796,1.1666,1.0834,1.0435,0.9432,0.9060,1.1135,1.0937,1.0685,0.9174,1.0805,0.9424,1.0420,0.9301,1.0014,1.0291,0.8410,1.1229,0.9549,1.1943,0.8375,1.1467,0.9762,0.8578,0.8513,0.9886,1.0599,0.9298,0.8892,0.8762,1.0088,1.0685,0.9135,0.9627,0.7728,1.1521,0.9368,0.8463,1.1279,0.7609,0.8938,0.7175,1.1078,1.2410,1.0686,0.9525,1.0037,1.0100,1.0397,1.0771,1.1012,0.0000,0.6948,0.8491,0.5874,0.9238,1.0122,0.8555,1.0888,0.8299,0.5943,1.0173,0.9385,0.7901,0.8510,0.8708,1.1599,0.9990,1.0464,0.9475,1.0959,1.0684,0.9240,1.2531,0.9823,1.1312,0.9709,0.9926,0.8914,1.0564,0.7626,0.7792,0.9120,1.1812,1.0390,1.0821,1.0590,0.8356,0.8286,1.1439,1.0207,1.1786,1.1558,1.2335,1.1412,1.0712,1.0453,1.1166,0.9284,1.0976,1.0964,1.0352,1.0957
page_2,1.0270,1.0847,1.1559,1.1015,1.1322,1.1679,1.1149,0.9775,1.1539,0.9846,1.0453,1.0527,1.1371,1.0974,1.0059,1.0419,1.2469,1.1209,1.3471,1.2271,1.0342,1.0099,1.1167,1.0737,1.1719,1.1105,1.0331,1.1843,0.9969,0.9455,0.9641,1.0897,0.8759,1.0234,0.9891,1.1936,1.2194,0.8716,1.1365,1.0659,1.1413,0.9432,1.1646,1.1390,1.0118,1.0111,1.0953,0.9737,1.1684,1.0866,1.0353,1.0135,1.0735,0.9694,0.9763,0.9402,1.0082,0.9212,0.8375,0.6985,1.0021,0.9358,0.9930,1.1949,1.2075,1.1453,1.1698,1.1461,1.2545,1.2616,1.2695,1.2292,0.6948,0.0000,0.3554,0.5120,0.7486,0.6647,0.6102,0.8591,0.9095,0.8717,1.0084,1.1009,0.7656,0.5993,0.8420,1.0331,0.9152,0.7884,0.5964,0.9159,0.9537,0.8364,0.9799,1.0421,1.0348,0.9337,0.9737,0.9283,1.0309,1.0025,0.9910,1.0492,1.1372,1.3190,1.0472,1.1607,1.0202,0.9564,1.1053,1.0580,0.9142,1.0551,1.0641,1.1009,1.0806,1.2016,1.0940,0.8816,1.0578,1.0985,1.0626,1.0588
page_3,1.0445,1.1254,1.2034,1.2114,1.1160,1.0257,1.0585,1.0384,1.1279,0.9298,1.0675,1.0416,1.1331,1.0686,0.9454,0.9488,1.1797,1.1308,1.2723,1.1407,1.0411,1.1033,1.2265,1.0081,1.2098,1.2112,1.0762,1.3295,0.9616,1.0605,0.8993,1.0897,0.9755,1.0525,0.9835,1.2033,1.2201,1.0422,1.1844,1.1488,1.1890,1.1671,1.1724,1.2169,1.0606,1.0743,1.0448,0.9457,1.1537,1.1604,1.0490,0.9846,1.0694,0.9983,1.0780,0.9258,1.0800,0.8780,0.9296,0.7013,1.0745,1.0300,0.9679,1.1188,1.1643,0.9622,1.0177,0.9857,1.2830,1.1670,1.2893,1.1414,0.8491,0.3554,0.0000,0.5539,0.7740,0.6486,0.6234,0.7017,0.9694,0.9416,0.9895,1.0375,0.8057,0.6614,0.9425,1.1301,0.8933,0.8292,0.5434,0.8831,0.8795,0.8676,0.9067,0.9467,1.0148,0.9509,0.9560,0.8519,1.1054,1.0441,1.0035,1.0185,1.1556,1.2036,1.1144,1.1482,0.9433,0.9442,0.9356,1.0509,0.7708,1.0502,0.9812,1.1495,1.1263,1.1459,1.0433,0.9313,1.0610,1.0114,1.1116,1.0596
page_4,1.1705,1.1860,1.1035,1.1635,1.2899,1.1325,1.0036,1.1341,1.2430,1.2557,1.1909,0.9585,1.1991,1.1568,1.0780,0.9961,1.0343,1.0072,1.2699,1.0908,1.1257,1.0023,1.2471,1.0859,1.1487,1.0691,1.0627,1.2929,1.0671,1.1199,1.0098,1.0909,0.8443,0.8656,0.9978,1.1108,1.0778,0.8602,0.9892,0.9989,1.2087,1.0014,1.2061,1.1306,0.9602,0.8681,0.9234,0.9971,1.0191,0.8787,0.8662,0.9020,1.0940,0.8601,0.9192,0.9150,1.2099,0.8707,0.9773,0.8925,0.9554,0.9939,0.6948,1.1704,1.1777,1.0406,0.9714,1.1179,1.1451,1.1371,1.2235,1.1250,0.5874,0.5120,0.5539,-0.0000,0.7092,0.7626,0.6725,0.9268,0.9847,0.8431,0.9876,0.9711,0.7213,0.7570,0.8974,1.1613,1.0295,0.9388,0.7162,1.0874,1.0754,1.0020,1.0982,1.0361,1.0690,1.0802,0.9856,0.8767,1.0104,0.8743,0.9962,1.0043,1.1207,1.2437,1.0666,1.0749,0.9421,0.7200,0.9592,0.9512,1.0340,0.9695,1.1699,1.1542,1.1271,1.1384,1.2151,0.9600,1.1902,1.1679,1.1076,1.1891
cable_1,1.0807,1.1481,1.2175,1.0094,1.0700,1.0742,1.1363,1.0848,1.1848,1.1016,1.1470,0.9602,0.9612,1.0577,1.0477,1.1221,1.0035,1.1136,1.1092,1.0978,1.0208,1.0354,1.0026,1.1355,0.9038,0.9102,1.0399,1.0344,0.8044,0.9038,1.0546,0.9530,1.0814,0.9833,1.1237,1.0670,1.1060,0.9996,1.1088,1.0431,0.9297,1.0393,1.0789,1.0227,0.8723,1.0394,1.1665,0.9670,0.9636,0.9978,0.9936,0.9473,0.8237,0.9302,0.9259,1.0331,0.9107,0.9056,0.9734,0.8945,0.9524,0.9845,0.8811,1.1595,1.1773,1.0937,1.1793,1.1001,1.1390,1.2639,1.1820,1.1540,0.9238,0.7486,0.7740,0.7092,-0.0000,0.6816,0.7424,0.7419,0.8786,1.0056,0.7591,0.9583,0.9588,0.8263,0.8123,1.0315,1.0150,0.9171,0.7220,1.0076,1.0782,1.0439,1.0108,0.9884,0.9360,1.0700,1.1486,1.0620,1.1285,1.0123,1.0105,1.0260,1.1038,1.1911,1.0740,1.1035,0.8994,1.1829,1.0456,1.0029,0.8741,1.0210,1.0841,1.1569,1.1422,1.0746,1.0774,0.9894,1.0710,1.0580,1.1331,1.0671
cable_2,0.9985,1.0803,1.2136,1.1953,0.9315,0.8621,0.9019,0.7861,1.0340,0.9710,1.0283,0.9730,1.0749,1.0255,1.0333,1.0225,1.1920,1.2106,1.1792,1.0170,1.1936,1.1139,1.2349,1.2056,1.1724,1.0815,1.1657,1.1323,0.8772,1.0390,0.9051,1.1330,1.0633,1.0520,0.9446,1.1792,1.1815,1.0298,1.1895,1.1642,1.1246,1.2096,1.1993,1.1328,1.0953,1.1440,1.0657,0.7951,1.1688,1.1463,1.0410,0.9140,1.0871,1.1026,1.1867,1.0722,0.8431,0.7434,0.9814,0.7181,1.1227,0.9868,1.0228,1.0770,0.9861,1.1843,1.2029,0.8962,1.2354,1.2231,1.3121,1.1848,1.0122,0.6647,0.6486,0.7626,0.6816,0.0000,0.6008,0.5311,0.9435,1.1630,0.9316,1.0794,0.8106,0.7634,0.9030,1.1638,0.9051,0.7352,0.6436,0.8435,0.8225,0.9542,0.8018,0.9901,0.9910,0.9804,1.0482,1.0380,1.1273,1.0559,1.1810,1.1063,1.1508,1.3153,1.1262,1.1000,1.1648,0.9550,0.9064,0.9053,0.6834,0.9917,0.8017,1.1864,1.2321,0.9709,1.0749,0.9982,1.1014,1.0236,1.2275,1.1047
cable_3,1.1189,1.1781,1.2430,1.0886,1.0451,0.9653,0.9444,0.8426,1.1543,0.9118,1.0497,0.9707,1.1650,1.0599,1.0245,0.9248,1.1667,1.1807,1.2881,1.0163,1.1964,1.1681,1.2752,1.1612,1.0936,1.1041,1.1249,1.0823,0.9406,1.0282,0.8176,1.1572,1.0548,1.0217,1.0218,1.2200,1.1975,1.0317,1.1327,1.2169,1.1560,1.2689,1.1863,1.1382,0.9842,1.0665,1.0911,0.9057,1.3012,1.1353,1.0979,0.9424,0.9814,0.8637,1.0621,0.9890,0.8849,0.8430,1.1010,0.6000,1.0247,0.9393,0.9198,1.1376,1.0678,1.1224,1.1097,0.9915,1.2309,1.1525,1.3190,1.1911,0.8555,0.6102,0.6234,0.6725,0.7424,0.6008,-0.0000,0.5883,0.8330,1.0572,0.9053,1.0987,0.7831,0.7009,0.8069,1.1132,0.8402,0.7526,0.6853,0.8468,0.9936,0.9671,0.9820,0.9698,1.0723,1.1176,1.1693,1.1724,1.0524,0.9814,1.0259,1.0666,1.0450,1.2811,0.9844,1.0899,1.0264,0.8971,0.9393,0.9840,0.7828,0.9348,1.0086,1.1169,1.1150,1.1519,1.0685,0.9635,1.0151,1.0985,1.1192,1.0183
cable_4,1.0282,1.0882,1.2022,1.0026,0.7651,0.7757,0.8887,0.7866,0.9366,0.6460,0.8606,0.9810,0.9739,0.9585,0.8571,0.8209,1.2171,1.2192,1.1997,1.1036,1.2259,1.1969,1.2789,1.1651,1.1244,1.1293,1.2768,1.0966,0.9669,1.1048,0.9435,1.1472,1.0988,1.0127,0.8173,1.0532,1.2043,1.1218,1.1620,1.2241,1.1314,1.3467,1.2161,1.1194,1.0884,1.1927,1.0524,0.7658,1.2836,1.2423,1.1378,0.8012,1.1531,1.1432,1.1851,1.2942,0.8764,0.8122,1.0885,0.5079,1.2200,1.0011,1.0714,1.0603,1.0064,0.9981,1.0625,0.9698,1.2599,1.1328,1.2855,1.0400,1.0888,0.8591,0.7017,0.9268,0.7419,0.5311,0.5883,0.0000,1.0574,1.1216,0.9642,1.0930,0.9826,0.8119,0.9035,0.9815,0.6966,0.8465,0.6369,0.6761,0.7086,0.9137,0.7825,0.8616,1.1638,1.1468,1.2352,1.2781,1.1767,1.2228,1.1696,1.1599,1.2187,1.2280,1.1588,1.0646,1.0538,0.9663,0.8962,1.0297,0.6073,0.9799,0.7425,1.1357,1.1652,1.0645,0.9640,1.0306,1.0112,0.9293,1.1806,1.0125
eggleston_1,0.9087,0.9420,1.0290,0.8642,1.1128,1.1608,1.1373,0.9957,1.1354,1.1261,1.1420,1.0996,0.8840,0.9093,1.0771,0.9832,1.0551,1.1238,1.0523,1.0967,0.9378,1.0255,1.0452,1.1405,1.1081,1.0071,0.9718,0.9303,0.9360,0.9159,0.8749,0.9801,1.1547,1.2068,1.1092,1.1882,1.1199,1.1433,1.1566,1.0375,0.8548,0.9591,1.0144,1.0471,0.9399,1.0625,1.0282,1.1177,0.9912,1.0737,1.1501,1.0865,1.0420,1.0503,1.0358,0.9480,0.7767,1.1322,0.8478,0.9691,0.7975,0.9385,0.9296,1.0976,0.9136,1.0225,1.0878,1.0953,0.8823,0.9707,0.8959,1.0361,0.8299,0.9095,0.9694,0.9847,0.8786,0.9435,0.8330,1.0574,0.0000,0.7124,0.8268,0.7223,0.9044,0.9225,0.9040,1.0326,1.0445,0.9571,1.0149,1.0057,1.0590,1.0400,1.1447,1.0621,1.0758,1.0311,1.1080,1.0332,0.9807,0.9104,0.9222,0.9155,1.0176,0.9605,1.0994,1.1020,0.9003,1.0874,1.0948,1.1591,0.9761,1.0835,1.1005,1.0992,1.0552,1.1482,0.9850,0.9799,0.9249,1.0494,1.0697,0.9192
eggleston_2,1.0224,0.9281,0.8622,0.9058,1.0498,1.1462,1.1546,1.0977,1.0525,1.1837,1.0788,1.0695,1.1092,1.0437,0.9118,1.0332,1.0689,1.0680,1.2784,1.2386,0.9562,1.0261,1.1763,1.0608,0.9769,1.0158,0.7467,0.9835,0.9618,1.0773,0.8803,0.9225,1.0151,1.1459,0.8490,1.0960,1.1704,0.9792,1.0945,0.9451,1.0808,0.7007,1.0283,0.9881,0.7548,0.8412,0.9941,1.0422,1.0077,0.9630,0.9297,0.8173,1.0517,1.0120,0.9578,1.0015,1.1766,1.1553,0.8954,1.0414,0.8027,1.1109,0.8437,1.2171,1.1441,1.0422,1.0417,0.9864,0.9064,0.8671,0.9828,0.9327,0.5943,0.8717,0.9416,0.8431,1.0056,1.1630,1.0572,1.1216,0.7124,0.0000,0.9275,0.6699,0.9779,0.9549,1.0272,1.1027,0.8541,1.0476,0.9607,0.9269,1.0111,0.9464,1.1362,1.0241,1.1935,1.1098,1.0848,1.0634,1.1651,0.9655,0.9191,1.1300,1.1887,1.1375,1.1145,1.1923,0.7509,1.0403,1.1396,1.0239,1.0564,1.0189,0.9263,0.9936,0.9395,1.2115,0.9609,0.8930,0.9637,0.9711,0.9273,0.9637
eggleston_3,0.8944,1.1715,1.2572,1.1194,1.0780,0.9935,1.0866,0.8684,1.0691,0.9806,0.9977,0.7355,0.8399,0.8680,0.9932,0.9953,1.0698,1.1740,1.1553,1.1020,1.0936,1.0875,1.0749,1.0951,1.1566,0.9727,1.0687,0.9457,0.8598,1.0282,0.8862,1.0087,1.2045,1.1302,1.1718,1.2518,1.1928,0.8947,1.0815,0.9681,0.8151,1.0361,1.1526,1.0930,1.0099,1.0013,0.9972,0.9434,1.1581,1.1227,1.1178,1.0268,1.0043,1.1593,1.1870,1.2043,0.8496,1.0842,0.9509,1.0052,0.9561,0.9610,0.9323,1.0697,0.9825,0.9212,0.9479,0.6721,0.9998,0.9940,1.0638,1.1093,1.0173,1.0084,0.9895,0.9876,0.7591,0.9316,0.9053,0.9642,0.8268,0.9275,-0.0000,0.8279,1.0682,0.9221,0.9486,1.1023,1.0853,0.9911,0.9709,1.0272,1.0207,1.0037,1.0763,0.7399,0.7695,0.7674,1.0211,0.9633,1.0806,1.0605,1.0314,1.1320,1.0686,1.1680,0.8897,1.0839,0.9033,1.0293,0.8206,0.9673,0.8870,1.0228,0.9504,1.1036,1.0789,1.0978,0.7227,0.7474,0.6296,0.9074,1.0725,0.6260
eggleston_4,1.0826,0.8831,0.9888,0.9728,1.0546,1.0938,1.1979,1.0406,1.2139,1.1718,1.0988,0.9286,0.9939,0.9495,0.9138,0.9748,1.0431,0.8953,1.0327,1.1192,0.7925,0.9677,1.0643,1.0819,1.0948,1.0148,0.7302,0.9075,0.8987,1.0068,0.9639,0.9503,1.0634,1.0659,0.9075,1.1184,1.1359,1.0272,1.0680,1.0240,0.9820,0.7976,1.0467,1.0517,0.8697,0.9092,0.8484,1.0145,0.9264,1.0130,1.0056,0.9838,0.9945,1.0620,0.9862,0.8591,1.1094,1.1667,0.8731,1.0599,0.8400,1.1245,0.8191,1.1554,0.9708,1.0261,1.0477,0.9445,0.8895,1.0057,1.0221,0.9942,0.9385,1.1009,1.0375,0.9711,0.9583,1.0794,1.0987,1.0930,0.7223,0.6699,0.8279,0.0000,1.0530,1.0670,1.0602,1.0419,1.0208,1.0943,1.0962,1.1456,1.0614,0.9748,1.0722,1.0233,0.9194,0.8720,1.0409,0.9503,1.1075,0.8669,0.9781,0.9731,1.1870,1.0268,1.0859,1.2023,0.8089,1.0487,1.0196,1.0579,1.1625,1.0535,0.9788,0.9431,0.9440,1.1242,0.7810,1.0043,0.8359,0.7997,0.9675,0.8347
twain_1,0.9829,1.1066,1.2209,1.1172,1.1324,1.0662,1.1161,0.9897,1.2970,1.1801,1.1726,1.0899,1.2001,1.1775,1.1950,1.0226,1.1018,1.0379,1.1527,1.0580,1.0390,0.8927,1.0648,0.8745,1.2303,1.1032,1.0873,1.2209,0.9034,1.0494,0.8773,1.1322,0.8124,0.9142,1.0728,1.1481,1.1247,0.9279,1.0580,1.0424,1.2758,1.1287,1.1630,1.2331,1.0516,0.9269,0.9594,1.0445,1.0578,0.9141,0.8796,0.9618,1.0794,0.9056,0.9120,0.7296,1.0348,0.7893,0.9329,0.7556,0.9486,1.1373,0.8509,1.1853,1.2734,1.0052,1.0372,1.1192,1.1845,1.2096,1.1401,1.2132,0.7901,0.7656,0.8057,0.7213,0.9588,0.8106,0.7831,0.9826,0.9044,0.9779,1.0682,1.0530,0.0000,0.5523,0.8837,1.1043,0.8306,0.7480,0.6628,0.8891,0.9626,1.0403,1.0946,1.0517,1.0320,1.1021,1.0544,1.0670,1.0015,0.8542,0.8842,0.9144,1.0490,1.2151,0.9618,1.1646,1.0125,0.7431,1.0830,0.9130,0.9483,0.8990,1.0556,1.0778,1.0294,1.0358,1.0976,1.0820,1.0874,1.0752,1.0075,1.0834
twain_2,0.9519,1.0621,1.2415,0.9980,0.9967,1.0758,1.0395,0.8005,1.2196,0.9388,1.0585,0.9821,1.1096,1.1835,1.0536,1.0849,1.2191,1.2277,1.2191,1.2687,0.9863,1.0134,1.0997,1.0743,1.2284,1.0483,1.2176,1.2513,0.8319,0.8443,0.7725,1.0305,0.9894,1.0533,0.9789,1.2544,1.2873,1.1409,1.1561,1.1431,1.1924,1.2617,1.1865,1.1406,1.0563,1.1079,1.0672,0.9231,1.2555,1.1126,0.9720,0.8173,1.1445,0.9689,0.9972,0.9263,0.9669,0.7936,0.8259,0.5523,1.0697,1.0182,1.0345,1.2610,1.2623,1.1483,1.2454,1.1503,1.1730,1.1853,1.2572,1.2128,0.8510,0.5993,0.6614,0.7570,0.8263,0.7634,0.7009,0.8119,0.9225,0.9549,0.9221,1.0670,0.5523,0.0000,0.7728,1.0398,0.6271,0.6360,0.6446,0.5804,0.9542,1.0061,0.9511,1.1017,1.1706,1.0348,1.0907,1.1053,0.9677,0.9166,1.1150,0.9987,1.0830,1.2745,0.9879,1.2291,1.0071,0.9398,1.1204,1.0144,0.7859,0.9224,0.9137,1.0136,1.0167,1.1295,0.9386,0.9742,0.9586,0.9393,1.0007,0.9586
twain_3,0.9894,0.8495,1.2424,0.9709,1.0662,1.0827,1.0788,0.8934,1.0358,0.9507,1.0879,1.1193,0.9782,1.1144,1.0992,1.2023,1.1466,1.1395,1.1085,1.0011,1.0062,1.1429,1.0857,1.0629,0.9127,1.0357,1.0921,0.9280,0.9174,0.8150,0.9871,0.9270,1.1152,1.0880,1.0598,1.0172,1.1224,1.0731,1.1944,1.1067,0.9376,1.1678,1.0107,0.7863,1.0966,1.1494,1.0855,1.0260,1.0864,1.1669,1.0291,1.1060,0.9774,1.0518,1.1079,1.1161,0.7955,0.9132,1.0204,0.8600,1.0660,0.8942,1.0761,1.0823,1.0655,1.1401,1.2022,0.9383,1.1207,1.1549,0.9487,1.0942,0.8708,0.8420,0.9425,0.8974,0.8123,0.9030,0.8069,0.9035,0.9040,1.0272,0.9486,1.0602,0.8837,0.7728,0.0000,0.9397,0.9335,0.7937,0.8404,0.8727,1.0769,0.9987,1.0099,1.0636,1.0345,1.1112,1.0663,1.0936,0.8469,1.0006,0.9979,0.8686,0.8892,1.1327,0.8243,0.9923,1.0812,0.9202,1.1448,1.0649,0.9575,1.0146,0.9821,1.0894,1.0965,0.9883,1.1005,1.1761,1.0318,1.1350,1.1104,1.0302
twain_4,1.0444,0.9241,0.8014,0.6579,0.9975,1.0963,1.0079,0.8494,0.8327,0.7438,0.7564,0.9873,0.7752,1.0017,1.1090,1.1281,0.9927,0.9870,0.8616,1.1996,0.8783,0.9272,0.7716,0.9253,0.8990,0.7782,1.1587,0.7720,0.8614,0.8625,1.0757,0.7886,1.0690,1.0845,0.9884,0.9205,0.9797,1.0607,0.9226,1.0591,0.8510,1.0475,0.7961,0.8001,1.0709,1.0729,1.1296,1.1009,1.0410,1.0740,1.1083,1.0365,1.0824,1.1986,1.0884,1.1807,0.8819,1.3256,0.9521,1.0154,1.1688,1.0619,1.2787,1.1410,0.9766,0.9929,1.0627,1.1415,0.8204,1.0347,1.0233,0.9767,1.1599,1.0331,1.1301,1.1613,1.0315,1.1638,1.1132,0.9815,1.0326,1.1027,1.1023,1.0419,1.1043,1.0398,0.9397,0.0000,1.0817,0.9879,1.0895,0.9519,0.9387,1.0466,0.8100,1.1483,1.0811,1.0998,1.0687,1.0732,0.9179,1.1386,1.0472,1.0268,0.7882,0.8861,0.9653,1.0552,1.0648,1.0991,0.9907,1.0216,1.1315,1.0707,1.0361,0.8316,0.8589,0.9887,0.9981,1.1368,0.9913,1.0054,0.8727,0.9908
twain_letters_1,0.9812,1.0746,1.0969,0.9053,0.6742,0.7381,0.7829,0.6993,0.9047,0.7094,0.8643,1.0743,1.1672,1.0427,0.8694,0.9478,1.2684,1.2894,1.3078,1.2594,1.0868,1.1726,1.2899,1.1107,1.1591,1.1102,1.2650,1.0151,0.9634,1.0896,0.9042,1.0957,1.0807,1.0436,0.7996,1.1272,1.3444,1.0920,1.1372,1.1912,1.0851,1.1694,1.1451,1.1639,1.1097,1.1263,1.1848,0.8449,1.3048,1.2408,1.0961,0.7933,1.1622,1.0886,1.0647,1.0723,0.9447,0.8671,0.9009,0.5792,1.2423,1.1218,1.2166,1.2679,1.1919,1.1907,1.1862,1.0499,1.1750,0.8706,1.2524,0.8862,0.9990,0.9152,0.8933,1.0295,1.0150,0.9051,0.8402,0.6966,1.0445,0.8541,1.0853,1.0208,0.8306,0.6271,0.9335,1.0817,0.0000,0.5636,0.6892,0.4239,0.6959,0.9286,0.7726,1.0513,1.2059,1.0506,1.1698,1.1983,1.1483,1.0128,1.0878,1.0301,1.1185,1.2025,1.0354,1.2066,0.9842,0.9156,1.0345,1.0315,0.6578,0.8573,0.7461,0.9554,1.0099,1.1185,0.9619,0.9784,1.0152,0.9218,1.0244,1.0193
twain_letters_2,0.8986,1.0139,1.1455,1.0380,0.7768,0.8809,0.7856,0.7334,0.9733,0.8186,0.9852,1.1654,1.1858,1.1060,1.1503,1.1401,1.2187,1.1873,1.2377,1.2475,0.9856,1.0229,1.1053,0.8774,1.2182,1.1443,1.1502,1.1054,0.8607,0.9501,0.8213,0.9330,1.1016,1.0462,1.0946,1.1804,1.3403,1.0565,1.1661,1.1120,1.0981,1.2216,1.2444,1.1047,1.0405,1.0878,1.0425,0.8952,1.2646,1.1214,1.0226,0.9179,1.2017,1.1256,1.1109,1.0781,0.9317,0.7964,0.9367,0.6754,1.2063,1.0084,1.0261,1.2674,1.1139,1.3307,1.2227,1.0199,1.2170,1.1876,1.3350,1.1020,1.0464,0.7884,0.8292,0.9388,0.9171,0.7352,0.7526,0.8465,0.9571,1.0476,0.9911,1.0943,0.7480,0.6360,0.7937,0.9879,0.5636,0.0000,0.6379,0.6248,0.6970,0.9391,0.7073,1.1467,1.1032,1.0192,1.1605,1.1429,1.0041,1.0494,1.0816,1.0225,0.9407,1.2678,0.9878,1.2221,1.0595,0.9122,1.0041,1.0405,0.7419,0.8350,0.7967,1.0340,1.0610,1.1507,1.0528,1.0688,1.0359,1.0519,1.0638,1.0385
twain_letters_3,1.0352,1.0990,1.3058,1.1127,0.9547,0.9393,0.9901,0.9135,1.0316,0.8919,0.9296,1.0721,1.1261,1.0173,1.0149,1.0266,1.2302,1.2888,1.2909,1.2295,1.1132,1.0839,1.2294,0.9648,1.1275,1.2066,1.1734,1.2284,0.8845,1.1061,0.8774,1.2226,1.0367,1.1450,0.9600,1.2477,1.3817,0.9580,1.1880,1.1359,1.1777,1.3259,1.2607,1.1572,1.1462,1.1004,1.0363,0.8009,1.1814,1.1805,1.0217,0.8432,1.1748,1.0040,1.0992,1.0861,0.9519,0.6871,0.8902,0.5765,1.0716,0.9983,0.9906,1.2644,1.1037,1.1342,1.2315,1.0487,1.3187,1.2042,1.3243,1.1123,0.9475,0.5964,0.5434,0.7162,0.7220,0.6436,0.6853,0.6369,1.0149,0.9607,0.9709,1.0962,0.6628,0.6446,0.8404,1.0895,0.6892,0.6379,0.0000,0.6524,0.8331,0.9313,0.9064,0.9384,1.0232,0.9822,0.9128,0.9784,1.1050,1.0185,0.9636,1.0015,1.0674,1.2171,0.9133,1.1583,1.0962,0.8984,1.0824,1.1147,0.7650,1.0861,0.9150,1.1355,1.1472,1.0196,0.9626,0.9133,0.9683,0.9695,1.1292,0.9607
twain_letters_4,0.8226,0.9839,1.1456,0.9045,0.6097,0.6834,0.8384,0.7046,0.8666,0.5994,0.7684,1.1188,0.9955,1.0299,0.9450,0.9814,1.2931,1.3932,1.2709,1.2918,1.0511,1.1752,1.1987,1.0545,1.2685,1.1771,1.1825,1.0610,0.8669,1.0863,0.9015,1.0059,1.1682,1.1603,0.7964,1.1889,1.3863,1.1253,1.2554,1.2405,1.0845,1.3031,1.2211,1.1847,1.0868,1.1403,1.0589,0.7271,1.3829,1.2644,1.1286,0.8308,1.1655,1.2075,1.2077,1.2392,0.9398,0.8943,0.9803,0.6480,1.2408,1.0649,1.1736,1.2045,1.0914,1.1637,1.2608,0.9469,1.1389,0.9961,1.2724,0.9311,1.0959,0.9159,0.8831,1.0874,1.0076,0.8435,0.8468,0.6761,1.0057,0.9269,1.0272,1.1456,0.8891,0.5804,0.8727,0.9519,0.4239,0.6248,0.6524,0.0000,0.6268,0.8107,0.6420,1.0135,1.1405,1.0876,1.1961,1.2255,1.0994,1.1761,1.1876,1.0650,1.0482,1.1738,0.9329,1.1283,1.0148,0.9697,1.0239,1.0293,0.6784,0.9364,0.5821,0.9266,0.9664,1.1143,0.8409,0.8801,0.8899,0.8455,0.9898,0.8943
lee_1,0.8984,0.8039,1.0606,0.9420,0.5973,0.6125,0.6803,0.7097,0.7982,0.5618,0.6710,1.1323,1.0252,0.9959,1.0959,1.0495,1.1819,1.2375,1.2354,1.2650,0.9450,1.0977,1.0861,0.9840,1.2462,1.1797,1.2116,0.9724,0.9915,1.0856,0.9187,1.0041,1.1696,1.0473,0.8696,1.0802,1.3456,1.1501,1.2092,1.1252,1.0288,1.1599,1.2343,1.1020,1.1169,1.1445,1.0176,0.7473,1.1869,1.1683,1.1258,0.8240,1.1576,1.3012,1.1612,1.1893,0.9227,0.8761,0.9485,0.7537,1.3237,1.1199,1.1668,1.1918,0.8756,1.2128,1.2280,0.9371,1.1386,1.0741,1.3628,1.0858,1.0684,0.9537,0.8795,1.0754,1.0782,0.8225,0.9936,0.7086,1.0590,1.0111,1.0207,1.0614,0.9626,0.9542,1.0769,0.9387,0.6959,0.6970,0.8331,0.6268,0.0000,0.6549,0.4516,0.9916,1.1140,1.0481,1.0791,1.1151,1.2278,1.2833,1.1271,1.1432,0.9966,1.1228,1.0243,1.1981,1.0634,1.0078,1.0613,0.9274,0.6958,1.0779,0.6804,0.9107,0.9854,1.1732,0.8374,0.9025,0.9391,0.7911,1.0056,0.9425
lee_2,0.9729,0.8128,1.0335,1.0288,0.7525,0.8763,0.9189,1.0253,0.8698,0.7617,0.8274,1.0789,1.0519,0.9331,1.0794,1.0569,1.3493,1.1902,1.1602,1.1000,1.0643,1.1973,1.0787,1.1507,1.1688,1.2097,1.0988,1.0868,1.0635,1.0129,0.9609,1.1256,0.9038,1.1626,0.7297,0.9357,1.1309,0.9624,1.2799,1.1398,1.2349,1.1980,1.1636,1.0807,1.0190,1.1088,1.0227,0.9771,1.0502,1.1448,1.0098,0.9954,1.0109,1.1766,1.2200,1.0960,0.9958,1.0388,0.9887,0.9736,1.0151,0.8175,0.9306,0.9962,0.8083,1.0234,1.0827,0.7160,1.0016,1.0470,1.0800,0.7939,0.9240,0.8364,0.8676,1.0020,1.0439,0.9542,0.9671,0.9137,1.0400,0.9464,1.0037,0.9748,1.0403,1.0061,0.9987,1.0466,0.9286,0.9391,0.9313,0.8107,0.6549,0.0000,0.7384,0.8929,0.9737,1.0570,1.0105,1.0642,1.0775,1.0379,0.9041,1.0338,1.0785,1.0599,0.9618,1.0986,0.9298,1.0955,0.9515,0.9879,0.9444,1.3821,0.8680,1.0614,1.1383,1.0839,0.8365,0.9180,0.9798,0.7493,1.1429,0.9823
lee_3,0.8696,0.7849,0.9744,0.8097,0.4857,0.5668,0.6686,0.7350,0.7003,0.5742,0.6474,1.0660,1.0185,1.0566,1.0632,1.0693,1.1739,1.2646,1.1200,1.2311,0.9413,1.1001,1.0016,1.1050,1.0346,1.1626,1.1867,0.8299,0.8705,0.9368,1.0342,0.9545,1.2233,1.1488,0.8064,0.9861,1.3178,1.1669,1.1512,1.1818,1.0231,1.2529,1.1346,0.9577,1.1500,1.2515,1.0987,0.8478,1.2506,1.1688,1.1795,0.9502,1.2855,1.3061,1.3356,1.2644,0.7784,1.0069,0.9698,0.7578,1.2928,1.0750,1.1841,1.2223,0.9093,1.2388,1.2560,0.9763,1.0680,1.0592,1.3013,1.0017,1.2531,0.9799,0.9067,1.0982,1.0108,0.8018,0.9820,0.7825,1.1447,1.1362,1.0763,1.0722,1.0946,0.9511,1.0099,0.8100,0.7726,0.7073,0.9064,0.6420,0.4516,0.7384,0.0000,1.1445,1.0511,1.0831,1.0703,1.1326,0.9593,1.3338,1.3022,1.2083,0.9133,1.0974,0.9343,1.1757,1.1213,1.1149,0.8873,0.8998,0.7944,0.9968,0.5758,0.8306,0.9454,1.1318,0.8135,1.0183,0.9293,0.7612,0.9923,0.9345
lee_4,0.9782,1.0190,0.9950,1.1844,1.1382,1.0958,1.0903,1.0987,1.1545,1.0862,1.0180,0.9710,1.0001,0.9112,0.9000,0.9208,1.0217,1.0156,0.9502,0.9908,1.1840,1.0854,1.1297,1.1064,1.0126,1.0633,1.0518,0.9742,1.0644,1.0311,1.0462,1.2056,1.1262,1.1098,1.0305,1.0288,0.9521,1.0137,1.1691,1.2129,1.0575,1.0186,1.0671,1.0663,1.0826,0.9624,0.9565,1.0709,1.0416,1.1373,1.1203,1.0945,0.8577,1.0060,0.9306,1.1142,0.9175,0.9152,0.9438,1.0027,0.9549,0.7431,0.8595,0.9216,0.8353,0.7662,0.8110,0.7111,1.0395,0.8924,1.0840,1.0056,0.9823,1.0421,0.9467,1.0361,0.9884,0.9901,0.9698,0.8616,1.0621,1.0241,0.7399,1.0233,1.0517,1.1017,1.0636,1.1483,1.0513,1.1467,0.9384,1.0135,0.9916,0.8929,1.1445,0.0000,0.6794,0.7603,0.8703,0.8878,1.1720,0.9760,0.8213,1.0326,1.1112,1.0525,0.8853,0.9446,0.8932,0.9836,1.0237,1.2052,0.9442,1.1641,1.1118,1.1842,1.1443,1.0079,0.8674,0.8381,0.8730,0.9062,1.1489,0.8746
cabell_1,0.8861,1.0215,1.0549,1.1812,1.1077,1.1908,1.2344,1.1842,1.0708,1.2245,1.0968,0.9987,0.9227,0.9850,1.0769,1.1484,0.9759,1.0814,0.8632,0.8369,1.0600,1.0400,0.9313,1.0748,0.9556,0.9943,0.8674,1.0240,1.0079,1.0880,1.1490,1.0216,1.1520,1.0950,1.1454,0.9416,0.9010,0.9499,1.1160,1.0256,0.8896,0.9975,1.0306,0.9948,1.1248,1.1084,1.0793,1.1047,0.8839,0.8979,1.0353,1.1803,0.8530,1.0893,0.9880,1.1340,0.8685,0.9250,1.0281,1.2506,0.9953,0.8183,0.8285,0.8401,0.9509,0.9204,1.0222,0.8071,0.9931,1.0938,0.9065,1.0443,1.1312,1.0348,1.0148,1.0690,0.9360,0.9910,1.0723,1.1638,1.0758,1.1935,0.7695,0.9194,1.0320,1.1706,1.0345,1.0811,1.2059,1.1032,1.0232,1.1405,1.1140,0.9737,1.0511,0.6794,0.0000,0.5016,0.4953,0.5396,0.8712,0.8305,0.8942,0.9158,1.0137,0.8324,0.7434,0.9188,0.9908,1.0562,0.9592,1.1451,1.1818,1.0593,1.0917,1.1189,1.1407,0.8909,0.7621,0.9127,0.6623,0.9404,1.1310,0.6623
cabell_2,0.9056,0.9977,1.0647,1.2462,1.0437,1.1352,1.1037,0.9670,1.1278,1.0568,0.9122,0.9733,0.9377,0.9226,1.0381,0.9367,1.0099,1.1023,0.9634,1.0735,0.9793,0.9500,0.9499,1.0657,1.0042,0.9823,0.8732,1.0026,0.9550,1.1004,1.0041,1.0731,1.1486,1.0769,1.1288,1.0993,1.0696,1.0415,1.0567,1.0464,0.9475,0.9286,1.1343,1.0261,1.1931,1.1792,1.0604,1.1191,1.0014,1.0873,1.1279,1.2330,1.1000,1.1654,1.0129,1.0521,0.9071,1.0320,0.8841,1.1807,1.0186,0.8968,1.0297,0.9947,0.9980,1.0188,1.0105,0.8985,1.0211,0.9307,1.0148,1.0934,0.9709,0.9337,0.9509,1.0802,1.0700,0.9804,1.1176,1.1468,1.0311,1.1098,0.7674,0.8720,1.1021,1.0348,1.1112,1.0998,1.0506,1.0192,0.9822,1.0876,1.0481,1.0570,1.0831,0.7603,0.5016,-0.0000,0.5158,0.4574,0.9016,0.7970,0.7994,0.8611,0.9548,0.8481,0.8132,1.0125,0.9783,0.9235,1.0506,1.1079,1.0873,1.0496,1.0428,1.0456,1.0563,0.9717,0.6578,0.8975,0.6381,0.7917,1.0402,0.6352
cabell_3,1.0059,0.9621,1.0128,1.1505,1.0482,1.1422,1.1041,1.0959,0.9649,1.2347,0.9102,1.0932,1.0968,1.1094,1.0590,1.1427,0.9662,0.9989,0.9743,0.9310,1.0399,0.9524,0.9232,0.9298,1.0046,0.9923,0.8819,1.0598,0.9124,0.9966,0.9538,0.9424,1.1087,1.1061,1.1269,0.9630,0.9147,1.0359,1.1243,1.0563,1.0038,0.9449,1.0235,0.9132,1.0829,1.1180,1.0078,1.2125,0.8853,0.9974,1.0218,1.1451,0.9986,1.0949,0.9767,1.1079,0.9156,0.9687,0.9092,1.2870,1.0244,0.9141,1.0074,0.8402,0.8837,0.9995,0.9829,0.8982,1.0824,1.0993,1.0006,1.0640,0.9926,0.9737,0.9560,0.9856,1.1486,1.0482,1.1693,1.2352,1.1080,1.0848,1.0211,1.0409,1.0544,1.0907,1.0663,1.0687,1.1698,1.1605,0.9128,1.1961,1.0791,1.0105,1.0703,0.8703,0.4953,0.5158,-0.0000,0.3663,0.6628,0.8094,0.7628,0.8659,0.9670,0.8332,0.8051,0.8580,0.9899,0.9580,1.1283,1.2231,1.2195,1.1335,1.0766,0.9871,1.0255,0.8855,0.8461,0.9309,0.7523,0.9903,1.0126,0.7504
cabell_4,0.9404,1.0087,1.1004,1.1584,1.1979,1.1552,1.1482,1.1483,1.0918,1.2379,1.0158,1.1126,0.9702,1.0274,1.0972,1.1182,0.9806,0.9414,1.0067,0.9483,0.9909,0.9437,1.0274,0.9422,0.9277,0.9353,0.9226,1.0455,1.0124,1.0766,1.0728,1.0322,1.0852,1.1238,1.1601,0.9835,0.9151,1.1010,1.0862,1.0250,0.9823,0.9138,1.0383,1.0540,1.2029,1.1137,1.0590,1.0749,0.8884,0.9541,1.1187,1.2542,0.9896,1.0534,0.9610,0.9926,1.0307,1.0099,0.7889,1.3065,0.9891,0.9507,0.9453,0.8385,1.0450,0.9570,1.0138,0.9039,0.9067,0.9740,0.8988,1.0564,0.8914,0.9283,0.8519,0.8767,1.0620,1.0380,1.1724,1.2781,1.0332,1.0634,0.9633,0.9503,1.0670,1.1053,1.0936,1.0732,1.1983,1.1429,0.9784,1.2255,1.1151,1.0642,1.1326,0.8878,0.5396,0.4574,0.3663,0.0000,0.8131,0.6661,0.8024,0.8382,0.9917,0.8534,0.8486,0.8748,0.9379,0.7674,0.9786,1.1069,1.2024,1.0088,1.1447,1.0291,1.0101,0.9465,0.9050,1.0296,0.8581,0.9832,0.9969,0.8546
christian_1,0.8429,0.9108,1.1307,0.9651,1.0553,1.1411,0.9734,1.0624,0.9904,1.0504,0.9265,1.0405,0.9877,1.1375,1.0873,1.0313,1.0187,1.0903,1.0372,0.8926,1.0310,0.9672,0.9387,0.8658,0.9314,1.0110,0.8524,0.9544,0.8677,0.8289,0.8911,0.9215,1.1320,1.1450,1.1723,1.0335,0.9584,1.2407,1.1579,1.1223,0.9483,1.1768,0.9938,1.0266,1.1709,1.2230,1.0150,1.0919,1.0227,0.9935,1.1467,1.0705,1.0617,1.1073,1.1030,1.1512,0.7380,1.0581,0.9669,1.1760,1.0205,1.0089,1.0536,0.7792,0.9526,1.0195,0.9542,1.0690,1.0200,0.9919,0.8381,0.9609,1.0564,1.0309,1.1054,1.0104,1.1285,1.1273,1.0524,1.1767,0.9807,1.1651,1.0806,1.1075,1.0015,0.9677,0.8469,0.9179,1.1483,1.0041,1.1050,1.0994,1.2278,1.0775,0.9593,1.1720,0.8712,0.9016,0.6628,0.8131,-0.0000,0.7397,0.8851,0.7015,0.9065,0.8300,0.8949,0.7126,1.0381,0.9471,1.0236,1.0312,1.1325,0.8917,0.9017,0.8742,0.9120,0.8823,0.8832,0.9166,0.7929,1.0117,0.8935,0.7902
christian_2,1.1029,1.1331,1.2109,1.2443,1.2637,1.1928,1.1284,1.2471,1.2347,1.2893,1.1624,1.0354,0.9227,1.0829,1.1693,1.0404,1.0054,0.9105,1.0343,0.8939,0.9273,0.9567,1.0866,0.8350,1.0247,0.9476,0.9927,1.2190,1.1020,1.1177,1.0524,1.0243,0.9444,0.9846,1.1701,0.9576,0.9428,1.0321,1.0201,0.9441,1.1800,1.0484,1.0601,1.1538,1.1584,1.0848,1.0573,1.0988,0.7983,0.8894,0.8972,1.0024,0.9643,0.8592,0.8418,0.8592,1.1110,1.0295,1.1315,1.1730,0.7645,0.8868,0.8449,0.8736,1.0701,0.9421,0.9556,1.0702,1.0228,0.9805,0.8449,1.0040,0.7626,1.0025,1.0441,0.8743,1.0123,1.0559,0.9814,1.2228,0.9104,0.9655,1.0605,0.8669,0.8542,0.9166,1.0006,1.1386,1.0128,1.0494,1.0185,1.1761,1.2833,1.0379,1.3338,0.9760,0.8305,0.7970,0.8094,0.6661,0.7397,0.0000,0.4654,0.4400,0.9537,0.9334,0.9302,0.8828,0.8858,0.7822,1.0498,1.0614,1.1774,0.9770,1.2163,1.0023,0.9922,0.8394,1.0814,1.0580,0.9346,1.1995,0.9682,0.9297
christian_3,1.2153,1.0390,1.1383,1.1840,1.2428,1.2595,1.2146,1.2238,1.2048,1.2549,1.0870,1.0028,0.8719,0.9829,1.0597,0.9934,1.0205,0.9453,1.0801,0.9719,1.0354,0.9905,0.9909,0.7814,1.0118,0.9792,0.9550,1.1418,1.1603,1.1217,0.9319,1.1673,0.8944,1.0725,1.2524,1.0194,0.9293,0.9995,1.0621,0.9984,1.2308,1.0445,1.0486,1.1603,1.0417,0.9709,0.9974,1.1747,0.9395,0.9529,0.9289,1.1936,0.8489,0.8663,0.8406,0.8326,1.1730,1.0242,0.9840,1.1807,0.7632,0.8442,0.8585,0.8376,1.0708,0.8218,0.8394,1.0212,1.0790,0.9313,0.8275,0.9587,0.7792,0.9910,1.0035,0.9962,1.0105,1.1810,1.0259,1.1696,0.9222,0.9191,1.0314,0.9781,0.8842,1.1150,0.9979,1.0472,1.0878,1.0816,0.9636,1.1876,1.1271,0.9041,1.3022,0.8213,0.8942,0.7994,0.7628,0.8024,0.8851,0.4654,-0.0000,0.4877,0.9582,0.9830,0.9149,0.8683,0.7855,0.7797,1.0327,1.1287,1.1118,1.1538,1.3089,1.1408,1.1274,0.9680,1.1277,1.0689,1.0262,1.1855,1.1070,1.0181
christian_4,1.0453,1.0177,1.1653,1.1501,1.1284,1.1076,0.9865,1.1581,1.0815,1.1443,1.1854,1.0651,0.8887,0.9711,1.0687,0.9822,1.0256,0.9880,1.0222,0.9334,0.9790,1.0434,1.0741,0.8256,0.9889,0.9566,1.0133,1.0975,1.0986,1.0669,1.1113,1.0673,1.0134,0.9842,1.1453,0.9826,0.9507,1.0267,1.0100,1.0440,1.1536,1.1118,0.9517,1.0532,1.1041,1.0861,1.0471,1.0720,0.9986,1.0393,0.9411,1.1286,0.9832,0.9674,1.0127,0.9391,1.1061,1.0093,1.0740,1.0968,0.8927,0.9175,0.9191,0.8611,0.9719,0.9159,0.8668,1.1068,1.0787,0.9437,0.7713,0.9448,0.9120,1.0492,1.0185,1.0043,1.0260,1.1063,1.0666,1.1599,0.9155,1.1300,1.1320,0.9731,0.9144,0.9987,0.8686,1.0268,1.0301,1.0225,1.0015,1.0650,1.1432,1.0338,1.2083,1.0326,0.9158,0.8611,0.8659,0.8382,0.7015,0.4400,0.4877,-0.0000,0.9069,0.9284,1.0833,0.8517,0.9504,0.8354,1.1145,1.0694,1.0276,1.0934,1.2603,1.0804,1.0754,0.9466,1.0818,1.1403,0.9965,1.1388,1.0639,0.9906
pollock_1,0.9807,0.8414,0.9985,0.9068,0.8863,0.9668,0.8557,0.9549,0.8709,0.8966,0.8735,1.0208,0.9358,1.0016,1.1198,0.9764,0.8879,1.0123,0.9252,0.9503,0.9037,1.0382,0.8459,0.9667,0.8807,0.8741,1.0733,0.8415,0.9949,1.0027,1.0320,0.9270,1.0649,1.0394,1.1528,1.0213,0.9460,1.1299,0.9310,1.0210,0.9574,1.1075,0.8902,0.8266,1.1879,1.1261,1.0399,1.0678,1.0957,1.1493,1.1285,1.2081,1.0100,1.0923,1.0976,1.0436,0.8616,1.1513,1.1317,1.0821,1.0718,0.9057,1.1927,0.8499,0.8785,1.1141,1.0703,1.2275,0.9449,0.9803,0.8922,0.9947,1.1812,1.1372,1.1556,1.1207,1.1038,1.1508,1.0450,1.2187,1.0176,1.1887,1.0686,1.1870,1.0490,1.0830,0.8892,0.7882,1.1185,0.9407,1.0674,1.0482,0.9966,1.0785,0.9133,1.1112,1.0137,0.9548,0.9670,0.9917,0.9065,0.9537,0.9582,0.9069,0.0000,0.7863,0.6577,0.8850,1.1457,0.9887,0.8818,1.0025,1.1109,1.0065,1.0947,0.9618,0.9786,0.9306,1.0296,1.1501,0.9656,1.0831,0.9948,0.9634
pollock_2,1.0049,0.9343,0.9397,0.9724,1.0767,1.1175,1.0925,1.2221,0.9983,1.0735,0.9208,1.1592,0.9756,1.0255,1.2341,1.0137,0.6785,0.9407,0.5163,0.7636,0.8773,0.9102,0.8020,0.9762,0.7853,0.9124,0.9738,0.8735,1.0559,1.0689,1.1091,0.9468,1.1001,1.0912,1.1085,0.7273,0.6963,1.0685,0.8705,0.9807,0.8282,1.0109,0.6924,0.7887,1.1460,1.1374,1.1776,1.2139,0.7526,0.8924,0.9979,1.2170,1.0620,1.1132,0.9746,0.9648,0.9284,1.1448,0.8964,1.2440,0.9160,0.9737,1.0337,0.7553,0.9977,0.8860,0.9717,1.0796,0.7957,0.9295,0.7461,1.0468,1.0390,1.3190,1.2036,1.2437,1.1911,1.3153,1.2811,1.2280,0.9605,1.1375,1.1680,1.0268,1.2151,1.2745,1.1327,0.8861,1.2025,1.2678,1.2171,1.1738,1.1228,1.0599,1.0974,1.0525,0.8324,0.8481,0.8332,0.8534,0.8300,0.9334,0.9830,0.9284,0.7863,0.0000,0.7881,0.7052,1.0055,1.1215,1.0052,1.0759,1.1583,1.0417,1.0697,0.9461,0.9692,0.7776,0.7944,1.0600,0.8237,0.8340,0.9732,0.8199
pollock_3,0.9407,0.9797,1.0685,0.9931,1.0595,1.0611,1.0104,1.0791,0.9470,1.0276,0.8441,1.0773,1.1033,0.9525,1.1003,1.0083,0.9843,1.0584,1.0103,0.9996,0.9259,0.8613,0.8171,0.8795,0.8644,0.9999,1.0722,0.8582,1.0403,1.0508,0.9604,1.0336,1.1349,1.0835,1.2188,1.0365,1.0262,1.1060,1.0037,1.0096,0.9626,1.1958,1.0498,1.0123,1.1994,1.1400,1.0718,1.0136,1.0948,1.0427,1.0834,1.2002,0.9821,1.0715,0.9836,1.0113,0.8791,1.0133,1.0774,1.1130,1.1509,1.0116,1.0987,1.0052,0.9949,1.1184,1.0975,0.8923,1.0039,0.9508,0.9947,1.0700,1.0821,1.0472,1.1144,1.0666,1.0740,1.1262,0.9844,1.1588,1.0994,1.1145,0.8897,1.0859,0.9618,0.9879,0.8243,0.9653,1.0354,0.9878,0.9133,0.9329,1.0243,0.9618,0.9343,0.8853,0.7434,0.8132,0.8051,0.8486,0.8949,0.9302,0.9149,1.0833,0.6577,0.7881,-0.0000,0.9374,1.0616,0.9184,0.9705,1.1685,1.1124,1.0216,0.9436,1.0449,1.0598,0.9418,0.8208,1.0026,0.7556,0.9453,1.0567,0.7521
pollock_4,0.9960,1.0155,1.0985,1.0372,1.1102,1.0257,0.9357,1.1315,0.9650,1.0616,1.0597,1.1196,1.1004,1.1171,1.0857,0.9729,0.8158,0.9319,0.8373,0.5192,1.1236,1.0418,1.0013,1.1023,0.8373,1.0454,0.9494,1.0701,1.1810,1.0176,1.2520,1.0925,0.9494,0.8849,1.0960,0.6194,0.6247,1.0949,0.9846,1.0912,1.0979,1.1249,1.0027,0.9761,1.1122,1.0504,1.0653,1.1259,0.9393,1.0609,1.1988,1.2290,0.9112,0.9921,1.0504,1.0974,0.9716,0.8090,1.1275,1.1368,0.9454,0.9799,0.9604,0.4278,0.9240,0.8689,0.7202,0.9536,0.9160,0.9142,0.7319,0.8928,1.0590,1.1607,1.1482,1.0749,1.1035,1.1000,1.0899,1.0646,1.1020,1.1923,1.0839,1.2023,1.1646,1.2291,0.9923,1.0552,1.2066,1.2221,1.1583,1.1283,1.1981,1.0986,1.1757,0.9446,0.9188,1.0125,0.8580,0.8748,0.7126,0.8828,0.8683,0.8517,0.8850,0.7052,0.9374,-0.0000,1.0541,0.9009,0.9305,1.0230,1.2351,1.0159,1.1338,1.0982,1.0967,0.7163,1.0817,1.1104,1.0822,1.0539,1.1072,1.0806
shsp_1,0.9532,1.0117,0.9540,1.1323,1.0831,1.1640,1.0340,1.1584,1.1582,1.1299,1.0838,1.0544,1.0920,1.0814,1.0150,1.0171,1.0935,0.8610,1.1785,1.1152,1.0731,0.9913,1.0725,1.0587,0.9828,1.1016,0.8136,1.1163,1.0861,1.2703,0.9034,1.0114,0.8614,1.1361,1.0473,1.0622,1.0215,0.9171,1.0590,0.9645,1.1586,0.9153,1.1633,1.0256,0.7928,0.8708,0.9515,1.1920,0.8478,0.8055,0.9408,1.0561,0.9290,0.8032,0.8356,0.8729,1.1497,1.1149,0.9878,1.0993,0.8613,1.0614,0.8125,1.0293,1.1225,0.7464,0.9334,0.9472,1.0017,0.9926,0.9001,1.1052,0.8356,1.0202,0.9433,0.9421,0.8994,1.1648,1.0264,1.0538,0.9003,0.7509,0.9033,0.8089,1.0125,1.0071,1.0812,1.0648,0.9842,1.0595,1.0962,1.0148,1.0634,0.9298,1.1213,0.8932,0.9908,0.9783,0.9899,0.9379,1.0381,0.8858,0.7855,0.9504,1.1457,1.0055,1.0616,1.0541,0.0000,0.9058,1.0018,0.8922,1.0809,1.1807,1.0764,1.0482,1.0024,1.0284,1.0546,0.9731,1.0558,1.0353,0.9890,1.0597
shsp_2,1.1628,1.1823,1.1948,1.2652,1.1658,1.1129,0.9017,0.9448,1.1552,1.1665,1.1066,0.9942,1.0886,1.0840,1.0232,0.9771,1.0457,0.9538,1.1043,0.9961,1.1098,0.9182,1.2423,0.9420,1.1031,1.0360,1.0447,1.1154,1.1568,1.1049,1.0410,1.1731,0.9665,1.0911,1.1579,0.9781,1.0121,0.8077,0.9768,0.9680,1.1055,1.0429,1.2252,1.2662,1.1371,0.8910,0.8741,1.0805,1.0525,1.0056,0.9593,1.0917,1.0405,0.9207,0.9818,0.9641,1.1327,0.9245,1.0168,0.9348,0.9691,0.9672,0.8487,0.8764,1.1451,0.9506,0.9509,0.9853,1.1154,0.8638,0.9840,1.0571,0.8286,0.9564,0.9442,0.7200,1.1829,0.9550,0.8971,0.9663,1.0874,1.0403,1.0293,1.0487,0.7431,0.9398,0.9202,1.0991,0.9156,0.9122,0.8984,0.9697,1.0078,1.0955,1.1149,0.9836,1.0562,0.9235,0.9580,0.7674,0.9471,0.7822,0.7797,0.8354,0.9887,1.1215,0.9184,0.9009,0.9058,-0.0000,0.9457,0.8078,1.1257,1.0642,1.0566,1.1528,1.0865,1.0277,1.2772,1.1256,1.2632,1.1984,1.0752,1.2607
shsp_3,1.0346,0.9951,0.9960,1.0703,1.0385,0.9892,0.9357,1.0591,0.8462,0.8908,0.9020,0.7894,1.0059,0.8680,0.9298,0.9180,1.0143,0.9840,1.0074,0.9948,1.1697,1.0718,1.1461,1.1257,1.1538,1.0332,1.1561,1.0503,1.0200,1.1173,1.1687,1.0932,0.9364,0.9589,1.0142,1.0916,1.0246,1.0039,0.9606,1.0482,1.0415,1.1524,0.9593,1.1260,1.0999,1.1004,1.0144,0.8897,1.1360,1.1105,1.1749,1.1221,1.0397,0.9706,1.0472,0.9732,1.0374,1.0003,1.0096,1.0302,1.1221,1.0899,1.0231,0.8877,1.0507,0.7378,0.7208,0.8145,1.0120,0.8319,1.0051,0.9491,1.1439,1.1053,0.9356,0.9592,1.0456,0.9064,0.9393,0.8962,1.0948,1.1396,0.8206,1.0196,1.0830,1.1204,1.1448,0.9907,1.0345,1.0041,1.0824,1.0239,1.0613,0.9515,0.8873,1.0237,0.9592,1.0506,1.1283,0.9786,1.0236,1.0498,1.0327,1.1145,0.8818,1.0052,0.9705,0.9305,1.0018,0.9457,0.0000,0.8353,0.9504,0.9073,0.9266,1.0481,1.0929,0.9787,1.0528,0.9711,1.0338,1.0540,1.1119,1.0303
shsp_4,1.0877,0.9592,0.9220,1.0729,0.8729,0.9056,0.8104,0.8321,1.0109,0.8905,0.9617,0.9380,0.9531,1.0498,1.1623,1.0426,0.9277,0.9838,1.0389,1.0339,1.1131,0.9302,1.1754,1.0649,0.9960,1.1191,0.9433,1.0654,1.1669,1.1007,1.1143,1.1887,0.8394,1.0030,0.9989,1.0548,1.0671,0.8130,0.8437,0.9262,1.0254,0.9968,1.0082,1.0945,1.0411,0.9152,1.0207,1.1454,0.9007,0.8386,0.8553,0.9168,1.0817,0.8233,0.9610,0.8955,1.1802,0.9916,1.0764,1.0422,0.9697,1.0578,0.9034,1.0973,1.0897,0.8840,0.9122,1.0783,1.0426,0.9463,0.9407,1.0657,1.0207,1.0580,1.0509,0.9512,1.0029,0.9053,0.9840,1.0297,1.1591,1.0239,0.9673,1.0579,0.9130,1.0144,1.0649,1.0216,1.0315,1.0405,1.1147,1.0293,0.9274,0.9879,0.8998,1.2052,1.1451,1.1079,1.2231,1.1069,1.0312,1.0614,1.1287,1.0694,1.0025,1.0759,1.1685,1.0230,0.8922,0.8078,0.8353,0.0000,0.9964,0.9422,0.9587,0.9139,0.8960,0.9104,1.1795,1.0290,1.2048,1.0945,0.8888,1.2058
poe_goldbug_1,0.9512,1.1073,1.1754,1.0385,0.7837,0.6994,0.8130,0.7781,1.0294,0.7667,0.8902,0.9905,0.9359,0.9069,0.9136,0.8928,1.0829,1.1996,1.1518,1.1721,1.1607,1.0468,1.1075,1.0069,1.1079,1.0945,1.3854,1.0965,0.9203,1.0631,0.8954,0.9664,1.0609,1.0203,1.0407,1.2048,1.3749,1.1456,0.9688,1.1058,1.0091,1.2216,0.8903,1.1799,1.1101,1.0493,1.1161,0.8357,1.3061,1.2394,1.1683,0.8384,1.1647,1.0561,1.1548,1.1350,0.9502,0.8115,0.9091,0.5887,1.2226,1.1548,1.2882,1.1958,1.0137,1.1424,1.1976,1.0229,1.2204,1.1160,1.2372,1.1553,1.1786,0.9142,0.7708,1.0340,0.8741,0.6834,0.7828,0.6073,0.9761,1.0564,0.8870,1.1625,0.9483,0.7859,0.9575,1.1315,0.6578,0.7419,0.7650,0.6784,0.6958,0.9444,0.7944,0.9442,1.1818,1.0873,1.2195,1.2024,1.1325,1.1774,1.1118,1.0276,1.1109,1.1583,1.1124,1.2351,1.0809,1.1257,0.9504,0.9964,0.0000,0.7687,0.6783,1.0695,1.0898,1.1396,0.9617,1.0294,1.0217,0.9151,1.0780,1.0264
poe_goldbug_2,0.9395,1.0829,1.0673,0.9531,1.0647,0.9989,0.9707,0.9536,1.0858,1.0133,0.9562,0.9300,1.0275,1.0657,0.8592,0.8818,0.9193,0.9817,1.0688,1.0432,1.0819,0.9125,0.9285,0.8102,0.8829,0.9261,1.1220,1.1161,0.9662,1.1687,1.0213,0.9415,1.0634,0.7913,1.1482,1.1584,1.0497,1.2565,0.8197,0.9663,0.9641,0.9515,0.9488,1.1651,0.9931,0.9733,1.0285,0.8348,1.1363,0.9373,1.0967,0.8507,1.1112,0.9522,0.8847,1.0509,1.1067,1.0945,1.0186,0.9148,0.9863,1.0822,1.0331,1.0132,1.0201,0.9986,0.9524,1.0572,1.0268,0.9017,1.0172,1.1295,1.1558,1.0551,1.0502,0.9695,1.0210,0.9917,0.9348,0.9799,1.0835,1.0189,1.0228,1.0535,0.8990,0.9224,1.0146,1.0707,0.8573,0.8350,1.0861,0.9364,1.0779,1.3821,0.9968,1.1641,1.0593,1.0496,1.1335,1.0088,0.8917,0.9770,1.1538,1.0934,1.0065,1.0417,1.0216,1.0159,1.1807,1.0642,0.9073,0.9422,0.7687,0.0000,0.8503,0.7977,0.7827,1.0388,0.9063,0.9887,0.9237,0.9203,0.7667,0.9227
poe_letters_1,0.7701,0.8819,0.9997,1.0393,0.6630,0.6827,0.7310,0.8484,0.8894,0.7688,0.7388,0.9582,1.0588,1.0573,0.8522,0.9886,1.2661,1.2969,1.2454,1.1810,1.0195,1.0106,1.1856,0.9580,1.0345,1.0922,1.0358,0.9642,0.8935,1.0810,0.7158,0.8871,1.2093,1.1085,0.8456,1.1220,1.3287,1.1968,1.2644,1.2209,0.9898,1.1275,1.1609,1.0578,1.1733,1.1806,1.0443,0.6378,1.2844,1.2366,1.1859,0.8733,1.2433,1.3114,1.2658,1.2542,0.8153,0.9808,0.9204,0.8611,1.2563,1.1446,1.1268,1.0986,0.8245,1.1289,1.1406,0.7916,1.0806,1.0290,1.2119,0.9985,1.2335,1.0641,0.9812,1.1699,1.0841,0.8017,1.0086,0.7425,1.1005,0.9263,0.9504,0.9788,1.0556,0.9137,0.9821,1.0361,0.7461,0.7967,0.9150,0.5821,0.6804,0.8680,0.5758,1.1118,1.0917,1.0428,1.0766,1.1447,0.9017,1.2163,1.3089,1.2603,1.0947,1.0697,0.9436,1.1338,1.0764,1.0566,0.9266,0.9587,0.6783,0.8503,0.0000,0.9387,1.0085,1.1780,0.6503,0.9267,0.7451,0.6733,1.0280,0.7489
beale_letters,0.9712,0.8121,0.8090,0.7957,0.7897,0.9505,0.9696,0.9246,0.7916,0.7277,0.7924,0.9846,1.0473,1.0775,1.0130,1.0605,0.9287,0.8440,1.0108,1.0716,0.8741,1.0068,1.0113,0.8477,1.0686,1.0034,0.8963,0.9109,0.9322,1.0139,1.0288,0.8623,1.0954,0.8557,0.9167,1.1656,1.1183,1.1234,0.9804,0.9665,0.8932,0.8727,0.9525,0.8743,0.9413,1.0272,0.8829,0.9191,0.9533,0.9238,0.9089,0.9041,1.1120,1.0470,1.0398,1.0690,1.0022,1.2430,0.9407,1.0749,1.0549,1.1143,1.1992,1.1370,0.9340,1.0174,1.1136,1.0950,0.8921,0.9220,1.0352,1.0102,1.1412,1.1009,1.1495,1.1542,1.1569,1.1864,1.1169,1.1357,1.0992,0.9936,1.1036,0.9431,1.0778,1.0136,1.0894,0.8316,0.9554,1.0340,1.1355,0.9266,0.9107,1.0614,0.8306,1.1842,1.1189,1.0456,0.9871,1.0291,0.8742,1.0023,1.1408,1.0804,0.9618,0.9461,1.0449,1.0982,1.0482,1.1528,1.0481,0.9139,1.0695,0.7977,0.9387,0.0000,0.0510,0.9739,0.6730,0.7490,0.7227,0.7330,0.0747,0.7240
beale_letter1,0.9663,0.8491,0.8189,0.8136,0.8756,1.0384,1.0346,0.9405,0.8846,0.8066,0.9002,0.9967,1.0245,1.1023,0.9853,1.0568,0.9027,0.7839,1.0175,1.0639,0.8651,0.9611,1.0210,0.8296,1.0337,0.9865,0.8481,0.9421,0.9599,1.0118,1.0114,0.8748,1.0584,0.8452,0.9731,1.1942,1.0821,1.0712,0.9534,0.9360,0.9005,0.8058,0.9377,0.8971,0.8665,0.9406,0.8216,0.9449,0.9418,0.9021,0.8968,0.9079,1.0664,0.9748,0.9819,1.0271,1.0663,1.2676,0.9370,1.1031,0.9802,1.1038,1.1636,1.1213,0.9770,0.9571,1.0796,1.1047,0.8751,0.9001,0.9810,1.0468,1.0712,1.0806,1.1263,1.1271,1.1422,1.2321,1.1150,1.1652,1.0552,0.9395,1.0789,0.9440,1.0294,1.0167,1.0965,0.8589,1.0099,1.0610,1.1472,0.9664,0.9854,1.1383,0.9454,1.1443,1.1407,1.0563,1.0255,1.0101,0.9120,0.9922,1.1274,1.0754,0.9786,0.9692,1.0598,1.0967,1.0024,1.0865,1.0929,0.8960,1.0898,0.7827,1.0085,0.0510,0.0000,0.9732,0.7299,0.7749,0.7437,0.8064,0.0147,0.7446
beale_b2,0.9499,0.9203,1.0321,1.1584,1.0697,1.0657,1.1206,1.1208,0.9708,1.0054,1.0322,1.1128,1.0353,1.1360,1.0637,1.0262,0.8520,0.8789,0.7412,0.7478,1.0013,0.9308,0.8794,1.0669,0.9407,1.1060,1.0219,1.1165,1.1373,1.0385,1.2220,1.0904,0.8055,0.9645,1.0507,0.8717,0.7006,0.9931,0.8442,0.8794,1.1107,1.0931,0.8803,0.9867,1.0479,1.0738,1.0437,1.1119,0.6417,0.7837,0.9658,1.0606,0.9464,0.8797,1.0395,0.9367,1.0022,0.9252,1.1371,1.1349,0.8859,0.8963,0.9835,0.6889,0.9690,0.8074,1.0227,1.0213,0.9332,0.9432,0.8332,0.9242,1.0453,1.2016,1.1459,1.1384,1.0746,0.9709,1.1519,1.0645,1.1482,1.2115,1.0978,1.1242,1.0358,1.1295,0.9883,0.9887,1.1185,1.1507,1.0196,1.1143,1.1732,1.0839,1.1318,1.0079,0.8909,0.9717,0.8855,0.9465,0.8823,0.8394,0.9680,0.9466,0.9306,0.7776,0.9418,0.7163,1.0284,1.0277,0.9787,0.9104,1.1396,1.0388,1.1780,0.9739,0.9732,0.0000,1.0785,1.0646,1.0926,1.0382,0.9733,1.0907
narrative,0.7981,0.8357,1.0032,0.8653,0.8009,0.9342,1.0585,0.9871,0.9008,0.8260,0.7243,0.9052,0.9533,0.8628,0.8200,0.8125,1.1220,1.2406,1.1205,1.1932,0.9668,1.0540,1.1112,1.0908,0.9920,1.0493,0.9335,0.8072,0.9097,1.1288,0.8744,0.9980,1.3359,1.0820,0.8046,1.1400,1.2601,1.2634,1.2450,1.1760,0.9360,1.1028,1.0833,0.8517,1.0440,1.2305,0.9680,0.7754,1.1602,1.2175,1.1843,1.0106,1.2228,1.3419,1.2514,1.2484,0.8741,1.1240,0.8605,1.0248,1.1117,1.0129,1.0275,1.1687,0.8216,1.0641,1.1048,0.7469,0.8173,0.9003,1.0865,1.0031,1.1166,1.0940,1.0433,1.2151,1.0774,1.0749,1.0685,0.9640,0.9850,0.9609,0.7227,0.7810,1.0976,0.9386,1.1005,0.9981,0.9619,1.0528,0.9626,0.8409,0.8374,0.8365,0.8135,0.8674,0.7621,0.6578,0.8461,0.9050,0.8832,1.0814,1.1277,1.0818,1.0296,0.7944,0.8208,1.0817,1.0546,1.2772,1.0528,1.1795,0.9617,0.9063,0.6503,0.6730,0.7299,1.0785,0.0000,0.6200,0.1698,0.1660,0.7468,0.1700
morriss,0.8388,1.0946,0.9321,1.2519,0.8637,0.9407,0.8731,0.9534,0.9101,0.9493,0.7593,0.8391,1.1093,0.8697,0.8725,0.8167,1.0246,1.1511,1.1992,1.1503,0.9754,0.9485,1.1154,0.9628,1.1971,1.0609,0.8892,0.8988,0.9989,1.1594,0.8721,1.0443,1.1651,1.0391,0.9259,1.2672,1.1693,0.9573,1.1046,0.9770,0.9267,0.9535,1.1842,1.0531,0.9522,1.1023,0.9726,0.7941,1.0535,0.9339,0.9750,0.8197,1.1119,1.0512,1.0234,1.1272,0.9406,1.0853,0.8674,1.0706,1.0159,0.9742,0.8997,1.1460,0.9855,1.0570,0.9748,0.8696,1.1136,1.0072,1.1846,1.0143,0.9284,0.8816,0.9313,0.9600,0.9894,0.9982,0.9635,1.0306,0.9799,0.8930,0.7474,1.0043,1.0820,0.9742,1.1761,1.1368,0.9784,1.0688,0.9133,0.8801,0.9025,0.9180,1.0183,0.8381,0.9127,0.8975,0.9309,1.0296,0.9166,1.0580,1.0689,1.1403,1.1501,1.0600,1.0026,1.1104,0.9731,1.1256,0.9711,1.0290,1.0294,0.9887,0.9267,0.7490,0.7749,1.0646,0.6200,0.0000,0.6617,0.7056,0.7554,0.6635
narrative_A,0.8000,0.8461,1.0932,0.9208,0.9034,1.0115,1.1287,1.0097,0.9672,0.8946,0.8582,0.8612,0.8049,0.9029,0.8594,0.8313,1.1235,1.2219,1.1690,1.1905,0.9415,1.1134,1.1566,1.0249,0.9964,0.9430,0.9066,0.8830,0.8606,1.1105,0.8567,1.0233,1.3120,1.0451,0.9165,1.1886,1.2214,1.1705,1.2090,1.0937,0.8727,1.0846,1.0795,0.8649,1.0941,1.1981,0.9233,0.8558,1.1872,1.1875,1.1732,0.9943,1.1201,1.2446,1.1098,1.2084,0.8377,1.1278,0.9576,1.0736,1.0415,0.9558,1.0034,1.1072,0.9429,1.0705,1.0493,0.7368,0.9311,0.9894,1.1027,1.0799,1.0976,1.0578,1.0610,1.1902,1.0710,1.1014,1.0151,1.0112,0.9249,0.9637,0.6296,0.8359,1.0874,0.9586,1.0318,0.9913,1.0152,1.0359,0.9683,0.8899,0.9391,0.9798,0.9293,0.8730,0.6623,0.6381,0.7523,0.8581,0.7929,0.9346,1.0262,0.9965,0.9656,0.8237,0.7556,1.0822,1.0558,1.2632,1.0338,1.2048,1.0217,0.9237,0.7451,0.7227,0.7437,1.0926,0.1698,0.6617,0.0000,0.6151,0.7465,0.0006
narrative_B,0.8636,0.8803,0.9130,0.8553,0.7658,0.8796,0.9696,0.9690,0.8682,0.8163,0.6838,0.9805,1.1158,0.8690,0.8411,0.8565,1.0797,1.1788,1.0322,1.1313,1.0029,0.9772,1.0291,1.1258,0.9903,1.1380,0.9824,0.7967,0.9885,1.1039,0.9339,0.9736,1.2473,1.0912,0.7591,1.0451,1.2115,1.2674,1.1987,1.1987,1.0201,1.0864,1.0593,0.8882,0.9798,1.1856,1.0229,0.7709,1.0799,1.1745,1.1338,1.0232,1.2501,1.3240,1.3076,1.2051,0.9521,1.0788,0.8109,0.9682,1.1438,1.0652,1.0422,1.1733,0.7611,1.0363,1.1248,0.8414,0.7657,0.8455,1.0415,0.9260,1.0964,1.0985,1.0114,1.1679,1.0580,1.0236,1.0985,0.9293,1.0494,0.9711,0.9074,0.7997,1.0752,0.9393,1.1350,1.0054,0.9218,1.0519,0.9695,0.8455,0.7911,0.7493,0.7612,0.9062,0.9404,0.7917,0.9903,0.9832,1.0117,1.1995,1.1855,1.1388,1.0831,0.8340,0.9453,1.0539,1.0353,1.1984,1.0540,1.0945,0.9151,0.9203,0.6733,0.7330,0.8064,1.0382,0.1660,0.7056,0.6151,0.0000,0.8317,0.6149
beale_letters_2000,0.9714,0.8751,0.8301,0.8624,0.9354,1.0905,1.0737,0.9643,0.9359,0.8447,0.9204,0.9774,1.0249,1.1051,0.9822,1.0657,0.8905,0.7534,1.0253,1.0498,0.8811,0.9394,1.0229,0.7998,1.0257,0.9675,0.8336,0.9772,0.9750,1.0135,1.0046,0.8825,1.0295,0.8391,0.9923,1.2119,1.0781,1.0485,0.9343,0.9179,0.9062,0.7973,0.9353,0.9179,0.8621,0.9288,0.8252,0.9413,0.9195,0.8703,0.8807,0.8792,1.0602,0.9345,0.9378,1.0010,1.0759,1.2561,0.9372,1.1035,0.9593,1.1082,1.1423,1.1144,1.0031,0.9451,1.0645,1.1050,0.8939,0.9273,0.9705,1.0765,1.0352,1.0626,1.1116,1.1076,1.1331,1.2275,1.1192,1.1806,1.0697,0.9273,1.0725,0.9675,1.0075,1.0007,1.1104,0.8727,1.0244,1.0638,1.1292,0.9898,1.0056,1.1429,0.9923,1.1489,1.1310,1.0402,1.0126,0.9969,0.8935,0.9682,1.1070,1.0639,0.9948,0.9732,1.0567,1.1072,0.9890,1.0752,1.1119,0.8888,1.0780,0.7667,1.0280,0.0747,0.0147,0.9733,0.7468,0.7554,0.7465,0.8317,-0.0000,0.7469
narrative_2000,0.8009,0.8421,1.0987,0.9211,0.9090,1.0175,1.1331,1.0152,0.9667,0.8956,0.8566,0.8642,0.8018,0.8997,0.8599,0.8338,1.1240,1.2236,1.1670,1.1934,0.9413,1.1109,1.1524,1.0199,0.9952,0.9442,0.9069,0.8860,0.8594,1.1115,0.8608,1.0227,1.3179,1.0488,0.9224,1.1921,1.2215,1.1750,1.2107,1.0962,0.8731,1.0865,1.0753,0.8682,1.0959,1.2009,0.9190,0.8574,1.1828,1.1882,1.1738,0.9978,1.1220,1.2457,1.1079,1.2096,0.8383,1.1297,0.9564,1.0727,1.0332,0.9532,0.9987,1.1077,0.9416,1.0640,1.0446,0.7386,0.9325,0.9857,1.0980,1.0776,1.0957,1.0588,1.0596,1.1891,1.0671,1.1047,1.0183,1.0125,0.9192,0.9637,0.6260,0.8347,1.0834,0.9586,1.0302,0.9908,1.0193,1.0385,0.9607,0.8943,0.9425,0.9823,0.9345,0.8746,0.6623,0.6352,0.7504,0.8546,0.7902,0.9297,1.0181,0.9906,0.9634,0.8199,0.7521,1.0806,1.0597,1.2607,1.0303,1.2058,1.0264,0.9227,0.7489,0.7240,0.7446,1.0907,0.1700,0.6635,0.0006,0.6149,0.7469,0.0000
