,jefferson_1,jefferson_2,jefferson_3,jefferson_4,randolph_1,randolph_2,randolph_3,randolph_4,jackson_1,jackson_2,jackson_3,jackson_4,jqadams_1,jqadams_2,jqadams_3,jqadams_4,ejames_1,ejames_2,ejames_3,ejames_4,flint_1,flint_2,flint_3,flint_4,hall_1,hall_2,hall_3,hall_4,paulding_1,paulding_2,paulding_3,paulding_4,pike_1,pike_2,pike_3,pike_4,biddle_1,biddle_2,biddle_3,biddle_4,gregg_1,gregg_2,gregg_3,gregg_4,pattie_1,pattie_2,pattie_3,pattie_4,tjames_1,tjames_2,tjames_3,tjames_4,irving_1,irving_2,irving_3,irving_4,bagby_1,bagby_2,bagby_3,bagby_4,cooke_1,cooke_2,cooke_3,cooke_4,cooke_lee_1,cooke_lee_2,cooke_lee_3,cooke_lee_4,davis_1,davis_2,davis_3,davis_4,page_1,page_2,page_3,page_4,cable_1,cable_2,cable_3,cable_4,eggleston_1,eggleston_2,eggleston_3,eggleston_4,twain_1,twain_2,twain_3,twain_4,twain_letters_1,twain_letters_2,twain_letters_3,twain_letters_4,lee_1,lee_2,lee_3,lee_4,cabell_1,cabell_2,cabell_3,cabell_4,christian_1,christian_2,christian_3,christian_4,pollock_1,pollock_2,pollock_3,pollock_4,shsp_1,shsp_2,shsp_3,shsp_4,poe_goldbug_1,poe_goldbug_2,poe_letters_1,beale_letters,beale_letter1,beale_b2,narrative,morriss,narrative_A,narrative_B,beale_letters_2000,narrative_2000
jefferson_1,0.0000,0.8162,0.9252,1.1177,1.0303,0.9908,1.1356,1.0130,1.0216,1.0541,0.8756,0.8774,0.8517,0.9738,0.9670,0.9132,1.1920,1.0434,1.2388,1.1701,0.9035,1.0027,0.9310,0.9641,1.0106,0.9563,0.8764,1.0764,0.8604,0.9147,0.8951,0.8340,1.0429,0.9916,0.9914,1.0208,1.0607,1.0338,1.1032,1.0089,0.9845,1.0658,1.0398,1.1128,0.9130,1.2120,0.9968,1.0047,0.9454,1.0443,0.9822,0.9802,0.8697,1.0299,1.1032,1.1195,0.9157,1.1031,0.9070,1.1159,0.8618,0.8801,1.0528,1.1524,0.8637,1.0448,0.9930,0.8889,0.9342,0.8994,0.9944,0.9042,1.0580,1.0500,1.0620,1.1979,0.9144,1.0142,1.0531,1.0176,1.0522,1.0187,0.9579,1.0060,0.9646,1.0875,0.9272,1.0591,1.0449,0.9180,1.0863,0.9976,1.0881,0.8429,1.0169,1.0272,0.9023,0.9443,0.9790,0.9116,0.9634,1.0021,1.0117,1.0274,0.9739,0.9772,0.8706,1.1244,0.8777,1.0386,0.9649,0.9230,1.0767,0.9718,1.0837,1.0780,1.0773,1.4551,0.8915,1.1877,1.0082,0.9764,1.0950,1.0066
jefferson_2,0.8162,0.0000,0.8770,1.0663,1.0432,1.0516,1.0986,0.9378,0.8466,1.0539,0.8208,0.8763,0.8098,0.9444,0.8720,0.9740,1.1019,0.9812,1.2371,1.1618,0.9517,0.9428,0.9630,0.9158,0.9375,0.8948,0.8008,1.1003,0.9126,0.9074,0.9664,0.9161,0.9601,0.9326,0.9547,1.0196,1.0379,1.0587,1.0422,1.0508,1.0103,0.9772,1.0604,1.0506,0.8453,1.1329,0.9461,0.9921,0.8727,1.0268,0.9449,0.9495,0.9386,0.9962,1.1021,1.0874,0.9774,1.1503,0.9311,1.1338,0.8920,0.7711,1.0319,1.1306,0.8358,1.0405,0.9881,0.9506,0.8794,0.8716,0.8433,0.7907,1.1476,1.0448,1.1266,1.1753,0.9865,0.9794,1.0794,1.0155,1.0436,1.0445,1.0477,0.9165,1.0774,1.1265,0.9446,1.0265,1.0351,0.9721,1.0988,1.0566,0.9647,0.8905,0.9501,1.1322,0.9994,0.9695,1.0088,0.9075,0.9493,1.0402,1.0157,0.9943,0.8718,0.9648,0.9360,1.0355,1.0219,1.0658,0.9206,0.8247,1.1299,0.9558,1.1212,0.8479,0.8624,1.3805,0.8680,1.2812,0.9441,0.9370,0.8928,0.9389
jefferson_3,0.9252,0.8770,0.0000,1.1450,1.1288,1.2393,1.2385,1.1133,0.9392,1.1831,0.9750,0.9313,1.0300,0.9774,1.0247,1.0692,1.0680,0.9965,1.2790,1.1408,0.9684,0.9119,0.9849,1.0320,0.9634,0.9047,0.9035,1.1200,1.0371,1.0047,1.1039,1.0037,1.0658,0.9511,0.9715,1.0027,0.9933,0.9965,1.0734,1.0354,1.0638,0.9172,1.0355,1.0803,0.8935,1.0528,1.0461,1.0257,0.9214,0.9809,0.9368,1.0357,0.9308,1.0109,1.0923,1.1059,1.0979,1.2205,0.9783,1.2504,0.9706,0.9697,1.0810,1.2225,1.0214,1.1235,1.0270,1.0429,0.9361,0.9460,0.9684,0.9014,1.1530,1.2225,1.2409,1.2510,1.1023,1.1652,1.1824,1.1991,1.1486,1.0182,1.2488,1.0002,1.1942,1.3294,1.1082,1.0929,1.1412,1.1549,1.3518,1.2195,1.1758,1.0040,1.0901,1.0826,1.0498,1.1466,1.0590,1.0462,1.0840,1.1516,1.1017,1.1564,1.0308,1.0457,1.0494,1.1611,0.9762,1.1245,1.0107,0.9201,1.2808,1.1121,1.2456,0.9743,0.9739,1.5094,0.9977,1.2571,1.1659,1.0413,0.9859,1.1657
jefferson_4,1.1177,1.0663,1.1450,0.0000,1.1783,1.2986,1.4405,1.1372,1.0766,1.2291,1.1791,1.1236,1.0294,1.1768,1.1361,1.1859,1.2545,1.2247,1.3148,1.3018,1.1000,1.2303,1.0821,1.1946,1.0013,1.0771,1.0728,0.9406,1.0071,0.9676,1.2041,1.0935,1.2431,1.1307,1.1621,1.1006,1.2047,1.3023,1.1897,1.1780,1.0858,1.2408,1.1005,1.2029,1.1380,1.3575,1.2464,1.2178,1.1655,1.2376,1.2758,1.2533,1.1132,1.2962,1.3085,1.3081,1.0418,1.3017,1.2088,1.3891,1.1016,1.0629,1.2930,1.2953,1.1616,1.2807,1.2220,1.2511,0.9224,1.1234,1.1233,1.0530,1.3675,1.2523,1.3402,1.4115,1.1072,1.2788,1.2371,1.2572,1.2300,1.2634,1.2929,1.1052,1.2720,1.3180,1.1253,1.0095,1.1899,1.2867,1.3288,1.2404,1.2691,1.1881,1.0999,1.3350,1.1939,1.3175,1.2039,1.1868,1.1917,1.2774,1.2091,1.2284,1.1301,1.1952,1.0687,1.1772,1.1710,1.3311,1.1588,1.1421,1.3763,1.1163,1.3911,1.1507,1.1535,1.5575,1.0926,1.6227,1.1553,1.1812,1.1773,1.1516
randolph_1,1.0303,1.0432,1.1288,1.1783,0.0000,0.7939,0.8746,0.8581,0.9247,0.9100,0.8363,1.1370,0.9906,1.0888,1.1276,1.0195,1.2384,1.1983,1.3883,1.3033,1.1275,1.1812,1.0955,1.1319,1.0943,1.0440,1.1485,1.1126,1.0115,1.0338,1.0600,1.0563,1.2338,1.0789,0.9901,1.0568,1.2868,1.2125,1.1557,1.1687,1.0269,1.2192,1.1000,1.1635,1.1507,1.3660,1.2086,1.0526,1.1641,1.2114,1.1338,1.0391,1.2052,1.2069,1.3093,1.2916,1.0056,1.2154,1.1120,1.1596,1.0698,1.0115,1.2860,1.3530,1.0094,1.1648,1.1215,1.0408,1.0692,1.0567,1.2340,0.9899,1.3217,1.2588,1.2204,1.3930,1.1406,0.9955,1.2172,0.9854,1.2901,1.2311,1.2496,1.1761,1.2744,1.2475,1.1165,1.1078,1.0329,1.0269,1.0916,0.9208,0.9383,0.9680,0.8570,1.2777,1.1506,1.2033,1.1200,1.2365,1.1190,1.2253,1.1977,1.1523,1.0689,1.1445,1.1130,1.2430,1.2046,1.1512,1.0342,0.9751,1.0576,1.0948,1.0705,1.0406,1.0786,1.5441,0.9909,1.3552,1.0966,1.0241,1.1210,1.0969
randolph_2,0.9908,1.0516,1.2393,1.2986,0.7939,0.0000,0.7808,0.8805,0.9109,0.8777,0.8425,1.0299,1.0029,1.0922,1.0744,0.9861,1.2316,1.1750,1.2878,1.2083,1.0942,1.1236,1.0559,1.0147,1.0593,1.0195,1.1351,1.1119,1.0168,1.0855,1.0645,0.9787,1.1406,1.0412,0.9958,1.0294,1.1889,1.1445,1.0979,1.1248,1.0484,1.2698,1.2036,1.1721,1.0637,1.2849,1.1758,0.9684,1.0719,1.1339,1.0898,0.9945,1.1301,1.1655,1.3014,1.1988,1.0015,1.1252,1.1192,1.1063,1.0486,0.9599,1.1274,1.2570,0.9198,1.1698,1.1182,1.0547,1.0964,1.0556,1.1855,0.9512,1.3494,1.2831,1.1138,1.2310,0.9866,0.9409,1.0943,0.9395,1.2953,1.2015,1.1189,1.0886,1.2280,1.2392,1.0803,1.1922,0.9324,1.0205,1.0977,0.9559,0.9508,1.0057,0.9051,1.2040,1.1085,1.2006,1.1768,1.0900,1.1133,1.1301,1.1050,1.0638,0.9906,1.1735,1.0276,1.1684,1.1403,1.0756,1.0309,0.8868,0.9001,1.0330,1.0754,1.0982,1.1526,1.5135,1.0354,1.3902,1.1564,1.0730,1.1929,1.1548
randolph_3,1.1356,1.0986,1.2385,1.4405,0.8746,0.7808,0.0000,0.9037,0.9971,0.9986,0.8721,1.0727,1.1418,1.2241,1.1922,1.0958,1.2606,1.1768,1.3354,1.2362,1.2364,1.0773,1.2027,1.0472,1.1179,1.0777,1.2403,1.2961,1.1018,1.1723,1.0845,1.0693,1.1642,1.1164,1.0957,1.1132,1.2354,1.2125,1.1577,1.2457,1.1905,1.3334,1.2291,1.2476,1.1411,1.3237,1.2651,1.1274,1.0513,1.1079,1.1867,1.0136,1.2639,1.2102,1.3180,1.2410,1.0222,1.1669,1.0869,1.1963,1.1580,1.0564,1.2691,1.3223,0.9871,1.2195,1.1317,1.1067,1.2311,1.0546,1.2199,1.1111,1.2941,1.3263,1.2114,1.2533,1.1714,1.0301,1.1672,0.9728,1.3497,1.2881,1.2142,1.2313,1.3163,1.3516,1.1410,1.1527,1.0855,1.0493,1.1371,1.0965,1.0423,1.1281,1.0490,1.2653,1.2258,1.2398,1.1751,1.1670,1.1358,1.1834,1.1676,1.1475,1.0298,1.1600,0.9786,1.1997,1.1126,1.0463,1.0569,0.9333,1.0361,1.0867,1.1030,1.1985,1.2536,1.5197,1.1543,1.4326,1.2088,1.2240,1.3052,1.2077
randolph_4,1.0130,0.9378,1.1133,1.1372,0.8581,0.8805,0.9037,0.0000,1.0178,0.9430,0.8704,0.9702,0.9435,1.0449,1.0769,0.9711,1.1840,1.0618,1.3710,1.2197,1.0097,1.0185,1.0658,0.9721,1.0733,0.8940,1.1053,1.0742,0.9067,0.8921,0.9603,0.9503,1.0651,0.9878,1.0284,1.0757,1.2335,1.0911,1.0798,1.1271,0.9660,1.2114,1.1212,1.1009,1.0670,1.1948,1.1683,0.9716,1.0544,1.0705,1.0653,0.9793,1.1001,1.0593,1.1737,1.1060,0.8646,1.1423,0.9515,1.0350,1.0135,0.9110,1.1959,1.2849,0.9242,1.1201,1.1046,1.0118,1.0496,1.0233,1.1461,1.0603,1.2227,1.1138,1.1410,1.2221,1.0090,0.9331,1.0258,0.9379,1.1634,1.2223,1.1182,1.1139,1.1239,1.0310,0.9507,1.0072,0.9142,0.9444,0.9907,0.9720,0.9128,1.0040,0.9279,1.1691,1.0582,1.0737,1.0389,1.0861,1.0998,1.1056,1.1491,1.0941,0.9728,1.0905,0.9053,1.1907,1.0505,0.9977,0.9562,0.8483,0.9396,0.9538,1.1517,1.0185,1.0460,1.5224,0.9752,1.3270,1.0690,1.0259,1.0814,1.0689
jackson_1,1.0216,0.8466,0.9392,1.0766,0.9247,0.9109,0.9971,1.0178,0.0000,0.8105,0.6906,0.8785,0.8822,0.9165,0.9978,0.8878,1.0322,1.0833,1.2032,1.0585,1.0119,1.0052,0.9732,0.9338,0.9683,0.9304,0.9650,0.9980,0.9815,0.9557,1.0831,0.9774,1.0572,0.8972,0.8682,0.8933,0.9446,1.0308,1.0726,1.0343,0.9878,1.1191,1.0923,1.0171,0.9678,1.1378,0.9548,1.0241,0.9058,1.0473,0.9482,0.9867,1.0645,1.0433,1.1374,1.1048,1.0150,1.0999,1.0293,1.1884,0.9049,0.7930,1.0384,1.0469,0.8862,0.9838,0.8985,0.8795,0.9105,0.8463,0.9559,0.7490,1.1422,1.1573,1.1280,1.2337,1.0250,1.0001,1.0524,1.0032,1.1761,1.0888,1.0700,1.0805,1.2216,1.2697,1.0019,1.0608,1.0832,1.0886,1.0904,1.1005,1.0295,0.8557,0.8915,1.2012,1.0244,1.0582,0.9649,1.0017,0.9837,1.0736,0.9503,1.0334,0.9601,1.0330,0.9384,0.9474,1.0642,1.0518,0.8066,0.8699,1.1361,1.0816,1.1129,0.8888,0.9522,1.2931,0.9049,1.2257,1.0330,0.9482,0.9739,1.0266
jackson_2,1.0541,1.0539,1.1831,1.2291,0.9100,0.8777,0.9986,0.9430,0.8105,0.0000,0.7723,1.0653,1.0009,1.0893,1.1142,1.0823,1.2018,1.2324,1.3700,1.1700,1.1129,1.1650,1.1187,1.0119,1.1806,1.1204,1.2310,1.2314,1.0784,1.1980,1.1172,1.0550,1.1587,1.0067,1.0830,1.1254,1.2117,1.1623,1.0605,1.1912,1.1670,1.3628,1.2948,1.2708,1.0992,1.3288,1.2033,1.1267,1.0991,1.1891,1.1104,0.9740,1.2220,1.2296,1.3199,1.2813,1.0413,1.1878,1.2281,1.0120,1.0646,0.9810,1.2956,1.2277,1.0767,1.1393,1.1356,1.0385,1.1921,1.0229,1.1999,0.9709,1.4376,1.2887,1.1499,1.3948,1.1216,1.0845,1.1440,0.9181,1.4000,1.3047,1.1829,1.2105,1.2520,1.1690,1.1329,1.1304,0.9674,0.9187,1.0808,0.9010,0.9579,0.9737,0.8781,1.2865,1.2058,1.2225,1.1917,1.1537,1.1856,1.1984,1.1131,1.0782,1.0575,1.1528,1.0361,1.1342,1.1973,1.1577,1.0513,0.9003,0.9674,1.0413,1.1197,0.9983,1.0380,1.4406,1.0767,1.3399,1.1428,1.1275,1.0606,1.1372
jackson_3,0.8756,0.8208,0.9750,1.1791,0.8363,0.8425,0.8721,0.8704,0.6906,0.7723,0.0000,0.8687,0.8912,0.9952,0.9610,0.8544,1.1125,0.9287,1.2477,1.0783,0.9999,0.8788,0.8700,0.8741,0.9433,0.9253,0.9575,1.0339,0.9076,0.9644,0.9593,0.8505,1.0586,0.8973,0.9285,0.9715,1.0552,1.0740,1.0292,1.0864,0.9845,1.1290,1.1011,1.0997,0.9045,1.1237,1.0183,0.9417,0.9248,1.0000,0.9756,0.8809,1.0152,0.9735,1.1142,1.0570,0.8712,1.0940,0.8628,1.1149,0.9106,0.8461,1.0619,1.1127,0.8248,1.0354,0.9634,0.8186,1.0015,0.7958,1.0219,0.8339,1.1606,1.1413,1.0668,1.2034,0.9790,0.9141,1.0114,0.8633,1.1768,1.0711,1.0223,1.0100,1.0995,1.1195,0.9831,0.9246,0.9628,0.9252,1.0054,0.9266,0.8666,0.8773,0.8388,1.0397,0.9536,0.9807,0.9070,0.8955,0.8917,1.0282,0.9720,1.0162,0.9258,0.9492,0.8748,0.9935,1.0032,1.0223,0.8172,0.7998,0.9788,0.8909,1.0505,0.8852,0.9444,1.3948,0.8463,1.1310,0.9582,0.8964,0.9675,0.9524
jackson_4,0.8774,0.8763,0.9313,1.1236,1.1370,1.0299,1.0727,0.9702,0.8785,1.0653,0.8687,0.0000,0.7876,0.9150,0.8413,0.7947,0.9949,0.9132,1.1980,1.0248,0.9621,0.8877,0.9683,0.8522,0.8642,0.7176,0.8390,1.0555,0.8272,0.8918,0.8405,0.8809,0.8681,0.7538,0.9066,0.9371,0.9468,0.8663,0.9503,0.9143,0.9908,1.0135,1.0322,1.0884,0.8039,0.9291,0.8616,0.8654,0.7867,0.8970,0.8393,0.8111,0.7231,0.8632,0.9462,0.9881,0.9083,1.0031,0.8657,1.1371,0.7569,0.7264,0.9080,0.9916,0.8364,0.8200,0.8455,0.8684,0.8995,0.8073,0.8537,0.8462,1.0873,1.0999,1.0317,1.0704,0.8434,0.9168,0.9086,0.9372,1.0988,1.0993,0.8944,0.9374,1.0220,1.0823,0.9494,1.0351,1.0532,1.0727,1.0720,1.1152,1.0797,0.9331,0.9476,0.9597,0.8217,0.9610,0.9133,0.8208,0.9002,0.9017,0.8277,0.9368,0.9660,0.9882,0.8581,1.0076,0.9172,0.8828,0.7856,0.7840,0.9998,0.8618,1.1335,0.9660,0.9713,1.3704,0.8814,1.1354,0.9081,1.0146,0.9908,0.9065
jqadams_1,0.8517,0.8098,1.0300,1.0294,0.9906,1.0029,1.1418,0.9435,0.8822,1.0009,0.8912,0.7876,0.0000,0.7082,0.9022,0.8055,0.9979,0.9160,1.1366,1.0500,0.9885,0.9402,0.9354,0.8694,0.8291,0.7240,0.8870,1.0098,0.8725,0.9697,0.9168,0.9688,0.8876,0.8590,0.8956,0.8874,0.9627,0.9047,0.9363,0.9516,0.8812,1.0293,1.0637,1.0812,0.8650,1.0862,0.9291,0.9719,0.8953,0.9302,0.8998,0.9204,0.9085,0.9949,1.0848,1.0465,1.0206,1.1258,0.9417,1.1272,0.7373,0.7315,0.9766,0.9735,0.8935,0.9088,0.8806,0.8902,0.8177,0.8933,0.8424,0.7564,1.0774,1.1029,1.0640,1.1064,0.8360,0.9659,0.9997,0.9741,0.9946,1.0372,0.9562,0.9249,1.0760,1.1182,0.9365,0.9169,1.1138,1.0307,1.0511,1.0828,1.0593,0.8737,0.9787,1.0259,0.8343,0.9140,0.9165,0.8592,0.9669,0.8906,0.8157,0.8681,0.9323,0.9454,0.9126,1.0258,0.9797,0.9418,0.9032,0.8442,1.0152,1.0043,1.2336,0.9952,0.9861,1.3056,0.8869,1.3099,0.9033,1.0241,0.9855,0.8987
jqadams_2,0.9738,0.9444,0.9774,1.1768,1.0888,1.0922,1.2241,1.0449,0.9165,1.0893,0.9952,0.9150,0.7082,0.0000,0.8366,0.7781,1.0899,1.0212,1.1854,1.1689,1.0564,1.0294,1.0407,0.9400,1.0597,0.9433,1.0454,1.0061,1.0300,1.0762,1.0277,1.0933,1.0572,0.9305,0.9543,0.9894,1.0403,0.9641,1.0815,1.0210,1.0103,1.0970,1.0721,1.1824,0.9550,1.1110,0.9052,0.9260,1.0317,1.0759,1.0888,0.9986,1.0721,1.0764,1.1649,1.1594,1.1495,1.1152,1.0018,1.2233,0.9204,0.8704,1.0253,1.1390,0.8792,0.9910,0.9324,0.8433,0.8845,0.9787,0.9696,0.8267,1.1097,1.1074,1.1026,1.1672,0.9860,0.9722,1.0368,1.0405,1.0620,1.0983,0.9900,0.9836,1.1253,1.2123,1.0577,1.1507,1.0978,1.1425,1.0654,1.2226,1.1474,0.9165,1.0945,1.0666,0.9856,0.9801,1.0972,0.9846,1.1188,1.0616,1.0204,1.0495,1.1146,1.0704,0.9928,1.1574,1.0998,0.9780,0.8498,0.8961,1.1049,1.0534,1.2555,1.0794,1.0888,1.4406,0.8881,1.1938,1.0013,0.9609,1.1041,0.9976
jqadams_3,0.9670,0.8720,1.0247,1.1361,1.1276,1.0744,1.1922,1.0769,0.9978,1.1142,0.9610,0.8413,0.9022,0.8366,0.0000,0.8522,1.2054,1.0316,1.2726,1.1512,1.1656,1.0148,1.1103,1.0079,0.9967,0.8635,0.9172,1.1145,1.0472,1.0216,1.0463,1.0207,1.0544,0.9335,0.9817,1.0873,1.0793,1.0775,1.1017,1.1423,1.0998,1.0318,1.0892,1.1788,0.9020,1.1448,0.9656,0.9327,1.0375,1.0864,1.0768,1.0253,0.9805,0.9435,1.1380,1.1186,1.0575,1.1237,1.0412,1.0996,0.9329,0.8965,1.1147,1.1120,0.8934,0.9860,1.0258,0.8965,1.0040,0.9081,1.0096,0.8799,1.1299,1.0717,1.0240,1.1294,1.0066,0.9656,1.0681,1.0345,1.1402,1.0561,1.0651,0.9484,1.1909,1.2589,1.0747,1.1986,1.0719,1.1381,1.0598,1.1314,1.2055,1.0287,1.0888,1.0735,1.0389,1.0306,1.0115,1.0182,1.0562,1.1072,1.0093,1.0764,1.0354,1.0989,0.9544,1.1543,1.0600,1.0084,0.8853,0.9749,1.0830,0.9674,1.1583,1.0787,1.0932,1.4902,0.9646,1.3178,1.0124,1.0529,1.0905,1.0086
jqadams_4,0.9132,0.9740,1.0692,1.1859,1.0195,0.9861,1.0958,0.9711,0.8878,1.0823,0.8544,0.7947,0.8055,0.7781,0.8522,0.0000,1.1066,1.0487,1.2400,1.0998,1.0137,0.9127,1.0767,0.9077,0.9186,0.8815,0.9595,1.0559,0.9958,1.0945,0.9344,1.0099,1.0257,0.9137,0.9834,0.9874,1.0044,1.0345,1.0652,1.1140,1.0206,1.1403,1.0985,1.2287,0.9486,1.0968,1.0017,0.9147,0.9968,1.0855,1.0726,0.9685,0.9877,1.0334,1.1053,1.0876,1.0824,1.0417,1.0059,1.1805,0.8136,0.7961,0.9622,1.0471,0.8811,0.9160,0.7924,0.8382,0.9424,0.8546,0.9774,0.8517,1.0359,1.1540,1.0823,1.1493,0.9037,0.9407,0.9115,0.9421,1.0885,1.0796,1.0218,1.0067,1.0866,1.1302,1.0038,1.1058,0.9881,1.0299,1.0617,1.0589,1.0942,0.9150,1.0534,0.9825,0.9518,1.0190,1.0604,0.9702,1.0564,0.9276,0.9455,1.0056,1.0060,1.0504,0.9021,1.0275,0.9373,0.9553,0.8222,0.9103,1.0556,0.9145,1.2045,1.1249,1.1258,1.3862,0.9294,1.1584,1.0022,0.9856,1.1291,0.9977
ejames_1,1.1920,1.1019,1.0680,1.2545,1.2384,1.2316,1.2606,1.1840,1.0322,1.2018,1.1125,0.9949,0.9979,1.0899,1.2054,1.1066,0.0000,0.8931,0.9059,0.9441,0.9675,0.9045,0.8898,0.9922,0.8581,0.9064,0.9559,1.1198,1.0947,1.0891,1.2730,1.0007,0.9569,0.9086,1.2361,0.8423,0.8076,1.0316,0.7777,0.8894,1.0592,1.0157,0.8849,1.0509,0.9514,1.0938,1.1778,1.2949,0.8085,0.8891,0.9498,1.1495,0.9894,0.9216,1.0164,1.0066,1.1225,1.1629,1.0592,1.4181,0.9681,0.9968,1.0631,1.0283,1.1044,1.0412,0.9573,1.0862,0.9832,1.0602,0.9181,1.0323,1.1669,1.2800,1.2300,1.1986,1.0897,1.1711,1.2002,1.2833,1.1779,1.2610,1.1859,1.0702,1.1721,1.3566,1.0949,1.1296,1.3243,1.2010,1.2619,1.3616,1.3118,1.1808,1.1982,1.1247,0.9763,1.0773,0.9475,0.9066,1.0105,0.9781,0.9293,0.9224,0.9564,0.8410,0.9795,0.9016,1.1068,0.9697,1.0329,0.9634,1.2834,1.1415,1.5361,1.1801,1.1917,1.2201,1.1475,1.4050,1.2100,1.1879,1.1840,1.2086
ejames_2,1.0434,0.9812,0.9965,1.2247,1.1983,1.1750,1.1768,1.0618,1.0833,1.2324,0.9287,0.9132,0.9160,1.0212,1.0316,1.0487,0.8931,0.0000,1.0984,0.8895,0.9560,0.8082,0.9020,0.8663,0.8770,0.8392,0.9469,1.1621,1.0814,0.9695,1.0439,0.9569,0.8015,0.8665,1.1974,0.8693,0.8609,0.8812,0.8291,0.8006,0.9747,0.8244,0.9421,1.0806,0.7753,0.8505,0.8814,0.9845,0.7926,0.8355,0.9207,1.0414,0.8270,0.7773,0.8876,0.7336,0.9995,1.0832,0.9221,1.2979,0.8127,0.8437,0.9657,0.9663,0.9599,0.9561,0.8537,0.9758,0.9194,0.9354,0.8165,0.9306,1.0127,1.1313,1.1152,1.0555,1.0110,1.0805,1.1340,1.1207,1.1109,1.1008,1.0976,0.9241,1.0984,1.2425,1.0936,1.1117,1.2464,1.1007,1.2066,1.3155,1.2118,1.0452,1.1855,0.9984,0.9585,0.9979,0.9076,0.8141,0.9302,0.8017,0.8033,0.8177,0.9681,0.8503,0.9376,0.9535,0.8841,0.8532,0.9921,0.8674,1.1161,0.9937,1.3710,0.9822,0.9194,1.2123,0.9581,1.2832,1.0036,1.0650,0.9276,1.0025
ejames_3,1.2388,1.2371,1.2790,1.3148,1.3883,1.2878,1.3354,1.3710,1.2032,1.3700,1.2477,1.1980,1.1366,1.1854,1.2726,1.2400,0.9059,1.0984,0.0000,1.0105,1.2754,1.0570,1.0019,1.1786,1.0696,1.1271,1.2139,1.1884,1.1739,1.2274,1.4503,1.0749,1.1344,1.0634,1.3772,0.9719,0.9421,1.2541,0.9496,1.0986,1.1078,1.2465,0.8921,1.1673,1.2371,1.3363,1.3589,1.4375,1.0103,1.1126,1.2293,1.3708,1.1685,1.1551,1.2245,1.1922,1.2163,1.3061,1.2538,1.5656,1.0979,1.1352,1.2426,1.0418,1.1765,1.1485,1.0692,1.2223,1.1160,1.1542,1.0107,1.1655,1.3948,1.5265,1.4138,1.4258,1.2611,1.2645,1.3805,1.4142,1.3720,1.4638,1.3017,1.2487,1.3699,1.5583,1.2619,1.1804,1.5074,1.3683,1.4222,1.5161,1.5313,1.3463,1.4015,1.2457,1.1312,1.1930,1.1462,1.1080,1.1641,1.1855,1.1074,1.1120,1.1046,0.9322,1.1151,1.0336,1.3001,1.2078,1.1647,1.1842,1.3849,1.2490,1.5846,1.3421,1.3506,1.1702,1.3042,1.6038,1.3282,1.3694,1.3703,1.3221
ejames_4,1.1701,1.1618,1.1408,1.3018,1.3033,1.2083,1.2362,1.2197,1.0585,1.1700,1.0783,1.0248,1.0500,1.1689,1.1512,1.0998,0.9441,0.8895,1.0105,0.0000,1.2404,1.0708,1.0124,1.0804,1.0066,1.0131,0.9977,1.2399,1.2555,1.1713,1.2329,1.1328,0.9168,0.9966,1.1528,0.8029,0.5533,1.0395,1.0345,1.1123,1.2138,1.2669,1.1338,1.1860,1.0424,1.1424,1.2170,1.2242,0.8753,0.9514,1.0224,1.2585,0.9476,0.9908,1.2663,1.0510,1.1563,0.9052,1.1911,1.3754,0.8387,0.9859,0.9852,0.4172,1.0868,0.9898,0.9518,0.9884,1.0428,0.9865,0.8127,0.8901,1.2179,1.3638,1.2419,1.2184,1.1397,1.0521,1.1450,1.1815,1.2523,1.3033,1.1561,1.1419,1.1916,1.3850,1.1519,1.3390,1.3311,1.2998,1.2659,1.4006,1.3941,1.1222,1.2837,1.1203,0.9645,1.1102,0.9421,0.9081,0.9918,0.9363,0.9495,0.9219,1.0688,0.9713,1.0046,0.5371,1.1178,1.0449,1.0018,0.9964,1.2870,1.1121,1.3757,1.2114,1.2007,0.8393,1.2480,1.4005,1.2974,1.2481,1.1821,1.2934
flint_1,0.9035,0.9517,0.9684,1.1000,1.1275,1.0942,1.2364,1.0097,1.0119,1.1129,0.9999,0.9621,0.9885,1.0564,1.1656,1.0137,0.9675,0.9560,1.2754,1.2404,0.0000,0.8407,0.8809,0.8632,0.9440,0.9514,0.9715,1.0926,0.9772,0.9198,1.1109,0.8581,1.0204,0.9768,1.0659,0.9768,1.1184,1.0744,1.0725,0.9820,1.0404,0.9768,1.0350,1.1265,0.9033,1.0103,0.9900,1.0465,0.8401,0.9121,0.9653,1.0146,0.9637,1.1003,0.9865,0.9509,1.0044,1.1513,0.9350,1.1758,0.8778,0.9719,1.0437,1.2606,0.9735,1.1445,1.0557,1.0087,1.0177,1.0163,1.0167,1.0186,1.0994,1.1298,1.1464,1.2445,1.0288,1.1771,1.1790,1.1569,1.1266,1.0622,1.0840,0.8785,1.0801,1.2200,1.0234,1.0521,1.1191,1.0548,1.1453,1.1779,1.1241,0.9933,1.0660,1.1651,1.0241,1.0370,1.0511,0.9671,1.0628,1.0622,1.0605,1.0743,0.9975,0.9588,1.0342,1.1044,0.9941,1.0783,1.0702,0.9530,1.1778,0.9974,1.2793,1.0380,1.0327,1.4462,0.9452,1.3217,1.0415,1.0252,1.0749,1.0405
flint_2,1.0027,0.9428,0.9119,1.2303,1.1812,1.1236,1.0773,1.0185,1.0052,1.1650,0.8788,0.8877,0.9402,1.0294,1.0148,0.9127,0.9045,0.8082,1.0570,1.0708,0.8407,0.0000,0.7398,0.7512,0.8664,0.8450,0.8873,1.0511,0.9387,1.0421,0.9839,0.9227,0.9265,0.9263,1.1129,0.9791,0.9566,0.9428,0.9445,0.9323,0.9908,0.9420,1.0164,1.1138,0.7900,0.9648,0.8917,0.9644,0.7877,0.8624,0.9860,0.9603,0.9003,0.9322,0.9691,0.9246,0.9790,1.0671,0.9046,1.2837,0.8646,0.9420,0.9461,1.1196,0.9059,0.9780,0.8281,0.8876,0.9525,0.9151,0.9198,0.9698,1.0356,1.1960,1.0974,1.0697,0.9734,1.0015,1.0854,1.0775,1.0935,1.0176,1.0395,0.9214,1.0449,1.2308,1.0257,1.0418,1.0945,1.0381,1.0908,1.1809,1.1114,1.0321,1.0904,1.0247,0.9373,0.9271,0.8831,0.8254,0.9062,0.9350,0.9113,1.0156,0.9459,0.9383,0.8519,0.9562,0.9095,0.9323,0.9894,0.8609,1.0770,0.9382,1.2824,1.0177,1.0135,1.3374,0.9267,1.2827,1.0687,0.9571,1.0147,1.0635
flint_3,0.9310,0.9630,0.9849,1.0821,1.0955,1.0559,1.2027,1.0658,0.9732,1.1187,0.8700,0.9683,0.9354,1.0407,1.1103,1.0767,0.8898,0.9020,1.0019,1.0124,0.8809,0.7398,0.0000,0.8285,0.8322,0.9000,0.9821,0.9853,0.8899,0.9276,1.0756,0.8117,1.0774,0.9011,1.2386,0.8947,0.8742,1.0829,0.8438,0.8809,0.8783,1.0146,0.8867,1.0366,0.9314,1.0462,1.0591,1.1092,0.8422,0.9236,1.0175,1.0959,0.8901,0.9735,1.0764,1.0738,0.9623,1.1276,0.9031,1.2760,0.8738,0.8729,1.0794,1.0515,0.8886,1.0918,0.9452,0.9750,0.9973,0.9225,0.8916,0.9662,1.1650,1.2284,1.0970,1.1792,0.9766,1.0861,1.1428,1.0961,1.1409,1.1545,1.0670,1.0356,1.1267,1.2446,1.0061,1.0060,1.1885,1.0294,1.1316,1.1848,1.1673,0.9756,1.0710,1.1297,0.8957,0.9830,0.9428,0.9047,0.8844,1.0110,0.9478,0.9925,0.8573,0.8769,0.8332,0.9240,1.0109,1.0915,1.0368,0.9901,1.1010,0.9816,1.3221,1.0782,1.0857,1.2729,0.9906,1.3307,1.0848,1.0407,1.0963,1.0759
flint_4,0.9641,0.9158,1.0320,1.1946,1.1319,1.0147,1.0472,0.9721,0.9338,1.0119,0.8741,0.8522,0.8694,0.9400,1.0079,0.9077,0.9922,0.8663,1.1786,1.0804,0.8632,0.7512,0.8285,0.0000,0.9232,0.9159,0.9350,1.1719,0.9562,1.0487,0.9476,0.9338,0.9300,0.8818,1.1146,0.9879,0.9864,1.0376,0.8947,0.9429,1.0325,1.0793,1.0403,1.1541,0.8979,1.0226,0.9249,0.9394,0.8662,0.9076,0.9522,0.8810,0.9296,0.9478,1.0129,0.9790,1.0044,1.0215,0.9139,1.1385,0.8046,0.8443,1.0073,1.0387,0.8396,0.9498,0.8677,0.8961,1.0178,0.8517,0.9132,0.9543,1.1350,1.1075,0.9951,1.1473,1.0417,1.0590,1.0648,1.0146,1.1344,1.0844,1.0271,0.9737,0.9818,1.1401,1.0112,1.1205,1.1377,1.0189,1.0885,1.1318,1.0430,1.0099,1.1145,1.0229,1.0189,1.0079,0.9755,0.9018,0.9262,0.9689,0.8412,0.8542,0.9635,0.9606,0.9060,1.0150,0.9558,0.8498,0.9743,0.7592,1.0187,0.8936,1.2050,1.0128,1.0127,1.3520,0.9083,1.2273,0.9956,1.0229,1.0302,0.9870
hall_1,1.0106,0.9375,0.9634,1.0013,1.0943,1.0593,1.1179,1.0733,0.9683,1.1806,0.9433,0.8642,0.8291,1.0597,0.9967,0.9186,0.8581,0.8770,1.0696,1.0066,0.9440,0.8664,0.8322,0.9232,0.0000,0.7439,0.8118,1.0048,0.9385,0.9627,1.0027,0.8709,1.0083,0.9103,1.0243,0.8043,0.9285,1.0923,0.8732,0.9177,0.9737,0.8856,0.9328,1.0172,0.8571,1.0278,1.0626,1.0353,0.8583,0.9507,1.0079,1.0298,0.8477,0.9484,0.9254,0.8967,0.9249,1.0484,0.9962,1.2101,0.7859,0.7964,0.9342,1.0639,0.8774,0.9899,0.8517,0.9157,0.8903,0.9365,0.8206,0.8964,1.0549,1.0758,1.0995,1.1622,0.8317,1.0760,1.0385,1.0638,1.1163,1.0152,1.1195,0.9596,1.0609,1.2165,0.9218,0.9544,1.1088,1.0893,1.0833,1.2009,1.1253,0.9754,1.0243,0.9635,0.8134,0.9720,0.9357,0.8497,0.8627,0.9262,0.8693,0.8584,0.8716,0.8321,0.7962,0.9198,0.9594,0.9471,0.9894,0.8499,1.1350,0.9247,1.2066,1.0586,1.0425,1.3075,0.9217,1.3325,1.0088,0.9867,1.0393,1.0047
hall_2,0.9563,0.8948,0.9047,1.0771,1.0440,1.0195,1.0777,0.8940,0.9304,1.1204,0.9253,0.7176,0.7240,0.9433,0.8635,0.8815,0.9064,0.8392,1.1271,1.0131,0.9514,0.8450,0.9000,0.9159,0.7439,0.0000,0.8622,0.9750,0.8882,0.8675,0.9154,0.9002,0.8675,0.8112,0.9893,0.8401,0.8929,0.9014,0.8170,0.8282,1.0181,0.9150,0.9871,1.0260,0.8044,0.9392,0.9887,1.0156,0.7658,0.7945,0.7837,0.9485,0.8571,0.8963,0.9417,0.9411,0.9757,1.1131,0.9144,1.1456,0.7531,0.7615,1.0227,1.0777,0.9376,0.9083,0.8488,0.9974,0.8465,0.9047,0.8222,0.8380,0.9897,1.1168,1.0713,1.0791,0.7781,0.9793,1.0417,1.0917,1.0540,0.9847,1.0030,0.8476,1.0279,1.1031,0.8990,0.8710,1.0767,1.0806,1.0946,1.1632,1.1492,1.0157,1.0121,1.0679,0.9051,1.0092,0.9201,0.8866,0.9673,0.8500,0.8577,0.9070,0.8753,0.9321,0.8690,0.9854,0.9376,0.9199,0.9067,0.7794,1.0632,0.8826,1.2571,0.9538,0.9695,1.3494,0.9374,1.3192,1.0256,1.0521,0.9887,1.0222
hall_3,0.8764,0.8008,0.9035,1.0728,1.1485,1.1351,1.2403,1.1053,0.9650,1.2310,0.9575,0.8390,0.8870,1.0454,0.9172,0.9595,0.9559,0.9469,1.2139,0.9977,0.9715,0.8873,0.9821,0.9350,0.8118,0.8622,0.0000,1.0340,0.9143,0.9054,0.9194,0.9072,0.9639,0.8929,1.0309,0.9287,0.9288,0.9538,1.0187,0.9147,0.9974,0.8732,1.0680,1.0512,0.7204,1.0039,0.9464,1.0974,0.7917,0.8305,0.8187,0.9951,0.8443,0.8699,0.9669,0.8834,0.9051,1.0631,1.0067,1.2438,0.7613,0.8100,0.8092,1.0495,0.9011,0.9502,0.8937,0.9394,0.8733,0.8916,0.9047,0.8837,0.9615,0.9916,1.1107,1.1024,0.8976,1.0384,1.0987,1.1523,0.9790,0.9137,1.0433,0.8235,0.9707,1.2336,0.9735,1.0737,1.1776,1.0697,1.0722,1.1974,1.1172,0.9400,1.0680,0.9556,0.8622,0.9528,0.8267,0.8240,0.8213,0.9200,0.8902,0.8879,0.9291,0.9834,0.8532,0.9851,0.8380,0.9329,1.0014,0.7769,1.2561,0.9421,1.1999,0.9676,0.9593,1.3406,0.8945,1.2180,0.9322,1.0482,0.9392,0.9287
hall_4,1.0764,1.1003,1.1200,0.9406,1.1126,1.1119,1.2961,1.0742,0.9980,1.2314,1.0339,1.0555,1.0098,1.0061,1.1145,1.0559,1.1198,1.1621,1.1884,1.2399,1.0926,1.0511,0.9853,1.1719,1.0048,0.9750,1.0340,0.0000,1.0380,1.0221,1.2405,1.0199,1.3495,1.1761,1.2142,1.1301,1.1825,1.2315,1.1297,1.1464,0.8849,1.2697,1.0900,1.0966,1.2166,1.3291,1.2827,1.1669,1.1227,1.2895,1.2517,1.2696,1.1940,1.2326,1.3334,1.3448,0.9274,1.3003,1.1369,1.4039,1.0660,1.0813,1.2568,1.2693,1.0342,1.2096,1.1502,1.1063,0.9753,1.0368,1.1146,1.0895,1.3330,1.3150,1.3825,1.4298,1.0653,1.1665,1.2811,1.2793,1.1675,1.2123,1.1512,1.1051,1.3220,1.4348,1.1069,1.0657,1.1940,1.2650,1.3186,1.2434,1.2695,1.2257,1.0772,1.2294,1.1002,1.1647,1.1522,1.0914,1.1425,1.2086,1.2202,1.2138,1.0997,1.0766,1.0321,1.1496,1.2280,1.2408,1.0401,1.0978,1.3453,1.1625,1.2928,1.1559,1.1798,1.5447,1.0673,1.3646,1.1337,1.1009,1.1995,1.1321
paulding_1,0.8604,0.9126,1.0371,1.0071,1.0115,1.0168,1.1018,0.9067,0.9815,1.0784,0.9076,0.8272,0.8725,1.0300,1.0472,0.9958,1.0947,1.0814,1.1739,1.2555,0.9772,0.9387,0.8899,0.9562,0.9385,0.8882,0.9143,1.0380,0.0000,0.8322,0.8664,0.8197,1.0896,0.9162,0.9457,1.0062,1.1005,1.0777,1.0516,0.9648,0.8864,1.0801,1.0390,1.0728,0.9299,1.1374,0.9844,1.0054,0.9769,1.0056,1.0101,0.9754,0.9744,1.0237,1.0621,1.1218,0.7597,1.1039,0.8853,1.1005,0.8905,0.8714,1.0443,1.2447,0.9113,1.0667,1.0415,0.9886,0.9752,0.9955,1.1284,0.9806,1.1282,1.0711,0.9756,1.1065,0.8428,0.9881,0.9699,0.9780,1.0843,1.0862,1.0169,0.9622,0.9493,1.0139,0.8624,0.9913,0.9973,0.9274,0.9436,1.0371,1.0905,0.9085,0.9538,1.0390,0.9045,0.9749,0.9467,0.9179,0.9031,0.9782,1.0153,1.0375,0.9416,1.0155,0.9217,1.0925,0.9765,1.0028,0.9689,0.9951,1.0398,1.0047,1.2037,1.0079,1.0074,1.4961,0.8564,1.2852,0.9439,0.9713,1.0546,0.9385
paulding_2,0.9147,0.9074,1.0047,0.9676,1.0338,1.0855,1.1723,0.8921,0.9557,1.1980,0.9644,0.8918,0.9697,1.0762,1.0216,1.0945,1.0891,0.9695,1.2274,1.1713,0.9198,1.0421,0.9276,1.0487,0.9627,0.8675,0.9054,1.0221,0.8322,0.0000,1.0001,0.8146,1.1191,0.9452,1.0654,0.8960,1.0529,1.0746,1.1135,1.0457,0.9004,0.9749,0.9972,0.9185,0.9132,1.1186,1.1206,1.0915,0.8543,1.0311,1.0145,1.0618,0.9216,1.0222,1.0211,1.0957,0.8709,1.1818,0.9569,1.1867,0.9828,0.8315,1.0583,1.1536,0.8866,0.9965,1.0473,1.0309,0.9131,0.9792,0.9951,0.9764,1.1179,1.0390,1.1466,1.2063,0.8941,1.0699,1.1052,1.0996,1.0444,1.1223,1.0851,1.0224,1.0801,1.1674,0.8796,0.9712,1.1010,1.0534,1.1043,1.1154,1.1382,0.9836,1.0724,1.1229,1.0020,1.1046,0.9355,0.9888,1.0005,1.0000,1.0656,1.0493,0.9439,0.9717,0.9604,1.1058,1.0896,1.0477,1.0271,0.9029,1.1810,1.0333,1.1865,1.0393,1.0613,1.4320,0.9876,1.3955,1.0806,1.0716,1.0841,1.0760
paulding_3,0.8951,0.9664,1.1039,1.2041,1.0600,1.0645,1.0845,0.9603,1.0831,1.1172,0.9593,0.8405,0.9168,1.0277,1.0463,0.9344,1.2730,1.0439,1.4503,1.2329,1.1109,0.9839,1.0756,0.9476,1.0027,0.9154,0.9194,1.2405,0.8664,1.0001,0.0000,0.9820,1.0876,1.0009,1.0465,1.1329,1.2081,1.0928,1.1876,1.1312,1.0972,1.0976,1.2868,1.1282,0.9355,1.1096,1.0266,0.9515,1.0317,1.0400,0.9465,0.9015,1.0172,1.0994,1.1426,1.0299,0.9677,1.1066,1.0524,1.1979,0.8615,0.8843,1.0003,1.2336,0.8943,0.9886,0.9659,0.9218,0.9802,0.9935,1.0937,0.9889,1.0674,1.1523,1.0373,1.1017,0.9277,0.9899,1.0096,0.9930,1.0850,1.0363,1.0688,1.0298,1.0363,0.9766,0.9780,1.1341,1.0735,0.9530,1.0037,1.0957,1.0669,1.0166,1.0991,1.1286,0.9763,1.0003,0.9646,0.9721,0.9760,0.9826,0.9794,1.1123,1.0677,1.0595,0.9662,1.1842,0.9393,1.0524,1.0764,0.9341,1.0990,1.0055,1.0977,1.0072,0.9720,1.5260,0.8254,1.2036,0.9435,0.8991,1.0047,0.9426
paulding_4,0.8340,0.9161,1.0037,1.0935,1.0563,0.9787,1.0693,0.9503,0.9774,1.0550,0.8505,0.8809,0.9688,1.0933,1.0207,1.0099,1.0007,0.9569,1.0749,1.1328,0.8581,0.9227,0.8117,0.9338,0.8709,0.9002,0.9072,1.0199,0.8197,0.8146,0.9820,0.0000,1.0167,0.9242,1.0923,0.8797,1.0831,1.1015,0.9631,0.9011,0.9236,0.9750,0.8726,0.8945,0.8444,1.0575,1.0620,1.1283,0.8824,0.9098,0.9974,0.9809,1.0323,1.0442,1.0564,0.9626,0.8690,1.1862,0.9432,1.1860,0.8926,0.9121,1.0340,1.1788,0.8403,1.1080,0.9818,0.9801,0.9491,0.9382,1.0142,0.9539,1.1023,1.1160,1.0050,1.1371,0.9237,1.1067,1.1218,1.1190,1.0553,1.0255,1.0538,0.9359,1.0440,1.1790,0.9982,0.9278,1.0738,0.9945,1.1441,1.1022,1.0713,0.9737,1.0399,1.1143,0.9285,1.0240,0.9754,0.9753,0.9128,0.9933,1.0369,0.9851,0.9017,0.8669,0.9193,1.1031,0.9164,1.0649,0.9849,0.9276,1.0459,0.8956,1.2206,0.9744,0.9913,1.4697,0.8869,1.3024,0.9811,0.9953,1.0328,0.9769
pike_1,1.0429,0.9601,1.0658,1.2431,1.2338,1.1406,1.1642,1.0651,1.0572,1.1587,1.0586,0.8681,0.8876,1.0572,1.0544,1.0257,0.9569,0.8015,1.1344,0.9168,1.0204,0.9265,1.0774,0.9300,1.0083,0.8675,0.9639,1.3495,1.0896,1.1191,1.0876,1.0167,0.0000,0.7414,1.0315,0.8995,0.8576,0.9171,0.8581,0.8469,1.1568,0.9867,1.0775,1.1803,0.9001,0.9207,1.0215,1.0932,0.7526,0.7629,0.8220,0.9320,0.8591,0.7513,0.8709,0.8316,1.0992,0.9248,1.0088,1.1733,0.8192,0.9205,0.9692,0.9527,1.0554,0.9291,0.9551,1.0119,1.0440,1.0938,0.8957,0.9231,1.0181,0.9987,1.0084,1.0127,0.9736,1.0218,1.0298,1.1097,1.1723,1.0629,1.1240,0.9963,0.9761,1.0977,1.0195,1.1487,1.1362,1.0357,1.0658,1.2205,1.1919,0.9448,1.1560,1.1065,1.0246,1.1037,1.0224,0.9115,1.0527,0.8891,0.8466,0.9638,1.0277,1.0499,0.9967,0.9661,0.9531,0.8969,1.0022,0.7949,1.0796,0.9407,1.4148,1.0989,1.0851,1.2141,1.1039,1.4401,1.1821,1.1836,1.0892,1.1801
pike_2,0.9916,0.9326,0.9511,1.1307,1.0789,1.0412,1.1164,0.9878,0.8972,1.0067,0.8973,0.7538,0.8590,0.9305,0.9335,0.9137,0.9086,0.8665,1.0634,0.9966,0.9768,0.9263,0.9011,0.8818,0.9103,0.8112,0.8929,1.1761,0.9162,0.9452,1.0009,0.9242,0.7414,0.0000,0.9555,0.8259,0.9175,0.9212,0.8575,0.9458,1.0451,0.9844,1.0367,1.1003,0.8440,1.0049,0.9496,1.0231,0.8141,0.9071,0.8652,0.9868,0.8475,0.8153,0.8870,0.9110,1.0199,0.9084,0.9081,1.0648,0.8443,0.7818,0.9623,0.9963,0.9195,0.8535,0.8547,0.9203,0.9494,0.9342,0.9880,0.8936,1.0694,0.9910,0.9683,0.9833,0.8197,0.9274,0.9414,0.9233,1.2070,1.1578,1.0915,0.9360,0.9670,1.1164,0.9185,1.0414,1.0863,1.0407,1.0220,1.1201,1.0951,0.9332,1.0508,1.0828,0.9406,0.9892,0.9490,0.9121,1.0259,0.9086,0.8705,0.9219,0.9394,0.9591,0.8917,0.9778,1.0126,0.9054,0.8886,0.8036,1.0379,0.8672,1.2495,1.0101,1.0033,1.2258,0.9695,1.2911,1.0289,1.0652,1.0290,1.0279
pike_3,0.9914,0.9547,0.9715,1.1621,0.9901,0.9958,1.0957,1.0284,0.8682,1.0830,0.9285,0.9066,0.8956,0.9543,0.9817,0.9834,1.2361,1.1974,1.3772,1.1528,1.0659,1.1129,1.2386,1.1146,1.0243,0.9893,1.0309,1.2142,0.9457,1.0654,1.0465,1.0923,1.0315,0.9555,0.0000,0.9202,1.1425,1.0327,1.2314,1.1616,1.1928,1.1673,1.2722,1.1034,0.9710,1.1866,0.9703,0.9261,1.0043,1.0837,1.0010,0.8947,1.0328,1.1136,1.2047,1.2039,1.1359,1.0416,1.0622,1.2111,0.9027,0.9330,1.0477,1.2115,1.0099,1.0838,1.0534,0.9071,0.9813,1.0196,1.1041,0.8009,1.0791,1.0975,1.1005,1.1244,1.0625,1.0195,1.0536,0.9813,1.2221,1.1047,1.1696,1.0689,1.1887,1.1683,1.0161,1.1482,0.9931,1.1127,1.1091,1.1100,1.0987,0.9074,1.0118,1.1438,1.0501,1.1222,1.0641,1.0669,1.1016,1.1351,1.1318,1.0725,1.1607,1.1614,1.1121,1.1279,1.1228,1.0747,1.0480,0.9560,1.1303,1.1236,1.1616,1.0645,1.0966,1.4053,0.9471,1.3211,1.0826,1.0090,1.1202,1.0823
pike_4,1.0208,1.0196,1.0027,1.1006,1.0568,1.0294,1.1132,1.0757,0.8933,1.1254,0.9715,0.9371,0.8874,0.9894,1.0873,0.9874,0.8423,0.8693,0.9719,0.8029,0.9768,0.9791,0.8947,0.9879,0.8043,0.8401,0.9287,1.1301,1.0062,0.8960,1.1329,0.8797,0.8995,0.8259,0.9202,0.0000,0.7897,0.9701,0.9470,0.9033,0.9933,0.9897,0.9486,0.9588,0.8692,1.0825,1.0909,1.0954,0.7921,0.8794,0.9207,1.0651,0.8861,0.9925,1.0281,1.0245,0.9411,0.9779,1.0150,1.2602,0.7576,0.7586,0.9189,0.8633,0.9449,0.9819,0.8550,0.8982,0.8597,0.9156,0.9353,0.8822,1.0544,1.1412,1.0569,1.0956,0.9407,1.0515,1.0986,1.1196,1.1445,1.1112,1.1375,0.9822,1.1681,1.3592,0.9858,1.0718,1.1860,1.0831,1.1544,1.2148,1.1693,0.9067,1.0022,1.0688,0.8610,1.0347,0.8988,0.8937,0.9733,0.8963,0.9085,0.8810,0.9699,0.8326,0.9522,0.8076,0.9673,0.9550,0.9655,0.8804,1.1733,1.0794,1.2722,1.1667,1.1794,1.1401,1.0016,1.4124,1.1204,1.1174,1.2037,1.1178
biddle_1,1.0607,1.0379,0.9933,1.2047,1.2868,1.1889,1.2354,1.2335,0.9446,1.2117,1.0552,0.9468,0.9627,1.0403,1.0793,1.0044,0.8076,0.8609,0.9421,0.5533,1.1184,0.9566,0.8742,0.9864,0.9285,0.8929,0.9288,1.1825,1.1005,1.0529,1.2081,1.0831,0.8576,0.9175,1.1425,0.7897,0.0000,0.9304,0.9563,0.9947,1.1080,1.0472,1.0530,1.1095,0.9042,0.9500,1.0956,1.1692,0.7611,0.8354,0.9708,1.1397,0.8363,0.8828,1.0574,0.9667,1.1418,0.9652,1.0695,1.3315,0.7495,0.8732,0.9185,0.5681,1.0022,0.9160,0.8477,0.9839,0.9463,0.9015,0.7360,0.8948,1.0346,1.2244,1.1933,1.1403,1.0591,1.0740,1.1315,1.1758,1.1510,1.1898,1.1498,1.0731,1.1590,1.2686,1.0677,1.2141,1.3122,1.2164,1.2407,1.3743,1.3508,1.0651,1.2583,1.0361,0.9257,1.0310,0.8783,0.8554,0.9647,0.8540,0.8276,0.8454,0.9547,0.8679,0.9331,0.6398,1.0712,1.0219,1.0082,0.9394,1.3157,1.0755,1.4253,1.1525,1.1353,1.0045,1.1589,1.4032,1.2284,1.2097,1.1293,1.2248
biddle_2,1.0338,1.0587,0.9965,1.3023,1.2125,1.1445,1.2125,1.0911,1.0308,1.1623,1.0740,0.8663,0.9047,0.9641,1.0775,1.0345,1.0316,0.8812,1.2541,1.0395,1.0744,0.9428,1.0829,1.0376,1.0923,0.9014,0.9538,1.2315,1.0777,1.0746,1.0928,1.1015,0.9171,0.9212,1.0327,0.9701,0.9304,0.0000,0.9031,0.8466,1.0292,0.9670,1.1897,1.1155,0.7876,0.9720,1.0498,1.1011,0.8806,0.9159,0.8817,1.0408,0.9103,0.9096,1.0172,0.9478,1.0729,1.1053,1.1040,1.2726,0.7981,0.8083,0.9423,1.0544,1.1100,1.0159,0.9518,1.0382,1.0164,1.0486,1.0206,0.9606,1.0344,1.1653,1.1440,1.0888,0.9711,1.0654,1.0504,1.1576,1.2270,1.1706,1.0904,1.0788,1.2165,1.2521,1.0584,1.1310,1.1727,1.1778,1.1945,1.2142,1.2136,0.9830,1.2042,1.0542,0.8818,1.0433,0.9618,0.9159,1.1834,0.9644,0.9171,0.9849,1.1155,1.0727,1.0447,1.1023,0.9529,0.8812,0.9854,0.8995,1.2531,1.1754,1.4615,1.1383,1.0992,1.3871,1.1430,1.3373,1.1982,1.2468,1.0898,1.1972
biddle_3,1.1032,1.0422,1.0734,1.1897,1.1557,1.0979,1.1577,1.0798,1.0726,1.0605,1.0292,0.9503,0.9363,1.0815,1.1017,1.0652,0.7777,0.8291,0.9496,1.0345,1.0725,0.9445,0.8438,0.8947,0.8732,0.8170,1.0187,1.1297,1.0516,1.1135,1.1876,0.9631,0.8581,0.8575,1.2314,0.9470,0.9563,0.9031,0.0000,0.7186,1.0486,1.0549,0.9154,1.1407,0.9790,1.0933,1.1386,1.2493,0.9613,0.8907,0.9465,1.0374,0.9843,0.8400,1.0247,0.9644,1.1185,1.1764,1.1090,1.2681,0.9082,0.9028,1.1653,1.1033,1.0756,1.0411,0.9423,1.1226,1.0169,1.0158,0.9874,1.0637,1.1406,1.2481,1.1556,1.1277,1.0569,1.0956,1.0760,1.1356,1.2920,1.2120,1.1139,1.0617,1.1703,1.2972,1.0449,1.1123,1.2092,1.1328,1.2428,1.2610,1.2755,1.1300,1.1836,1.1105,0.9522,0.9951,1.0425,0.9158,1.0914,0.9574,0.9232,0.8915,0.9166,0.9551,0.8604,1.0174,0.9820,0.9135,1.0184,0.8538,1.0831,1.0333,1.4442,1.1795,1.1771,1.2860,1.1647,1.4459,1.2106,1.2734,1.1894,1.2071
biddle_4,1.0089,1.0508,1.0354,1.1780,1.1687,1.1248,1.2457,1.1271,1.0343,1.1912,1.0864,0.9143,0.9516,1.0210,1.1423,1.1140,0.8894,0.8006,1.0986,1.1123,0.9820,0.9323,0.8809,0.9429,0.9177,0.8282,0.9147,1.1464,0.9648,1.0457,1.1312,0.9011,0.8469,0.9458,1.1616,0.9033,0.9947,0.8466,0.7186,0.0000,0.8933,0.9123,0.9757,1.0434,0.9181,0.9633,0.9915,1.2150,0.9032,0.7802,0.8078,0.9988,0.9158,0.8879,0.9846,0.9366,1.0481,1.1736,1.0350,1.3818,0.8882,0.9481,1.0332,1.1801,1.0922,1.1104,1.0307,1.0941,0.9986,1.0705,1.0005,1.0194,1.0051,1.1633,1.1866,1.1316,1.0508,1.1411,1.2689,1.2584,1.1296,1.0963,1.0664,0.9972,1.1174,1.2889,1.1065,1.1632,1.2110,1.1472,1.2332,1.3380,1.2054,1.0444,1.1628,1.0629,0.9512,0.9701,1.0210,0.8899,1.0400,0.9229,0.9237,0.9483,0.9426,0.9336,0.9118,1.1092,0.9533,0.9241,1.0689,0.8996,1.1643,1.1144,1.3970,1.1031,1.0599,1.3931,1.0574,1.3499,1.0644,1.2340,1.0756,1.0633
gregg_1,0.9845,1.0103,1.0638,1.0858,1.0269,1.0484,1.1905,0.9660,0.9878,1.1670,0.9845,0.9908,0.8812,1.0103,1.0998,1.0206,1.0592,0.9747,1.1078,1.2138,1.0404,0.9908,0.8783,1.0325,0.9737,1.0181,0.9974,0.8849,0.8864,0.9004,1.0972,0.9236,1.1568,1.0451,1.1928,0.9933,1.1080,1.0292,1.0486,0.8933,0.0000,0.9337,0.9269,0.9141,1.0541,1.1790,1.1861,1.1236,0.9681,1.0755,1.1186,1.1009,1.0121,1.0489,1.0530,1.1006,0.9266,1.2892,0.9585,1.3730,0.9201,0.9589,1.1395,1.1949,1.0284,1.0649,1.0143,0.9972,0.9905,0.9681,1.0541,1.0612,1.2028,1.2134,1.2583,1.2928,1.0713,1.1350,1.2274,1.2335,1.0628,1.1222,0.9797,0.9974,1.3002,1.3374,1.0225,1.0188,1.2175,1.1750,1.2045,1.2312,1.1635,1.0971,1.1215,1.1379,0.9814,1.0179,1.0299,1.0310,1.0466,1.0385,1.0387,1.0983,1.0397,0.9057,0.9010,1.1746,1.0692,1.0636,1.0375,0.9721,1.1073,1.0518,1.1948,1.0744,1.0492,1.4787,0.9278,1.2824,0.9825,1.0133,1.0467,0.9780
gregg_2,1.0658,0.9772,0.9172,1.2408,1.2192,1.2698,1.3334,1.2114,1.1191,1.3628,1.1290,1.0135,1.0293,1.0970,1.0318,1.1403,1.0157,0.8244,1.2465,1.2669,0.9768,0.9420,1.0146,1.0793,0.8856,0.9150,0.8732,1.2697,1.0801,0.9749,1.0976,0.9750,0.9867,0.9844,1.1673,0.9897,1.0472,0.9670,1.0549,0.9123,0.9337,0.0000,0.9921,1.1269,0.8128,0.9139,1.0371,1.1038,0.8925,0.9273,0.9524,1.1282,0.9056,0.9611,0.8329,0.8918,1.1747,1.3312,1.0272,1.3616,0.9096,0.9526,0.9781,1.3032,1.0360,1.0465,0.9912,1.1004,1.0288,1.0115,0.9924,0.9982,0.9609,1.0915,1.1622,1.1017,1.1129,1.2096,1.2761,1.3243,1.1065,0.8900,1.1595,0.8804,1.1686,1.3210,1.1037,1.1396,1.2502,1.1426,1.2657,1.3063,1.2642,1.0571,1.2908,1.1259,1.0022,1.0806,1.0162,0.9921,1.1672,1.0097,0.9701,1.1101,0.9844,0.9290,1.0551,1.2420,1.0362,1.0487,1.0575,0.9607,1.2727,1.0757,1.3633,1.0479,1.0075,1.5951,1.0439,1.3948,1.1310,1.1513,0.9879,1.1304
gregg_3,1.0398,1.0604,1.0355,1.1005,1.1000,1.2036,1.2291,1.1212,1.0923,1.2948,1.1011,1.0322,1.0637,1.0721,1.0892,1.0985,0.8849,0.9421,0.8921,1.1338,1.0350,1.0164,0.8867,1.0403,0.9328,0.9871,1.0680,1.0900,1.0390,0.9972,1.2868,0.8726,1.0775,1.0367,1.2722,0.9486,1.0530,1.1897,0.9154,0.9757,0.9269,0.9921,0.0000,0.9528,1.0903,1.2217,1.1927,1.2141,0.9527,1.0702,1.0667,1.1512,1.0185,0.9707,1.0289,1.0411,1.0274,1.3142,1.0357,1.3408,1.0534,1.0228,1.2645,1.1899,1.1112,1.0829,1.0372,1.1174,1.0492,0.9961,1.0255,1.0769,1.1522,1.2713,1.2519,1.2702,1.1453,1.1545,1.2641,1.2599,1.1966,1.1552,1.1678,1.0837,1.2561,1.4245,1.0530,1.0399,1.2201,1.2646,1.2917,1.2892,1.3660,1.1047,1.2431,1.1360,1.0161,1.0894,1.0515,1.0173,1.0335,1.0535,1.0449,1.0582,0.9872,0.7917,1.0215,1.1369,1.1292,1.0928,0.9962,1.0323,1.1414,1.0290,1.3731,1.1485,1.1692,1.3992,1.1079,1.4318,1.1576,1.2103,1.1712,1.1531
gregg_4,1.1128,1.0506,1.0803,1.2029,1.1635,1.1721,1.2476,1.1009,1.0171,1.2708,1.0997,1.0884,1.0812,1.1824,1.1788,1.2287,1.0509,1.0806,1.1673,1.1860,1.1265,1.1138,1.0366,1.1541,1.0172,1.0260,1.0512,1.0966,1.0728,0.9185,1.1282,0.8945,1.1803,1.1003,1.1034,0.9588,1.1095,1.1155,1.1407,1.0434,0.9141,1.1269,0.9528,0.0000,1.0422,1.2084,1.2488,1.2196,0.9787,1.0414,1.0290,1.2676,1.0890,1.1374,1.2116,1.1587,1.0546,1.3087,1.0988,1.3794,1.0020,0.9821,1.1809,1.2688,0.9983,1.2036,1.1595,1.0726,0.9852,1.0939,1.1314,1.1177,1.1718,1.2406,1.2938,1.2850,1.0755,1.1782,1.3050,1.2586,1.1426,1.2256,1.1679,1.1457,1.3600,1.3730,1.0269,1.0552,1.2606,1.2686,1.3004,1.3423,1.2963,1.1742,1.0935,1.2232,1.0875,1.1176,1.0140,1.0815,1.1360,1.1828,1.1117,1.1341,1.0411,0.9527,1.1089,1.1829,1.1092,1.1747,1.1726,0.9588,1.2956,1.2087,1.3061,1.1141,1.1176,1.4604,1.0576,1.5077,1.1303,1.1296,1.1496,1.1272
pattie_1,0.9130,0.8453,0.8935,1.1380,1.1507,1.0637,1.1411,1.0670,0.9678,1.0992,0.9045,0.8039,0.8650,0.9550,0.9020,0.9486,0.9514,0.7753,1.2371,1.0424,0.9033,0.7900,0.9314,0.8979,0.8571,0.8044,0.7204,1.2166,0.9299,0.9132,0.9355,0.8444,0.9001,0.8440,0.9710,0.8692,0.9042,0.7876,0.9790,0.9181,1.0541,0.8128,1.0903,1.0422,0.0000,0.7794,0.7797,0.9496,0.8034,0.7789,0.8258,0.9363,0.8101,0.8987,0.9468,0.8560,1.0118,1.0505,0.9508,1.0949,0.7073,0.7945,0.8145,1.0374,0.8396,0.8887,0.8398,0.8283,0.8754,0.8546,0.8907,0.7556,0.9638,1.0459,0.9684,0.9942,0.8587,0.9567,0.9570,1.1027,0.9404,0.8723,1.0371,0.8450,0.9994,1.0987,0.9792,1.0271,1.1228,0.9575,1.0061,1.1380,1.1094,0.8687,1.0390,0.9794,0.9051,1.0149,0.9264,0.8712,0.9660,0.9298,0.8678,0.9001,0.9040,0.9866,0.8769,1.0235,0.8764,0.9341,0.9314,0.8502,1.0963,0.9271,1.2749,0.9650,0.9386,1.3834,0.9039,1.2229,1.0204,0.9505,0.9398,1.0184
pattie_2,1.2120,1.1329,1.0528,1.3575,1.3660,1.2849,1.3237,1.1948,1.1378,1.3288,1.1237,0.9291,1.0862,1.1110,1.1448,1.0968,1.0938,0.8505,1.3363,1.1424,1.0103,0.9648,1.0462,1.0226,1.0278,0.9392,1.0039,1.3291,1.1374,1.1186,1.1096,1.0575,0.9207,1.0049,1.1866,1.0825,0.9500,0.9720,1.0933,0.9633,1.1790,0.9139,1.2217,1.2084,0.7794,0.0000,0.8916,1.1236,0.9032,0.8681,0.9559,1.0806,0.9336,0.9549,0.9869,0.9089,1.2415,1.1639,1.0999,1.2889,0.8329,0.9432,0.9800,1.2271,1.0595,1.0360,0.9580,1.0728,1.0915,1.0231,0.9805,1.0424,1.0256,1.1224,1.1599,1.0865,1.0517,1.1964,1.1545,1.1909,1.1193,0.9872,1.0738,0.9567,1.1562,1.2586,1.1917,1.2676,1.2363,1.1770,1.2190,1.3105,1.2743,1.1466,1.3473,1.0674,1.0432,1.1677,1.1151,1.0318,1.1644,1.0294,0.9863,1.1414,1.0759,1.1053,1.0641,1.1801,1.0709,1.0471,1.0947,0.9300,1.2535,1.0288,1.4609,1.1363,1.0559,1.5641,1.1145,1.4427,1.1861,1.1692,1.0786,1.1849
pattie_3,0.9968,0.9461,1.0461,1.2464,1.2086,1.1758,1.2651,1.1683,0.9548,1.2033,1.0183,0.8616,0.9291,0.9052,0.9656,1.0017,1.1778,0.8814,1.3589,1.2170,0.9900,0.8917,1.0591,0.9249,1.0626,0.9887,0.9464,1.2827,0.9844,1.1206,1.0266,1.0620,1.0215,0.9496,0.9703,1.0909,1.0956,1.0498,1.1386,0.9915,1.1861,1.0371,1.1927,1.2488,0.7797,0.8916,0.0000,0.9595,0.9370,0.9659,0.9296,0.9940,0.9228,0.9768,1.0833,1.0254,1.1256,1.0540,1.0438,1.2223,0.8094,0.8872,0.9011,1.2067,0.9267,1.0309,0.9321,0.9396,0.9456,0.9331,0.9687,0.8754,1.0346,1.1385,1.0520,1.0660,1.0523,1.0284,1.0645,1.1025,1.1694,1.0984,1.1227,0.9315,1.0556,1.1744,1.0549,1.2219,1.1234,1.1333,1.1435,1.1406,1.1958,1.0023,1.1314,1.0625,1.0624,1.0291,1.0329,0.9769,1.0417,0.9965,0.9786,1.0434,1.1000,1.1178,1.0299,1.1619,1.0113,0.8987,1.0330,0.8990,1.1703,1.0589,1.3526,1.0086,0.9726,1.5073,0.9376,1.2719,1.0861,1.0265,0.9705,1.0797
pattie_4,1.0047,0.9921,1.0257,1.2178,1.0526,0.9684,1.1274,0.9716,1.0241,1.1267,0.9417,0.8654,0.9719,0.9260,0.9327,0.9147,1.2949,0.9845,1.4375,1.2242,1.0465,0.9644,1.1092,0.9394,1.0353,1.0156,1.0974,1.1669,1.0054,1.0915,0.9515,1.1283,1.0932,1.0231,0.9261,1.0954,1.1692,1.1011,1.2493,1.2150,1.1236,1.1038,1.2141,1.2196,0.9496,1.1236,0.9595,0.0000,1.0306,1.1254,1.1287,0.9499,0.9730,1.1137,1.1154,1.1455,1.0426,1.0284,0.9615,1.1444,0.9962,0.9859,0.9977,1.2428,0.9721,1.0389,0.9853,0.8997,1.0201,1.0132,1.0403,0.9313,1.1512,1.1075,1.0968,1.1751,0.9980,0.9391,1.0291,0.9180,1.2302,1.1174,1.0169,1.0173,1.1663,1.1148,1.1102,1.1908,1.0491,1.0537,1.0437,1.0623,1.0997,0.9718,1.0677,1.1615,1.0783,1.1090,1.1245,1.0024,1.1017,1.0660,1.0838,1.0675,1.0825,1.1577,1.0276,1.2057,1.1078,1.0398,0.8791,0.9881,1.0568,1.0044,1.0369,1.0162,1.0246,1.5471,0.8460,1.2850,1.0121,0.8968,1.0456,1.0108
tjames_1,0.9454,0.8727,0.9214,1.1655,1.1641,1.0719,1.0513,1.0544,0.9058,1.0991,0.9248,0.7867,0.8953,1.0317,1.0375,0.9968,0.8085,0.7926,1.0103,0.8753,0.8401,0.7877,0.8422,0.8662,0.8583,0.7658,0.7917,1.1227,0.9769,0.8543,1.0317,0.8824,0.7526,0.8141,1.0043,0.7921,0.7611,0.8806,0.9613,0.9032,0.9681,0.8925,0.9527,0.9787,0.8034,0.9032,0.9370,1.0306,0.0000,0.6830,0.7449,0.9004,0.7634,0.7501,0.8825,0.8972,0.9523,0.9984,0.9380,1.2143,0.6678,0.7442,0.8520,0.9526,0.8762,0.8228,0.8335,0.9371,0.8827,0.8845,0.6927,0.8442,1.0294,1.1225,1.0646,1.0354,0.8581,0.9952,1.1026,1.0294,0.9707,1.0597,1.0044,0.8799,1.0234,1.1808,0.9151,1.0406,1.1510,1.0794,1.0410,1.1829,1.1962,0.9378,1.0768,1.0555,0.8926,1.0001,0.7761,0.7760,0.8822,0.8328,0.7972,0.8517,0.9724,0.7914,0.9040,0.8943,0.8770,0.8855,0.9456,0.7470,1.1786,0.9172,1.3035,0.9699,0.9852,1.1169,0.9956,1.3327,1.1336,1.0703,0.9854,1.1251
tjames_2,1.0443,1.0268,0.9809,1.2376,1.2114,1.1339,1.1079,1.0705,1.0473,1.1891,1.0000,0.8970,0.9302,1.0759,1.0864,1.0855,0.8891,0.8355,1.1126,0.9514,0.9121,0.8624,0.9236,0.9076,0.9507,0.7945,0.8305,1.2895,1.0056,1.0311,1.0400,0.9098,0.7629,0.9071,1.0837,0.8794,0.8354,0.9159,0.8907,0.7802,1.0755,0.9273,1.0702,1.0414,0.7789,0.8681,0.9659,1.1254,0.6830,0.0000,0.7486,0.8988,0.9116,0.7729,0.9523,0.8903,1.0928,1.1099,0.9972,1.2220,0.7957,0.8959,0.8687,1.0462,0.9342,0.9796,0.9642,0.9802,0.9665,1.0500,0.9427,0.9584,1.0355,1.1446,1.0960,0.9860,0.9414,1.0248,1.0703,1.1374,1.0822,1.0290,1.0986,0.9360,0.9701,1.1657,1.0319,1.0675,1.2322,1.0074,1.0286,1.2205,1.1611,1.0024,1.1357,1.0662,0.9304,1.0911,0.8991,0.8877,0.9398,0.9092,0.8694,0.9531,1.0149,0.9174,0.9357,1.0204,0.8621,0.9392,0.9666,0.7863,1.1704,0.9703,1.4475,0.9820,0.9812,1.2979,1.0668,1.3423,1.1505,1.1701,0.9748,1.1465
tjames_3,0.9822,0.9449,0.9368,1.2758,1.1338,1.0898,1.1867,1.0653,0.9482,1.1104,0.9756,0.8393,0.8998,1.0888,1.0768,1.0726,0.9498,0.9207,1.2293,1.0224,0.9653,0.9860,1.0175,0.9522,1.0079,0.7837,0.8187,1.2517,1.0101,1.0145,0.9465,0.9974,0.8220,0.8652,1.0010,0.9207,0.9708,0.8817,0.9465,0.8078,1.1186,0.9524,1.0667,1.0290,0.8258,0.9559,0.9296,1.1287,0.7449,0.7486,0.0000,0.8715,0.9386,0.8790,0.9686,0.8652,1.0979,1.0836,1.1090,1.1584,0.8078,0.8012,0.8261,1.1393,0.9927,0.8817,0.8632,0.9818,1.0118,0.9212,0.9434,0.9001,0.9665,1.1090,1.0082,0.9593,0.9199,0.9653,1.0382,1.1228,1.1962,1.0345,1.1304,0.9983,0.9460,1.1195,0.9475,1.1282,1.1056,0.9894,1.0751,1.1472,1.1417,0.9807,1.0985,1.1051,0.9312,1.0319,0.9563,0.9529,0.9998,0.9188,0.7699,0.8954,0.9889,1.0366,0.9608,1.0561,0.9075,0.9097,0.9551,0.7924,1.1666,1.0084,1.3536,0.9508,0.9893,1.3556,1.0432,1.2867,1.1310,1.1349,0.9801,1.1261
tjames_4,0.9802,0.9495,1.0357,1.2533,1.0391,0.9945,1.0136,0.9793,0.9867,0.9740,0.8809,0.8111,0.9204,0.9986,1.0253,0.9685,1.1495,1.0414,1.3708,1.2585,1.0146,0.9603,1.0959,0.8810,1.0298,0.9485,0.9951,1.2696,0.9754,1.0618,0.9015,0.9809,0.9320,0.9868,0.8947,1.0651,1.1397,1.0408,1.0374,0.9988,1.1009,1.1282,1.1512,1.2676,0.9363,1.0806,0.9940,0.9499,0.9004,0.8988,0.8715,0.0000,0.9831,0.8982,1.0349,1.0647,1.0472,1.1506,1.0433,1.0997,0.9219,0.9138,1.0297,1.3109,0.9448,1.0163,1.0253,0.9805,1.0685,1.0472,1.0573,1.0238,1.1247,1.1428,1.0434,1.1302,0.9662,0.9138,1.0780,0.9462,1.1731,1.0156,1.1054,1.0293,1.0082,1.0199,0.9950,1.1678,0.9803,0.9386,1.0180,0.9604,0.9620,0.9132,0.9910,1.0924,1.1019,1.1781,1.0650,1.0673,1.0626,0.9656,1.0325,1.0018,1.1068,1.1153,0.9764,1.2238,1.0098,0.9764,0.9962,0.8194,0.9927,0.9368,1.1663,1.0032,1.0185,1.5250,1.0115,1.2814,1.0990,1.1192,1.0254,1.0937
irving_1,0.8697,0.9386,0.9308,1.1132,1.2052,1.1301,1.2639,1.1001,1.0645,1.2220,1.0152,0.7231,0.9085,1.0721,0.9805,0.9877,0.9894,0.8270,1.1685,0.9476,0.9637,0.9003,0.8901,0.9296,0.8477,0.8571,0.8443,1.1940,0.9744,0.9216,1.0172,1.0323,0.8591,0.8475,1.0328,0.8861,0.8363,0.9103,0.9843,0.9158,1.0121,0.9056,1.0185,1.0890,0.8101,0.9336,0.9228,0.9730,0.7634,0.9116,0.9386,0.9831,0.0000,0.7463,0.8093,0.9080,1.0015,1.0142,0.9374,1.1564,0.7374,0.8189,0.8531,0.9267,0.9199,0.9890,0.8501,0.9297,0.9487,0.9134,0.8854,0.9189,1.0643,1.0101,1.0168,1.1238,0.8748,1.0332,1.0102,1.0729,1.0392,1.0593,0.9802,0.9162,1.0427,1.1455,0.9795,1.1059,1.1003,1.0592,1.0697,1.1505,1.0724,0.9071,1.1253,0.9134,0.8748,1.0205,0.9362,0.8115,1.0081,0.8979,0.7848,0.9113,0.9449,1.0061,0.8749,0.9629,0.9249,0.9314,1.0000,0.8172,1.0649,1.0050,1.3045,1.0507,1.0405,1.3377,0.9949,1.2678,1.0547,1.0955,1.0518,1.0509
irving_2,1.0299,0.9962,1.0109,1.2962,1.2069,1.1655,1.2102,1.0593,1.0433,1.2296,0.9735,0.8632,0.9949,1.0764,0.9435,1.0334,0.9216,0.7773,1.1551,0.9908,1.1003,0.9322,0.9735,0.9478,0.9484,0.8963,0.8699,1.2326,1.0237,1.0222,1.0994,1.0442,0.7513,0.8153,1.1136,0.9925,0.8828,0.9096,0.8400,0.8879,1.0489,0.9611,0.9707,1.1374,0.8987,0.9549,0.9768,1.1137,0.7501,0.7729,0.8790,0.8982,0.7463,0.0000,0.6948,0.7044,1.0436,1.0079,0.9360,1.1902,0.7728,0.8509,0.9029,1.0328,1.0315,0.8930,0.8760,0.9840,1.0262,0.9554,0.9098,0.9972,0.9808,0.9995,0.9933,0.9756,0.9839,0.9628,0.9499,1.1294,1.1475,1.0790,1.1277,1.0236,0.9920,1.1333,0.9392,1.2075,1.1857,1.0150,1.0285,1.1608,1.2432,0.9742,1.1981,1.0142,0.9753,1.1212,1.0114,0.8820,0.9686,0.8323,0.7944,0.8691,1.0275,0.9901,0.9380,1.0504,0.8768,0.8474,0.9032,0.8354,1.1636,1.0044,1.4275,1.1099,1.0732,1.3248,1.1252,1.3525,1.1448,1.2586,1.0523,1.1372
irving_3,1.1032,1.1021,1.0923,1.3085,1.3093,1.3014,1.3180,1.1737,1.1374,1.3199,1.1142,0.9462,1.0848,1.1649,1.1380,1.1053,1.0164,0.8876,1.2245,1.2663,0.9865,0.9691,1.0764,1.0129,0.9254,0.9417,0.9669,1.3334,1.0621,1.0211,1.1426,1.0564,0.8709,0.8870,1.2047,1.0281,1.0574,1.0172,1.0247,0.9846,1.0530,0.8329,1.0289,1.2116,0.9468,0.9869,1.0833,1.1154,0.8825,0.9523,0.9686,1.0349,0.8093,0.6948,0.0000,0.7900,1.1622,1.1506,1.0048,1.2846,0.9322,1.0050,1.0636,1.2557,1.1534,1.0619,0.9443,1.0973,1.1824,1.0691,1.0626,1.1173,1.0688,1.1040,1.1587,1.2035,1.0372,1.2011,1.1038,1.2027,1.2118,1.0791,1.2344,0.9829,1.0859,1.2359,1.0883,1.1605,1.2076,1.1041,1.2315,1.3208,1.2773,1.0681,1.3450,1.1143,1.0410,1.1255,1.0922,1.0271,1.0920,0.9280,0.8726,0.9956,1.0713,1.0264,1.0169,1.1771,1.0045,0.9344,1.0484,0.9283,1.2351,1.0674,1.4572,1.1557,1.1229,1.5556,1.1067,1.3778,1.1270,1.2655,1.1099,1.1219
irving_4,1.1195,1.0874,1.1059,1.3081,1.2916,1.1988,1.2410,1.1060,1.1048,1.2813,1.0570,0.9881,1.0465,1.1594,1.1186,1.0876,1.0066,0.7336,1.1922,1.0510,0.9509,0.9246,1.0738,0.9790,0.8967,0.9411,0.8834,1.3448,1.1218,1.0957,1.0299,0.9626,0.8316,0.9110,1.2039,1.0245,0.9667,0.9478,0.9644,0.9366,1.1006,0.8918,1.0411,1.1587,0.8560,0.9089,1.0254,1.1455,0.8972,0.8903,0.8652,1.0647,0.9080,0.7044,0.7900,0.0000,1.0638,1.0844,0.9901,1.2527,0.8058,0.9179,0.8492,1.1074,1.0965,0.9784,0.9237,1.0421,1.0737,1.0202,0.9867,1.0517,0.8629,1.0844,1.0301,0.9841,1.0351,1.0575,1.0691,1.2276,1.1660,1.0559,1.2111,0.9357,0.9264,1.1688,0.9957,1.1598,1.1070,1.0626,1.0680,1.2932,1.2276,1.0559,1.3172,1.0848,0.9732,1.0828,1.0176,0.9059,0.9922,0.8025,0.8114,0.8833,1.0468,0.9831,0.9422,1.1339,0.9058,0.9028,0.9884,0.9158,1.2023,1.0562,1.4968,1.0776,1.0522,1.3917,1.0914,1.3723,1.1155,1.1814,1.0359,1.1098
bagby_1,0.9157,0.9774,1.0979,1.0418,1.0056,1.0015,1.0222,0.8646,1.0150,1.0413,0.8712,0.9083,1.0206,1.1495,1.0575,1.0824,1.1225,0.9995,1.2163,1.1563,1.0044,0.9790,0.9623,1.0044,0.9249,0.9757,0.9051,0.9274,0.7597,0.8709,0.9677,0.8690,1.0992,1.0199,1.1359,0.9411,1.1418,1.0729,1.1185,1.0481,0.9266,1.1747,1.0274,1.0546,1.0118,1.2415,1.1256,1.0426,0.9523,1.0928,1.0979,1.0472,1.0015,1.0436,1.1622,1.0638,0.0000,1.0422,0.9659,1.1179,0.9717,0.9052,1.0451,1.1646,0.9031,1.1007,1.1079,0.9681,1.0030,0.9973,1.0847,1.0151,1.1500,1.1392,1.1723,1.2041,0.8635,0.9513,1.1089,0.9768,1.1172,1.1725,0.9896,1.0019,1.0860,1.1403,0.9358,0.9839,0.9953,1.0149,0.9957,1.0366,1.0629,1.0003,0.9544,1.0358,0.9123,0.9738,0.9257,0.9679,0.9148,1.0070,1.0899,1.0641,0.9428,0.9408,0.8096,1.0785,0.9877,1.0249,1.0146,0.9775,1.0385,1.0288,1.0440,1.0904,1.1310,1.2876,0.8384,1.3029,0.8721,0.9743,1.1330,0.8709
bagby_2,1.1031,1.1503,1.2205,1.3017,1.2154,1.1252,1.1669,1.1423,1.0999,1.1878,1.0940,1.0031,1.1258,1.1152,1.1237,1.0417,1.1629,1.0832,1.3061,0.9052,1.1513,1.0671,1.1276,1.0215,1.0484,1.1131,1.0631,1.3003,1.1039,1.1818,1.1066,1.1862,0.9248,0.9084,1.0416,0.9779,0.9652,1.1053,1.1764,1.1736,1.2892,1.3312,1.3142,1.3087,1.0505,1.1639,1.0540,1.0284,0.9984,1.1099,1.0836,1.1506,1.0142,1.0079,1.1506,1.0844,1.0422,0.0000,1.1306,1.1024,0.9160,0.9889,0.9288,0.9083,1.0573,1.0842,0.9767,0.9942,1.2036,1.1654,1.0935,1.0090,1.1075,1.0477,1.0361,1.0127,1.0102,0.8624,0.9709,0.9529,1.2862,1.2825,1.2257,1.1834,0.9746,1.0501,1.0621,1.3210,1.0435,1.0319,0.8365,1.1201,1.1365,1.0861,1.1904,1.0883,1.0209,1.0966,1.0026,1.0099,1.1167,0.9773,1.0040,1.0098,1.1425,1.1663,1.0135,0.8873,1.1531,1.0072,1.0764,0.9840,1.0595,1.0517,1.3021,1.3467,1.3608,1.1659,1.1705,1.3550,1.2334,1.2141,1.3571,1.2303
bagby_3,0.9070,0.9311,0.9783,1.2088,1.1120,1.1192,1.0869,0.9515,1.0293,1.2281,0.8628,0.8657,0.9417,1.0018,1.0412,1.0059,1.0592,0.9221,1.2538,1.1911,0.9350,0.9046,0.9031,0.9139,0.9962,0.9144,1.0067,1.1369,0.8853,0.9569,1.0524,0.9432,1.0088,0.9081,1.0622,1.0150,1.0695,1.1040,1.1090,1.0350,0.9585,1.0272,1.0357,1.0988,0.9508,1.0999,1.0438,0.9615,0.9380,0.9972,1.1090,1.0433,0.9374,0.9360,1.0048,0.9901,0.9659,1.1306,0.0000,1.1822,0.9487,0.9263,1.0364,1.1700,1.0519,1.1066,1.0270,0.9035,1.0024,0.8528,0.9719,0.9454,0.9581,0.9746,1.0187,1.1038,1.0045,1.0322,1.0812,1.0490,1.0015,1.0583,0.9967,0.9438,1.0458,1.0929,1.0210,1.0221,1.0482,1.0515,1.0563,1.1129,1.1332,0.9504,1.1286,0.9816,1.0109,0.9594,1.0209,0.8229,0.9094,0.9713,0.9894,1.0316,1.0168,0.9098,0.9915,1.1125,0.9916,0.9593,0.9139,0.9518,1.0711,0.9677,1.2060,1.0215,0.9987,1.4910,0.8434,1.1474,0.9424,0.9344,1.0413,0.9391
bagby_4,1.1159,1.1338,1.2504,1.3891,1.1596,1.1063,1.1963,1.0350,1.1884,1.0120,1.1149,1.1371,1.1272,1.2233,1.0996,1.1805,1.4181,1.2979,1.5656,1.3754,1.1758,1.2837,1.2760,1.1385,1.2101,1.1456,1.2438,1.4039,1.1005,1.1867,1.1979,1.1860,1.1733,1.0648,1.2111,1.2602,1.3315,1.2726,1.2681,1.3818,1.3730,1.3616,1.3408,1.3794,1.0949,1.2889,1.2223,1.1444,1.2143,1.2220,1.1584,1.0997,1.1564,1.1902,1.2846,1.2527,1.1179,1.1024,1.1822,0.0000,1.0828,1.0027,1.2528,1.3816,1.1381,1.2367,1.2101,1.1259,1.3718,1.1820,1.2386,1.1395,1.3839,1.1221,0.9994,1.2109,1.0131,0.9792,0.9314,0.7953,1.3021,1.1985,1.1892,1.2206,1.0811,0.9879,1.0698,1.3215,0.9434,0.9525,0.9401,0.9584,1.1128,1.1112,1.1646,1.2644,1.2967,1.3357,1.3499,1.2714,1.2180,1.2782,1.2270,1.2558,1.1265,1.3337,1.2171,1.2553,1.2463,1.1193,1.0761,1.0330,0.8618,1.0221,1.3411,1.2411,1.2630,1.6037,1.1895,1.4827,1.2266,1.2697,1.2866,1.2233
cooke_1,0.8618,0.8920,0.9706,1.1016,1.0698,1.0486,1.1580,1.0135,0.9049,1.0646,0.9106,0.7569,0.7373,0.9204,0.9329,0.8136,0.9681,0.8127,1.0979,0.8387,0.8778,0.8646,0.8738,0.8046,0.7859,0.7531,0.7613,1.0660,0.8905,0.9828,0.8615,0.8926,0.8192,0.8443,0.9027,0.7576,0.7495,0.7981,0.9082,0.8882,0.9201,0.9096,1.0534,1.0020,0.7073,0.8329,0.8094,0.9962,0.6678,0.7957,0.8078,0.9219,0.7374,0.7728,0.9322,0.8058,0.9717,0.9160,0.9487,1.0828,0.0000,0.6059,0.6919,0.8486,0.8408,0.7170,0.6696,0.8522,0.7950,0.7526,0.7341,0.7969,0.8525,0.9944,0.9035,0.9296,0.7826,0.9329,0.9275,1.0374,0.9552,0.8974,0.9528,0.8133,0.9661,1.0525,0.9132,1.0345,1.1161,0.9884,0.9557,1.1264,1.1514,0.9039,1.0172,0.9563,0.8042,0.8798,0.8199,0.7483,0.8046,0.7546,0.6885,0.7586,0.8596,0.8200,0.8950,0.8658,0.8415,0.8353,0.8501,0.7676,1.1078,0.8801,1.2927,0.9705,0.9319,1.2425,0.8871,1.1691,0.9244,0.9874,0.9506,0.9144
cooke_2,0.8801,0.7711,0.9697,1.0629,1.0115,0.9599,1.0564,0.9110,0.7930,0.9810,0.8461,0.7264,0.7315,0.8704,0.8965,0.7961,0.9968,0.8437,1.1352,0.9859,0.9719,0.9420,0.8729,0.8443,0.7964,0.7615,0.8100,1.0813,0.8714,0.8315,0.8843,0.9121,0.9205,0.7818,0.9330,0.7586,0.8732,0.8083,0.9028,0.9481,0.9589,0.9526,1.0228,0.9821,0.7945,0.9432,0.8872,0.9859,0.7442,0.8959,0.8012,0.9138,0.8189,0.8509,1.0050,0.9179,0.9052,0.9889,0.9263,1.0027,0.6059,0.0000,0.7481,0.9587,0.7555,0.7572,0.6986,0.8234,0.8601,0.7589,0.8622,0.8055,0.9733,0.9625,0.8662,0.9576,0.7393,0.8245,0.8631,0.8622,1.0370,1.0147,0.8985,0.9238,1.0447,1.0844,0.8179,1.0075,1.0145,0.8994,0.9136,1.0018,1.0557,0.7670,0.9265,0.8606,0.7225,0.8861,0.8020,0.7990,0.8833,0.8554,0.7651,0.8380,0.8967,0.9442,0.8536,0.9095,0.8276,0.8700,0.8209,0.6785,1.0503,0.8910,1.1817,0.9810,0.9922,1.2215,0.8411,1.1916,0.9270,0.9694,1.0035,0.9224
cooke_3,1.0528,1.0319,1.0810,1.2930,1.2860,1.1274,1.2691,1.1959,1.0384,1.2956,1.0619,0.9080,0.9766,1.0253,1.1147,0.9622,1.0631,0.9657,1.2426,0.9852,1.0437,0.9461,1.0794,1.0073,0.9342,1.0227,0.8092,1.2568,1.0443,1.0583,1.0003,1.0340,0.9692,0.9623,1.0477,0.9189,0.9185,0.9423,1.1653,1.0332,1.1395,0.9781,1.2645,1.1809,0.8145,0.9800,0.9011,0.9977,0.8520,0.8687,0.8261,1.0297,0.8531,0.9029,1.0636,0.8492,1.0451,0.9288,1.0364,1.2528,0.6919,0.7481,0.0000,0.9587,0.9069,0.9086,0.8043,0.8406,0.9772,1.0024,0.9668,0.9094,0.9148,1.0788,0.9227,0.8073,0.9364,0.8648,0.9477,1.0875,1.0428,0.9812,1.0090,0.9219,0.9299,1.0782,0.9785,1.1593,1.1338,0.9827,0.9925,1.1787,1.2001,0.9232,1.1034,0.9636,0.8729,0.9904,0.9999,0.8386,0.9212,0.7744,0.8146,0.8942,1.0836,1.0393,0.9291,0.9940,0.9045,0.8910,0.8978,0.9182,1.2678,1.0907,1.3226,1.1945,1.1854,1.3727,1.0218,1.2990,1.1225,1.0697,1.1765,1.1113
cooke_4,1.1524,1.1306,1.2225,1.2953,1.3530,1.2570,1.3223,1.2849,1.0469,1.2277,1.1127,0.9916,0.9735,1.1390,1.1120,1.0471,1.0283,0.9663,1.0418,0.4172,1.2606,1.1196,1.0515,1.0387,1.0639,1.0777,1.0495,1.2693,1.2447,1.1536,1.2336,1.1788,0.9527,0.9963,1.2115,0.8633,0.5681,1.0544,1.1033,1.1801,1.1949,1.3032,1.1899,1.2688,1.0374,1.2271,1.2067,1.2428,0.9526,1.0462,1.1393,1.3109,0.9267,1.0328,1.2557,1.1074,1.1646,0.9083,1.1700,1.3816,0.8486,0.9587,0.9587,0.0000,1.0125,0.9532,0.9232,0.8975,1.0099,1.0139,0.7804,0.8854,1.2352,1.3682,1.2451,1.2867,1.2067,1.0945,1.1832,1.1969,1.2580,1.3283,1.1786,1.1853,1.2549,1.3916,1.2180,1.3396,1.3604,1.3169,1.2819,1.3893,1.3821,1.1347,1.2693,1.1021,0.9687,1.0983,0.9154,0.8632,0.9621,0.9121,0.8832,0.8831,1.0861,0.9870,1.0370,0.5245,1.1692,1.0275,0.9805,1.0573,1.3028,1.1317,1.4120,1.2893,1.2769,0.7852,1.2499,1.3872,1.2607,1.2946,1.2608,1.2559
cooke_lee_1,0.8637,0.8358,1.0214,1.1616,1.0094,0.9198,0.9871,0.9242,0.8862,1.0767,0.8248,0.8364,0.8935,0.8792,0.8934,0.8811,1.1044,0.9599,1.1765,1.0868,0.9735,0.9059,0.8886,0.8396,0.8774,0.9376,0.9011,1.0342,0.9113,0.8866,0.8943,0.8403,1.0554,0.9195,1.0099,0.9449,1.0022,1.1100,1.0756,1.0922,1.0284,1.0360,1.1112,0.9983,0.8396,1.0595,0.9267,0.9721,0.8762,0.9342,0.9927,0.9448,0.9199,1.0315,1.1534,1.0965,0.9031,1.0573,1.0519,1.1381,0.8408,0.7555,0.9069,1.0125,0.0000,0.9277,0.8859,0.7911,0.8271,0.8797,0.9190,0.8078,1.1760,1.1354,1.0722,1.1254,0.8960,0.8408,0.9925,0.9287,1.0465,1.1115,0.9911,0.9095,1.0357,1.1327,0.9638,1.0128,1.0637,0.9420,0.9417,1.0455,0.9634,0.8726,0.9072,0.9153,0.9201,0.9856,0.8979,0.9363,0.9500,0.9745,0.9954,0.9853,0.9229,0.9923,0.9076,0.9868,0.9398,1.0283,0.9199,0.8345,1.0229,0.9317,1.1244,0.9661,0.9990,1.2781,0.8065,1.2936,0.9966,0.8739,1.0387,0.9945
cooke_lee_2,1.0448,1.0405,1.1235,1.2807,1.1648,1.1698,1.2195,1.1201,0.9838,1.1393,1.0354,0.8200,0.9088,0.9910,0.9860,0.9160,1.0412,0.9561,1.1485,0.9898,1.1445,0.9780,1.0918,0.9498,0.9899,0.9083,0.9502,1.2096,1.0667,0.9965,0.9886,1.1080,0.9291,0.8535,1.0838,0.9819,0.9160,1.0159,1.0411,1.1104,1.0649,1.0465,1.0829,1.2036,0.8887,1.0360,1.0309,1.0389,0.8228,0.9796,0.8817,1.0163,0.9890,0.8930,1.0619,0.9784,1.1007,1.0842,1.1066,1.2367,0.7170,0.7572,0.9086,0.9532,0.9277,0.0000,0.7010,0.9283,0.9858,0.8268,0.8107,0.8925,1.0224,1.1793,1.0328,1.1013,0.9893,0.9816,1.0427,1.0846,1.1867,1.0835,1.1000,1.0436,1.0353,1.1830,0.9947,1.1422,1.2241,1.1534,1.0428,1.1843,1.2301,1.0466,1.1410,1.0151,0.9151,1.0814,0.9037,0.9409,0.9304,0.9238,0.8206,0.8907,1.0493,0.9662,0.9891,0.9710,0.9324,0.9271,0.8378,0.9408,1.2237,0.9323,1.3010,1.0909,1.0687,1.2399,1.0396,1.3396,1.1290,1.1065,1.0566,1.1228
cooke_lee_3,0.9930,0.9881,1.0270,1.2220,1.1215,1.1182,1.1317,1.1046,0.8985,1.1356,0.9634,0.8455,0.8806,0.9324,1.0258,0.7924,0.9573,0.8537,1.0692,0.9518,1.0557,0.8281,0.9452,0.8677,0.8517,0.8488,0.8937,1.1502,1.0415,1.0473,0.9659,0.9818,0.9551,0.8547,1.0534,0.8550,0.8477,0.9518,0.9423,1.0307,1.0143,0.9912,1.0372,1.1595,0.8398,0.9580,0.9321,0.9853,0.8335,0.9642,0.8632,1.0253,0.8501,0.8760,0.9443,0.9237,1.1079,0.9767,1.0270,1.2101,0.6696,0.6986,0.8043,0.9232,0.8859,0.7010,0.0000,0.8517,0.8988,0.8009,0.7905,0.8276,0.9419,1.1306,0.9826,0.9656,0.9113,1.0247,0.9138,1.0530,1.1155,1.0227,0.9800,0.9689,1.0778,1.2105,1.0107,1.0485,1.1931,1.0865,1.1003,1.2250,1.1643,0.9625,1.1397,0.9626,0.9299,0.9723,0.9381,0.8441,0.9846,0.8824,0.7882,0.8487,1.0339,0.9975,0.9437,0.8854,0.9453,0.8872,0.8443,0.8583,1.1520,0.9685,1.3243,1.0674,1.0434,1.3483,0.9645,1.2570,1.0184,1.0763,1.0586,1.0126
cooke_lee_4,0.8889,0.9506,1.0429,1.2511,1.0408,1.0547,1.1067,1.0118,0.8795,1.0385,0.8186,0.8684,0.8902,0.8433,0.8965,0.8382,1.0862,0.9758,1.2223,0.9884,1.0087,0.8876,0.9750,0.8961,0.9157,0.9974,0.9394,1.1063,0.9886,1.0309,0.9218,0.9801,1.0119,0.9203,0.9071,0.8982,0.9839,1.0382,1.1226,1.0941,0.9972,1.1004,1.1174,1.0726,0.8283,1.0728,0.9396,0.8997,0.9371,0.9802,0.9818,0.9805,0.9297,0.9840,1.0973,1.0421,0.9681,0.9942,0.9035,1.1259,0.8522,0.8234,0.8406,0.8975,0.7911,0.9283,0.8517,0.0000,0.9493,0.8492,0.9712,0.8419,1.0743,1.1167,1.0050,1.1294,1.0007,0.9248,0.9315,0.9404,1.1366,1.0503,0.8643,0.9419,1.1000,1.1851,0.9867,1.0594,1.0483,0.9790,0.9722,1.0357,1.0468,0.8353,1.0201,0.8946,0.8656,0.9175,0.8840,0.8324,0.9207,0.9505,0.9040,0.9355,1.0564,0.9537,0.8623,0.9445,0.9602,0.8753,0.8138,0.8628,1.0105,0.9424,1.0716,1.0334,1.0235,1.2494,0.8331,1.1322,0.8799,0.9332,1.0227,0.8783
davis_1,0.9342,0.8794,0.9361,0.9224,1.0692,1.0964,1.2311,1.0496,0.9105,1.1921,1.0015,0.8995,0.8177,0.8845,1.0040,0.9424,0.9832,0.9194,1.1160,1.0428,1.0177,0.9525,0.9973,1.0178,0.8903,0.8465,0.8733,0.9753,0.9752,0.9131,0.9802,0.9491,1.0440,0.9494,0.9813,0.8597,0.9463,1.0164,1.0169,0.9986,0.9905,1.0288,1.0492,0.9852,0.8754,1.0915,0.9456,1.0201,0.8827,0.9665,1.0118,1.0685,0.9487,1.0262,1.1824,1.0737,1.0030,1.2036,1.0024,1.3718,0.7950,0.8601,0.9772,1.0099,0.8271,0.9858,0.8988,0.9493,0.0000,0.8440,0.7796,0.8292,1.0428,1.1636,1.2194,1.1657,0.9308,1.1052,1.1686,1.1782,0.9880,0.9986,1.0706,0.9359,1.1094,1.2525,1.0954,0.9985,1.1329,1.1373,1.1982,1.2073,1.1992,1.0031,1.0330,1.0792,0.9624,1.0325,0.9714,0.8863,1.0266,0.9432,0.9620,0.9699,0.9515,0.9282,0.9300,1.0016,0.9497,0.9955,0.9539,0.9457,1.2584,0.9932,1.2096,0.9209,0.9243,1.3078,0.8035,1.3275,0.9307,0.8690,0.9446,0.9295
davis_2,0.8994,0.8716,0.9460,1.1234,1.0567,1.0556,1.0546,1.0233,0.8463,1.0229,0.7958,0.8073,0.8933,0.9787,0.9081,0.8546,1.0602,0.9354,1.1542,0.9865,1.0163,0.9151,0.9225,0.8517,0.9365,0.9047,0.8916,1.0368,0.9955,0.9792,0.9935,0.9382,1.0938,0.9342,1.0196,0.9156,0.9015,1.0486,1.0158,1.0705,0.9681,1.0115,0.9961,1.0939,0.8546,1.0231,0.9331,1.0132,0.8845,1.0500,0.9212,1.0472,0.9134,0.9554,1.0691,1.0202,0.9973,1.1654,0.8528,1.1820,0.7526,0.7589,1.0024,1.0139,0.8797,0.8268,0.8009,0.8492,0.8440,0.0000,0.8326,0.6829,1.0485,1.1719,1.1262,1.1351,1.0672,1.0531,1.0916,1.0810,1.0453,0.9305,0.9641,0.9411,1.1356,1.2830,1.0281,1.0944,1.0468,1.1105,1.1439,1.0899,1.1436,0.9620,1.0818,0.9369,0.9137,0.9193,0.9360,0.8639,0.8762,0.9455,0.8799,0.8361,0.8850,0.9247,0.8913,0.9382,0.9778,0.8764,0.8211,0.8622,1.1178,0.8832,1.1911,1.0323,0.9983,1.3018,0.9030,1.2183,0.9801,0.9939,1.0180,0.9751
davis_3,0.9944,0.8433,0.9684,1.1233,1.2340,1.1855,1.2199,1.1461,0.9559,1.1999,1.0219,0.8537,0.8424,0.9696,1.0096,0.9774,0.9181,0.8165,1.0107,0.8127,1.0167,0.9198,0.8916,0.9132,0.8206,0.8222,0.9047,1.1146,1.1284,0.9951,1.0937,1.0142,0.8957,0.9880,1.1041,0.9353,0.7360,1.0206,0.9874,1.0005,1.0541,0.9924,1.0255,1.1314,0.8907,0.9805,0.9687,1.0403,0.6927,0.9427,0.9434,1.0573,0.8854,0.9098,1.0626,0.9867,1.0847,1.0935,0.9719,1.2386,0.7341,0.8622,0.9668,0.7804,0.9190,0.8107,0.7905,0.9712,0.7796,0.8326,0.0000,0.7595,1.0688,1.1997,1.2165,1.1935,1.0932,1.1164,1.1874,1.1472,0.9836,1.0720,1.0209,1.0337,1.1156,1.2340,1.1089,1.1000,1.2336,1.1828,1.2259,1.2807,1.2818,1.0792,1.2065,1.0832,0.9337,1.0265,0.8436,0.8238,0.8663,0.8706,0.7744,0.8131,0.9204,0.7799,0.8992,0.8307,0.9972,0.9841,0.9181,0.8695,1.2440,0.9268,1.2788,0.9612,0.9540,1.1405,1.0552,1.3768,1.0754,1.1154,0.9457,1.0693
davis_4,0.9042,0.7907,0.9014,1.0530,0.9899,0.9512,1.1111,1.0603,0.7490,0.9709,0.8339,0.8462,0.7564,0.8267,0.8799,0.8517,1.0323,0.9306,1.1655,0.8901,1.0186,0.9698,0.9662,0.9543,0.8964,0.8380,0.8837,1.0895,0.9806,0.9764,0.9889,0.9539,0.9231,0.8936,0.8009,0.8822,0.8948,0.9606,1.0637,1.0194,1.0612,0.9982,1.0769,1.1177,0.7556,1.0424,0.8754,0.9313,0.8442,0.9584,0.9001,1.0238,0.9189,0.9972,1.1173,1.0517,1.0151,1.0090,0.9454,1.1395,0.7969,0.8055,0.9094,0.8854,0.8078,0.8925,0.8276,0.8419,0.8292,0.6829,0.7595,0.0000,1.0324,1.1022,1.0771,1.0761,0.9765,0.9407,0.9660,0.9942,1.0620,0.9748,1.0239,0.9336,1.0780,1.1672,0.9926,1.0667,0.9747,1.0342,1.0413,1.0791,1.0805,0.7939,0.9906,1.0322,0.9098,1.0058,0.9210,0.9242,0.8851,0.9287,0.8769,0.8791,0.9403,0.9903,0.9249,0.8803,1.0143,0.9324,0.8144,0.8161,1.1230,0.9713,1.1472,0.9345,0.9465,1.1513,0.9241,1.2768,1.0467,0.9497,0.9623,1.0447
page_1,1.0580,1.1476,1.1530,1.3675,1.3217,1.3494,1.2941,1.2227,1.1422,1.4376,1.1606,1.0873,1.0774,1.1097,1.1299,1.0359,1.1669,1.0127,1.3948,1.2179,1.0994,1.0356,1.1650,1.1350,1.0549,0.9897,0.9615,1.3330,1.1282,1.1179,1.0674,1.1023,1.0181,1.0694,1.0791,1.0544,1.0346,1.0344,1.1406,1.0051,1.2028,0.9609,1.1522,1.1718,0.9638,1.0256,1.0346,1.1512,1.0294,1.0355,0.9665,1.1247,1.0643,0.9808,1.0688,0.8629,1.1500,1.1075,0.9581,1.3839,0.8525,0.9733,0.9148,1.2352,1.1760,1.0224,0.9419,1.0743,1.0428,1.0485,1.0688,1.0324,0.0000,1.0065,1.0415,0.8557,1.0273,1.1086,1.1356,1.2324,1.0072,0.8360,1.1345,1.0278,0.9966,1.1328,1.0563,1.2013,1.1154,1.1399,1.0610,1.2611,1.2749,1.0365,1.3425,1.0537,1.1007,1.0124,1.1387,0.9697,1.1493,0.8139,0.9239,1.0565,1.0943,1.0538,0.9716,1.2068,0.9414,0.9730,1.1076,1.0854,1.3248,1.1770,1.4566,1.2315,1.1660,1.4812,1.1023,1.3288,1.1473,1.2291,1.1525,1.1398
page_2,1.0500,1.0448,1.2225,1.2523,1.2588,1.2831,1.3263,1.1138,1.1573,1.2887,1.1413,1.0999,1.1029,1.1074,1.0717,1.1540,1.2800,1.1313,1.5265,1.3638,1.1298,1.1960,1.2284,1.1075,1.0758,1.1168,0.9916,1.3150,1.0711,1.0390,1.1523,1.1160,0.9987,0.9910,1.0975,1.1412,1.2244,1.1653,1.2481,1.1633,1.2134,1.0915,1.2713,1.2406,1.0459,1.1224,1.1385,1.1075,1.1225,1.1446,1.1090,1.1428,1.0101,0.9995,1.1040,1.0844,1.1392,1.0477,0.9746,1.1221,0.9944,0.9625,1.0788,1.3682,1.1354,1.1793,1.1306,1.1167,1.1636,1.1719,1.1997,1.1022,1.0065,0.0000,0.7288,0.8721,0.9417,0.9898,1.0199,1.0663,1.1240,1.0496,1.1286,1.1533,0.9806,0.9309,0.9645,1.1718,1.0414,1.1089,0.9683,1.1449,1.1819,1.0225,1.1980,1.1070,1.0879,1.0574,1.1872,1.0797,1.0956,1.0654,1.0772,1.0681,1.1428,1.2390,1.0540,1.2477,1.1216,1.0099,1.0618,0.9856,1.1250,1.1999,1.3940,1.2108,1.1741,1.6579,1.0882,1.3363,1.1721,1.1767,1.1762,1.1673
page_3,1.0620,1.1266,1.2409,1.3402,1.2204,1.1138,1.2114,1.1410,1.1280,1.1499,1.0668,1.0317,1.0640,1.1026,1.0240,1.0823,1.2300,1.1152,1.4138,1.2419,1.1464,1.0974,1.0970,0.9951,1.0995,1.0713,1.1107,1.3825,0.9756,1.1466,1.0373,1.0050,1.0084,0.9683,1.1005,1.0569,1.1933,1.1440,1.1556,1.1866,1.2583,1.1622,1.2519,1.2938,0.9684,1.1599,1.0520,1.0968,1.0646,1.0960,1.0082,1.0434,1.0168,0.9933,1.1587,1.0301,1.1723,1.0361,1.0187,0.9994,0.9035,0.8662,0.9227,1.2451,1.0722,1.0328,0.9826,1.0050,1.2194,1.1262,1.2165,1.0771,1.0415,0.7288,0.0000,0.8358,0.9160,0.8611,0.8305,0.9255,1.1367,1.0340,1.1028,1.0934,0.9692,0.8852,0.9746,1.1938,1.0428,0.9184,0.8195,1.0787,1.0754,0.9534,1.1741,1.0302,1.0374,1.0899,1.0987,0.9760,1.1220,1.0337,0.9482,1.0784,1.1532,1.2303,1.0711,1.1942,0.9671,0.9783,0.9725,0.9920,0.9701,1.1287,1.3964,1.1707,1.1382,1.6013,1.0950,1.3047,1.2121,1.1582,1.1631,1.2067
page_4,1.1979,1.1753,1.2510,1.4115,1.3930,1.2310,1.2533,1.2221,1.2337,1.3948,1.2034,1.0704,1.1064,1.1672,1.1294,1.1493,1.1986,1.0555,1.4258,1.2184,1.2445,1.0697,1.1792,1.1473,1.1622,1.0791,1.1024,1.4298,1.1065,1.2063,1.1017,1.1371,1.0127,0.9833,1.1244,1.0956,1.1403,1.0888,1.1277,1.1316,1.2928,1.1017,1.2702,1.2850,0.9942,1.0865,1.0660,1.1751,1.0354,0.9860,0.9593,1.1302,1.1238,0.9756,1.2035,0.9841,1.2041,1.0127,1.1038,1.2109,0.9296,0.9576,0.8073,1.2867,1.1254,1.1013,0.9656,1.1294,1.1657,1.1351,1.1935,1.0761,0.8557,0.8721,0.8358,0.0000,1.0153,0.9310,0.9616,1.1455,1.1831,1.0972,1.1266,1.0287,0.9761,1.0081,0.9936,1.2187,1.1379,1.1339,1.0449,1.2418,1.2636,1.0852,1.2084,1.1350,1.0590,1.0720,1.1252,0.9284,1.1843,0.9497,1.0207,1.1164,1.0931,1.2061,1.0414,1.1561,1.0345,0.9482,1.0202,1.0391,1.2424,1.1678,1.5840,1.3196,1.2921,1.6045,1.2035,1.4973,1.2686,1.2669,1.3018,1.2604
cable_1,0.9144,0.9865,1.1023,1.1072,1.1406,0.9866,1.1714,1.0090,1.0250,1.1216,0.9790,0.8434,0.8360,0.9860,1.0066,0.9037,1.0897,1.0110,1.2611,1.1397,1.0288,0.9734,0.9766,1.0417,0.8317,0.7781,0.8976,1.0653,0.8428,0.8941,0.9277,0.9237,0.9736,0.8197,1.0625,0.9407,1.0591,0.9711,1.0569,1.0508,1.0713,1.1129,1.1453,1.0755,0.8587,1.0517,1.0523,0.9980,0.8581,0.9414,0.9199,0.9662,0.8748,0.9839,1.0372,1.0351,0.8635,1.0102,1.0045,1.0131,0.7826,0.7393,0.9364,1.2067,0.8960,0.9893,0.9113,1.0007,0.9308,1.0672,1.0932,0.9765,1.0273,0.9417,0.9160,1.0153,0.0000,0.7815,0.8531,0.9310,0.9672,1.0771,0.8592,0.9733,0.9289,1.0266,0.8651,1.0524,1.0293,0.9519,0.9216,1.0920,1.0912,0.9115,0.9740,0.9874,0.8317,0.9817,0.9847,0.8922,1.0488,0.9315,0.9683,0.9962,1.0079,1.1097,0.9414,1.0794,0.9002,0.9982,0.9756,0.8753,0.9892,0.9527,1.3000,1.0605,1.0675,1.4297,0.8951,1.3217,1.0156,0.9862,1.0865,1.0107
cable_2,1.0142,0.9794,1.1652,1.2788,0.9955,0.9409,1.0301,0.9331,1.0001,1.0845,0.9141,0.9168,0.9659,0.9722,0.9656,0.9407,1.1711,1.0805,1.2645,1.0521,1.1771,1.0015,1.0861,1.0590,1.0760,0.9793,1.0384,1.1665,0.9881,1.0699,0.9899,1.1067,1.0218,0.9274,1.0195,1.0515,1.0740,1.0654,1.0956,1.1411,1.1350,1.2096,1.1545,1.1782,0.9567,1.1964,1.0284,0.9391,0.9952,1.0248,0.9653,0.9138,1.0332,0.9628,1.2011,1.0575,0.9513,0.8624,1.0322,0.9792,0.9329,0.8245,0.8648,1.0945,0.8408,0.9816,1.0247,0.9248,1.1052,1.0531,1.1164,0.9407,1.1086,0.9898,0.8611,0.9310,0.7815,0.0000,0.8048,0.7184,1.1485,1.1719,1.0144,1.0568,0.9973,0.9770,0.9675,1.1925,0.9544,0.9249,0.8137,1.0062,1.0214,0.9778,0.9751,1.0279,0.9596,0.9767,1.0274,1.0067,1.0241,0.9538,1.0268,1.0474,1.0944,1.1861,0.9575,1.0512,1.0086,0.9946,0.8572,0.8858,0.9253,0.9721,1.1983,1.1401,1.1828,1.3198,1.0178,1.3399,1.1518,1.0687,1.1859,1.1472
cable_3,1.0531,1.0794,1.1824,1.2371,1.2172,1.0943,1.1672,1.0258,1.0524,1.1440,1.0114,0.9086,0.9997,1.0368,1.0681,0.9115,1.2002,1.1340,1.3805,1.1450,1.1790,1.0854,1.1428,1.0648,1.0385,1.0417,1.0987,1.2811,0.9699,1.1052,1.0096,1.1218,1.0298,0.9414,1.0536,1.0986,1.1315,1.0504,1.0760,1.2689,1.2274,1.2761,1.2641,1.3050,0.9570,1.1545,1.0645,1.0291,1.1026,1.0703,1.0382,1.0780,1.0102,0.9499,1.1038,1.0691,1.1089,0.9709,1.0812,0.9314,0.9275,0.8631,0.9477,1.1832,0.9925,1.0427,0.9138,0.9315,1.1686,1.0916,1.1874,0.9660,1.1356,1.0199,0.8305,0.9616,0.8531,0.8048,0.0000,0.8290,1.1461,1.1740,1.0457,1.1023,0.9670,0.9162,0.9143,1.1849,0.9578,0.9526,0.9532,1.0777,1.1875,1.0581,1.1431,1.1055,1.0203,1.0990,1.1695,1.0195,1.0722,1.0458,1.0265,1.1004,1.1004,1.2345,1.0166,1.0765,0.9898,0.9156,0.9364,0.9340,1.0282,1.0078,1.4421,1.1966,1.1928,1.4613,1.1258,1.3209,1.2147,1.1710,1.2194,1.2136
cable_4,1.0176,1.0155,1.1991,1.2572,0.9854,0.9395,0.9728,0.9379,1.0032,0.9181,0.8633,0.9372,0.9741,1.0405,1.0345,0.9421,1.2833,1.1207,1.4142,1.1815,1.1569,1.0775,1.0961,1.0146,1.0638,1.0917,1.1523,1.2793,0.9780,1.0996,0.9930,1.1190,1.1097,0.9233,0.9813,1.1196,1.1758,1.1576,1.1356,1.2584,1.2335,1.3243,1.2599,1.2586,1.1027,1.1909,1.1025,0.9180,1.0294,1.1374,1.1228,0.9462,1.0729,1.1294,1.2027,1.2276,0.9768,0.9529,1.0490,0.7953,1.0374,0.8622,1.0875,1.1969,0.9287,1.0846,1.0530,0.9404,1.1782,1.0810,1.1472,0.9942,1.2324,1.0663,0.9255,1.1455,0.9310,0.7184,0.8290,0.0000,1.2149,1.2063,1.1070,1.1303,1.1381,1.0189,1.0064,1.1335,0.8477,0.9554,0.8670,0.8746,0.9595,0.9765,1.0250,1.0605,1.0766,1.0850,1.1573,1.0646,1.0751,1.1326,1.0715,1.1320,1.1505,1.1985,1.0340,1.0849,1.1117,1.0100,0.9864,0.9586,0.8134,0.9613,1.1073,1.1177,1.1505,1.4442,0.9259,1.3556,1.0791,0.9816,1.1905,1.0751
eggleston_1,1.0522,1.0436,1.1486,1.2300,1.2901,1.2953,1.3497,1.1634,1.1761,1.4000,1.1768,1.0988,0.9946,1.0620,1.1402,1.0885,1.1779,1.1109,1.3720,1.2523,1.1266,1.0935,1.1409,1.1344,1.1163,1.0540,0.9790,1.1675,1.0843,1.0444,1.0850,1.0553,1.1723,1.2070,1.2221,1.1445,1.1510,1.2270,1.2920,1.1296,1.0628,1.1065,1.1966,1.1426,0.9404,1.1193,1.1694,1.2302,0.9707,1.0822,1.1962,1.1731,1.0392,1.1475,1.2118,1.1660,1.1172,1.2862,1.0015,1.3021,0.9552,1.0370,1.0428,1.2580,1.0465,1.1867,1.1155,1.1366,0.9880,1.0453,0.9836,1.0620,1.0072,1.1240,1.1367,1.1831,0.9672,1.1485,1.1461,1.2149,0.0000,0.9775,1.0246,0.9163,1.0648,1.2111,1.0719,1.2326,1.1913,1.1922,1.1817,1.2884,1.2433,1.0899,1.2403,1.1234,1.1117,1.1161,1.1294,1.0630,1.2084,0.9955,1.0273,1.0879,1.1747,1.0748,1.0683,1.2559,1.0136,1.1359,1.1886,1.1043,1.2188,1.2364,1.4236,1.1780,1.1265,1.5482,1.0317,1.3275,1.0994,1.0978,1.1632,1.0907
eggleston_2,1.0187,1.0445,1.0182,1.2634,1.2311,1.2015,1.2881,1.2223,1.0888,1.3047,1.0711,1.0993,1.0372,1.0983,1.0561,1.0796,1.2610,1.1008,1.4638,1.3033,1.0622,1.0176,1.1545,1.0844,1.0152,0.9847,0.9137,1.2123,1.0862,1.1223,1.0363,1.0255,1.0629,1.1578,1.1047,1.1112,1.1898,1.1706,1.2120,1.0963,1.1222,0.8900,1.1552,1.2256,0.8723,0.9872,1.0984,1.1174,1.0597,1.0290,1.0345,1.0156,1.0593,1.0790,1.0791,1.0559,1.1725,1.2825,1.0583,1.1985,0.8974,1.0147,0.9812,1.3283,1.1115,1.0835,1.0227,1.0503,0.9986,0.9305,1.0720,0.9748,0.8360,1.0496,1.0340,1.0972,1.0771,1.1719,1.1740,1.2063,0.9775,0.0000,1.0723,0.8228,1.0489,1.1944,1.1575,1.1929,1.0870,1.1131,1.0699,1.1447,1.2393,1.0757,1.2686,1.0936,1.1515,1.1095,1.1794,1.0910,1.1508,0.9835,1.0122,1.1331,1.0601,1.1311,1.0276,1.2416,0.9791,1.0404,1.0618,1.0081,1.1971,1.0658,1.2252,1.1177,1.0765,1.6210,1.0084,1.3416,1.0668,1.1145,1.0589,1.0638
eggleston_3,0.9579,1.0477,1.2488,1.2929,1.2496,1.1189,1.2142,1.1182,1.0700,1.1829,1.0223,0.8944,0.9562,0.9900,1.0651,1.0218,1.1859,1.0976,1.3017,1.1561,1.0840,1.0395,1.0670,1.0271,1.1195,1.0030,1.0433,1.1512,1.0169,1.0851,1.0688,1.0538,1.1240,1.0915,1.1696,1.1375,1.1498,1.0904,1.1139,1.0664,0.9797,1.1595,1.1678,1.1679,1.0371,1.0738,1.1227,1.0169,1.0044,1.0986,1.1304,1.1054,0.9802,1.1277,1.2344,1.2111,0.9896,1.2257,0.9967,1.1892,0.9528,0.8985,1.0090,1.1786,0.9911,1.1000,0.9800,0.8643,1.0706,0.9641,1.0209,1.0239,1.1345,1.1286,1.1028,1.1266,0.8592,1.0144,1.0457,1.1070,1.0246,1.0723,0.0000,0.9375,1.1055,1.1527,1.0667,1.1711,1.2031,1.1064,1.0999,1.1994,1.2135,0.9850,1.1674,0.9347,0.9243,0.8746,0.9807,0.8925,1.1197,1.0363,1.0604,1.0698,1.0525,1.0764,0.8856,1.1096,0.9965,1.0756,0.9012,0.9561,1.0338,1.0216,1.2140,1.1206,1.1034,1.4512,0.8806,1.2497,0.8464,1.0619,1.1296,0.8413
eggleston_4,1.0060,0.9165,1.0002,1.1052,1.1761,1.0886,1.2313,1.1139,1.0805,1.2105,1.0100,0.9374,0.9249,0.9836,0.9484,1.0067,1.0702,0.9241,1.2487,1.1419,0.8785,0.9214,1.0356,0.9737,0.9596,0.8476,0.8235,1.1051,0.9622,1.0224,1.0298,0.9359,0.9963,0.9360,1.0689,0.9822,1.0731,1.0788,1.0617,0.9972,0.9974,0.8804,1.0837,1.1457,0.8450,0.9567,0.9315,1.0173,0.8799,0.9360,0.9983,1.0293,0.9162,1.0236,0.9829,0.9357,1.0019,1.1834,0.9438,1.2206,0.8133,0.9238,0.9219,1.1853,0.9095,1.0436,0.9689,0.9419,0.9359,0.9411,1.0337,0.9336,1.0278,1.1533,1.0934,1.0287,0.9733,1.0568,1.1023,1.1303,0.9163,0.8228,0.9375,0.0000,1.0681,1.1863,1.0312,1.0148,1.1088,1.1504,1.1211,1.1963,1.1339,0.9945,1.1051,0.9876,0.9126,0.9348,0.9787,0.8831,1.0825,0.8526,0.9900,1.0240,0.9692,1.0321,0.9419,1.1498,0.9027,0.9606,1.0098,0.8870,1.1206,1.0624,1.2147,1.0175,1.0188,1.4861,0.8572,1.3298,0.9601,0.9692,1.0539,0.9567
twain_1,0.9646,1.0774,1.1942,1.2720,1.2744,1.2280,1.3163,1.1239,1.2216,1.2520,1.0995,1.0220,1.0760,1.1253,1.1909,1.0866,1.1721,1.0984,1.3699,1.1916,1.0801,1.0449,1.1267,0.9818,1.0609,1.0279,0.9707,1.3220,0.9493,1.0801,1.0363,1.0440,0.9761,0.9670,1.1887,1.1681,1.1590,1.2165,1.1703,1.1174,1.3002,1.1686,1.2561,1.3600,0.9994,1.1562,1.0556,1.1663,1.0234,0.9701,0.9460,1.0082,1.0427,0.9920,1.0859,0.9264,1.0860,0.9746,1.0458,1.0811,0.9661,1.0447,0.9299,1.2549,1.0357,1.0353,1.0778,1.1000,1.1094,1.1356,1.1156,1.0780,0.9966,0.9806,0.9692,0.9761,0.9289,0.9973,0.9670,1.1381,1.0648,1.0489,1.1055,1.0681,0.0000,0.8028,0.8616,1.1579,0.9358,0.9499,0.8570,1.0672,1.1279,1.0328,1.1925,1.1219,1.0168,1.1543,1.1136,1.0434,1.0673,0.8417,0.9928,1.0238,1.0842,1.1435,0.9862,1.1902,1.0473,0.9162,1.0250,0.9529,1.2451,0.9518,1.3907,1.1723,1.1346,1.4598,1.1027,1.3331,1.2171,1.1702,1.1111,1.2091
twain_2,1.0875,1.1265,1.3294,1.3180,1.2475,1.2392,1.3516,1.0310,1.2697,1.1690,1.1195,1.0823,1.1182,1.2123,1.2589,1.1302,1.3566,1.2425,1.5583,1.3850,1.2200,1.2308,1.2446,1.1401,1.2165,1.1031,1.2336,1.4348,1.0139,1.1674,0.9766,1.1790,1.0977,1.1164,1.1683,1.3592,1.2686,1.2521,1.2972,1.2889,1.3374,1.3210,1.4245,1.3730,1.0987,1.2586,1.1744,1.1148,1.1808,1.1657,1.1195,1.0199,1.1455,1.1333,1.2359,1.1688,1.1403,1.0501,1.0929,0.9879,1.0525,1.0844,1.0782,1.3916,1.1327,1.1830,1.2105,1.1851,1.2525,1.2830,1.2340,1.1672,1.1328,0.9309,0.8852,1.0081,1.0266,0.9770,0.9162,1.0189,1.2111,1.1944,1.1527,1.1863,0.8028,0.0000,0.8877,1.2443,0.9529,0.9191,0.8662,0.9403,1.1843,1.0693,1.2148,1.2405,1.1920,1.1860,1.1998,1.1284,1.1737,1.0006,1.0794,1.1922,1.1837,1.3047,1.0996,1.2974,1.1162,1.0861,1.0981,1.0803,1.1125,1.0853,1.3856,1.1922,1.1679,1.6441,1.1294,1.3893,1.2467,1.1611,1.1789,1.2421
twain_3,0.9272,0.9446,1.1082,1.1253,1.1165,1.0803,1.1410,0.9507,1.0019,1.1329,0.9831,0.9494,0.9365,1.0577,1.0747,1.0038,1.0949,1.0936,1.2619,1.1519,1.0234,1.0257,1.0061,1.0112,0.9218,0.8990,0.9735,1.1069,0.8624,0.8796,0.9780,0.9982,1.0195,0.9185,1.0161,0.9858,1.0677,1.0584,1.0449,1.1065,1.0225,1.1037,1.0530,1.0269,0.9792,1.1917,1.0549,1.1102,0.9151,1.0319,0.9475,0.9950,0.9795,0.9392,1.0883,0.9957,0.9358,1.0621,1.0210,1.0698,0.9132,0.8179,0.9785,1.2180,0.9638,0.9947,1.0107,0.9867,1.0954,1.0281,1.1089,0.9926,1.0563,0.9645,0.9746,0.9936,0.8651,0.9675,0.9143,1.0064,1.0719,1.1575,1.0667,1.0312,0.8616,0.8877,0.0000,1.0361,0.9836,0.8662,0.8767,0.9504,1.1396,0.8649,1.0361,1.1367,0.9579,1.0694,0.9638,0.9918,0.9846,0.9382,0.9375,0.9697,0.9946,1.0482,0.8712,1.0774,0.9984,0.8937,0.9433,0.9194,1.1281,0.9765,1.2018,1.0600,1.0731,1.3711,1.0122,1.4227,1.1306,1.0947,1.0757,1.1250
twain_4,1.0591,1.0265,1.0929,1.0095,1.1078,1.1922,1.1527,1.0072,1.0608,1.1304,0.9246,1.0351,0.9169,1.1507,1.1986,1.1058,1.1296,1.1117,1.1804,1.3390,1.0521,1.0418,1.0060,1.1205,0.9544,0.8710,1.0737,1.0657,0.9913,0.9712,1.1341,0.9278,1.1487,1.0414,1.1482,1.0718,1.2141,1.1310,1.1123,1.1632,1.0188,1.1396,1.0399,1.0552,1.0271,1.2676,1.2219,1.1908,1.0406,1.0675,1.1282,1.1678,1.1059,1.2075,1.1605,1.1598,0.9839,1.3210,1.0221,1.3215,1.0345,1.0075,1.1593,1.3396,1.0128,1.1422,1.0485,1.0594,0.9985,1.0944,1.1000,1.0667,1.2013,1.1718,1.1938,1.2187,1.0524,1.1925,1.1849,1.1335,1.2326,1.1929,1.1711,1.0148,1.1579,1.2443,1.0361,0.0000,1.1970,1.1672,1.1762,1.1501,1.1568,1.1089,1.0274,1.2008,1.0283,1.1053,1.0601,1.0758,1.1091,1.0783,1.0881,1.2067,0.9844,1.0103,1.0311,1.1907,1.0740,1.1647,1.0211,1.0042,1.2838,1.1238,1.3368,1.0485,1.0715,1.4848,1.0573,1.5220,1.0985,1.1485,1.0992,1.0950
twain_letters_1,1.0449,1.0351,1.1412,1.1899,1.0329,0.9324,1.0855,0.9142,1.0832,0.9674,0.9628,1.0532,1.1138,1.0978,1.0719,0.9881,1.3243,1.2464,1.5074,1.3311,1.1191,1.0945,1.1885,1.1377,1.1088,1.0767,1.1776,1.1940,0.9973,1.1010,1.0735,1.0738,1.1362,1.0863,0.9931,1.1860,1.3122,1.1727,1.2092,1.2110,1.2175,1.2502,1.2201,1.2606,1.1228,1.2363,1.1234,1.0491,1.1510,1.2322,1.1056,0.9803,1.1003,1.1857,1.2076,1.1070,0.9953,1.0435,1.0482,0.9434,1.1161,1.0145,1.1338,1.3604,1.0637,1.2241,1.1931,1.0483,1.1329,1.0468,1.2336,0.9747,1.1154,1.0414,1.0428,1.1379,1.0293,0.9544,0.9578,0.8477,1.1913,1.0870,1.2031,1.1088,0.9358,0.9529,0.9836,1.1970,0.0000,0.8460,0.8893,0.7858,0.9443,1.0114,0.9962,1.1201,1.0852,1.1159,1.2066,1.1272,1.1057,1.0574,1.1090,1.1720,1.1292,1.1908,1.0170,1.2583,1.1481,0.9914,1.0339,0.9845,1.0057,0.9601,1.1761,1.1486,1.1727,1.5656,1.0448,1.3834,1.1862,1.0373,1.1807,1.1831
twain_letters_2,0.9180,0.9721,1.1549,1.2867,1.0269,1.0205,1.0493,0.9444,1.0886,0.9187,0.9252,1.0727,1.0307,1.1425,1.1381,1.0299,1.2010,1.1007,1.3683,1.2998,1.0548,1.0381,1.0294,1.0189,1.0893,1.0806,1.0697,1.2650,0.9274,1.0534,0.9530,0.9945,1.0357,1.0407,1.1127,1.0831,1.2164,1.1778,1.1328,1.1472,1.1750,1.1426,1.2646,1.2686,0.9575,1.1770,1.1333,1.0537,1.0794,1.0074,0.9894,0.9386,1.0592,1.0150,1.1041,1.0626,1.0149,1.0319,1.0515,0.9525,0.9884,0.8994,0.9827,1.3169,0.9420,1.1534,1.0865,0.9790,1.1373,1.1105,1.1828,1.0342,1.1399,1.1089,0.9184,1.1339,0.9519,0.9249,0.9526,0.9554,1.1922,1.1131,1.1064,1.1504,0.9499,0.9191,0.8662,1.1672,0.8460,0.0000,0.7818,0.8864,0.9408,0.9108,0.9766,1.1428,1.0563,1.1474,1.1263,1.0661,1.0597,1.0609,0.9906,1.0424,0.9562,1.1166,0.9400,1.2023,1.0181,1.0085,0.9774,0.9517,0.9962,0.9644,1.2408,1.0860,1.0861,1.5184,1.0271,1.4245,1.1395,1.0817,1.1071,1.1348
twain_letters_3,1.0863,1.0988,1.3518,1.3288,1.0916,1.0977,1.1371,0.9907,1.0904,1.0808,1.0054,1.0720,1.0511,1.0654,1.0598,1.0617,1.2619,1.2066,1.4222,1.2659,1.1453,1.0908,1.1316,1.0885,1.0833,1.0946,1.0722,1.3186,0.9436,1.1043,1.0037,1.1441,1.0658,1.0220,1.1091,1.1544,1.2407,1.1945,1.2428,1.2332,1.2045,1.2657,1.2917,1.3004,1.0061,1.2190,1.1435,1.0437,1.0410,1.0286,1.0751,1.0180,1.0697,1.0285,1.2315,1.0680,0.9957,0.8365,1.0563,0.9401,0.9557,0.9136,0.9925,1.2819,0.9417,1.0428,1.1003,0.9722,1.1982,1.1439,1.2259,1.0413,1.0610,0.9683,0.8195,1.0449,0.9216,0.8137,0.9532,0.8670,1.1817,1.0699,1.0999,1.1211,0.8570,0.8662,0.8767,1.1762,0.8893,0.7818,0.0000,0.9465,1.0928,0.9548,1.0708,1.0852,1.0696,1.1079,1.0597,1.0768,1.0878,0.9649,0.9905,1.1147,1.0988,1.2096,0.9527,1.1843,1.1173,1.0511,0.9460,1.0737,1.0234,1.0388,1.2973,1.2020,1.2184,1.3947,1.0449,1.3180,1.1198,1.0969,1.2279,1.1151
twain_letters_4,0.9976,1.0566,1.2195,1.2404,0.9208,0.9559,1.0965,0.9720,1.1005,0.9010,0.9266,1.1152,1.0828,1.2226,1.1314,1.0589,1.3616,1.3155,1.5161,1.4006,1.1779,1.1809,1.1848,1.1318,1.2009,1.1632,1.1974,1.2434,1.0371,1.1154,1.0957,1.1022,1.2205,1.1201,1.1100,1.2148,1.3743,1.2142,1.2610,1.3380,1.2312,1.3063,1.2892,1.3423,1.1380,1.3105,1.1406,1.0623,1.1829,1.2205,1.1472,0.9604,1.1505,1.1608,1.3208,1.2932,1.0366,1.1201,1.1129,0.9584,1.1264,1.0018,1.1787,1.3893,1.0455,1.1843,1.2250,1.0357,1.2073,1.0899,1.2807,1.0791,1.2611,1.1449,1.0787,1.2418,1.0920,1.0062,1.0777,0.8746,1.2884,1.1447,1.1994,1.1963,1.0672,0.9403,0.9504,1.1501,0.7858,0.8864,0.9465,0.0000,0.9358,1.0160,1.0167,1.1568,1.1483,1.1925,1.1836,1.2122,1.1747,1.1341,1.1511,1.1666,1.1412,1.1790,1.0590,1.2816,1.1233,1.0285,1.1038,0.9621,0.9635,0.9944,1.1130,1.1547,1.1760,1.6450,1.0328,1.3870,1.1528,1.0797,1.1748,1.1537
lee_1,1.0881,0.9647,1.1758,1.2691,0.9383,0.9508,1.0423,0.9128,1.0295,0.9579,0.8666,1.0797,1.0593,1.1474,1.2055,1.0942,1.3118,1.2118,1.5313,1.3941,1.1241,1.1114,1.1673,1.0430,1.1253,1.1492,1.1172,1.2695,1.0905,1.1382,1.0669,1.0713,1.1919,1.0951,1.0987,1.1693,1.3508,1.2136,1.2755,1.2054,1.1635,1.2642,1.3660,1.2963,1.1094,1.2743,1.1958,1.0997,1.1962,1.1611,1.1417,0.9620,1.0724,1.2432,1.2773,1.2276,1.0629,1.1365,1.1332,1.1128,1.1514,1.0557,1.2001,1.3821,0.9634,1.2301,1.1643,1.0468,1.1992,1.1436,1.2818,1.0805,1.2749,1.1819,1.0754,1.2636,1.0912,1.0214,1.1875,0.9595,1.2433,1.2393,1.2135,1.1339,1.1279,1.1843,1.1396,1.1568,0.9443,0.9408,1.0928,0.9358,0.0000,0.9300,0.8450,1.1405,1.1602,1.2042,1.1624,1.1827,1.2096,1.2381,1.1825,1.2062,1.1773,1.2233,1.0810,1.2435,1.0952,1.1310,1.1277,0.9007,1.0440,1.1221,1.1889,1.0876,1.1115,1.6293,1.0173,1.3284,1.0948,1.0468,1.1271,1.0936
lee_2,0.8429,0.8905,1.0040,1.1881,0.9680,1.0057,1.1281,1.0040,0.8557,0.9737,0.8773,0.9331,0.8737,0.9165,1.0287,0.9150,1.1808,1.0452,1.3463,1.1222,0.9933,1.0321,0.9756,1.0099,0.9754,1.0157,0.9400,1.2257,0.9085,0.9836,1.0166,0.9737,0.9448,0.9332,0.9074,0.9067,1.0651,0.9830,1.1300,1.0444,1.0971,1.0571,1.1047,1.1742,0.8687,1.1466,1.0023,0.9718,0.9378,1.0024,0.9807,0.9132,0.9071,0.9742,1.0681,1.0559,1.0003,1.0861,0.9504,1.1112,0.9039,0.7670,0.9232,1.1347,0.8726,1.0466,0.9625,0.8353,1.0031,0.9620,1.0792,0.7939,1.0365,1.0225,0.9534,1.0852,0.9115,0.9778,1.0581,0.9765,1.0899,1.0757,0.9850,0.9945,1.0328,1.0693,0.8649,1.1089,1.0114,0.9108,0.9548,1.0160,0.9300,0.0000,0.8979,0.9395,0.9012,1.0059,0.9703,0.8935,1.0289,0.9372,0.9661,0.9679,1.0794,1.0952,0.9699,1.0969,0.9453,1.0411,0.8863,0.9280,1.0379,1.0796,1.2214,1.0236,1.0504,1.4555,0.8258,1.2394,0.9747,0.8771,1.0591,0.9692
lee_3,1.0169,0.9501,1.0901,1.0999,0.8570,0.9051,1.0490,0.9279,0.8915,0.8781,0.8388,0.9476,0.9787,1.0945,1.0888,1.0534,1.1982,1.1855,1.4015,1.2837,1.0660,1.0904,1.0710,1.1145,1.0243,1.0121,1.0680,1.0772,0.9538,1.0724,1.0991,1.0399,1.1560,1.0508,1.0118,1.0022,1.2583,1.2042,1.1836,1.1628,1.1215,1.2908,1.2431,1.0935,1.0390,1.3473,1.1314,1.0677,1.0768,1.1357,1.0985,0.9910,1.1253,1.1981,1.3450,1.3172,0.9544,1.1904,1.1286,1.1646,1.0172,0.9265,1.1034,1.2693,0.9072,1.1410,1.1397,1.0201,1.0330,1.0818,1.2065,0.9906,1.3425,1.1980,1.1741,1.2084,0.9740,0.9751,1.1431,1.0250,1.2403,1.2686,1.1674,1.1051,1.1925,1.2148,1.0361,1.0274,0.9962,0.9766,1.0708,1.0167,0.8450,0.8979,0.0000,1.1893,1.0537,1.1450,1.0670,1.0753,1.0190,1.1674,1.1808,1.1673,1.0699,1.1661,0.9709,1.1661,1.0881,1.1012,0.9791,0.9601,1.1567,1.1618,1.1001,1.0430,1.0962,1.5239,0.9940,1.3815,1.1231,1.0220,1.1465,1.1226
lee_4,1.0272,1.1322,1.0826,1.3350,1.2777,1.2040,1.2653,1.1691,1.2012,1.2865,1.0397,0.9597,1.0259,1.0666,1.0735,0.9825,1.1247,0.9984,1.2457,1.1203,1.1651,1.0247,1.1297,1.0229,0.9635,1.0679,0.9556,1.2294,1.0390,1.1229,1.1286,1.1143,1.1065,1.0828,1.1438,1.0688,1.0361,1.0542,1.1105,1.0629,1.1379,1.1259,1.1360,1.2232,0.9794,1.0674,1.0625,1.1615,1.0555,1.0662,1.1051,1.0924,0.9134,1.0142,1.1143,1.0848,1.0358,1.0883,0.9816,1.2644,0.9563,0.8606,0.9636,1.1021,0.9153,1.0151,0.9626,0.8946,1.0792,0.9369,1.0832,1.0322,1.0537,1.1070,1.0302,1.1350,0.9874,1.0279,1.1055,1.0605,1.1234,1.0936,0.9347,0.9876,1.1219,1.2405,1.1367,1.2008,1.1201,1.1428,1.0852,1.1568,1.1405,0.9395,1.1893,0.0000,0.8124,0.8488,0.9319,0.9078,1.1655,0.9587,0.9927,1.0155,1.1232,1.0666,0.9759,1.0509,0.9357,0.9784,1.0721,1.0036,1.0965,1.1574,1.4175,1.2250,1.1794,1.3902,0.9432,1.1940,0.9834,1.0811,1.1956,0.9814
cabell_1,0.9023,0.9994,1.0498,1.1939,1.1506,1.1085,1.2258,1.0582,1.0244,1.2058,0.9536,0.8217,0.8343,0.9856,1.0389,0.9518,0.9763,0.9585,1.1312,0.9645,1.0241,0.9373,0.8957,1.0189,0.8134,0.9051,0.8622,1.1002,0.9045,1.0020,0.9763,0.9285,1.0246,0.9406,1.0501,0.8610,0.9257,0.8818,0.9522,0.9512,0.9814,1.0022,1.0161,1.0875,0.9051,1.0432,1.0624,1.0783,0.8926,0.9304,0.9312,1.1019,0.8748,0.9753,1.0410,0.9732,0.9123,1.0209,1.0109,1.2967,0.8042,0.7225,0.8729,0.9687,0.9201,0.9151,0.9299,0.8656,0.9624,0.9137,0.9337,0.9098,1.1007,1.0879,1.0374,1.0590,0.8317,0.9596,1.0203,1.0766,1.1117,1.1515,0.9243,0.9126,1.0168,1.1920,0.9579,1.0283,1.0852,1.0563,1.0696,1.1483,1.1602,0.9012,1.0537,0.8124,0.0000,0.6845,0.7128,0.6987,0.9577,0.8744,0.8809,0.9359,0.9938,0.9365,0.8468,0.9521,0.9304,0.9490,0.9239,0.9316,1.1944,1.0634,1.2971,1.1036,1.1019,1.2775,0.9257,1.2610,0.9775,1.0180,1.1053,0.9734
cabell_2,0.9443,0.9695,1.1466,1.3175,1.2033,1.2006,1.2398,1.0737,1.0582,1.2225,0.9807,0.9610,0.9140,0.9801,1.0306,1.0190,1.0773,0.9979,1.1930,1.1102,1.0370,0.9271,0.9830,1.0079,0.9720,1.0092,0.9528,1.1647,0.9749,1.1046,1.0003,1.0240,1.1037,0.9892,1.1222,1.0347,1.0310,1.0433,0.9951,0.9701,1.0179,1.0806,1.0894,1.1176,1.0149,1.1677,1.0291,1.1090,1.0001,1.0911,1.0319,1.1781,1.0205,1.1212,1.1255,1.0828,0.9738,1.0966,0.9594,1.3357,0.8798,0.8861,0.9904,1.0983,0.9856,1.0814,0.9723,0.9175,1.0325,0.9193,1.0265,1.0058,1.0124,1.0574,1.0899,1.0720,0.9817,0.9767,1.0990,1.0850,1.1161,1.1095,0.8746,0.9348,1.1543,1.1860,1.0694,1.1053,1.1159,1.1474,1.1079,1.1925,1.2042,1.0059,1.1450,0.8488,0.6845,0.0000,0.7295,0.6026,0.9949,0.9130,0.9215,0.9306,0.9248,0.8963,0.7878,1.0113,0.9422,0.8723,0.9909,1.0076,1.1544,1.1129,1.2435,1.1270,1.1370,1.4122,0.9027,1.3112,0.9167,1.0440,1.1276,0.9137
cabell_3,0.9790,1.0088,1.0590,1.2039,1.1200,1.1768,1.1751,1.0389,0.9649,1.1917,0.9070,0.9133,0.9165,1.0972,1.0115,1.0604,0.9475,0.9076,1.1462,0.9421,1.0511,0.8831,0.9428,0.9755,0.9357,0.9201,0.8267,1.1522,0.9467,0.9355,0.9646,0.9754,1.0224,0.9490,1.0641,0.8988,0.8783,0.9618,1.0425,1.0210,1.0299,1.0162,1.0515,1.0140,0.9264,1.1151,1.0329,1.1245,0.7761,0.8991,0.9563,1.0650,0.9362,1.0114,1.0922,1.0176,0.9257,1.0026,1.0209,1.3499,0.8199,0.8020,0.9999,0.9154,0.8979,0.9037,0.9381,0.8840,0.9714,0.9360,0.8436,0.9210,1.1387,1.1872,1.0987,1.1252,0.9847,1.0274,1.1695,1.1573,1.1294,1.1794,0.9807,0.9787,1.1136,1.1998,0.9638,1.0601,1.2066,1.1263,1.0597,1.1836,1.1624,0.9703,1.0670,0.9319,0.7128,0.7295,0.0000,0.6360,0.8478,0.9024,0.7837,0.8373,1.0257,0.8683,0.8255,0.8719,0.9245,0.9551,0.9371,0.9534,1.2107,1.0912,1.2076,1.0161,1.0340,1.1804,0.9671,1.3712,1.0055,1.0551,1.0222,1.0009
cabell_4,0.9116,0.9075,1.0462,1.1868,1.2365,1.0900,1.1670,1.0861,1.0017,1.1537,0.8955,0.8208,0.8592,0.9846,1.0182,0.9702,0.9066,0.8141,1.1080,0.9081,0.9671,0.8254,0.9047,0.9018,0.8497,0.8866,0.8240,1.0914,0.9179,0.9888,0.9721,0.9753,0.9115,0.9121,1.0669,0.8937,0.8554,0.9159,0.9158,0.8899,1.0310,0.9921,1.0173,1.0815,0.8712,1.0318,0.9769,1.0024,0.7760,0.8877,0.9529,1.0673,0.8115,0.8820,1.0271,0.9059,0.9679,1.0099,0.8229,1.2714,0.7483,0.7990,0.8386,0.8632,0.9363,0.9409,0.8441,0.8324,0.8863,0.8639,0.8238,0.9242,0.9697,1.0797,0.9760,0.9284,0.8922,1.0067,1.0195,1.0646,1.0630,1.0910,0.8925,0.8831,1.0434,1.1284,0.9918,1.0758,1.1272,1.0661,1.0768,1.2122,1.1827,0.8935,1.0753,0.9078,0.6987,0.6026,0.6360,0.0000,0.8896,0.8333,0.7653,0.8054,0.9153,0.8857,0.8067,0.8491,0.8475,0.7632,0.8824,0.8721,1.1606,1.0576,1.3023,1.1167,1.0881,1.2756,0.9598,1.2789,1.0132,1.0541,1.0911,1.0084
christian_1,0.9634,0.9493,1.0840,1.1917,1.1190,1.1133,1.1358,1.0998,0.9837,1.1856,0.8917,0.9002,0.9669,1.1188,1.0562,1.0564,1.0105,0.9302,1.1641,0.9918,1.0628,0.9062,0.8844,0.9262,0.8627,0.9673,0.8213,1.1425,0.9031,1.0005,0.9760,0.9128,1.0527,1.0259,1.1016,0.9733,0.9647,1.1834,1.0914,1.0400,1.0466,1.1672,1.0335,1.1360,0.9660,1.1644,1.0417,1.1017,0.8822,0.9398,0.9998,1.0626,1.0081,0.9686,1.0920,0.9922,0.9148,1.1167,0.9094,1.2180,0.8046,0.8833,0.9212,0.9621,0.9500,0.9304,0.9846,0.9207,1.0266,0.8762,0.8663,0.8851,1.1493,1.0956,1.1220,1.1843,1.0488,1.0241,1.0722,1.0751,1.2084,1.1508,1.1197,1.0825,1.0673,1.1737,0.9846,1.1091,1.1057,1.0597,1.0878,1.1747,1.2096,1.0289,1.0190,1.1655,0.9577,0.9949,0.8478,0.8896,0.0000,0.8921,0.9074,0.7994,0.9723,0.9247,0.8907,0.8620,1.0009,0.8759,0.9137,0.8811,1.1836,0.9447,1.2079,1.0222,1.0291,1.2605,0.8971,1.2382,1.0038,0.9765,1.0102,1.0004
christian_2,1.0021,1.0402,1.1516,1.2774,1.2253,1.1301,1.1834,1.1056,1.0736,1.1984,1.0282,0.9017,0.8906,1.0616,1.1072,0.9276,0.9781,0.8017,1.1855,0.9363,1.0622,0.9350,1.0110,0.9689,0.9262,0.8500,0.9200,1.2086,0.9782,1.0000,0.9826,0.9933,0.8891,0.9086,1.1351,0.8963,0.8540,0.9644,0.9574,0.9229,1.0385,1.0097,1.0535,1.1828,0.9298,1.0294,0.9965,1.0660,0.8328,0.9092,0.9188,0.9656,0.8979,0.8323,0.9280,0.8025,1.0070,0.9773,0.9713,1.2782,0.7546,0.8554,0.7744,0.9121,0.9745,0.9238,0.8824,0.9505,0.9432,0.9455,0.8706,0.9287,0.8139,1.0654,1.0337,0.9497,0.9315,0.9538,1.0458,1.1326,0.9955,0.9835,1.0363,0.8526,0.8417,1.0006,0.9382,1.0783,1.0574,1.0609,0.9649,1.1341,1.2381,0.9372,1.1674,0.9587,0.8744,0.9130,0.9024,0.8333,0.8921,0.0000,0.6048,0.6140,0.9312,0.9305,0.8737,0.9442,0.9095,0.8485,0.9126,0.9192,1.1687,1.0282,1.3697,1.0744,1.0534,1.2200,1.0215,1.3488,1.0542,1.1074,1.0390,1.0450
christian_3,1.0117,1.0157,1.1017,1.2091,1.1977,1.1050,1.1676,1.1491,0.9503,1.1131,0.9720,0.8277,0.8157,1.0204,1.0093,0.9455,0.9293,0.8033,1.1074,0.9495,1.0605,0.9113,0.9478,0.8412,0.8693,0.8577,0.8902,1.2202,1.0153,1.0656,0.9794,1.0369,0.8466,0.8705,1.1318,0.9085,0.8276,0.9171,0.9232,0.9237,1.0387,0.9701,1.0449,1.1117,0.8678,0.9863,0.9786,1.0838,0.7972,0.8694,0.7699,1.0325,0.7848,0.7944,0.8726,0.8114,1.0899,1.0040,0.9894,1.2270,0.6885,0.7651,0.8146,0.8832,0.9954,0.8206,0.7882,0.9040,0.9620,0.8799,0.7744,0.8769,0.9239,1.0772,0.9482,1.0207,0.9683,1.0268,1.0265,1.0715,1.0273,1.0122,1.0604,0.9900,0.9928,1.0794,0.9375,1.0881,1.1090,0.9906,0.9905,1.1511,1.1825,0.9661,1.1808,0.9927,0.8809,0.9215,0.7837,0.7653,0.9074,0.6048,0.0000,0.5850,0.9606,0.9403,0.8639,0.8903,0.8528,0.7670,0.8651,0.8907,1.1049,1.0006,1.3384,1.0735,1.0452,1.2335,1.0727,1.3356,1.0673,1.1558,1.0312,1.0589
christian_4,1.0274,0.9943,1.1564,1.2284,1.1523,1.0638,1.1475,1.0941,1.0334,1.0782,1.0162,0.9368,0.8681,1.0495,1.0764,1.0056,0.9224,0.8177,1.1120,0.9219,1.0743,1.0156,0.9925,0.8542,0.8584,0.9070,0.8879,1.2138,1.0375,1.0493,1.1123,0.9851,0.9638,0.9219,1.0725,0.8810,0.8454,0.9849,0.8915,0.9483,1.0983,1.1101,1.0582,1.1341,0.9001,1.1414,1.0434,1.0675,0.8517,0.9531,0.8954,1.0018,0.9113,0.8691,0.9956,0.8833,1.0641,1.0098,1.0316,1.2558,0.7586,0.8380,0.8942,0.8831,0.9853,0.8907,0.8487,0.9355,0.9699,0.8361,0.8131,0.8791,1.0565,1.0681,1.0784,1.1164,0.9962,1.0474,1.1004,1.1320,1.0879,1.1331,1.0698,1.0240,1.0238,1.1922,0.9697,1.2067,1.1720,1.0424,1.1147,1.1666,1.2062,0.9679,1.1673,1.0155,0.9359,0.9306,0.8373,0.8054,0.7994,0.6140,0.5850,0.0000,0.9564,0.9551,0.8392,0.9245,0.9568,0.7492,0.9843,0.8758,1.1218,1.0558,1.3575,1.0547,1.0582,1.2516,1.0236,1.3117,1.0501,1.1097,1.0416,1.0405
pollock_1,0.9739,0.8718,1.0308,1.1301,1.0689,0.9906,1.0298,0.9728,0.9601,1.0575,0.9258,0.9660,0.9323,1.1146,1.0354,1.0060,0.9564,0.9681,1.1046,1.0688,0.9975,0.9459,0.8573,0.9635,0.8716,0.8753,0.9291,1.0997,0.9416,0.9439,1.0677,0.9017,1.0277,0.9394,1.1607,0.9699,0.9547,1.1155,0.9166,0.9426,1.0397,0.9844,0.9872,1.0411,0.9040,1.0759,1.1000,1.0825,0.9724,1.0149,0.9889,1.1068,0.9449,1.0275,1.0713,1.0468,0.9428,1.1425,1.0168,1.1265,0.8596,0.8967,1.0836,1.0861,0.9229,1.0493,1.0339,1.0564,0.9515,0.8850,0.9204,0.9403,1.0943,1.1428,1.1532,1.0931,1.0079,1.0944,1.1004,1.1505,1.1747,1.0601,1.0525,0.9692,1.0842,1.1837,0.9946,0.9844,1.1292,0.9562,1.0988,1.1412,1.1773,1.0794,1.0699,1.1232,0.9938,0.9248,1.0257,0.9153,0.9723,0.9312,0.9606,0.9564,0.0000,0.8976,0.7276,0.9483,1.0723,1.0049,0.9423,0.8402,1.0904,0.9626,1.2491,1.0453,1.0508,1.3174,1.0448,1.4151,1.0562,1.1052,1.0671,1.0526
pollock_2,0.9772,0.9648,1.0457,1.1952,1.1445,1.1735,1.1600,1.0905,1.0330,1.1528,0.9492,0.9882,0.9454,1.0704,1.0989,1.0504,0.8410,0.8503,0.9322,0.9713,0.9588,0.9383,0.8769,0.9606,0.8321,0.9321,0.9834,1.0766,1.0155,0.9717,1.0595,0.8669,1.0499,0.9591,1.1614,0.8326,0.8679,1.0727,0.9551,0.9336,0.9057,0.9290,0.7917,0.9527,0.9866,1.1053,1.1178,1.1577,0.7914,0.9174,1.0366,1.1153,1.0061,0.9901,1.0264,0.9831,0.9408,1.1663,0.9098,1.3337,0.8200,0.9442,1.0393,0.9870,0.9923,0.9662,0.9975,0.9537,0.9282,0.9247,0.7799,0.9903,1.0538,1.2390,1.2303,1.2061,1.1097,1.1861,1.2345,1.1985,1.0748,1.1311,1.0764,1.0321,1.1435,1.3047,1.0482,1.0103,1.1908,1.1166,1.2096,1.1790,1.2233,1.0952,1.1661,1.0666,0.9365,0.8963,0.8683,0.8857,0.9247,0.9305,0.9403,0.9551,0.8976,0.0000,0.9043,0.9078,1.0419,1.0120,0.9474,0.9353,1.2761,1.0069,1.2796,1.0689,1.0647,1.2393,0.9786,1.3205,1.0316,1.0889,1.0669,1.0260
pollock_3,0.8706,0.9360,1.0494,1.0687,1.1130,1.0276,0.9786,0.9053,0.9384,1.0361,0.8748,0.8581,0.9126,0.9928,0.9544,0.9021,0.9795,0.9376,1.1151,1.0046,1.0342,0.8519,0.8332,0.9060,0.7962,0.8690,0.8532,1.0321,0.9217,0.9604,0.9662,0.9193,0.9967,0.8917,1.1121,0.9522,0.9331,1.0447,0.8604,0.9118,0.9010,1.0551,1.0215,1.1089,0.8769,1.0641,1.0299,1.0276,0.9040,0.9357,0.9608,0.9764,0.8749,0.9380,1.0169,0.9422,0.8096,1.0135,0.9915,1.2171,0.8950,0.8536,0.9291,1.0370,0.9076,0.9891,0.9437,0.8623,0.9300,0.8913,0.8992,0.9249,0.9716,1.0540,1.0711,1.0414,0.9414,0.9575,1.0166,1.0340,1.0683,1.0276,0.8856,0.9419,0.9862,1.0996,0.8712,1.0311,1.0170,0.9400,0.9527,1.0590,1.0810,0.9699,0.9709,0.9759,0.8468,0.7878,0.8255,0.8067,0.8907,0.8737,0.8639,0.8392,0.7276,0.9043,0.0000,0.9622,0.8950,0.8511,0.9144,0.8672,1.0430,0.9406,1.0978,1.0161,1.0141,1.2756,0.8885,1.2591,0.9027,1.0069,0.9969,0.8973
pollock_4,1.1244,1.0355,1.1611,1.1772,1.2430,1.1684,1.1997,1.1907,0.9474,1.1342,0.9935,1.0076,1.0258,1.1574,1.1543,1.0275,0.9016,0.9535,1.0336,0.5371,1.1044,0.9562,0.9240,1.0150,0.9198,0.9854,0.9851,1.1496,1.0925,1.1058,1.1842,1.1031,0.9661,0.9778,1.1279,0.8076,0.6398,1.1023,1.0174,1.1092,1.1746,1.2420,1.1369,1.1829,1.0235,1.1801,1.1619,1.2057,0.8943,1.0204,1.0561,1.2238,0.9629,1.0504,1.1771,1.1339,1.0785,0.8873,1.1125,1.2553,0.8658,0.9095,0.9940,0.5245,0.9868,0.9710,0.8854,0.9445,1.0016,0.9382,0.8307,0.8803,1.2068,1.2477,1.1942,1.1561,1.0794,1.0512,1.0765,1.0849,1.2559,1.2416,1.1096,1.1498,1.1902,1.2974,1.0774,1.1907,1.2583,1.2023,1.1843,1.2816,1.2435,1.0969,1.1661,1.0509,0.9521,1.0113,0.8719,0.8491,0.8620,0.9442,0.8903,0.9245,0.9483,0.9078,0.9622,0.0000,1.1102,1.0068,0.9317,1.0068,1.2513,1.1004,1.3832,1.1564,1.1541,0.9051,1.1139,1.3127,1.1658,1.1297,1.1508,1.1625
shsp_1,0.8777,1.0219,0.9762,1.1710,1.2046,1.1403,1.1126,1.0505,1.0642,1.1973,1.0032,0.9172,0.9797,1.0998,1.0600,0.9373,1.1068,0.8841,1.3001,1.1178,0.9941,0.9095,1.0109,0.9558,0.9594,0.9376,0.8380,1.2280,0.9765,1.0896,0.9393,0.9164,0.9531,1.0126,1.1228,0.9673,1.0712,0.9529,0.9820,0.9533,1.0692,1.0362,1.1292,1.1092,0.8764,1.0709,1.0113,1.1078,0.8770,0.8621,0.9075,1.0098,0.9249,0.8768,1.0045,0.9058,0.9877,1.1531,0.9916,1.2463,0.8415,0.8276,0.9045,1.1692,0.9398,0.9324,0.9453,0.9602,0.9497,0.9778,0.9972,1.0143,0.9414,1.1216,0.9671,1.0345,0.9002,1.0086,0.9898,1.1117,1.0136,0.9791,0.9965,0.9027,1.0473,1.1162,0.9984,1.0740,1.1481,1.0181,1.1173,1.1233,1.0952,0.9453,1.0881,0.9357,0.9304,0.9422,0.9245,0.8475,1.0009,0.9095,0.8528,0.9568,1.0723,1.0419,0.8950,1.1102,0.0000,0.8499,0.9770,0.8867,1.1191,1.0878,1.2653,1.0652,1.0283,1.4401,0.9419,1.3124,1.0332,1.0973,1.0267,1.0311
shsp_2,1.0386,1.0658,1.1245,1.3311,1.1512,1.0756,1.0463,0.9977,1.0518,1.1577,1.0223,0.8828,0.9418,0.9780,1.0084,0.9553,0.9697,0.8532,1.2078,1.0449,1.0783,0.9323,1.0915,0.8498,0.9471,0.9199,0.9329,1.2408,1.0028,1.0477,1.0524,1.0649,0.8969,0.9054,1.0747,0.9550,1.0219,0.8812,0.9135,0.9241,1.0636,1.0487,1.0928,1.1747,0.9341,1.0471,0.8987,1.0398,0.8855,0.9392,0.9097,0.9764,0.9314,0.8474,0.9344,0.9028,1.0249,1.0072,0.9593,1.1193,0.8353,0.8700,0.8910,1.0275,1.0283,0.9271,0.8872,0.8753,0.9955,0.8764,0.9841,0.9324,0.9730,1.0099,0.9783,0.9482,0.9982,0.9946,0.9156,1.0100,1.1359,1.0404,1.0756,0.9606,0.9162,1.0861,0.8937,1.1647,0.9914,1.0085,1.0511,1.0285,1.1310,1.0411,1.1012,0.9784,0.9490,0.8723,0.9551,0.7632,0.8759,0.8485,0.7670,0.7492,1.0049,1.0120,0.8511,1.0068,0.8499,0.0000,0.8982,0.7601,1.1453,1.0392,1.2874,1.0889,1.0610,1.3486,1.0254,1.3119,1.1282,1.1016,1.0549,1.1220
shsp_3,0.9649,0.9206,1.0107,1.1588,1.0342,1.0309,1.0569,0.9562,0.8066,1.0513,0.8172,0.7856,0.9032,0.8498,0.8853,0.8222,1.0329,0.9921,1.1647,1.0018,1.0702,0.9894,1.0368,0.9743,0.9894,0.9067,1.0014,1.0401,0.9689,1.0271,1.0764,0.9849,1.0022,0.8886,1.0480,0.9655,1.0082,0.9854,1.0184,1.0689,1.0375,1.0575,0.9962,1.1726,0.9314,1.0947,1.0330,0.8791,0.9456,0.9666,0.9551,0.9962,1.0000,0.9032,1.0484,0.9884,1.0146,1.0764,0.9139,1.0761,0.8501,0.8209,0.8978,0.9805,0.9199,0.8378,0.8443,0.8138,0.9539,0.8211,0.9181,0.8144,1.1076,1.0618,0.9725,1.0202,0.9756,0.8572,0.9364,0.9864,1.1886,1.0618,0.9012,1.0098,1.0250,1.0981,0.9433,1.0211,1.0339,0.9774,0.9460,1.1038,1.1277,0.8863,0.9791,1.0721,0.9239,0.9909,0.9371,0.8824,0.9137,0.9126,0.8651,0.9843,0.9423,0.9474,0.9144,0.9317,0.9770,0.8982,0.0000,0.8600,1.0848,0.8952,1.2104,1.0134,1.0349,1.3678,0.9680,1.2111,1.0172,1.0336,1.0341,1.0135
shsp_4,0.9230,0.8247,0.9201,1.1421,0.9751,0.8868,0.9333,0.8483,0.8699,0.9003,0.7998,0.7840,0.8442,0.8961,0.9749,0.9103,0.9634,0.8674,1.1842,0.9964,0.9530,0.8609,0.9901,0.7592,0.8499,0.7794,0.7769,1.0978,0.9951,0.9029,0.9341,0.9276,0.7949,0.8036,0.9560,0.8804,0.9394,0.8995,0.8538,0.8996,0.9721,0.9607,1.0323,0.9588,0.8502,0.9300,0.8990,0.9881,0.7470,0.7863,0.7924,0.8194,0.8172,0.8354,0.9283,0.9158,0.9775,0.9840,0.9518,1.0330,0.7676,0.6785,0.9182,1.0573,0.8345,0.9408,0.8583,0.8628,0.9457,0.8622,0.8695,0.8161,1.0854,0.9856,0.9920,1.0391,0.8753,0.8858,0.9340,0.9586,1.1043,1.0081,0.9561,0.8870,0.9529,1.0803,0.9194,1.0042,0.9845,0.9517,1.0737,0.9621,0.9007,0.9280,0.9601,1.0036,0.9316,1.0076,0.9534,0.8721,0.8811,0.9192,0.8907,0.8758,0.8402,0.9353,0.8672,1.0068,0.8867,0.7601,0.8600,0.0000,1.0278,0.7923,1.1491,0.8830,0.8863,1.2705,0.9739,1.1618,1.0553,1.0382,0.9052,1.0524
poe_goldbug_1,1.0767,1.1299,1.2808,1.3763,1.0576,0.9001,1.0361,0.9396,1.1361,0.9674,0.9788,0.9998,1.0152,1.1049,1.0830,1.0556,1.2834,1.1161,1.3849,1.2870,1.1778,1.0770,1.1010,1.0187,1.1350,1.0632,1.2561,1.3453,1.0398,1.1810,1.0990,1.0459,1.0796,1.0379,1.1303,1.1733,1.3157,1.2531,1.0831,1.1643,1.1073,1.2727,1.1414,1.2956,1.0963,1.2535,1.1703,1.0568,1.1786,1.1704,1.1666,0.9927,1.0649,1.1636,1.2351,1.2023,1.0385,1.0595,1.0711,0.8618,1.1078,1.0503,1.2678,1.3028,1.0229,1.2237,1.1520,1.0105,1.2584,1.1178,1.2440,1.1230,1.3248,1.1250,0.9701,1.2424,0.9892,0.9253,1.0282,0.8134,1.2188,1.1971,1.0338,1.1206,1.2451,1.1125,1.1281,1.2838,1.0057,0.9962,1.0234,0.9635,1.0440,1.0379,1.1567,1.0965,1.1944,1.1544,1.2107,1.1606,1.1836,1.1687,1.1049,1.1218,1.0904,1.2761,1.0430,1.2513,1.1191,1.1453,1.0848,1.0278,0.0000,0.9314,1.1316,1.1666,1.1862,1.5768,1.0025,1.3672,1.0898,1.1026,1.2008,1.0907
poe_goldbug_2,0.9718,0.9558,1.1121,1.1163,1.0948,1.0330,1.0867,0.9538,1.0816,1.0413,0.8909,0.8618,1.0043,1.0534,0.9674,0.9145,1.1415,0.9937,1.2490,1.1121,0.9974,0.9382,0.9816,0.8936,0.9247,0.8826,0.9421,1.1625,1.0047,1.0333,1.0055,0.8956,0.9407,0.8672,1.1236,1.0794,1.0755,1.1754,1.0333,1.1144,1.0518,1.0757,1.0290,1.2087,0.9271,1.0288,1.0589,1.0044,0.9172,0.9703,1.0084,0.9368,1.0050,1.0044,1.0674,1.0562,1.0288,1.0517,0.9677,1.0221,0.8801,0.8910,1.0907,1.1317,0.9317,0.9323,0.9685,0.9424,0.9932,0.8832,0.9268,0.9713,1.1770,1.1999,1.1287,1.1678,0.9527,0.9721,1.0078,0.9613,1.2364,1.0658,1.0216,1.0624,0.9518,1.0853,0.9765,1.1238,0.9601,0.9644,1.0388,0.9944,1.1221,1.0796,1.1618,1.1574,1.0634,1.1129,1.0912,1.0576,0.9447,1.0282,1.0006,1.0558,0.9626,1.0069,0.9406,1.1004,1.0878,1.0392,0.8952,0.7923,0.9314,0.0000,1.1290,0.9551,0.9823,1.4067,0.8913,1.2900,0.9941,0.9727,0.9937,0.9900
poe_letters_1,1.0837,1.1212,1.2456,1.3911,1.0705,1.0754,1.1030,1.1517,1.1129,1.1197,1.0505,1.1335,1.2336,1.2555,1.1583,1.2045,1.5361,1.3710,1.5846,1.3757,1.2793,1.2824,1.3221,1.2050,1.2066,1.2571,1.1999,1.2928,1.2037,1.1865,1.0977,1.2206,1.4148,1.2495,1.1616,1.2722,1.4253,1.4615,1.4442,1.3970,1.1948,1.3633,1.3731,1.3061,1.2749,1.4609,1.3526,1.0369,1.3035,1.4475,1.3536,1.1663,1.3045,1.4275,1.4572,1.4968,1.0440,1.3021,1.2060,1.3411,1.2927,1.1817,1.3226,1.4120,1.1244,1.3010,1.3243,1.0716,1.2096,1.1911,1.2788,1.1472,1.4566,1.3940,1.3964,1.5840,1.3000,1.1983,1.4421,1.1073,1.4236,1.2252,1.2140,1.2147,1.3907,1.3856,1.2018,1.3368,1.1761,1.2408,1.2973,1.1130,1.1889,1.2214,1.1001,1.4175,1.2971,1.2435,1.2076,1.3023,1.2079,1.3697,1.3384,1.3575,1.2491,1.2796,1.0978,1.3832,1.2653,1.2874,1.2104,1.1491,1.1316,1.1290,0.0000,1.2079,1.2427,1.7033,0.9907,1.4953,1.1145,1.0614,1.2584,1.1131
beale_letters,1.0780,0.8479,0.9743,1.1507,1.0406,1.0982,1.1985,1.0185,0.8888,0.9983,0.8852,0.9660,0.9952,1.0794,1.0787,1.1249,1.1801,0.9822,1.3421,1.2114,1.0380,1.0177,1.0782,1.0128,1.0586,0.9538,0.9676,1.1559,1.0079,1.0393,1.0072,0.9744,1.0989,1.0101,1.0645,1.1667,1.1525,1.1383,1.1795,1.1031,1.0744,1.0479,1.1485,1.1141,0.9650,1.1363,1.0086,1.0162,0.9699,0.9820,0.9508,1.0032,1.0507,1.1099,1.1557,1.0776,1.0904,1.3467,1.0215,1.2411,0.9705,0.9810,1.1945,1.2893,0.9661,1.0909,1.0674,1.0334,0.9209,1.0323,0.9612,0.9345,1.2315,1.2108,1.1707,1.3196,1.0605,1.1401,1.1966,1.1177,1.1780,1.1177,1.1206,1.0175,1.1723,1.1922,1.0600,1.0485,1.1486,1.0860,1.2020,1.1547,1.0876,1.0236,1.0430,1.2250,1.1036,1.1270,1.0161,1.1167,1.0222,1.0744,1.0735,1.0547,1.0453,1.0689,1.0161,1.1564,1.0652,1.0889,1.0134,0.8830,1.1666,0.9551,1.2079,0.0000,0.2377,1.4904,0.7712,1.1988,0.9174,0.8708,0.3097,0.9159
beale_letter1,1.0773,0.8624,0.9739,1.1535,1.0786,1.1526,1.2536,1.0460,0.9522,1.0380,0.9444,0.9713,0.9861,1.0888,1.0932,1.1258,1.1917,0.9194,1.3506,1.2007,1.0327,1.0135,1.0857,1.0127,1.0425,0.9695,0.9593,1.1798,1.0074,1.0613,0.9720,0.9913,1.0851,1.0033,1.0966,1.1794,1.1353,1.0992,1.1771,1.0599,1.0492,1.0075,1.1692,1.1176,0.9386,1.0559,0.9726,1.0246,0.9852,0.9812,0.9893,1.0185,1.0405,1.0732,1.1229,1.0522,1.1310,1.3608,0.9987,1.2630,0.9319,0.9922,1.1854,1.2769,0.9990,1.0687,1.0434,1.0235,0.9243,0.9983,0.9540,0.9465,1.1660,1.1741,1.1382,1.2921,1.0675,1.1828,1.1928,1.1505,1.1265,1.0765,1.1034,1.0188,1.1346,1.1679,1.0731,1.0715,1.1727,1.0861,1.2184,1.1760,1.1115,1.0504,1.0962,1.1794,1.1019,1.1370,1.0340,1.0881,1.0291,1.0534,1.0452,1.0582,1.0508,1.0647,1.0141,1.1541,1.0283,1.0610,1.0349,0.8863,1.1862,0.9823,1.2427,0.2377,0.0000,1.4877,0.8095,1.1542,0.9109,0.9056,0.1351,0.9115
beale_b2,1.4551,1.3805,1.5094,1.5575,1.5441,1.5135,1.5197,1.5224,1.2931,1.4406,1.3948,1.3704,1.3056,1.4406,1.4902,1.3862,1.2201,1.2123,1.1702,0.8393,1.4462,1.3374,1.2729,1.3520,1.3075,1.3494,1.3406,1.5447,1.4961,1.4320,1.5260,1.4697,1.2141,1.2258,1.4053,1.1401,1.0045,1.3871,1.2860,1.3931,1.4787,1.5951,1.3992,1.4604,1.3834,1.5641,1.5073,1.5471,1.1169,1.2979,1.3556,1.5250,1.3377,1.3248,1.5556,1.3917,1.2876,1.1659,1.4910,1.6037,1.2425,1.2215,1.3727,0.7852,1.2781,1.2399,1.3483,1.2494,1.3078,1.3018,1.1405,1.1513,1.4812,1.6579,1.6013,1.6045,1.4297,1.3198,1.4613,1.4442,1.5482,1.6210,1.4512,1.4861,1.4598,1.6441,1.3711,1.4848,1.5656,1.5184,1.3947,1.6450,1.6293,1.4555,1.5239,1.3902,1.2775,1.4122,1.1804,1.2756,1.2605,1.2200,1.2335,1.2516,1.3174,1.2393,1.2756,0.9051,1.4401,1.3486,1.3678,1.2705,1.5768,1.4067,1.7033,1.4904,1.4877,0.0000,1.4823,1.6649,1.4878,1.4951,1.4718,1.4835
narrative,0.8915,0.8680,0.9977,1.0926,0.9909,1.0354,1.1543,0.9752,0.9049,1.0767,0.8463,0.8814,0.8869,0.8881,0.9646,0.9294,1.1475,0.9581,1.3042,1.2480,0.9452,0.9267,0.9906,0.9083,0.9217,0.9374,0.8945,1.0673,0.8564,0.9876,0.8254,0.8869,1.1039,0.9695,0.9471,1.0016,1.1589,1.1430,1.1647,1.0574,0.9278,1.0439,1.1079,1.0576,0.9039,1.1145,0.9376,0.8460,0.9956,1.0668,1.0432,1.0115,0.9949,1.1252,1.1067,1.0914,0.8384,1.1705,0.8434,1.1895,0.8871,0.8411,1.0218,1.2499,0.8065,1.0396,0.9645,0.8331,0.8035,0.9030,1.0552,0.9241,1.1023,1.0882,1.0950,1.2035,0.8951,1.0178,1.1258,0.9259,1.0317,1.0084,0.8806,0.8572,1.1027,1.1294,1.0122,1.0573,1.0448,1.0271,1.0449,1.0328,1.0173,0.8258,0.9940,0.9432,0.9257,0.9027,0.9671,0.9598,0.8971,1.0215,1.0727,1.0236,1.0448,0.9786,0.8885,1.1139,0.9419,1.0254,0.9680,0.9739,1.0025,0.8913,0.9907,0.7712,0.8095,1.4823,0.0000,1.0064,0.4375,0.4398,0.8413,0.4361
morriss,1.1877,1.2812,1.2571,1.6227,1.3552,1.3902,1.4326,1.3270,1.2257,1.3399,1.1310,1.1354,1.3099,1.1938,1.3178,1.1584,1.4050,1.2832,1.6038,1.4005,1.3217,1.2827,1.3307,1.2273,1.3325,1.3192,1.2180,1.3646,1.2852,1.3955,1.2036,1.3024,1.4401,1.2911,1.3211,1.4124,1.4032,1.3373,1.4459,1.3499,1.2824,1.3948,1.4318,1.5077,1.2229,1.4427,1.2719,1.2850,1.3327,1.3423,1.2867,1.2814,1.2678,1.3525,1.3778,1.3723,1.3029,1.3550,1.1474,1.4827,1.1691,1.1916,1.2990,1.3872,1.2936,1.3396,1.2570,1.1322,1.3275,1.2183,1.3768,1.2768,1.3288,1.3363,1.3047,1.4973,1.3217,1.3399,1.3209,1.3556,1.3275,1.3416,1.2497,1.3298,1.3331,1.3893,1.4227,1.5220,1.3834,1.4245,1.3180,1.3870,1.3284,1.2394,1.3815,1.1940,1.2610,1.3112,1.3712,1.2789,1.2382,1.3488,1.3356,1.3117,1.4151,1.3205,1.2591,1.3127,1.3124,1.3119,1.2111,1.1618,1.3672,1.2900,1.4953,1.1988,1.1542,1.6649,1.0064,0.0000,1.0883,1.0527,1.1648,1.0894
narrative_A,1.0082,0.9441,1.1659,1.1553,1.0966,1.1564,1.2088,1.0690,1.0330,1.1428,0.9582,0.9081,0.9033,1.0013,1.0124,1.0022,1.2100,1.0036,1.3282,1.2974,1.0415,1.0687,1.0848,0.9956,1.0088,1.0256,0.9322,1.1337,0.9439,1.0806,0.9435,0.9811,1.1821,1.0289,1.0826,1.1204,1.2284,1.1982,1.2106,1.0644,0.9825,1.1310,1.1576,1.1303,1.0204,1.1861,1.0861,1.0121,1.1336,1.1505,1.1310,1.0990,1.0547,1.1448,1.1270,1.1155,0.8721,1.2334,0.9424,1.2266,0.9244,0.9270,1.1225,1.2607,0.9966,1.1290,1.0184,0.8799,0.9307,0.9801,1.0754,1.0467,1.1473,1.1721,1.2121,1.2686,1.0156,1.1518,1.2147,1.0791,1.0994,1.0668,0.8464,0.9601,1.2171,1.2467,1.1306,1.0985,1.1862,1.1395,1.1198,1.1528,1.0948,0.9747,1.1231,0.9834,0.9775,0.9167,1.0055,1.0132,1.0038,1.0542,1.0673,1.0501,1.0562,1.0316,0.9027,1.1658,1.0332,1.1282,1.0172,1.0553,1.0898,0.9941,1.1145,0.9174,0.9109,1.4878,0.4375,1.0883,0.0000,0.8773,0.9294,0.0174
narrative_B,0.9764,0.9370,1.0413,1.1812,1.0241,1.0730,1.2240,1.0259,0.9482,1.1275,0.8964,1.0146,1.0241,0.9609,1.0529,0.9856,1.1879,1.0650,1.3694,1.2481,1.0252,0.9571,1.0407,1.0229,0.9867,1.0521,1.0482,1.1009,0.9713,1.0716,0.8991,0.9953,1.1836,1.0652,1.0090,1.1174,1.2097,1.2468,1.2734,1.2340,1.0133,1.1513,1.2103,1.1296,0.9505,1.1692,1.0265,0.8968,1.0703,1.1701,1.1349,1.1192,1.0955,1.2586,1.2655,1.1814,0.9743,1.2141,0.9344,1.2697,0.9874,0.9694,1.0697,1.2946,0.8739,1.1065,1.0763,0.9332,0.8690,0.9939,1.1154,0.9497,1.2291,1.1767,1.1582,1.2669,0.9862,1.0687,1.1710,0.9816,1.0978,1.1145,1.0619,0.9692,1.1702,1.1611,1.0947,1.1485,1.0373,1.0817,1.0969,1.0797,1.0468,0.8771,1.0220,1.0811,1.0180,1.0440,1.0551,1.0541,0.9765,1.1074,1.1558,1.1097,1.1052,1.0889,1.0069,1.1297,1.0973,1.1016,1.0336,1.0382,1.1026,0.9727,1.0614,0.8708,0.9056,1.4951,0.4398,1.0527,0.8773,0.0000,0.9431,0.8759
beale_letters_2000,1.0950,0.8928,0.9859,1.1773,1.1210,1.1929,1.3052,1.0814,0.9739,1.0606,0.9675,0.9908,0.9855,1.1041,1.0905,1.1291,1.1840,0.9276,1.3703,1.1821,1.0749,1.0147,1.0963,1.0302,1.0393,0.9887,0.9392,1.1995,1.0546,1.0841,1.0047,1.0328,1.0892,1.0290,1.1202,1.2037,1.1293,1.0898,1.1894,1.0756,1.0467,0.9879,1.1712,1.1496,0.9398,1.0786,0.9705,1.0456,0.9854,0.9748,0.9801,1.0254,1.0518,1.0523,1.1099,1.0359,1.1330,1.3571,1.0413,1.2866,0.9506,1.0035,1.1765,1.2608,1.0387,1.0566,1.0586,1.0227,0.9446,1.0180,0.9457,0.9623,1.1525,1.1762,1.1631,1.3018,1.0865,1.1859,1.2194,1.1905,1.1632,1.0589,1.1296,1.0539,1.1111,1.1789,1.0757,1.0992,1.1807,1.1071,1.2279,1.1748,1.1271,1.0591,1.1465,1.1956,1.1053,1.1276,1.0222,1.0911,1.0102,1.0390,1.0312,1.0416,1.0671,1.0669,0.9969,1.1508,1.0267,1.0549,1.0341,0.9052,1.2008,0.9937,1.2584,0.3097,0.1351,1.4718,0.8413,1.1648,0.9294,0.9431,0.0000,0.9265
narrative_2000,1.0066,0.9389,1.1657,1.1516,1.0969,1.1548,1.2077,1.0689,1.0266,1.1372,0.9524,0.9065,0.8987,0.9976,1.0086,0.9977,1.2086,1.0025,1.3221,1.2934,1.0405,1.0635,1.0759,0.9870,1.0047,1.0222,0.9287,1.1321,0.9385,1.0760,0.9426,0.9769,1.1801,1.0279,1.0823,1.1178,1.2248,1.1972,1.2071,1.0633,0.9780,1.1304,1.1531,1.1272,1.0184,1.1849,1.0797,1.0108,1.1251,1.1465,1.1261,1.0937,1.0509,1.1372,1.1219,1.1098,0.8709,1.2303,0.9391,1.2233,0.9144,0.9224,1.1113,1.2559,0.9945,1.1228,1.0126,0.8783,0.9295,0.9751,1.0693,1.0447,1.1398,1.1673,1.2067,1.2604,1.0107,1.1472,1.2136,1.0751,1.0907,1.0638,0.8413,0.9567,1.2091,1.2421,1.1250,1.0950,1.1831,1.1348,1.1151,1.1537,1.0936,0.9692,1.1226,0.9814,0.9734,0.9137,1.0009,1.0084,1.0004,1.0450,1.0589,1.0405,1.0526,1.0260,0.8973,1.1625,1.0311,1.1220,1.0135,1.0524,1.0907,0.9900,1.1131,0.9159,0.9115,1.4835,0.4361,1.0894,0.0174,0.8759,0.9265,0.0000
