pool,id,source,date,words,status,heading
lincoln_pre1860,basler-I-0001,Basler vol. I,1830-05-26,147,dropped: signed only (DS),Petition to Macon County Commissioners7 Court
lincoln_pre1860,basler-I-0002,Basler vol. I,1830-12-16,101,kept,Appraisal of an Estray
lincoln_pre1860,basler-I-0003,Basler vol. I,1830,87,dropped: signed only (DS),Petition to Sangamon County Commissioners
lincoln_pre1860,basler-I-0004,Basler vol. I,1831-11-12,171,kept,Document Drawn for James Eastep
lincoln_pre1860,basler-I-0005,Basler vol. I,1832-01,60,kept,Bill of Sale Drawn for John Ferguson
lincoln_pre1860,basler-I-0006,Basler vol. I,1832,33,kept,Draft Drawn on James Rutledge
lincoln_pre1860,basler-I-0007,Basler vol. I,1832-03-09,323,kept,Communication to the People of Sangamo County
lincoln_pre1860,basler-I-0008,Basler vol. I,1832-03-26,16,kept,Receipt to William Harriett
lincoln_pre1860,basler-I-0009,Basler vol. I,1832-04-21,21,kept,Receipt to William Sampson
lincoln_pre1860,basler-I-0010,Basler vol. I,1832-04-28,442,kept,Receipt for Arms
lincoln_pre1860,basler-I-0011,Basler vol. I,1832-09-20,140,kept,Election Return
lincoln_pre1860,basler-I-0012,Basler vol. I,1832-10-30,51,kept,"Promissory Note to James D, Henry"
lincoln_pre1860,basler-I-0013,Basler vol. I,1832-11-05,244,kept,Election Return
lincoln_pre1860,basler-I-0014,Basler vol. I,1833,21,kept,Bill for Surveying
lincoln_pre1860,basler-I-0015,Basler vol. I,1833,30,kept,Statement of James Eastep's Accoimt
lincoln_pre1860,basler-I-0016,Basler vol. I,1833-01-31,191,kept,Bond of David Rutledge
lincoln_pre1860,basler-I-0017,Basler vol. I,1833-02-04,77,dropped: signed only (DS),Petition to the County Commissioners' Court
lincoln_pre1860,basler-I-0018,Basler vol. I,1833-02-09,153,kept,Petition to County Commissioners Concerning Benjamin Elmer e
lincoln_pre1860,basler-I-0019,Basler vol. I,1833-07-26,282,kept,Deed Drawn for Jesse and Christiana Baker
lincoln_pre1860,basler-I-0020,Basler vol. I,1833-08-10,170,kept,To Eli C. Blankenship
lincoln_pre1860,basler-I-0021,Basler vol. I,1833-09-28,51,kept,Letter Written for James Eastep
lincoln_pre1860,basler-I-0022,Basler vol. I,1833-10-19,49,kept,Promissory Note to Reuben Radford
lincoln_pre1860,basler-I-0023,Basler vol. I,1833-10-25,90,dropped: signed only (DS),Appraisal of New Salem Lots Owned by Henry Sinco
lincoln_pre1860,basler-I-0024,Basler vol. I,1834,145,kept,Certificate of Survey for Russell Godbey
lincoln_pre1860,basler-I-0025,Basler vol. I,1834-02-25,50,kept,Petition to County Commissioners
lincoln_pre1860,basler-I-0026,Basler vol. I,1834-03-01,434,kept,Report of a Political Meeting
lincoln_pre1860,basler-I-0027,Basler vol. I,1834,429,kept,Survey for Jesse Gum
lincoln_pre1860,basler-I-0028,Basler vol. I,1834-05,166,kept,Election Return
lincoln_pre1860,basler-I-0029,Basler vol. I,1834-06,104,kept,To the County Commissioners* Court
lincoln_pre1860,basler-I-0030,Basler vol. I,1834-06-03,23,dropped: signed only (DS),Receipt to Charles R. Matheny
lincoln_pre1860,basler-I-0031,Basler vol. I,1834-07-01,92,kept,To George C. Spears
lincoln_pre1860,basler-I-0032,Basler vol. I,1834-10-27,160,kept,Election Return
lincoln_pre1860,basler-I-0033,Basler vol. I,1834-11-04,105,kept,To the County Commissioners* Court
lincoln_pre1860,basler-I-0034,Basler vol. I,1834-12-05,33,kept,Notice to Illinois Legislature of a Bill to Limit Jurisdiction of Justices of Pe
lincoln_pre1860,basler-I-0035,Basler vol. I,1834-12-11,17,kept,Amendment to House Rules
lincoln_pre1860,basler-I-0036,Basler vol. I,1834,89,kept,Report of Committee
lincoln_pre1860,basler-I-0037,Basler vol. I,1834,100,kept,Report of Committee
lincoln_pre1860,basler-I-0038,Basler vol. I,1835-01-10,601,kept,Resolution Introduced in Illinois Legislature Concerning Revenue from the Sale o
lincoln_pre1860,basler-I-0039,Basler vol. I,1835-01-17,51,kept,Amendment to a Bill Concerning Marks and Brands
lincoln_pre1860,basler-I-0040,Basler vol. I,1835,35,kept,Notice to Illinois Legislature of a Bi
lincoln_pre1860,basler-I-0041,Basler vol. I,1835-01-29,231,kept,Bill Introduced in Illinois Legislature Relative to a State Road Therein Named
lincoln_pre1860,basler-I-0042,Basler vol. I,1835,198,kept,Certificate of Survey for William McNeely
lincoln_pre1860,basler-I-0043,Basler vol. I,1835,116,kept,Certificate of Survey for Archibald Kincaid
lincoln_pre1860,basler-I-0044,Basler vol. I,1835,241,kept,Certificate of Survey for John K. Kincaid
lincoln_pre1860,basler-I-0045,Basler vol. I,1835-11-03,23,kept,"To Francis R Blair, Sr. and John C. Rives"
lincoln_pre1860,basler-I-0046,Basler vol. I,1835-11,57,kept,To Joseph Duncan
lincoln_pre1860,basler-I-0047,Basler vol. I,1835-12-10,115,kept,To Thomas J. Nance
lincoln_pre1860,basler-I-0048,Basler vol. I,1835-12-11,37,kept,Resolution Introduced in Illinois Legislature Concerning the Incorporation of a 
lincoln_pre1860,basler-I-0049,Basler vol. I,1835-12-12,75,kept,Amendment to an Act to Incorporate the Beardstown and Sangamon Canal Company
lincoln_pre1860,basler-I-0050,Basler vol. I,1835-12-12,182,kept,Insolvent Debtors . . .
lincoln_pre1860,basler-I-0051,Basler vol. I,1835-12-15,378,kept,Bill Introduced in Illinois Legislature Concerning the County of Schuyler
lincoln_pre1860,basler-I-0052,Basler vol. I,1835,134,kept,Bill Introduced in Illinois Legislature
lincoln_pre1860,basler-I-0053,Basler vol. I,1835,143,kept,Amendment to an Act
lincoln_pre1860,basler-I-0054,Basler vol. I,1835,38,kept,Amendment to Bi
lincoln_pre1860,basler-I-0055,Basler vol. I,1835,119,kept,Notes of a Survey Made for David Hart
lincoln_pre1860,basler-I-0056,Basler vol. I,1835,115,kept,Report to Illinois Legislature
lincoln_pre1860,basler-I-0057,Basler vol. I,1836-01-09,465,kept,Bill Introduced in Illinois Legislature
lincoln_pre1860,basler-I-0058,Basler vol. I,1836-02-03,70,kept,Petition to County Commissioners Concerning Benjamin Elmore
lincoln_pre1860,basler-I-0059,Basler vol. I,1836-03-26,76,kept,Advertisement for a Lost Horse
lincoln_pre1860,basler-I-0060,Basler vol. I,1836-04-04,118,kept,To Levi Davis
lincoln_pre1860,basler-I-0061,Basler vol. I,1836-06-13,207,kept,To the Editor of the Sangamo Journa
lincoln_pre1860,basler-I-0062,Basler vol. I,1836-06-21,342,kept,To Robert Allen
lincoln_pre1860,basler-I-0063,Basler vol. I,1836-07-11,213,kept,"Speech at a Political Rally in the Court House at Springfield,, Illinois"
lincoln_pre1860,basler-I-0064,Basler vol. I,1836-08,156,dropped: signed only (DS),Petition to County Commissioners* Court Concerning Road Scrapers
lincoln_pre1860,basler-I-0065,Basler vol. I,1836,142,kept,Petition to County Commissioners Concerning Relocation of Road from Watkins Mi
lincoln_pre1860,basler-I-0066,Basler vol. I,1836-10-06,22,kept,"To Ira I, Fenn"
lincoln_pre1860,basler-I-0067,Basler vol. I,1836,90,kept,Petition to County Commissioners' Court
lincoln_pre1860,basler-I-0068,Basler vol. I,1836-12-13,461,kept,"To Mary S, Owens"
lincoln_pre1860,basler-I-0069,Basler vol. I,1836,42,kept,Resolution in the Illinois Legislature
lincoln_pre1860,basler-I-0070,Basler vol. I,1836,204,kept,Bill Introduced in Illinois Legislature
lincoln_pre1860,basler-I-0071,Basler vol. I,1836-12-24,486,dropped: signed only (DS),To John McNamar
lincoln_pre1860,basler-I-0072,Basler vol. I,1837-01-11,4264,kept,Speech in the Illinois Legislature Concerning the State Bank
lincoln_pre1860,basler-I-0073,Basler vol. I,1837,87,kept,Amendments to Bi
lincoln_pre1860,basler-I-0074,Basler vol. I,1837,46,kept,Amendment to an Amendment
lincoln_pre1860,basler-I-0075,Basler vol. I,1837,165,kept,Bill Introduced in Illinois Legislature
lincoln_pre1860,basler-I-0076,Basler vol. I,1837-02-13,160,kept,Establishment of New Counties
lincoln_pre1860,basler-I-0077,Basler vol. I,1837-01-22,79,kept,Bill Introduced in Illinois Legislature
lincoln_pre1860,basler-I-0078,Basler vol. I,1837-02-14,161,kept,Government of the State of Illinois
lincoln_pre1860,basler-I-0079,Basler vol. I,1837,206,kept,Report to Illinois Legislature
lincoln_pre1860,basler-I-0080,Basler vol. I,1837-03-03,896,dropped: signed only (DS),Protest in Illinois Legislature on Slavery
lincoln_pre1860,basler-I-0081,Basler vol. I,1837-04-19,140,kept,To Levi Davis
lincoln_pre1860,basler-I-0082,Basler vol. I,1837-05-07,462,kept,To Mary S. Owens
lincoln_pre1860,basler-I-0083,Basler vol. I,1837-05-23,172,kept,Report Drawn for Road Commissioners
lincoln_pre1860,basler-I-0084,Basler vol. I,1837-05-30,120,kept,To the Third Auditor of the United States Treasury
lincoln_pre1860,basler-I-0085,Basler vol. I,1837-06-24,258,kept,Resolution Adopted at a Public Meeting Called by Anson G. Henry
lincoln_pre1860,basler-I-0086,Basler vol. I,1837,512,kept,Bill Introduced in Illinois Legislature
lincoln_pre1860,basler-I-0087,Basler vol. I,1837,36,kept,Notice to Illinois Legislature
lincoln_pre1860,basler-I-0088,Basler vol. I,1837,309,kept,Bill Introduced in Illinois Legislature
lincoln_pre1860,basler-I-0089,Basler vol. I,1837,448,kept,Bill Introduced in Illinois Legislature
lincoln_pre1860,basler-I-0090,Basler vol. I,1837-07-19,134,kept,Bill Amended in Illinois Legislature Relative to the Building of a State House a
lincoln_pre1860,basler-I-0091,Basler vol. I,1837,105,kept,Amendment to an Act
lincoln_pre1860,basler-I-0092,Basler vol. I,1837-07-21,92,dropped: signed only (DS),Petition to Edward Smith
lincoln_pre1860,basler-I-0093,Basler vol. I,1837-08,313,dropped: signed only (DS),Petition for Pardon of Jesse E. Massie
lincoln_pre1860,basler-I-0094,Basler vol. I,1837-08-05,25,kept,Handbill: The Case of the Heirs of Joseph Anderson vs James Adams
lincoln_pre1860,basler-I-0095,Basler vol. I,1837-08-05,139,kept,To John Bennett
lincoln_pre1860,basler-I-0096,Basler vol. I,1837-08-01,484,kept,To Mary S. Owens
lincoln_pre1860,basler-I-0097,Basler vol. I,1837-09-06,2807,kept,First Reply to James Adams
lincoln_pre1860,basler-I-0098,Basler vol. I,1837-10-18,2896,dropped: signed only (DS),Second Reply to James Adams
lincoln_pre1860,basler-I-0099,Basler vol. I,1837-12-07,138,kept,To William A. Minsha
lincoln_pre1860,basler-I-0100,Basler vol. I,1838-01-27,241,kept,Address Before the Young Men's Lyceum
lincoln_pre1860,basler-I-0101,Basler vol. I,1838-03,63,kept,Application Written for James Wright
lincoln_pre1860,basler-I-0102,Basler vol. I,1838-03-15,137,kept,To Levi Davis
lincoln_pre1860,basler-I-0103,Basler vol. I,1838-03-22,65,kept,Note for the Completion of the State Capito
lincoln_pre1860,basler-I-0104,Basler vol. I,1838-04,326,kept,To Mrs. Orville EL Browning
lincoln_pre1860,basler-I-0105,Basler vol. I,1838-04-20,160,kept,Agreement and Note Drawn for James M. Grain
lincoln_pre1860,basler-I-0106,Basler vol. I,1838-06-18,29,kept,Bill Rendered to Sangamon County
lincoln_pre1860,basler-I-0107,Basler vol. I,1838-07-23,113,kept,To Jesse W. Fe
lincoln_pre1860,basler-I-0108,Basler vol. I,1838-07-25,102,dropped: signed only (DS),To Joseph Duncan
lincoln_pre1860,basler-I-0109,Basler vol. I,1838-09-06,15,kept,Draft Prepared for James Wright
lincoln_pre1860,basler-I-0110,Basler vol. I,1838,112,dropped: signed only (DS),Petition for Appointment of Antrim Campbe
lincoln_pre1860,basler-I-0111,Basler vol. I,1838,154,kept,Bill Introduced in Illinois Legislature
lincoln_pre1860,basler-I-0112,Basler vol. I,1839-01-05,50,kept,Remarks in Illinois Legislature Concerning Resolutions in Relation to Fugitive S
lincoln_pre1860,basler-I-0113,Basler vol. I,1839-01-07,650,kept,Remarks in Illinois Legislature Concerning Appropriation for Building the State 
lincoln_pre1860,basler-I-0114,Basler vol. I,1839,396,kept,Report and Resolutions Introduced
lincoln_pre1860,basler-I-0115,Basler vol. I,1839,109,kept,Letter Written for Edward D. Baker
lincoln_pre1860,basler-I-0116,Basler vol. I,1839-01-26,348,kept,To William Butler
lincoln_pre1860,basler-I-0117,Basler vol. I,1839-01,120,kept,To William Butler
lincoln_pre1860,basler-I-0118,Basler vol. I,1839-02,355,kept,To William Butler
lincoln_pre1860,basler-I-0119,Basler vol. I,1839-02-14,111,kept,To John T. Stuart
lincoln_pre1860,basler-I-0120,Basler vol. I,1839-02-15,403,kept,Statement in Illinois Legislature Concerning Internal Improvements
lincoln_pre1860,basler-I-0121,Basler vol. I,1839,69,kept,Amendments Introduced in Illinois Legislature
lincoln_pre1860,basler-I-0122,Basler vol. I,1839-02-23,171,kept,To William Butler
lincoln_pre1860,basler-I-0123,Basler vol. I,1839-02-27,300,kept,Resolution Adopted by Whig Meeting in Hall of House of Representatives
lincoln_pre1860,basler-I-0124,Basler vol. I,1839,39,kept,Amendment Introduced in Illinois Legislature
lincoln_pre1860,basler-I-0125,Basler vol. I,1839-03-02,308,kept,To William S. Wait
lincoln_pre1860,basler-I-0126,Basler vol. I,1839-04-04,24,kept,Note Written in Sangamon County Mortgage Record
lincoln_pre1860,basler-I-0127,Basler vol. I,1839,151,kept,Notice of a Public Meeting
lincoln_pre1860,basler-I-0128,Basler vol. I,1839,110,kept,To Alexander E Field
lincoln_pre1860,basler-I-0129,Basler vol. I,1839-05-30,100,kept,To Nathan Dresser
lincoln_pre1860,basler-I-0130,Basler vol. I,1839-06,210,kept,To John Rowan Herndon
lincoln_pre1860,basler-I-0131,Basler vol. I,1839-06-24,385,dropped: signed only (ES),To the Editor of the Chicago American
lincoln_pre1860,basler-I-0132,Basler vol. I,1839-06-29,185,kept,Affidavit Concerning Isaac Anderson's Lost Horse
lincoln_pre1860,basler-I-0133,Basler vol. I,1839-08-06,52,kept,Receipt to David Prickett
lincoln_pre1860,basler-I-0134,Basler vol. I,1839-08-07,138,kept,To Thomas Bohannon
lincoln_pre1860,basler-I-0135,Basler vol. I,1839-10-23,40,kept,Note Concerning Remittance to Thomas Bohannon
lincoln_pre1860,basler-I-0136,Basler vol. I,1839-11-02,70,kept,To William Doughty
lincoln_pre1860,basler-I-0137,Basler vol. I,1839-11-14,236,kept,To John T. Stuart
lincoln_pre1860,basler-I-0138,Basler vol. I,1839-12,147,kept,Resolutions Adopted
lincoln_pre1860,basler-I-0139,Basler vol. I,1839-12-01,149,kept,To Mrs. Orville H. Browning
lincoln_pre1860,basler-I-0140,Basler vol. I,1839-12-16,37,kept,Petition Written for John Bennett
lincoln_pre1860,basler-I-0141,Basler vol. I,1839-12-18,225,kept,"Speech at Springfield, Illinois"
lincoln_pre1860,basler-I-0142,Basler vol. I,1839-12-23,199,kept,To John T. Stuart
lincoln_pre1860,basler-I-0143,Basler vol. I,1839-12,150,kept,Speech on the Sub-Treasury
lincoln_pre1860,basler-I-0144,Basler vol. I,1839-12-26,270,kept,To Thomas Mather
lincoln_pre1860,basler-I-0145,Basler vol. I,1840-01,303,kept,Lincoln's Plan of Campaign in 184O
lincoln_pre1860,basler-I-0146,Basler vol. I,1840-01,212,kept,To John T. Stuart
lincoln_pre1860,basler-I-0147,Basler vol. I,1840,151,kept,Amendment Introduced in Illinois Legislature
lincoln_pre1860,basler-I-0148,Basler vol. I,1840,220,kept,Bill Introduced in Illinois Legislature
lincoln_pre1860,basler-I-0149,Basler vol. I,1840,89,kept,Bill Introduced in Illinois Legislature
lincoln_pre1860,basler-I-0150,Basler vol. I,1840,62,kept,Amendment Introduced in Illinois Legislature
lincoln_pre1860,basler-I-0151,Basler vol. I,1840-01-20,346,kept,To John T. Stuart
lincoln_pre1860,basler-I-0152,Basler vol. I,1840-01-21,135,kept,To John T. Stuart
lincoln_pre1860,basler-I-0153,Basler vol. I,1840,86,kept,Amendments Introduced in Illinois Legislature
lincoln_pre1860,basler-I-0154,Basler vol. I,1840-01-22,840,kept,Remarks in the Illinois Legislature Concerning the Illinois and Michigan Cana
lincoln_pre1860,basler-I-0155,Basler vol. I,1840,59,kept,Resolution Introduced in Illinois Legislature
lincoln_pre1860,basler-I-0156,Basler vol. I,1840,443,kept,Bill Introduced in Illinois Legislature
lincoln_pre1860,basler-I-0157,Basler vol. I,1840-01,172,kept,To John T. Stuart
lincoln_pre1860,basler-I-0158,Basler vol. I,1840,32,kept,Amendment Introduced in Illinois Legislature
lincoln_pre1860,basler-I-0159,Basler vol. I,1840-02-28,32,kept,Communication to the Readers of The Old Soldier
lincoln_pre1860,basler-I-0160,Basler vol. I,1840-03-01,422,kept,To John T. Stuart
lincoln_pre1860,basler-I-0161,Basler vol. I,1840-03-18,153,kept,Notice of an Election
lincoln_pre1860,basler-I-0162,Basler vol. I,1840-03-18,134,kept,Notice of an Election
lincoln_pre1860,basler-I-0163,Basler vol. I,1840-03-26,269,kept,To John T. Stuart
lincoln_pre1860,basler-I-0164,Basler vol. I,1840-04-01,195,kept,To Richard F. Barrett
lincoln_pre1860,basler-I-0165,Basler vol. I,1840-05,21,kept,Bill to Sangamon County
lincoln_pre1860,basler-I-0166,Basler vol. I,1840-05-02,198,kept,"Speech at Tremont, Illinois"
lincoln_pre1860,basler-I-0167,Basler vol. I,1840-06-16,55,kept,To Jonathan G. Randa
lincoln_pre1860,basler-I-0168,Basler vol. I,1840-10-31,106,kept,To William G. Anderson
lincoln_pre1860,basler-I-0169,Basler vol. I,1840-11-24,59,kept,Resolution Introduced in Illinois Legislature
lincoln_pre1860,basler-I-0170,Basler vol. I,1840-11-28,505,kept,Remarks in Illinois Legislature Concerning Election Frauds
lincoln_pre1860,basler-I-0171,Basler vol. I,1840-12-02,59,kept,Resolution Introduced in Illinois Legislature Concerning Teachers' Examinations
lincoln_pre1860,basler-I-0172,Basler vol. I,1840-12-04,216,kept,Remarks in Illinois Legislature Concerning Petition of Norman H. Purple
lincoln_pre1860,basler-I-0173,Basler vol. I,1840-12-04,839,kept,Remarks in Illinois Legislature Amending a Bill Providing Interest on State Debt
lincoln_pre1860,basler-I-0174,Basler vol. I,1840-12-07,165,kept,Remarks in Illinois Legislature Concerning Unfinished Business of the Last Sessi
lincoln_pre1860,basler-I-0175,Basler vol. I,1840-12-11,101,kept,Remarks in Illinois Legislature Concerning Payment of Interest on the Public Deb
lincoln_pre1860,basler-I-0176,Basler vol. I,1840-12-12,324,kept,Remarks in Illinois Legislature Concerning Payment of Interest on State Debt
lincoln_pre1860,basler-I-0177,Basler vol. I,1840-12-17,140,kept,To John T. Stuart
lincoln_pre1860,basler-I-0178,Basler vol. I,1840-12-19,62,kept,Resolution Introduced in Illinois Legislature Concerning Expenditures for Public
lincoln_pre1860,basler-I-0179,Basler vol. I,1841-01-07,145,kept,Remarks in Illinois Legislature Concerning Apportionment
lincoln_pre1860,basler-I-0180,Basler vol. I,1841-01-09,89,kept,Remarks in Illinois Legislature Concerning a Burlesque Petition
lincoln_pre1860,basler-I-0181,Basler vol. I,1841-01-09,316,kept,Speech in Illinois Legislature Concerning Apportionment
lincoln_pre1860,basler-I-0182,Basler vol. I,1841-01-20,174,kept,To John T. Stuart
lincoln_pre1860,basler-I-0183,Basler vol. I,1841-01-23,408,kept,To John T. Stuart
lincoln_pre1860,basler-I-0184,Basler vol. I,1841,98,kept,Bill Introduced in Illinois Legislature
lincoln_pre1860,basler-I-0185,Basler vol. I,1841-02-05,146,kept,To John T. Stuart
lincoln_pre1860,basler-I-0186,Basler vol. I,1841,343,kept,Circular from Whig Committee Against
lincoln_pre1860,basler-I-0187,Basler vol. I,1841-02,56,kept,Remarks in Illinois Legislature Reporting Bill for Election of a Public Binder
lincoln_pre1860,basler-I-0188,Basler vol. I,1841-02-11,247,kept,Speech in Illinois Legislature Concerning the State Bank
lincoln_pre1860,basler-I-0189,Basler vol. I,1841-02-15,462,kept,Debate in Illinois Legislature Concerning Sale of State Bonds
lincoln_pre1860,basler-I-0190,Basler vol. I,1841-02-19,107,kept,Remarks in Illinois Legislature Concerning Relief of William Dormady
lincoln_pre1860,basler-I-0191,Basler vol. I,1841-02-22,504,kept,Debate in Illinois Legislature Concerning Bill to Change Lines of Menard County
lincoln_pre1860,basler-I-0192,Basler vol. I,1841-02-23,16,kept,Suggestion in Illinois Legislature Concerning Printing a Report
lincoln_pre1860,basler-I-0193,Basler vol. I,1841-06-03,59,dropped: signed only (ES),Letter Written to Silas Reed for John M. Neale
lincoln_pre1860,basler-I-0194,Basler vol. I,1841-06-03,11,kept,Endorsement: John T. Stuart to Silas Reed
lincoln_pre1860,basler-I-0195,Basler vol. I,1841-06-04,168,kept,To William H. Davidson
lincoln_pre1860,basler-I-0196,Basler vol. I,1841-06-12,219,kept,Receipt to Josiah N. Francis
lincoln_pre1860,basler-I-0197,Basler vol. I,1841-06,85,kept,To Joshua F. Speed
lincoln_pre1860,basler-I-0198,Basler vol. I,1841-06-25,364,kept,Statement Regarding Harry Wilton
lincoln_pre1860,basler-I-0199,Basler vol. I,1841-09-27,91,kept,To Mary Speed
lincoln_pre1860,basler-I-0200,Basler vol. I,1841-10-20,476,kept,Gall for Whig State Convention
lincoln_pre1860,basler-I-0201,Basler vol. I,1841-10-25,84,kept,Acknowledgment of Deed
lincoln_pre1860,basler-I-0202,Basler vol. I,1841-11-17,35,kept,Receipt to John Brodie
lincoln_pre1860,basler-I-0203,Basler vol. I,1841-11-22,204,kept,Resolutions Adopted at a Whig Meeting
lincoln_pre1860,basler-I-0204,Basler vol. I,1841,32,kept,Receipt to A. H. Kellar
lincoln_pre1860,basler-I-0205,Basler vol. I,1842-01-03,839,kept,To Joshua F. Speed
lincoln_pre1860,basler-I-0206,Basler vol. I,1842,111,kept,Memorandum Concerning Bank Account
lincoln_pre1860,basler-I-0207,Basler vol. I,1842-02-03,504,kept,To Joshua F. Speed
lincoln_pre1860,basler-I-0208,Basler vol. I,1842-02-08,266,kept,Eulogy on Benjamin Ferguson
lincoln_pre1860,basler-I-0209,Basler vol. I,1842-02-13,380,dropped: signed only (ES),"To Joshua F, Speed"
lincoln_pre1860,basler-I-0210,Basler vol. I,1842-02-16,332,kept,To Garland B. Shelledy
lincoln_pre1860,basler-I-0211,Basler vol. I,1842,217,kept,Temperance Address
lincoln_pre1860,basler-I-0212,Basler vol. I,1842-02-24,52,kept,Promissory Note of James Gambre
lincoln_pre1860,basler-I-0213,Basler vol. I,1842-02-25,502,kept,To Joshua F. Speed
lincoln_pre1860,basler-I-0214,Basler vol. I,1842-02-25,360,kept,To Joshua F. Speed
lincoln_pre1860,basler-I-0215,Basler vol. I,1842-03-27,441,kept,To Joshua F. Speed
lincoln_pre1860,basler-I-0216,Basler vol. I,1842-04-02,189,kept,Petition for Pardon of Michael Hi
lincoln_pre1860,basler-I-0217,Basler vol. I,1842-04-13,335,kept,To Joshua F. Speed
lincoln_pre1860,basler-I-0218,Basler vol. I,1842-04-18,124,kept,To G. W. Hawley
lincoln_pre1860,basler-I-0219,Basler vol. I,1842-04-21,206,kept,To Frederick A. Thomas
lincoln_pre1860,basler-I-0220,Basler vol. I,1842,243,kept,Document Drawn for Joseph Torrey and
lincoln_pre1860,basler-I-0221,Basler vol. I,1842-05-12,98,dropped: signed only (DS),Petition for an Increase of the Tariff
lincoln_pre1860,basler-I-0222,Basler vol. I,1842-07-02,301,dropped: signed only (ES),Circular to Henry E. Dummer and Others
lincoln_pre1860,basler-I-0223,Basler vol. I,1842-07-04,136,kept,To Joshua F. Speed
lincoln_pre1860,basler-I-0224,Basler vol. I,1842-07-11,95,kept,To Frederick A. Thomas
lincoln_pre1860,basler-I-0225,Basler vol. I,1842-07-14,140,kept,To Samuel D. Marsha
lincoln_pre1860,basler-I-0226,Basler vol. I,1842-08-15,90,kept,To [Isaac E?] Walker
lincoln_pre1860,basler-I-0227,Basler vol. I,1842-08-29,224,kept,To Henry Clay
lincoln_pre1860,basler-I-0228,Basler vol. I,1842-09-01,182,kept,Tabulation of Votes in Sangamon County for
lincoln_pre1860,basler-I-0229,Basler vol. I,1842-09-17,147,kept,To James Shields
lincoln_pre1860,basler-I-0230,Basler vol. I,1842,457,kept,Memorandum of Duel Instructions
lincoln_pre1860,basler-I-0231,Basler vol. I,1842-10-05,526,kept,To Joshua F. Speed
lincoln_pre1860,basler-I-0232,Basler vol. I,1842-11-02,118,kept,To James S. Irwin
lincoln_pre1860,basler-I-0233,Basler vol. I,1842-11-04,30,kept,Family Record in Abraham Lincoln's Bible
lincoln_pre1860,basler-I-0234,Basler vol. I,1842-11,223,kept,To Samuel D. Marsha
lincoln_pre1860,basler-I-0235,Basler vol. I,1843-01-18,478,kept,To Joshua F. Speed
lincoln_pre1860,basler-I-0236,Basler vol. I,1843-02-14,148,kept,To Alden Hu
lincoln_pre1860,basler-I-0237,Basler vol. I,1843-02-14,88,kept,To Richard S. Thomas
lincoln_pre1860,basler-I-0238,Basler vol. I,1843-03-01,389,kept,Resolutions at a Whig Meeting
lincoln_pre1860,basler-I-0239,Basler vol. I,1843-03-02,209,kept,To Richard S. Thomas
lincoln_pre1860,basler-I-0240,Basler vol. I,1843-03-07,325,kept,To John Bennett
lincoln_pre1860,basler-I-0241,Basler vol. I,1843-03-24,180,kept,To Joshua F. Speed
lincoln_pre1860,basler-I-0242,Basler vol. I,1843-03-26,23,kept,To Martin S. Morris
lincoln_pre1860,basler-I-0243,Basler vol. I,1843-04-14,225,kept,To Martin S. Morris
lincoln_pre1860,basler-I-0244,Basler vol. I,1843,58,kept,Resolution Adopted at Whig Convention
lincoln_pre1860,basler-I-0245,Basler vol. I,1843-05-11,93,kept,Proposal of a Barbecue
lincoln_pre1860,basler-I-0246,Basler vol. I,1843-05,250,kept,To John J. Hardin
lincoln_pre1860,basler-I-0247,Basler vol. I,1843-05-01,124,kept,To Joshua F. Speed
lincoln_pre1860,basler-I-0248,Basler vol. I,1843-07-03,482,kept,Resolutions Adopted by a Whig Meeting
lincoln_pre1860,basler-I-0249,Basler vol. I,1843-07-24,28,kept,To Robert S. BlackwelT
lincoln_pre1860,basler-I-0250,Basler vol. I,1843-07-26,405,kept,To Joshua F. Speed
lincoln_pre1860,basler-I-0251,Basler vol. I,1843-07-31,214,kept,To a Gentleman in Tremont
lincoln_pre1860,basler-I-0252,Basler vol. I,1843-10-06,103,kept,Speech at Whig Barbecue
lincoln_pre1860,basler-I-0253,Basler vol. I,1843-11,99,kept,To John McNamar
lincoln_pre1860,basler-I-0254,Basler vol. I,1844-01-02,51,kept,To Henry E. Dummer
lincoln_pre1860,basler-I-0255,Basler vol. I,1844-02-14,75,kept,To Richard S. Thomas
lincoln_pre1860,basler-I-0256,Basler vol. I,1844-02-01,131,kept,To Simeon Ryder
lincoln_pre1860,basler-I-0257,Basler vol. I,1844-02-22,359,kept,"Speeches in Virginia., Illinois"
lincoln_pre1860,basler-I-0258,Basler vol. I,1844-02-23,38,kept,"Speech in Virginia., Illinois"
lincoln_pre1860,basler-I-0259,Basler vol. I,1844-03-01,151,kept,"Speech at Sugar Creek, Illinois"
lincoln_pre1860,basler-I-0260,Basler vol. I,1844-04-24,234,dropped: another hand: not in Lincoln's hand,"To Rowland, Smith & Company"
lincoln_pre1860,basler-I-0261,Basler vol. I,1844-04-02,46,kept,To Horatio M. Vandeveer
lincoln_pre1860,basler-I-0262,Basler vol. I,1844-05-21,215,kept,To John J. Hardin
lincoln_pre1860,basler-I-0263,Basler vol. I,1844-05-22,75,kept,Speech on Annexation of Texas
lincoln_pre1860,basler-I-0264,Basler vol. I,1844-06-12,557,kept,Speech and Resolutions Concerning Philadelphia Riots
lincoln_pre1860,basler-I-0265,Basler vol. I,1844,549,kept,Resolutions Adopted by the Whig Convention
lincoln_pre1860,basler-I-0266,Basler vol. I,1844,290,kept,To John W. Vance
lincoln_pre1860,basler-I-0267,Basler vol. I,1844-10-30,72,kept,"Speech at Rockport, Indiana"
lincoln_pre1860,basler-I-0268,Basler vol. I,1844-12-06,248,kept,To Samuel D. Marsha
lincoln_pre1860,basler-I-0269,Basler vol. I,1844-12-17,135,kept,To John J. Hardin
lincoln_pre1860,basler-I-0270,Basler vol. I,1845-02-12,25,kept,Recommendation for Admittance of Stanislaus P Lalumiere to the Practice of Law
lincoln_pre1860,basler-I-0271,Basler vol. I,1845-03-01,157,kept,To Archibald Williams
lincoln_pre1860,basler-I-0272,Basler vol. I,1845-03-19,30,kept,Endorsement: Thomas Clements to Logan & Lincoln
lincoln_pre1860,basler-I-0273,Basler vol. I,1845-06-20,159,kept,To Samuel D. Marsha
lincoln_pre1860,basler-I-0274,Basler vol. I,1845-08-08,397,kept,To J. McDowe
lincoln_pre1860,basler-I-0275,Basler vol. I,1845-09,32,kept,Petition for Pardon of a Person Unlmown
lincoln_pre1860,basler-I-0276,Basler vol. I,1845-10-03,675,kept,To Williamson Durley
lincoln_pre1860,basler-I-0277,Basler vol. I,1845-10-24,99,kept,Release of Judgment Against Francis Regnier
lincoln_pre1860,basler-I-0278,Basler vol. I,1845-11,157,dropped: signed only (DS),Petition for Pardon of Samuel Smith
lincoln_pre1860,basler-I-0279,Basler vol. I,1845-11-17,146,kept,To Benjamin F. James
lincoln_pre1860,basler-I-0280,Basler vol. I,1845-11-01,236,kept,To Henry E. Dummer
lincoln_pre1860,basler-I-0281,Basler vol. I,1845-11-24,429,kept,To Benjamin F. James
lincoln_pre1860,basler-I-0282,Basler vol. I,1845-12-06,129,dropped: signed only (ES),To Benjamin F. James
lincoln_pre1860,basler-I-0283,Basler vol. I,1845-12-30,140,kept,To Samuel D. Marsha
lincoln_pre1860,basler-I-0284,Basler vol. I,1846,46,kept,Endorsement
lincoln_pre1860,basler-I-0285,Basler vol. I,1846-01-07,329,kept,To Robert Boa
lincoln_pre1860,basler-I-0286,Basler vol. I,1846-01-14,598,kept,To Benjamin F. James
lincoln_pre1860,basler-I-0287,Basler vol. I,1846-01-15,138,kept,To John Bennett
lincoln_pre1860,basler-I-0288,Basler vol. I,1846-01-16,72,kept,To John Bennett
lincoln_pre1860,basler-I-0289,Basler vol. I,1846-01-16,127,kept,To Benjamin F. James
lincoln_pre1860,basler-I-0290,Basler vol. I,1846-01,676,kept,To John J. Hardin
lincoln_pre1860,basler-I-0291,Basler vol. I,1846-01-21,50,kept,To N. J. Rockwe
lincoln_pre1860,basler-I-0292,Basler vol. I,1846-01-25,16,dropped: signed only (DS),Receipt for BL C. Gibson's Pockets
lincoln_pre1860,basler-I-0293,Basler vol. I,1846-01-27,392,kept,To Benjamin F. James
lincoln_pre1860,basler-I-0294,Basler vol. I,1846-02-07,132,kept,To John J. Hardin
lincoln_pre1860,basler-I-0295,Basler vol. I,1846-02-09,471,kept,To Benjamin F. James
lincoln_pre1860,basler-I-0296,Basler vol. I,1846-02-24,274,kept,To Andrew Johnston
lincoln_pre1860,basler-I-0297,Basler vol. I,1846-03-03,308,kept,To Samuel D. Marsha
lincoln_pre1860,basler-I-0298,Basler vol. I,1846-04-18,109,kept,To Andrew Johnston
lincoln_pre1860,basler-I-0299,Basler vol. I,1846-04-24,79,kept,To Isaac Williams
lincoln_pre1860,basler-I-0300,Basler vol. I,1846-04-26,240,kept,To James Berdan
lincoln_pre1860,basler-I-0301,Basler vol. I,1846-05-07,145,kept,To James Berdan
lincoln_pre1860,basler-I-0302,Basler vol. I,1846-05,248,kept,To John J. Hardin
lincoln_pre1860,basler-I-0303,Basler vol. I,1846-07-18,95,kept,"Speech at Lacon, Illinois"
lincoln_pre1860,basler-I-0304,Basler vol. I,1846-07-31,306,kept,Handbill Replying to Charges of Infidelity
lincoln_pre1860,basler-I-0305,Basler vol. I,1846-08,589,kept,To Allen N. Ford
lincoln_pre1860,basler-I-0306,Basler vol. I,1846-09-06,123,kept,To Andrew Johnston
lincoln_pre1860,basler-I-0307,Basler vol. I,1846-09-06,48,kept,The Bear Hunt
lincoln_pre1860,basler-I-0308,Basler vol. I,1846-10-22,63,kept,To William Brown
lincoln_pre1860,basler-I-0309,Basler vol. I,1846,127,kept,To Joshua F. Speed
lincoln_pre1860,basler-I-0310,Basler vol. I,1846-12-06,96,kept,To Hezekiah M. Wead
lincoln_pre1860,basler-I-0311,Basler vol. I,1847-02-08,48,kept,To Henry E. Dummer
lincoln_pre1860,basler-I-0312,Basler vol. I,1847-02-25,165,kept,To Andrew Johnston
lincoln_pre1860,basler-I-0313,Basler vol. I,1847,183,kept,Resolutions Adopted
lincoln_pre1860,basler-I-0314,Basler vol. I,1847-04,190,kept,Petition Concerning Jacob Hoffman
lincoln_pre1860,basler-I-0315,Basler vol. I,1847-05-19,92,dropped: another hand: not in Lincoln's hand,Petition for Pardon of Sigler H. Lester
lincoln_pre1860,basler-I-0316,Basler vol. I,1847-06-24,428,kept,To Orville H. Browning
lincoln_pre1860,basler-I-0317,Basler vol. I,1847-08-05,132,kept,Report on Alton and Springfield Railroad
lincoln_pre1860,basler-I-0318,Basler vol. I,1847-10,243,kept,To Converse & Priest
lincoln_pre1860,basler-I-0319,Basler vol. I,1847-10-21,259,kept,To Buckner S. Morris and John J. Brown
lincoln_pre1860,basler-I-0320,Basler vol. I,1847,256,kept,Lease Contract Between Abraham Lincoln
lincoln_pre1860,basler-I-0321,Basler vol. I,1847-12-01,12,kept,Fragments of a Tariff Discussion
lincoln_pre1860,basler-I-0322,Basler vol. I,1847-12-03,92,kept,To [David A.?] Smith
lincoln_pre1860,basler-I-0323,Basler vol. I,1847-12-05,268,kept,To William H. Hemdon
lincoln_pre1860,basler-I-0324,Basler vol. I,1847,21,kept,Endorsement; Chester Butler et a
lincoln_pre1860,basler-I-0325,Basler vol. I,1847-12-08,93,kept,To James K. Polk
lincoln_pre1860,basler-I-0326,Basler vol. I,1847-12-08,115,kept,To James K. Polk
lincoln_pre1860,basler-I-0327,Basler vol. I,1847-12-09,80,dropped: signed only (DS),"Petition to Robert E, Homer Concerning Abram O. Bowen"
lincoln_pre1860,basler-I-0328,Basler vol. I,1847-12-10,168,kept,To Richard Yates
lincoln_pre1860,basler-I-0329,Basler vol. I,1847-12-11,48,kept,To James K. Polk
lincoln_pre1860,basler-I-0330,Basler vol. I,1847-12-12,72,kept,To William EL Herndon
lincoln_pre1860,basler-I-0331,Basler vol. I,1847-12-13,196,kept,To William H. Herndon
lincoln_pre1860,basler-I-0332,Basler vol. I,1847-12-26,39,kept,To the Commissioner of Pensions
lincoln_pre1860,basler-I-0333,Basler vol. I,1848,30,kept,"To Blair &, Rives"
lincoln_pre1860,basler-I-0334,Basler vol. I,1848-01-01,134,kept,To Richard S. Thomas
lincoln_pre1860,basler-I-0335,Basler vol. I,1848,3125,kept,Remarks in
lincoln_pre1860,basler-I-0336,Basler vol. I,1848,153,kept,Remarks Continued in
lincoln_pre1860,basler-I-0337,Basler vol. I,1848-01-06,53,kept,To the Third Auditor of the Treasury
lincoln_pre1860,basler-I-0338,Basler vol. I,1848-01-06,20,kept,Endorsement of Papers Signed by Edward D. Baker
lincoln_pre1860,basler-I-0339,Basler vol. I,1848-01-08,358,kept,To William H. Hemdon
lincoln_pre1860,basler-I-0340,Basler vol. I,1848-01-11,43,kept,To Blair & Rives
lincoln_pre1860,basler-I-0341,Basler vol. I,1848,174,kept,Bill Introduced
lincoln_pre1860,basler-I-0342,Basler vol. I,1848,558,kept,Report in United States House of Representatives
lincoln_pre1860,basler-I-0343,Basler vol. I,1848-01-19,368,kept,To Jonathan R. Diller
lincoln_pre1860,basler-I-0344,Basler vol. I,1848-01-19,133,kept,To William H. Herndon
lincoln_pre1860,basler-I-0345,Basler vol. I,1848-01-22,128,kept,"To Samuel D, Marsha"
lincoln_pre1860,basler-I-0346,Basler vol. I,1848-01-28,48,kept,To William Thomas
lincoln_pre1860,basler-I-0347,Basler vol. I,1848-01-29,116,kept,To J. M. McCalla
lincoln_pre1860,basler-I-0348,Basler vol. I,1848-02-01,835,kept,"To William H, Herndon"
lincoln_pre1860,basler-I-0349,Basler vol. I,1848-02-02,75,kept,To William H. Herndon
lincoln_pre1860,basler-I-0350,Basler vol. I,1848-02-04,95,kept,To Andrew McCallen
lincoln_pre1860,basler-I-0351,Basler vol. I,1848-02-09,320,kept,To Taylor Committee
lincoln_pre1860,basler-I-0352,Basler vol. I,1848-02-13,388,kept,To Josephus Hewett
lincoln_pre1860,basler-I-0353,Basler vol. I,1848-02-15,443,kept,To William H. Hemdon
lincoln_pre1860,basler-I-0354,Basler vol. I,1848-02-16,76,kept,To Halsey O. or Amos L. Merriman
lincoln_pre1860,basler-I-0355,Basler vol. I,1848-02-17,127,kept,To Thomas S. Flournoy
lincoln_pre1860,basler-I-0356,Basler vol. I,1848-02-17,47,kept,To William H. Young
lincoln_pre1860,basler-I-0357,Basler vol. I,1848-02-20,182,kept,To Usher F. Linder
lincoln_pre1860,basler-I-0358,Basler vol. I,1848-02-21,10,kept,To Noah W. Matheny
lincoln_pre1860,basler-I-0359,Basler vol. I,1848-03,250,kept,Fragment: What General Taylor Ought to Say
lincoln_pre1860,basler-I-0360,Basler vol. I,1848-03-01,84,kept,To Jesse W. Fe
lincoln_pre1860,basler-I-0361,Basler vol. I,1848-03-01,82,kept,To Richard S. Thomas
lincoln_pre1860,basler-I-0362,Basler vol. I,1848-03-04,97,kept,To Ignatius R. Simms
lincoln_pre1860,basler-I-0363,Basler vol. I,1848-03-06,248,kept,To Solomon Lincoln
lincoln_pre1860,basler-I-0364,Basler vol. I,1848-03-09,172,kept,Report to United States House of Representatives Concerning BL M. Barney
lincoln_pre1860,basler-I-0365,Basler vol. I,1848-03-22,837,kept,To Usher F. Linder
lincoln_pre1860,basler-I-0366,Basler vol. I,1848-03-24,108,kept,To David Lincoln
lincoln_pre1860,basler-I-0367,Basler vol. I,1848-03-24,252,kept,To Solomon Lincoln
lincoln_pre1860,basler-I-0368,Basler vol. I,1848,398,kept,Remarks in
lincoln_pre1860,basler-I-0369,Basler vol. I,1848-03-30,208,kept,To Richard S. Thomas
lincoln_pre1860,basler-I-0370,Basler vol. I,1848-04,389,kept,To David Lincoln
lincoln_pre1860,basler-I-0371,Basler vol. I,1848-04-10,333,kept,To Jesse Lynch
lincoln_pre1860,basler-I-0372,Basler vol. I,1848-04-14,163,kept,To Walter Davis
lincoln_pre1860,basler-I-0373,Basler vol. I,1848-04-14,132,kept,Certificate to Commissioner of Pensions Concerning Thomas Dayis
lincoln_pre1860,basler-I-0374,Basler vol. I,1848-04-16,617,kept,To Mary Todd Lincoln
lincoln_pre1860,basler-I-0375,Basler vol. I,1848-04-20,27,dropped: signed only (LS),To William L. Marcy
lincoln_pre1860,basler-I-0376,Basler vol. I,1848-04-21,92,kept,"To Benjamin Kellogg, Jr."
lincoln_pre1860,basler-I-0377,Basler vol. I,1848-04-30,177,kept,To Elihu B. Washburne
lincoln_pre1860,basler-I-0378,Basler vol. I,1848-04-30,173,kept,To Archibald Williams
lincoln_pre1860,basler-I-0379,Basler vol. I,1848-05-03,35,kept,To John T. Towers
lincoln_pre1860,basler-I-0380,Basler vol. I,1848,212,kept,Remarks in
lincoln_pre1860,basler-I-0381,Basler vol. I,1848,1152,kept,Remarks in United States House
lincoln_pre1860,basler-I-0382,Basler vol. I,1848-05-21,801,kept,To John M. Peck
lincoln_pre1860,basler-I-0383,Basler vol. I,1848,74,kept,To Mary Todd Lincoln
lincoln_pre1860,basler-I-0384,Basler vol. I,1848-05-25,601,kept,To Silas Noble
lincoln_pre1860,basler-I-0385,Basler vol. I,1848-06-10,346,kept,"Speech at Wilmington, Delaware"
lincoln_pre1860,basler-I-0386,Basler vol. I,1848-06-12,204,dropped: another hand: in Herndon's handwriting,To William H. Herndon
lincoln_pre1860,basler-I-0387,Basler vol. I,1848,302,kept,To Mary Todd Lincoln
lincoln_pre1860,basler-I-0388,Basler vol. I,1848-06-13,395,kept,To Richard S. Thomas
lincoln_pre1860,basler-I-0389,Basler vol. I,1848-06-15,165,kept,To Richard S. Thomas
lincoln_pre1860,basler-I-0390,Basler vol. I,1848-06-19,54,kept,To Richard S. Thomas
lincoln_pre1860,basler-I-0391,Basler vol. I,1848,328,kept,Speech in United States House of Representatives
lincoln_pre1860,basler-I-0392,Basler vol. I,1848-06-22,98,kept,To William H. Herndon
lincoln_pre1860,basler-I-0393,Basler vol. I,1848-06-26,21,kept,Endorsement: To J. M. McCalla
lincoln_pre1860,basler-I-0394,Basler vol. I,1848-06-26,129,kept,To Walter Davis
lincoln_pre1860,basler-I-0395,Basler vol. I,1848-06-27,252,kept,To Horace Greeley
lincoln_pre1860,basler-I-0396,Basler vol. I,1848,608,kept,To Mary Todd Lincoln
lincoln_pre1860,basler-I-0397,Basler vol. I,1848-07-06,131,kept,To William L*. Marcy
lincoln_pre1860,basler-I-0398,Basler vol. I,1848-07-08,67,dropped: signed only (DS),Petition Concerning A. G. Matlock
lincoln_pre1860,basler-I-0399,Basler vol. I,1848-07-10,395,dropped: signed only (Copies),To William H. Herndon
lincoln_pre1860,basler-I-0400,Basler vol. I,1848-07-10,219,kept,To Stephen A. Hurlbut
lincoln_pre1860,basler-I-0401,Basler vol. I,1848-07-11,94,kept,To William EL Herndon
lincoln_pre1860,basler-I-0402,Basler vol. I,1848-07-13,124,kept,Remarks in U. S. House of Representatives Concerning Apprehension of Absentees
lincoln_pre1860,basler-I-0403,Basler vol. I,1848-07-14,67,kept,To John Hogan
lincoln_pre1860,basler-I-0404,Basler vol. I,1848-07-17,101,kept,To William L. Marcy
lincoln_pre1860,basler-I-0405,Basler vol. I,1848-07-18,105,kept,Remarks in U. S. House of Representatives Concerning Bill to Establish Certain P
lincoln_pre1860,basler-I-0406,Basler vol. I,1848-07-24,319,kept,Remarks in IT. S. House of Representatives
lincoln_pre1860,basler-I-0407,Basler vol. I,1848-08,62,kept,To William Sclioulcr
lincoln_pre1860,basler-I-0408,Basler vol. I,1848-08-14,512,dropped: signed only (DS),Remarks in IL S. House of Representatives
lincoln_pre1860,basler-I-0409,Basler vol. I,1848-08-01,349,kept,To William Schoulor
lincoln_pre1860,basler-I-0410,Basler vol. I,1848-08-28,81,kept,To William H. Young
lincoln_pre1860,L2-0040,Lapsley vol. 2,1849,793,kept,
lincoln_pre1860,L2-0041,Lapsley vol. 2,1849-02-13,830,kept,BILL GRANTING LANDS TO THE STATES TO MAKE RAILWAYS AND CANALS | REMARKS IN THE H
lincoln_pre1860,L2-0042,Lapsley vol. 2,1849-03-09,117,kept,ON FEDERAL POLITICAL APPOINTMENTS | TO THE SECRETARY OF THE TREASURY.
lincoln_pre1860,L2-0043,Lapsley vol. 2,1849-03-10,230,kept,MORE POLITICAL PATRONAGE REQUESTS | TO THE SECRETARY OF STATE.
lincoln_pre1860,L2-0044,Lapsley vol. 2,1849-04-07,178,kept,TO THE SECRETARY OF THE INTERIOR
lincoln_pre1860,L2-0045,Lapsley vol. 2,1849-04-07,178,kept,TO THE SECRETARY OF THE INTERIOR.
lincoln_pre1860,L2-0046,Lapsley vol. 2,1849,202,kept,TO THE POSTMASTER-GENERAL.
lincoln_pre1860,L2-0047,Lapsley vol. 2,1849-04-07,112,kept,TO THE SECRETARY OF THE INTERIOR.
lincoln_pre1860,L2-0048,Lapsley vol. 2,1849-04-25,208,kept,TO THOMPSON.
lincoln_pre1860,L2-0049,Lapsley vol. 2,1849-05-10,477,kept,TO THE SECRETARY OF THE INTERIOR.
lincoln_pre1860,L2-0050,Lapsley vol. 2,1849-05-19,188,kept,TO J. GILLESPIE.
lincoln_pre1860,L2-0051,Lapsley vol. 2,1849-05-25,167,kept,REQUEST FOR GENERAL LAND-OFFICE APPPOINTMENT | TO E. EMBREE.
lincoln_pre1860,L2-0052,Lapsley vol. 2,1849,134,kept,REQUEST FOR A PATENT | IMPROVED METHOD OF LIFTING VESSELS OVER SHOALS.
lincoln_pre1860,L2-0053,Lapsley vol. 2,1849-06-03,106,kept,TO THE SECRETARY OF INTERIOR.
lincoln_pre1860,L2-0054,Lapsley vol. 2,1849-06-05,181,kept,TO W. H. HERNDON.
lincoln_pre1860,L2-0055,Lapsley vol. 2,1849,668,kept,TO J. GILLESPIE. | DEAR GILLESPIE:
lincoln_pre1860,L2-0056,Lapsley vol. 2,1849,157,kept,"RESOLUTIONS OF SYMPATHY WITH THE CAUSE OF HUNGARIAN FREEDOM, | SEPTEMBER [1??], "
lincoln_pre1860,L2-0057,Lapsley vol. 2,1849-09-14,200,kept,
lincoln_pre1860,L2-0058,Lapsley vol. 2,1849-12-15,171,kept,
lincoln_pre1860,L2-0059,Lapsley vol. 2,1850-06-03,333,kept,RESOLUTIONS ON THE DEATH OF JUDGE NATHANIEL POPE.
lincoln_pre1860,L2-0060,Lapsley vol. 2,1850-07-01,332,kept,NOTES FOR LAW LECTURE
lincoln_pre1860,L2-0061,Lapsley vol. 2,1851,0,dropped: under 5 words,LETTERS TO FAMILY MEMBERS
lincoln_pre1860,L2-0062,Lapsley vol. 2,1851-01-02,573,kept,TO JOHN D. JOHNSTON.
lincoln_pre1860,L2-0063,Lapsley vol. 2,1851-01-11,271,kept,TO C. HOYT.
lincoln_pre1860,L2-0064,Lapsley vol. 2,1851-01-12,330,kept,TO JOHN D. JOHNSTON.
lincoln_pre1860,L2-0065,Lapsley vol. 2,1851-05-13,445,kept,PETITION ON BEHALF OF ONE JOSHUA GIPSON | TO THE JUDGE OF THE SANGAMON COUNTY CO
lincoln_pre1860,L2-0066,Lapsley vol. 2,1851-08-31,43,kept,TO J. D. JOHNSTON.
lincoln_pre1860,L2-0067,Lapsley vol. 2,1851-11-04,422,kept,TO J. D. JOHNSTON.
lincoln_pre1860,L2-0068,Lapsley vol. 2,1851-11-04,61,kept,
lincoln_pre1860,L2-0069,Lapsley vol. 2,1851-11-09,149,kept,TO JOHN D. JOHNSTON.
lincoln_pre1860,L2-0070,Lapsley vol. 2,1851-11-25,255,kept,TO JOHN D. JOHNSTON.
lincoln_pre1860,L2-0071,Lapsley vol. 2,1852-07-16,5400,kept,"EULOGY ON HENRY CLAY, | DELIVERED IN THE STATE HOUSE AT SPRINGFIELD, ILLINOIS, J"
lincoln_pre1860,L2-0072,Lapsley vol. 2,1852-11-01,159,kept,CHALLENGED VOTERS | OPINION ON THE ILLINOIS ELECTION LAW.
lincoln_pre1860,L2-0073,Lapsley vol. 2,1853,0,dropped: under 5 words,LEGAL OFFICE WORK
lincoln_pre1860,L2-0074,Lapsley vol. 2,1853-05-12,187,kept,"TO JOSHUA R. STANFORD. | PEKIN, MAY 12, 1853"
lincoln_pre1860,L2-0075,Lapsley vol. 2,1854,127,kept,
lincoln_pre1860,L2-0076,Lapsley vol. 2,1854-09-07,325,kept,NEBRASKA MEASURE | TO J. M. PALMER
lincoln_pre1860,L2-0077,Lapsley vol. 2,1854-09-07,128,kept,TO A. B. MOREAU.
lincoln_pre1860,L2-0078,Lapsley vol. 2,1854-10-16,17001,kept,"REPLY TO SENATOR DOUGLAS--PEORIA SPEECH | SPEECH AT PEORIA, ILLINOIS, IN REPLY T"
lincoln_pre1860,L2-0079,Lapsley vol. 2,1854-11-10,81,kept,REQUEST FOR SENATE SUPPORT | TO CHARLES HOYT
lincoln_pre1860,L2-0080,Lapsley vol. 2,1854-11-27,69,kept,"TO T. J. HENDERSON. | SPRINGFIELD,"
lincoln_pre1860,L2-0081,Lapsley vol. 2,1854-12-01,199,kept,TO J. GILLESPIE.
lincoln_pre1860,L2-0082,Lapsley vol. 2,1854-12-06,143,kept,POLITICAL REFERENCES | TO JUSTICE MCLEAN.
lincoln_pre1860,L2-0083,Lapsley vol. 2,1854,200,kept,TO T. J. HENDERSON.
lincoln_pre1860,L2-0084,Lapsley vol. 2,1855-02-09,497,kept,LOSS OF PRIMARY FOR SENATOR | TO E. B. WASHBURNE.
lincoln_pre1860,L2-0085,Lapsley vol. 2,1855-03-10,103,kept,"RETURN TO LAW PROFESSION | TO SANFORD, PORTER, AND STRIKER, NEW YORK. | SPRINGFI"
lincoln_pre1860,L2-0086,Lapsley vol. 2,1855-03-23,202,kept,TO O. H. BROWNING.
lincoln_pre1860,L2-0087,Lapsley vol. 2,1855-06-07,60,kept,TO H. C. WHITNEY.
lincoln_pre1860,L2-0088,Lapsley vol. 2,1855-08-24,1550,kept,RESPONSE TO A PRO-SLAVERY FRIEND | TO JOSHUA. F. SPEED.
lincoln_pre1860,L2-0089,Lapsley vol. 2,1856-02-13,84,kept,REQUEST FOR A RAILWAY PASS | TO R. P. MORGAN
lincoln_pre1860,L2-0090,Lapsley vol. 2,1856-05-29,8022,kept,"SPEECH DELIVERED BEFORE THE FIRST REPUBLICAN STATE CONVENTION | OF ILLINOIS, HEL"
lincoln_pre1860,L2-0091,Lapsley vol. 2,1856-07-09,84,kept,POLITICAL CORRESPONDENCE | TO W. C. WHITNEY.
lincoln_pre1860,L2-0092,Lapsley vol. 2,1856-07-12,187,kept,ON OUT-OF-STATE CAMPAIGNERS | TO WILLIAM GRIMES.
lincoln_pre1860,L2-0093,Lapsley vol. 2,1856-08-01,655,kept,"REPUBLICAN CAMPAIGN SPEECH | FRAGMENT OF SPEECH AT GALENA, ILLINOIS, IN THE FREM"
lincoln_pre1860,L2-0094,Lapsley vol. 2,1856-08-04,235,kept,"ON THE DANGER OF THIRD-PARTIES | TO JOHN BENNETT. | SPRINGFIELD, AUG. 4, 1856"
lincoln_pre1860,L2-0095,Lapsley vol. 2,1856-08-19,93,kept,TO JESSE K. DUBOIS.
lincoln_pre1860,L2-0096,Lapsley vol. 2,1856-09-08,346,kept,TO HARRISON MALTBY.
lincoln_pre1860,L2-0097,Lapsley vol. 2,1856-09-14,80,kept,
lincoln_pre1860,L2-0098,Lapsley vol. 2,1856-09-14,106,kept,"TO HENRY O'CONNER, MUSCATINE, IOWA."
lincoln_pre1860,L2-0099,Lapsley vol. 2,1856-12-10,742,kept,AFTER THE DEMOCRATIC VICTORY OF BUCHANAN | FRAGMENT OF SPEECH AT A REPUBLICAN BA
lincoln_pre1860,L2-0100,Lapsley vol. 2,1856-12-25,158,kept,
lincoln_pre1860,L2-0101,Lapsley vol. 2,1857,136,kept,
lincoln_pre1860,L2-0102,Lapsley vol. 2,1857-06-26,5403,kept,"RESPONSE TO A DOUGLAS SPEECH | SPEECH IN SPRINGFIELD, ILLINOIS, JUNE 26, 1857."
lincoln_pre1860,L2-0103,Lapsley vol. 2,1857,220,kept,TO WILLIAM GRIMES.
lincoln_pre1860,L2-0104,Lapsley vol. 2,1857-09-24,3259,kept,ARGUMENT IN THE ROCK ISLAND BRIDGE CASE.
lincoln_pre1860,L2-0105,Lapsley vol. 2,1857-12-19,126,kept,TO JESSE K. DUBOIS. | DEAR DUBOIS:
lincoln_pre1860,L2-0106,Lapsley vol. 2,1858-01-19,74,kept,TO JOSEPH GILLESPIE.
lincoln_pre1860,L2-0107,Lapsley vol. 2,1858-02-07,86,kept,TO J. GILLESPIE.
lincoln_pre1860,L2-0108,Lapsley vol. 2,1857-12-18,367,kept,TO H. C. WHITNEY.
lincoln_pre1860,L2-0109,Lapsley vol. 2,1858,124,kept,ANOTHER POLITICAL PATRONAGE REFERENCE | TO EDWARD G. MINER.
lincoln_pre1860,L2-0110,Lapsley vol. 2,1858-06-11,277,kept,"POLITICAL COMMUNICATION | TO W. H. LAMON, ESQ. | SPRINGFIELD, JUNE 11, 1858"
lincoln_pre1860,L2-0111,Lapsley vol. 2,1858-06-15,85,kept,"BRIEF AUTOBIOGRAPHY, | JUNE 15, 1858."
lincoln_pre1860,L3-0000,Lapsley vol. 3,1858-06-17,3247,kept,THE LINCOLN-DOUGLAS DEBATES I
lincoln_pre1860,L3-0001,Lapsley vol. 3,1858-07-10,8247,kept,"SPEECH AT CHICAGO, JULY 10, 1858. | IN REPLY TO SENATOR DOUGLAS | DELIVERED AT C"
lincoln_pre1860,L3-0002,Lapsley vol. 3,1858-07-17,7927,kept,"SPEECH AT SPRINGFIELD, JULY 17, 1858. | DELIVERED SATURDAY EVENING"
lincoln_pre1860,L3-0003,Lapsley vol. 3,1858,15,dropped: not Lincoln's prose (section title or Douglas's questions),CORRESPONDENCE BETWEEN LINCOLN AND DOUGLAS
lincoln_pre1860,L3-0004,Lapsley vol. 3,1858,66,kept,MR. LINCOLN TO MR. DOUGLAS.
lincoln_pre1860,L3-0005,Lapsley vol. 3,1858-07-30,158,dropped: letter by Douglas,
lincoln_pre1860,L3-0006,Lapsley vol. 3,1858-07-31,71,kept,
lincoln_pre1860,L3-0007,Lapsley vol. 3,1858-08-21,8664,kept,"FIRST JOINT DEBATE, AT OTTAWA, | AUGUST 21, 1858"
lincoln_pre1860,L3-0008,Lapsley vol. 3,1858-08-27,4890,kept,"SECOND JOINT DEBATE, AT FREEPORT, | AUGUST 27, 1858"
lincoln_pre1860,L3-0009,Lapsley vol. 3,1858,3006,kept,
lincoln_pre1860,L3-0010,Lapsley vol. 3,1858-09-15,3465,kept,"THIRD JOINT DEBATE, AT JONESBORO, | SEPTEMBER 15, 1858"
lincoln_pre1860,L3-0011,Lapsley vol. 3,1858,154,dropped: not Lincoln's prose (section title or Douglas's questions),INTERROGATORIES:
lincoln_pre1860,L3-0012,Lapsley vol. 3,1858,5826,kept,CAMPBELL'S REPLY.
lincoln_pre1860,L4-0002,Lapsley vol. 4,1858-09-18,6399,kept,"LINCOLN AND DOUGLAS FOURTH DEBATE, AT CHARLESTON, SEPTEMBER 18, 1858."
lincoln_pre1860,L4-0003,Lapsley vol. 4,1858,3807,kept,
lincoln_pre1860,L4-0004,Lapsley vol. 4,1858-10-07,8160,kept,"FIFTH JOINT DEBATE, AT GALESBURGH, OCTOBER 7, 1858"
lincoln_pre1860,L4-0005,Lapsley vol. 4,1858-10-13,5793,kept,"SIXTH JOINT DEBATE, AT QUINCY, OCTOBER 13, 1858."
lincoln_pre1860,L4-0006,Lapsley vol. 4,1858,3506,kept,
lincoln_pre1860,L4-0007,Lapsley vol. 4,1858-10-15,0,dropped: under 5 words,"LAST DEBATE, AT ALTON, OCTOBER 15, 1858"
lincoln_pre1860,L4-0008,Lapsley vol. 4,1858,10328,kept,
lincoln_pre1860,L5-0000,Lapsley vol. 5,1858,0,dropped: volume title,
lincoln_pre1860,L5-0001,Lapsley vol. 5,1858-06-19,98,kept,"TO SYDNEY SPRING, GRAYVILLE, ILL."
lincoln_pre1860,L5-0002,Lapsley vol. 5,1858-06-24,83,kept,TO H. C. WHITNEY.
lincoln_pre1860,L5-0003,Lapsley vol. 5,1858-06-25,171,kept,TO J. W. SOMERS.
lincoln_pre1860,L5-0004,Lapsley vol. 5,1858-06-28,74,kept,TO A. CAMPBELL.
lincoln_pre1860,L5-0005,Lapsley vol. 5,1858-07-16,274,kept,TO J. GILLESPIE.
lincoln_pre1860,L5-0006,Lapsley vol. 5,1858-07-20,110,kept,"TO JOHN MATHERS, JACKSONVILLE, ILL. | SPRINGFIELD, JULY 20, 1858."
lincoln_pre1860,L5-0007,Lapsley vol. 5,1858-07-25,209,kept,"TO JOSEPH GILLESPIE. | SPRINGFIELD, JULY 25, 1858. | HON. J. GILLESPIE."
lincoln_pre1860,L5-0008,Lapsley vol. 5,1858-08-02,94,kept,TO B. C. COOK.
lincoln_pre1860,L5-0009,Lapsley vol. 5,1858-08-05,60,kept,TO HON. J. M. PALMER.
lincoln_pre1860,L5-0010,Lapsley vol. 5,1858-08-11,37,kept,TO ALEXANDER SYMPSON.
lincoln_pre1860,L5-0011,Lapsley vol. 5,1858-08-22,109,kept,TO J. O. CUNNINGHAM.
lincoln_pre1860,L5-0012,Lapsley vol. 5,1858,33,kept,ON SLAVERY IN A DEMOCRACY.
lincoln_pre1860,L5-0013,Lapsley vol. 5,1858-08-02,95,kept,TO B. C. COOK.
lincoln_pre1860,L5-0014,Lapsley vol. 5,1858-09-03,116,kept,"TO DR. WILLIAM FITHIAN, DANVILLE, ILL."
lincoln_pre1860,L5-0015,Lapsley vol. 5,1858-09-08,355,kept,"FRAGMENT OF SPEECH AT PARIS, ILL., | SEPT. 8, 1858."
lincoln_pre1860,L5-0016,Lapsley vol. 5,1858-09-08,1455,kept,"SPEECH AT CLINTON, ILLINOIS, | SEPTEMBER 8, 1858."
lincoln_pre1860,L5-0017,Lapsley vol. 5,1858-09-13,997,kept,"FRAGMENT OF SPEECH AT EDWARDSVILLE, ILL., | SEPT. 13, 1858."
lincoln_pre1860,L5-0018,Lapsley vol. 5,1858,33,kept,"VERSE TO ""LINNIE"""
lincoln_pre1860,L5-0019,Lapsley vol. 5,1858-10-18,434,kept,"NEGROES ARE MEN | TO J. U. BROWN. | SPRINGFIELD, OCT 18, 1858 | HON. J. U. BROWN"
lincoln_pre1860,L5-0020,Lapsley vol. 5,1858-10-26,84,kept,TO A. SYMPSON.
lincoln_pre1860,L5-0021,Lapsley vol. 5,1858-11-16,187,kept,"SENATORIAL ELECTION LOST AND OUT OF MONEY | TO N. B. JUDD. | SPRINGFIELD, NOVEMB"
lincoln_pre1860,L5-0022,Lapsley vol. 5,1858-11-19,77,kept,THE FIGHT MUST GO ON | TO H. ASBURY.
lincoln_pre1860,L5-0023,Lapsley vol. 5,1858,173,kept,REALIZATION THAT DEBATES MUST BE SAVED | TO C. H. RAY.
lincoln_pre1860,L5-0024,Lapsley vol. 5,1858-11-30,103,kept,TO H. C. WHITNEY.
lincoln_pre1860,L5-0025,Lapsley vol. 5,1858-12-08,110,kept,TO H. D. SHARPE.
lincoln_pre1860,L5-0026,Lapsley vol. 5,1858,91,kept,TO A. SYMPSON.
lincoln_pre1860,L5-0027,Lapsley vol. 5,1858,279,kept,ON BANKRUPTCY | NOTES OF AN ARGUMENT.
lincoln_pre1860,L5-0029,Lapsley vol. 5,1859-03-04,161,kept,TO M. W. DELAHAY.
lincoln_pre1860,L5-0030,Lapsley vol. 5,1859-03-28,65,kept,TO W. M. MORRIS.
lincoln_pre1860,L5-0031,Lapsley vol. 5,1859-04-06,600,kept,TO H. L. PIERCE AND OTHERS.
lincoln_pre1860,L5-0032,Lapsley vol. 5,1859-05-17,310,kept,TO T. CANISIUS.
lincoln_pre1860,L5-0033,Lapsley vol. 5,1859,613,kept,"TO THE GOVERNOR, AUDITOR, AND TREASURER OF THE STATE OF ILLINOIS. | GENTLEMEN:"
lincoln_pre1860,L5-0034,Lapsley vol. 5,1858-12-25,56,kept,ON LINCOLN'S SCRAP BOOK | TO H. C. WHITNEY.
lincoln_pre1860,L5-0035,Lapsley vol. 5,1859,0,dropped: under 5 words,FIRST SUGGESTION OF A PRESIDENTIAL OFFER.
lincoln_pre1860,L5-0036,Lapsley vol. 5,1859-07-28,434,kept,TO S. GALLOWAY.
lincoln_pre1860,L5-0037,Lapsley vol. 5,1859-09-06,187,kept,IT IS BAD TO BE POOR. | TO HAWKINS TAYLOR
lincoln_pre1860,L5-0038,Lapsley vol. 5,1859-09-16,11901,kept,"SPEECH AT COLUMBUS, OHIO. | SEPTEMBER 16, 1859."
lincoln_pre1860,L5-0039,Lapsley vol. 5,1859-09-17,11156,kept,"SPEECH AT CINCINNATI OHIO, SEPTEMBER 17, 1859"
lincoln_pre1860,L5-0040,Lapsley vol. 5,1859-10-11,273,kept,ON PROTECTIVE TARIFFS | TO EDWARD WALLACE.
lincoln_pre1860,L5-0041,Lapsley vol. 5,1859,113,kept,ON MORTGAGES | TO W. DUNGY.
lincoln_pre1860,L5-0042,Lapsley vol. 5,1859,173,kept,"FRAGMENT OF SPEECH AT LEAVENWORTH, KANSAS, | DECEMBER, 1859."
lincoln_pre1860,L5-0043,Lapsley vol. 5,1859-12-14,621,kept,"TO G. W. DOLE, G. S. HUBBARD, AND W. H. BROWN."
lincoln_pre1860,L5-0044,Lapsley vol. 5,1859-12-19,167,kept,TO G. M. PARSONS AND OTHERS.
lincoln_pre1860,L5-0045,Lapsley vol. 5,1859-12-20,685,kept,"AUTOBIOGRAPHICAL SKETCH | TO J. W. FELL,"
lincoln_pre1860,L5-0046,Lapsley vol. 5,1859-02-09,122,kept,ON NOMINATION TO THE NATIONAL TICKET
lincoln_pre1860,L5-0047,Lapsley vol. 5,1860,7696,kept,
lincoln_pre1860,L5-0048,Lapsley vol. 5,1860-03-06,7913,kept,"SPEECH AT NEW HAVEN, CONNECTICUT, MARCH 6, 1860"
lincoln_pre1860,L5-0049,Lapsley vol. 5,1860-03-16,122,kept,RESPONSE TO AN ELECTOR'S REQUEST FOR MONEY
lincoln_pre1860,L5-0050,Lapsley vol. 5,1860-03-17,121,kept,TO J. W. SOMERS.
lincoln_pre1860,L5-0051,Lapsley vol. 5,1860-04-06,341,kept,ACCUSATION OF HAVING BEEN PAID FOR A POLITICAL SPEECH
lincoln_pre1860,L5-0052,Lapsley vol. 5,1860-04-21,127,kept,TO H. TAYLOR.
lincoln_pre1860,L5-0053,Lapsley vol. 5,1860,10,"dropped: year only, not certainly before the cut-off",TELEGRAM TO A MEMBER OF THE ILLINOIS DELEGATION
lincoln_pre1860,L5-0054,Lapsley vol. 5,1860-05-19,147,dropped: outside range,REPLY TO THE COMMITTEE SENT BY THE CHICAGO CONVENTION TO INFORM | LINCOLN OF HIS
lincoln_pre1860,L5-0055,Lapsley vol. 5,1860-05-23,142,dropped: outside range,ACCEPTANCE OF NOMINATION AS REPUBLICAN CANDIDATE FOR PRESIDENT | OF THE UNITED S
lincoln_pre1860,L5-0056,Lapsley vol. 5,1860-05-26,92,dropped: outside range,
lincoln_pre1860,L5-0057,Lapsley vol. 5,1860,115,"dropped: year only, not certainly before the cut-off","FORM OF REPLY PREPARED BY MR. LINCOLN, | WITH WHICH HIS PRIVATE SECRETARY WAS IN"
lincoln_pre1860,L5-0058,Lapsley vol. 5,1860-05-26,104,dropped: outside range,"TO E. B. WASHBURNE. | SPRINGFIELD, ILLINOIS, MAY 26, 1860 | HON. E. B. WASHBURNE"
lincoln_pre1860,L5-0059,Lapsley vol. 5,1860-06-04,60,dropped: outside range,TO S. HAYCRAFT.
lincoln_pre1860,L5-0060,Lapsley vol. 5,1860-06-04,56,dropped: outside range,"ABRAHAM OR ""ABRAM"" | TO G. ASHMUN."
lincoln_pre1860,L5-0061,Lapsley vol. 5,1860-06-19,406,dropped: outside range,UNAUTHORIZED BIOGRAPHY | TO S. GALLOWAY.
lincoln_pre1860,L5-0062,Lapsley vol. 5,1860-07-18,93,dropped: outside range,TO HANNIBAL HAMLIN.
lincoln_pre1860,L5-0063,Lapsley vol. 5,1860-07-21,457,dropped: outside range,TO A. JONAS.
lincoln_pre1860,L5-0064,Lapsley vol. 5,1860-08-15,118,dropped: outside range,TO JOHN B. FRY.
lincoln_pre1860,L5-0065,Lapsley vol. 5,1860-08-17,234,dropped: outside range,TO THURLOW WEED
lincoln_pre1860,L5-0066,Lapsley vol. 5,1860-08-31,107,dropped: outside range,SLOW TO LISTEN TO CRIMINATIONS | TO HON. JOHN ------------
lincoln_pre1860,L5-0067,Lapsley vol. 5,1860-09-04,219,dropped: outside range,TO HANNIBAL HAMLIN
lincoln_pre1860,L5-0068,Lapsley vol. 5,1860-09-09,112,dropped: outside range,TO E. B. WASHBURNE.
lincoln_pre1860,L5-0069,Lapsley vol. 5,1860-10-10,38,dropped: outside range,"TO W. H. HERNDON. | SPRINGFIELD, ILL., OCTOBER 10, 1860"
lincoln_pre1860,L5-0070,Lapsley vol. 5,1860-10-15,70,dropped: outside range,TO L. M. BOND.
lincoln_pre1860,L5-0071,Lapsley vol. 5,1860-10-19,82,dropped: outside range,"LETTER SUGGESTING A BEARD | TO MISS GRACE BEDELL, RIPLEY N.Y."
lincoln_pre1860,L5-0072,Lapsley vol. 5,1860-10-26,137,dropped: outside range,EARLY INFORMATION ON ARMY DEFECTION IN SOUTH | TO D. HUNTER.
lincoln_pre1860,L5-0073,Lapsley vol. 5,1860-11-08,60,dropped: outside range,TO HANNIBAL HAMLIN
lincoln_pre1860,L5-0074,Lapsley vol. 5,1860,62,"dropped: year only, not certainly before the cut-off",TO SAMUEL HAYCRAFT.
lincoln_pre1860,L5-0075,Lapsley vol. 5,1860-11-20,118,dropped: outside range,"CELEBRATION OF LINCOLN'S ELECTION, | REMARKS AT THE MEETING AT SPRINGFIELD, ILLI"
lincoln_pre1860,L5-0076,Lapsley vol. 5,1860-11-30,46,dropped: outside range,"TO ALEXANDER H. STEPHENS | SPRINGFIELD, ILL. NOV. 30, 1860 | HON. A. H. STEPHENS"
lincoln_pre1860,L5-0077,Lapsley vol. 5,1860-12-08,97,dropped: outside range,TO HANNIBAL HAMLIN
lincoln_pre1860,L5-0078,Lapsley vol. 5,1860-12-13,108,dropped: outside range,"BLOCKING ""COMPROMISE"" ON SLAVERY ISSUE | TO E. B. WASHBURNE"
lincoln_pre1860,L5-0079,Lapsley vol. 5,1860-12-17,179,dropped: outside range,"OPINION ON SECESSION | TO THURLOW WEED | SPRINGFIELD, ILLINOIS, DECEMBER 17, 186"
lincoln_pre1860,L5-0080,Lapsley vol. 5,1860-12-21,79,dropped: outside range,SOME FORTS SURRENDERED TO THE SOUTH | TO E. B. WASHBURNE
lincoln_pre1860,L5-0081,Lapsley vol. 5,1860-12-22,158,dropped: outside range,TO A. H. STEPHENS.
lincoln_pre1860,L5-0082,Lapsley vol. 5,1860,112,"dropped: year only, not certainly before the cut-off",SUPPORT OF THE FUGITIVE SLAVE CLAUSE | MEMORANDUM
lincoln_pre1860,L5-0083,Lapsley vol. 5,1860-12-22,77,dropped: outside range,TO D. HUNTER.
lincoln_pre1860,L5-0084,Lapsley vol. 5,1860-12-24,57,dropped: outside range,TO I. N. MORRIS
lincoln_pre1860,L5-0085,Lapsley vol. 5,1860-12-14,60,dropped: outside range,ATTEMPT TO FORM A COALITION CABINET | TO HANNIBAL HAMLIN
lincoln_pre1860,L5-0103,Lapsley vol. 5,1860-02-18,71,kept,"ADDRESS AT UTICA, NEW YORK, | FEBRUARY 18, 1860"
lincoln_pre1860,L5-0109,Lapsley vol. 5,1860-02-19,96,kept,"ADDRESS AT HUDSON, NEW YORK. | FEBRUARY 19, 1860"
lincoln_pre1860,L5-0115,Lapsley vol. 5,1860-02-21,203,kept,"ADDRESS AT JERSEY CITY, NEW JERSEY | FEBRUARY 21, 1860"
lincoln_pre1860,L5-0123,Lapsley vol. 5,1860-02-22,152,kept,"ADDRESS AT LANCASTER, PENNSYLVANIA, | FEBRUARY 22, 1860"
hay_all,hay-0001,letters_1908 (letter),1860,0,dropped: under 5 words,"TO MISSES JULIA, ANNIE AND MARY R-"
hay_all,hay-0002,letters_1908 (letter),1860,95,kept,TO THE MISSES R-
hay_all,hay-0003,letters_1908 (letter),1860,69,kept,HAY TO MISS MARY R-
hay_all,hay-0004,letters_1908 (letter),1860,137,kept,HAY TO MISS MAEY E .
hay_all,hay-0005,letters_1908 (letter),1860,211,kept,HAY TO MISS MARY R .
hay_all,hay-0006,letters_1908 (letter),1860,123,kept,HAY TO MISS MARY R .
hay_all,hay-0007,letters_1908 (letter),1861-03-19,152,kept,HAY TO MRS. R-
hay_all,hay-0008,letters_1908 (letter),1861,231,kept,HAY TO MISS MARY R-
hay_all,hay-0009,letters_1908 (diary),1861-04-18,478,kept,DIARY
hay_all,hay-0010,letters_1908 (diary),1861-04-19,555,kept,DIARY
hay_all,hay-0011,letters_1908 (diary),1861-04-20,464,kept,DIARY
hay_all,hay-0012,letters_1908 (diary),1861-04-21,367,kept,DIARY
hay_all,hay-0013,letters_1908 (diary),1861-04-22,599,kept,DIARY
hay_all,hay-0014,letters_1908 (diary),1861-04-23,429,kept,DIARY
hay_all,hay-0015,letters_1908 (diary),1861-04-24,108,kept,DIARY
hay_all,hay-0016,letters_1908 (diary),1861-04-25,246,kept,DIARY
hay_all,hay-0017,letters_1908 (diary),1861-04-26,167,kept,DIARY
hay_all,hay-0018,letters_1908 (diary),1861-04-28,37,kept,DIARY
hay_all,hay-0019,letters_1908 (diary),1861-04-29,234,kept,DIARY
hay_all,hay-0020,letters_1908 (diary),1861-04-30,216,kept,DIARY
hay_all,hay-0021,letters_1908 (diary),1861-05-01,208,kept,DIARY
hay_all,hay-0022,letters_1908 (diary),1861-05-04,132,kept,DIARY
hay_all,hay-0023,letters_1908 (diary),1861-05-05,3,dropped: under 5 words,DIARY
hay_all,hay-0024,letters_1908 (diary),1861-05-07,337,kept,DIARY
hay_all,hay-0025,letters_1908 (diary),1861-05-09,94,kept,DIARY
hay_all,hay-0026,letters_1908 (diary),1861-05-10,205,kept,DIARY
hay_all,hay-0027,letters_1908 (diary),1861-05-11,90,kept,DIARY
hay_all,hay-0028,letters_1908 (letter),1861-08-19,206,kept,HAY TO JAMES A. HAMILTON.
hay_all,hay-0029,letters_1908 (letter),1861-08-21,520,kept,HAY TO MRS. E-
hay_all,hay-0030,letters_1908 (letter),1861-08-21,50,kept,HAY TO NICOLAY.
hay_all,hay-0031,letters_1908 (letter),1861-08-24,196,kept,HAY TO NICOLAY.
hay_all,hay-0032,letters_1908 (diary),1861-08-22,99,kept,DIARY
hay_all,hay-0033,letters_1908 (diary),1861-08-28,34,kept,DIARY
hay_all,hay-0034,letters_1908 (diary),1861-10-10,372,kept,DIARY
hay_all,hay-0035,letters_1908 (diary),1861-10-12,356,kept,DIARY
hay_all,hay-0036,letters_1908 (diary),1861-10-17,362,kept,DIARY
hay_all,hay-0037,letters_1908 (diary),1861-10-22,329,kept,DIARY
hay_all,hay-0038,letters_1908 (diary),1861-10-26,312,kept,DIARY
hay_all,hay-0039,letters_1908 (diary),1861-10-27,336,kept,DIARY
hay_all,hay-0040,letters_1908 (diary),1861-11-08,99,kept,DIARY
hay_all,hay-0041,letters_1908 (diary),1861-11-11,82,kept,DIARY
hay_all,hay-0042,letters_1908 (diary),1861-11-13,822,kept,DIARY
hay_all,hay-0043,letters_1908 (letter),1862-03-31,38,kept,HAY TO NICOLAY.
hay_all,hay-0044,letters_1908 (letter),1862,40,kept,HAY TO NICOLAY.
hay_all,hay-0045,letters_1908 (letter),1862-04-04,47,kept,HAY TO NICOLAY.
hay_all,hay-0046,letters_1908 (letter),1862-04-09,191,kept,HAY TO NICOLAY.
hay_all,hay-0047,letters_1908 (letter),1862-08-01,94,kept,HAY TO NICOLAY.
hay_all,hay-0048,letters_1908 (letter),1862-08-11,1897,kept,HAY TO NICOLAY.
hay_all,hay-0049,letters_1908 (letter),1862-08-27,298,kept,HAY TO NICOLAY.
hay_all,hay-0050,letters_1908 (letter),1863-01-22,361,kept,HAY TO MISS MARY R .
hay_all,hay-0051,letters_1908 (letter),1863-04-08,500,kept,HAY TO NICOLAY.
hay_all,hay-0052,letters_1908 (letter),1863-04-10,111,kept,HAY TO NICOLAY.
hay_all,hay-0053,letters_1908 (letter),1863-04-10,698,kept,HAY TO PRESIDENT LINCOLN.
hay_all,hay-0054,letters_1908 (letter),1863-04-14,396,kept,HAY TO NICOLAY.
hay_all,hay-0055,letters_1908 (letter),1863-04-16,300,kept,HAY TO NICOLAY.
hay_all,hay-0056,letters_1908 (letter),1863-04-23,1295,kept,HAY TO NICOLAY.
hay_all,hay-0057,letters_1908 (letter),1863-08-07,296,kept,HAY TO NICOLAY.
hay_all,hay-0058,letters_1908 (diary),1863-08-09,178,kept,DIARY
hay_all,hay-0059,letters_1908 (diary),1863-08-13,187,kept,DIARY
hay_all,hay-0060,letters_1908 (diary),1863-08-19,340,kept,DIARY
hay_all,hay-0061,letters_1908 (diary),1863-09-09,921,kept,DIARY
hay_all,hay-0062,letters_1908 (diary),1863-09-10,236,kept,DIARY
hay_all,hay-0063,letters_1908 (letter),1863-09-11,511,kept,HAY TO NICOLAY.
hay_all,hay-0064,letters_1908 (diary),1863,1003,kept,DIARY
hay_all,hay-0065,letters_1908 (diary),1863-10-18,500,kept,DIARY
hay_all,hay-0066,letters_1908 (diary),1863-10-19,55,kept,DIARY
hay_all,hay-0067,letters_1908 (diary),1863-10-21,68,kept,DIARY
hay_all,hay-0068,letters_1908 (diary),1863-10-22,231,kept,DIARY
hay_all,hay-0069,letters_1908 (diary),1863-10-24,67,kept,DIARY
hay_all,hay-0070,letters_1908 (diary),1863-10-28,79,kept,DIARY
hay_all,hay-0071,letters_1908 (diary),1863-10-29,193,kept,DIARY
hay_all,hay-0072,letters_1908 (diary),1863-10-30,419,kept,DIARY
hay_all,hay-0073,letters_1908 (diary),1863-11-01,370,kept,DIARY
hay_all,hay-0074,letters_1908 (diary),1863-11-02,482,kept,DIARY
hay_all,hay-0075,letters_1908 (diary),1863-11-12,71,kept,DIARY
hay_all,hay-0076,letters_1908 (diary),1863-11-18,1094,kept,DIARY
hay_all,hay-0077,letters_1908 (diary),1863-11-22,490,kept,DIARY
hay_all,hay-0078,letters_1908 (diary),1863-11-24,57,kept,DIARY
hay_all,hay-0079,letters_1908 (letter),1863-11-25,127,kept,HAY TO NICOLAY.
hay_all,hay-0080,letters_1908 (letter),1863-11-26,73,kept,HAY TO NICOLAY.
hay_all,hay-0081,letters_1908 (diary),1863-11-27,33,kept,DIARY
hay_all,hay-0082,letters_1908 (diary),1863-11-28,402,kept,DIARY
hay_all,hay-0083,letters_1908 (diary),1863-12-09,618,kept,DIARY
hay_all,hay-0084,letters_1908 (diary),1863-12-10,650,kept,DIARY
hay_all,hay-0085,letters_1908 (diary),1863-12-12,130,kept,DIARY
hay_all,hay-0086,letters_1908 (diary),1863-12-13,388,kept,DIARY
hay_all,hay-0087,letters_1908 (diary),1863-12-15,85,kept,DIARY
hay_all,hay-0088,letters_1908 (diary),1863-12-17,76,kept,DIARY
hay_all,hay-0089,letters_1908 (diary),1863-12-23,264,kept,DIARY
hay_all,hay-0090,letters_1908 (diary),1863-12-24,259,kept,DIARY
hay_all,hay-0091,letters_1908 (diary),1863-12-25,230,kept,DIARY
hay_all,hay-0092,letters_1908 (diary),1863-12-28,110,kept,DIARY
hay_all,hay-0093,letters_1908 (diary),1864-01-01,1393,kept,DIARY
hay_all,hay-0094,letters_1908 (diary),1864-01-08,158,kept,DIARY
hay_all,hay-0095,letters_1908 (diary),1864-01-09,230,kept,DIARY
hay_all,hay-0096,letters_1908 (diary),1864-01-13,215,kept,DIARY
hay_all,hay-0097,letters_1908 (diary),1864-01-20,203,kept,DIARY
hay_all,hay-0098,letters_1908 (diary),1864-01-23,160,kept,DIARY
hay_all,hay-0099,letters_1908 (diary),1864-01-27,31,kept,DIARY
hay_all,hay-0100,letters_1908 (diary),1864-02-01,355,kept,DIARY
hay_all,hay-0101,letters_1908 (diary),1864-02-02,420,kept,DIARY
hay_all,hay-0102,letters_1908 (diary),1864-02-09,196,kept,DIARY
hay_all,hay-0103,letters_1908 (diary),1864-02-10,126,kept,DIARY
hay_all,hay-0104,letters_1908 (diary),1864-02-11,485,kept,DIARY
hay_all,hay-0105,letters_1908 (diary),1864-02-12,260,kept,DIARY
hay_all,hay-0106,letters_1908 (diary),1864-02-21,189,kept,DIARY
hay_all,hay-0107,letters_1908 (diary),1864-02-22,309,kept,DIARY
hay_all,hay-0108,letters_1908 (diary),1864-02-24,27,kept,DIARY
hay_all,hay-0109,letters_1908 (diary),1864-02-28,49,kept,DIARY
hay_all,hay-0110,letters_1908 (diary),1864-02-29,25,kept,DIARY
hay_all,hay-0111,letters_1908 (diary),1864-03-01,47,kept,DIARY
hay_all,hay-0112,letters_1908 (diary),1864-03-02,25,kept,DIARY
hay_all,hay-0113,letters_1908 (diary),1864-03-03,146,kept,DIARY
hay_all,hay-0114,letters_1908 (diary),1864-03-05,101,kept,DIARY
hay_all,hay-0115,letters_1908 (diary),1864-03-06,666,kept,DIARY
hay_all,hay-0116,letters_1908 (diary),1864-03-07,406,kept,DIARY
hay_all,hay-0117,letters_1908 (diary),1864-03-08,38,kept,DIARY
hay_all,hay-0118,letters_1908 (diary),1864-03-09,187,kept,DIARY
hay_all,hay-0119,letters_1908 (diary),1864-03-11,28,kept,DIARY
hay_all,hay-0120,letters_1908 (diary),1864-03-12,23,kept,DIARY
hay_all,hay-0121,letters_1908 (diary),1864-03-19,187,kept,DIARY
hay_all,hay-0122,letters_1908 (diary),1864-03-24,216,kept,DIARY
hay_all,hay-0123,letters_1908 (diary),1864-04-24,168,kept,DIARY
hay_all,hay-0124,letters_1908 (letter),1864-04-13,2058,kept,HAY TO C. G. H ALPINE.
hay_all,hay-0125,letters_1908 (letter),1864-05-08,1087,kept,HAY TO CHARLES EDWARD HAY.
hay_all,hay-0126,letters_1908 (letter),1864-06-20,223,kept,HAY TO NICOLAY.
hay_all,hay-0127,letters_1908 (diary),1864,1891,kept,DIARY
hay_all,hay-0128,letters_1908 (diary),1864-06-21,20,kept,DIARY
hay_all,hay-0129,letters_1908 (diary),1864-06-23,230,kept,DIARY
hay_all,hay-0130,letters_1908 (diary),1864-06-24,439,kept,DIARY
hay_all,hay-0131,letters_1908 (diary),1864-07,1363,kept,DIARY
hay_all,hay-0132,letters_1908 (letter),1864-08-25,447,kept,HAY TO NTCOLAY.
hay_all,hay-0133,letters_1908 (diary),1864-09-23,123,kept,DIARY
hay_all,hay-0134,letters_1908 (diary),1864-09-24,127,kept,DIARY
hay_all,hay-0135,letters_1908 (letter),1864-09-24,219,kept,HAY TO NICOLAY.
hay_all,hay-0136,letters_1908 (diary),1864-09-25,935,kept,DIARY
hay_all,hay-0137,letters_1908 (diary),1864-09-26,281,kept,DIARY
hay_all,hay-0138,letters_1908 (diary),1864-09-29,185,kept,DIARY
hay_all,hay-0139,letters_1908 (diary),1864-10-02,306,kept,DIARY
hay_all,hay-0140,letters_1908 (diary),1864-10-07,167,kept,DIARY
hay_all,hay-0141,letters_1908 (letter),1864-10-10,77,kept,HAY TO NICOLAY.
hay_all,hay-0142,letters_1908 (diary),1864-10-11,636,kept,DIARY
hay_all,hay-0143,letters_1908 (letter),1864-10-13,152,kept,HAY TO NICOLA Y.
hay_all,hay-0144,letters_1908 (letter),1864-11-07,15,kept,HAY TO NICOLAY.
hay_all,hay-0145,letters_1908 (diary),1864-11-08,917,kept,DIARY
hay_all,hay-0146,letters_1908 (diary),1864-11-11,1920,kept,DIARY
hay_all,hay-0147,letters_1908 (letter),1865-03-18,384,kept,HAY TO CHARLES EDWARD HAY.
hay_all,hay-0148,letters_1908 (letter),1865-09-07,191,kept,HAY TO ALBERT RHODES.
hay_all,hay-0149,letters_1908 (diary),1865,982,kept,DIARY
hay_all,hay-0150,letters_1908 (diary),1865-09-27,74,kept,DIARY
hay_all,hay-0151,letters_1908 (diary),1865-09-30,2409,kept,DIARY
hay_all,hay-0152,letters_1908 (letter),1866-10-19,167,kept,HAY TO ALBERT RHODES.
hay_all,hay-0153,letters_1908 (letter),1866-12,170,kept,HAY TO ALBERT RHODES.
hay_all,hay-0154,letters_1908 (letter),1867-02-14,476,kept,HAY TO NICOLAY.
hay_all,hay-0155,letters_1908 (letter),1867-03-18,509,kept,HAY TO NICOLAY.
hay_all,hay-0156,letters_1908 (diary),1867,2,dropped: under 5 words,DIARY
hay_all,hay-0157,letters_1908 (diary),1867-06-03,975,kept,DIARY
hay_all,hay-0158,letters_1908 (diary),1867-06-11,633,kept,DIARY
hay_all,hay-0159,letters_1908 (diary),1867-06-06,91,kept,DIARY
hay_all,hay-0160,letters_1908 (letter),1867-06-12,5537,kept,HAY TO MISS ELIZABETH HAY.
hay_all,hay-0161,letters_1908 (letter),1867-09-02,365,kept,HAY TO NICOLAY.
hay_all,hay-0162,letters_1908 (diary),1867,1680,kept,DIARY
hay_all,hay-0163,letters_1908 (diary),1867-09-09,1211,kept,DIARY
hay_all,hay-0164,letters_1908 (diary),1867-09-10,267,kept,DIARY
hay_all,hay-0165,letters_1908 (diary),1867-09-11,199,kept,DIARY
hay_all,hay-0166,letters_1908 (diary),1867-09-12,46,kept,DIARY
hay_all,hay-0167,letters_1908 (diary),1867-09-13,46,kept,DIARY
hay_all,hay-0168,letters_1908 (diary),1867-09-14,164,kept,DIARY
hay_all,hay-0169,letters_1908 (diary),1867-09-15,228,kept,DIARY
hay_all,hay-0170,letters_1908 (diary),1867-09-18,391,kept,DIARY
hay_all,hay-0171,letters_1908 (diary),1867-09-20,45,kept,DIARY
hay_all,hay-0172,letters_1908 (letter),1867,301,kept,HAY TO ALBERT RHODES.
hay_all,hay-0173,letters_1908 (letter),1867-10-19,221,kept,HAY TO NICOLAY.
hay_all,hay-0174,letters_1908 (letter),1867-11-24,521,kept,HAY TO NICOLAY.
hay_all,hay-0175,letters_1908 (diary),1867,117,kept,DIARY
hay_all,hay-0176,letters_1908 (diary),1867-12-26,156,kept,DIARY
hay_all,hay-0177,letters_1908 (diary),1867-12-30,204,kept,DIARY
hay_all,hay-0178,letters_1908 (diary),1867-12-31,42,kept,DIARY
hay_all,hay-0179,letters_1908 (diary),1868-01-05,82,kept,DIARY
hay_all,hay-0180,letters_1908 (letter),1868-01-06,150,kept,JOHN HAY TO DAVID GRAY.
hay_all,hay-0181,letters_1908 (diary),1868-01-18,113,kept,DIARY
hay_all,hay-0182,letters_1908 (letter),1868,3946,kept,COPY OF LETTER TO SECRETARY OF STATE.
hay_all,hay-0183,letters_1908 (letter),1868-06-30,416,kept,HAY TO NICOLAY.
hay_all,hay-0184,letters_1908 (letter),1868-08-16,234,kept,HAY TO NICOLAY.
hay_all,hay-0185,letters_1908 (letter),1868-10-14,297,kept,HAY TO NICOLAY.
hay_all,hay-0186,letters_1908 (diary),1868,66,kept,DIARY
hay_all,hay-0187,letters_1908 (diary),1869-01-28,85,kept,DIARY
hay_all,hay-0188,letters_1908 (letter),1869-02-11,294,kept,HAY TO E. C. STEDMAN.
hay_all,hay-0189,letters_1908 (letter),1869-07-10,183,kept,HAY TO E. C. STEDMAN.
hay_all,hay-0190,letters_1908 (diary),1869,291,kept,DIARY
hay_all,hay-0191,letters_1908 (diary),1869-10-02,365,kept,DIARY
hay_all,hay-0192,letters_1908 (diary),1869-10-03,269,kept,DIARY
hay_all,hay-0193,letters_1908 (diary),1869-10-06,919,kept,DIARY
hay_all,hay-0194,letters_1908 (letter),1869,551,kept,HAY TO NICOLAY.
hay_all,hay-0195,letters_1908 (letter),1870-12-18,104,kept,HAY TO WHITELAW REID.
hay_all,hay-0196,letters_1908 (letter),1870,171,kept,HAY TO NICOLA Y.
hay_all,hay-0197,letters_1908 (letter),1870,114,kept,HAY TO MAJOR GENERAL SICKLES.
hay_all,hay-0198,letters_1908 (letter),1870-06-30,575,kept,HAY TO MISS HARRIET K. LORING.
hay_all,hay-0199,letters_1908 (letter),1870-10-13,284,kept,HAY TO NICOLAY.
hay_all,hay-0200,letters_1908 (letter),1870-12-18,306,kept,HAY TO WHITELAW REID.
hay_all,hay-0201,letters_1908 (letter),1870-12-12,318,kept,HAY TO NICOLAY.
hay_all,hay-0202,letters_1908 (letter),1870-12-29,226,kept,HAY TO HOWELLS.
hay_all,hay-0203,letters_1908 (letter),1871-03-18,241,kept,HAY TO NICOLAY.
hay_all,hay-0204,letters_1908 (letter),1871-06-19,98,kept,HAY TO ALBERT RHODES.
hay_all,hay-0205,letters_1908 (letter),1871-10-05,280,kept,HAY TO E. H. STODDARD.
hay_all,hay-0206,letters_1908 (letter),1871-12-25,94,kept,HAY TO HOWELLS.
hay_all,hay-0207,letters_1908 (letter),1872-02-11,28,kept,HAY TO WHITELAW REID.
hay_all,hay-0208,letters_1908 (letter),1872-02-16,425,kept,HAY TO WHITELAW EEID.
hay_all,hay-0209,letters_1908 (letter),1873-05,454,kept,HAY TO WHITELAW REID.
hay_all,hay-0210,letters_1908 (letter),1873,100,kept,HAY TO E. M. STANTON.
hay_all,hay-0211,letters_1908 (letter),1874-05-15,77,kept,HAY TO ALBERT RHODES.
hay_all,hay-0212,letters_1908 (letter),1875-01-28,283,kept,HAY TO ALBERT RHODES.
hay_all,hay-0213,letters_1908 (letter),1875-07-09,140,kept,HAY TO ALBERT RHODES.
hay_all,hay-0214,letters_1908 (letter),1875-07-19,241,kept,HAY TO WHITELAW REID.
hay_all,hay-0215,letters_1908 (letter),1876-06-23,146,kept,HAY TO NICOLAY.
hay_all,hay-0216,letters_1908 (letter),1876-11-13,286,kept,HAY TO WHITELAW EEID.
hay_all,hay-0217,letters_1908 (letter),1877-02-20,303,kept,HAY TO HOWELLS.
hay_all,hay-0218,letters_1908 (letter),1877-08-09,147,kept,HAY TO NICOLAY.
hay_all,hay-0219,letters_1908 (letter),1877-11-26,165,kept,HAY TO WHITELAW EEID.
hay_all,hay-0220,letters_1908 (letter),1878-02-14,300,kept,HAY TO EGBERT LINCOLN.
hay_all,hay-0221,letters_1908 (letter),1878-02-27,242,kept,HAY TO NICOLAY.
hay_all,hay-0222,letters_1908 (letter),1878-04-06,77,kept,HAY TO NICOLAY
hay_all,hay-0223,letters_1908 (letter),1878-07-05,399,kept,HAY TO WHITELAW REID.
hay_all,hay-0224,letters_1908 (letter),1878-10-27,219,kept,HAY TO WHITELAW EEID.
hay_all,hay-0225,letters_1908 (letter),1878-10-28,674,kept,HAY TO HOWELLS.
hay_all,hay-0226,letters_1908 (letter),1879-01-11,195,kept,"HAY TO NICOLAY,"
hay_all,hay-0227,letters_1908 (letter),1879-03-30,233,kept,HAY TO NICOLAY.
hay_all,hay-0228,letters_1908 (letter),1879-06-09,99,kept,HAY TO WHITELAW EEID.
hay_all,hay-0229,letters_1908 (letter),1879-08-20,90,kept,HAY TO WHITELAW REID.
hay_all,hay-0230,letters_1908 (letter),1879-08-25,128,kept,HAY TO WHITELAW REID.
hay_all,hay-0231,letters_1908 (letter),1879-10-05,420,kept,HAY TO WHITELAW REID.
hay_all,hay-0232,letters_1908 (letter),1880-05-24,277,kept,HAY TO HOWELLS.
hay_all,hay-0233,letters_1908 (letter),1880,170,kept,HAY TO RHODES.
hay_all,hay-0234,letters_1908 (letter),1880-08-04,268,kept,HAY TO WHITELAW REID.
hay_all,hay-0235,letters_1908 (letter),1880,271,kept,HAY TO R. W. GILDER.
hay_all,hay-0236,letters_1908 (letter),1880,148,kept,HAY TO HOWELLS.
hay_all,hay-0237,letters_1908 (letter),1880-10-18,248,kept,HAY TO GENERAL GARFIELD.
hay_all,hay-0238,letters_1908 (letter),1880,310,kept,HAY TO HOWELLS.
hay_all,hay-0239,letters_1908 (letter),1880,790,kept,HAY TO GENERAL GARFIELD.
hay_all,hay-0240,letters_1908 (letter),1880-12-31,677,kept,HAY TO GENERAL GARFIELD.
hay_all,hay-0241,letters_1908 (letter),1881-05-07,123,kept,HAY TO WHITELAW HEID.
hay_all,hay-0242,letters_1908 (letter),1881-05-26,299,kept,HAY TO WHITELAW REID.
hay_all,hay-0243,letters_1908 (letter),1881,145,kept,HAY TO ALBERT RHODES.
hay_all,hay-0244,letters_1908 (letter),1881-06-29,170,kept,HAY TO WHITELAW REID.
hay_all,hay-0245,letters_1908 (letter),1881-08-13,270,kept,HAY TO WHITELAW REID.
hay_all,hay-0246,letters_1908 (letter),1881,299,kept,HAY TO WHITELAW REID.
hay_all,hay-0247,letters_1908 (letter),1882-02-19,83,kept,HAY TO ALBEET RHODES.
hay_all,hay-0248,letters_1908 (letter),1882-03-26,235,kept,HAY TO HOWELLS.
hay_all,hay-0249,letters_1908 (letter),1882-06-28,135,kept,HAY TO STEDMAN.
hay_all,hay-0250,letters_1908 (letter),1882-09-18,310,kept,HAY TO HOWELLS.
hay_all,hay-0251,letters_1908 (letter),1882,463,kept,HAY TO HOW ELLS.
hay_all,hay-0252,letters_1908 (letter),1883-01-06,125,kept,HAY TO ALBERT RHODES.
hay_all,hay-0253,letters_1908 (letter),1883-03-08,424,kept,"HAY TO NICOLAY,"
hay_all,hay-0254,letters_1908 (letter),1883-07-27,375,kept,HAY TO HOWELLS.
hay_all,hay-0255,letters_1908 (letter),1883-08-11,212,kept,HAY TO HENRY JAMES.
hay_all,hay-0256,letters_1908 (letter),1883-03-11,352,kept,"HAY TO MR. A S ,"
hay_all,hay-0257,letters_1908 (letter),1883-05-02,330,kept,"HAY TO MR, A-"
hay_all,hay-0258,letters_1908 (letter),1883,195,kept,HAY TO HOWELLS.
hay_all,hay-0259,letters_1908 (letter),1883-12-29,58,kept,HAY TO R. W. GILDER.
hay_all,hay-0260,letters_1908 (letter),1884-01-27,166,kept,HAY TO ROBERT LINCOLN.
hay_all,hay-0261,letters_1908 (letter),1884-09-16,267,kept,HAY TO HOWELLS.
hay_all,hay-0262,letters_1908 (letter),1885-02-14,295,kept,HAY TO ALBERT RHODES.
hay_all,hay-0263,letters_1908 (letter),1885-04-02,150,kept,HAY TO HOWELLS.
hay_all,hay-0264,letters_1908 (letter),1885-04-20,137,kept,HAY TO ROBERT LINCOLN.
hay_all,hay-0265,letters_1908 (letter),1885-08-10,663,kept,HAY TO NICOLAY.
hay_all,hay-0266,letters_1908 (letter),1885-08-13,263,kept,HAY TO GILDEE.
hay_all,hay-0267,letters_1908 (letter),1885-11-21,54,kept,HAY TO GILDER.
hay_all,hay-0268,letters_1908 (letter),1885,254,kept,HAY TO ADAMS.
hay_all,hay-0269,letters_1908 (letter),1885-12-11,217,kept,HAY TO XICOLAY.
hay_all,hay-0270,letters_1908 (letter),1886-01-06,401,kept,HAY TO ROBERT LINCOLN.
hay_all,hay-0271,letters_1908 (letter),1886-06-29,115,kept,"HAY TO WHITELAW REID,"
hay_all,hay-0272,letters_1908 (letter),1886-09-17,288,kept,HAY TO GILDER.
hay_all,hay-0273,letters_1908 (letter),1886-10-22,108,kept,HAY TO GILDER.
hay_all,hay-0274,letters_1908 (letter),1886-12-10,79,kept,HAY TO GILDER.
hay_all,hay-0275,letters_1908 (letter),1887-03-07,109,kept,HAY TO R. W. GILDER.
hay_all,hay-0276,letters_1908 (letter),1887,189,kept,HAY TO DR. WEIR MITCHELL.
hay_all,hay-0277,letters_1908 (letter),1887-04-25,226,kept,HAY TO GILDER.
hay_all,hay-0278,letters_1908 (letter),1887-05-12,290,kept,HAY TO ADAMS.
hay_all,hay-0279,letters_1908 (letter),1887-05-14,639,kept,HAY TO SIR JOHN CLARK.
hay_all,hay-0280,letters_1908 (letter),1887-05-14,101,kept,HAY TO R. W. GILDER.
hay_all,hay-0281,letters_1908 (letter),1887-05-25,228,kept,HAY TO WHITELAW REID.
hay_all,hay-0282,letters_1908 (letter),1887-06-15,208,kept,HAY TO ADAMS.
hay_all,hay-0283,letters_1908 (letter),1887-06-16,383,kept,HAY TO SIR JOHN CLARK.
hay_all,hay-0284,letters_1908 (letter),1887-07-20,297,kept,HAY TO ADAMS.
hay_all,hay-0285,letters_1908 (letter),1887-08-04,243,kept,HAY TO NICOLAY.
hay_all,hay-0286,letters_1908 (letter),1887,1274,kept,HAY TO SIR JOHN CLARK.
hay_all,hay-0287,letters_1908 (letter),1887-08-23,370,kept,HAY TO SIR JOHN CLARK.
hay_all,hay-0288,letters_1908 (letter),1887-08-13,120,kept,HAY TO E. C. STEDMAN.
hay_all,hay-0289,letters_1908 (letter),1887,509,kept,HAY TO ADAMS.
hay_all,hay-0290,letters_1908 (letter),1887,202,kept,HAY TO ADAMS.
hay_all,hay-0291,letters_1908 (letter),1887-09-23,143,kept,HAY TO ADAMS.
hay_all,hay-0292,letters_1908 (letter),1887-11-07,157,kept,HAY TO ADAMS.
hay_all,hay-0293,letters_1908 (letter),1887-11-14,415,kept,"HAY TO W. L. STONE,"
hay_all,hay-0294,letters_1908 (letter),1887-12-08,67,kept,HAY TO WHITELAW REID.
hay_all,hay-0295,letters_1908 (letter),1888-02-06,141,kept,HAY TO HON. W. M. EVARTS.
hay_all,hay-0296,letters_1908 (letter),1888-03-05,186,kept,HAY TO ROBERT LINCOLX.
hay_all,hay-0297,letters_1908 (letter),1888-03-14,280,kept,HAY TO WHITELAW EEID.
hay_all,hay-0298,letters_1908 (letter),1888-03-10,312,kept,HAY TO WHITELAW REID.
hay_all,hay-0299,letters_1908 (letter),1888-04-12,160,kept,HAY TO ROBERT LINCOLN.
hay_all,hay-0300,letters_1908 (letter),1888-05-19,172,kept,HAY TO ADAMS.
hay_all,hay-0301,letters_1908 (letter),1888-05-28,308,kept,HAY TO ADAMS.
hay_all,hay-0302,letters_1908 (letter),1888-06-11,140,kept,HAY TO NICOLAY.
hay_all,hay-0303,letters_1908 (letter),1888-06-25,210,kept,HAY TO ADAMS.
hay_all,hay-0304,letters_1908 (letter),1888-07-14,241,kept,HAY TO ADAMS.
hay_all,hay-0305,letters_1908 (letter),1888-07-30,252,kept,HAY TO ADAMS.
hay_all,hay-0306,letters_1908 (letter),1888-08-23,224,kept,HAY TO ADAMS.
hay_all,hay-0307,letters_1908 (letter),1888-08-27,90,kept,HAY TO ADAMS.
hay_all,hay-0308,letters_1908 (letter),1888-09-20,270,kept,HAY TO ADAMS.
hay_all,hay-0309,letters_1908 (letter),1888-10-18,227,kept,HAY TO ADAMS.
hay_all,hay-0310,letters_1908 (letter),1888-10-25,203,kept,HAY TO E. A. ABBEY.
hay_all,hay-0311,letters_1908 (letter),1889-01-11,234,kept,HAY TO JOSEPH B. BISHOP.
hay_all,hay-0312,letters_1908 (letter),1889-01-21,212,kept,HAY TO EDWIN A. ABBEY.
hay_all,hay-0313,letters_1908 (letter),1889-02-05,27,kept,HAY TO GILDER.
hay_all,hay-0314,letters_1908 (letter),1889-03-27,149,kept,HAY TO ROBERT LINCOLN.
hay_all,hay-0315,letters_1908 (letter),1889-04-15,288,kept,HAY TO NICOLAY.
hay_all,hay-0316,letters_1908 (letter),1889-05-31,470,kept,HAY TO ADAMS.
hay_all,hay-0317,letters_1908 (letter),1889-06-11,316,kept,HAY TO ADAMS.
hay_all,hay-0318,letters_1908 (letter),1889-06-26,469,kept,HAY TO ADAMS.
hay_all,hay-0319,letters_1908 (letter),1889-08-04,607,kept,HAY TO ADAMS.
hay_all,hay-0320,letters_1908 (letter),1889-08-19,261,kept,HAY TO ADAMS.
hay_all,hay-0321,letters_1908 (letter),1889-09-21,256,kept,HAY TO ADAMS.
hay_all,hay-0322,letters_1908 (letter),1889-10-11,547,kept,HAY TO ADAMS.
hay_all,hay-0323,letters_1908 (letter),1889-10-22,251,kept,HAY TO ADAMS.
hay_all,hay-0324,letters_1908 (letter),1889-11-04,60,kept,HAY TO ADAMS.
hay_all,hay-0325,letters_1908 (letter),1889-11-30,95,kept,HAY TO ROBERT LINCOLN.
hay_all,hay-0326,letters_1908 (letter),1889-12-22,199,kept,HAY TO ROBERT LIXCOLN.
hay_all,hay-0327,letters_1908 (letter),1890-01-22,124,kept,HAY TO HOWELLS.
hay_all,hay-0328,letters_1908 (letter),1890-01-23,189,kept,HAY TO HOWELLS.
hay_all,hay-0329,letters_1908 (letter),1890-01-30,176,kept,HAY TO HOWELLS.
hay_all,hay-0330,letters_1908 (letter),1890-02-09,29,kept,HAY TO GILDER.
hay_all,hay-0331,letters_1908 (letter),1890-03-18,45,kept,HAY TO BUEL.
hay_all,hay-0332,letters_1908 (letter),1890-03-20,198,kept,HAY TO HOWELLS.
hay_all,hay-0333,letters_1908 (letter),1890-04-21,210,kept,HAY TO ROBERT LINCOLN.
hay_all,hay-0334,letters_1908 (letter),1890-06-03,69,kept,HAY TO GILDER.
hay_all,hay-0335,letters_1908 (letter),1890-06-05,38,kept,HAY TO GILDER.
hay_all,hay-0336,letters_1908 (letter),1890-06-08,138,kept,HAY TO HOWELLS.
hay_all,hay-0337,letters_1908 (letter),1890-06-19,389,kept,HAY TO GILDER.
hay_all,hay-0338,letters_1908 (letter),1890-07-17,352,kept,HAY TO ADAMS.
hay_all,hay-0339,letters_1908 (letter),1890-08-05,159,kept,HAY TO ADAMS.
hay_all,hay-0340,letters_1908 (letter),1890-10-09,856,kept,HAY TO ADAMS.
hay_all,hay-0341,letters_1908 (letter),1890-12-12,1156,kept,HAY TO ADAMS.
hay_all,hay-0342,letters_1908 (letter),1890-12-30,899,kept,HAY TO ADAMS.
hay_all,hay-0343,letters_1908 (letter),1891-01-10,452,kept,HAY TO ADAMS.
hay_all,hay-0344,letters_1908 (letter),1891-01-26,35,kept,HAY TO GILDER.
hay_all,hay-0345,letters_1908 (letter),1891-03-25,514,kept,HAY TO ADAMS.
hay_all,hay-0346,letters_1908 (letter),1891-05-02,79,kept,HAY TO ROBERT LINCOLN.
hay_all,hay-0347,letters_1908 (letter),1891-05-28,196,kept,HAY TO MRS. WHITELAW REID.
hay_all,hay-0348,letters_1908 (letter),1891-06-04,1938,kept,HAY TO ADAMS.
hay_all,hay-0349,letters_1908 (letter),1891-08-20,180,kept,HAY TO ADAMS.
hay_all,hay-0350,letters_1908 (letter),1891-10-24,375,kept,HAY TO ADAMS.
hay_all,hay-0351,letters_1908 (letter),1891-12-17,512,kept,HAY TO ADAMS.
hay_all,hay-0352,letters_1908 (letter),1892-01-06,841,kept,HAY TO ADAMS.
hay_all,hay-0353,letters_1908 (letter),1892-01-25,398,kept,HAY TO ADAMS.
hay_all,hay-0354,letters_1908 (letter),1892-04-20,116,kept,HAY TO WHITELAW REID.
hay_all,hay-0355,letters_1908 (letter),1892-06-16,243,kept,HAY TO ADAMS.
hay_all,hay-0356,letters_1908 (letter),1892-06-21,181,kept,HAY TO ADAMS.
hay_all,hay-0357,letters_1908 (letter),1892-08-18,264,kept,HAY TO ADAMS.
hay_all,hay-0358,letters_1908 (letter),1892-08-26,334,kept,HAY TO ADAMS.
hay_all,hay-0359,letters_1908 (letter),1892-09-13,327,kept,HAY TO ADAMS.
hay_all,hay-0360,letters_1908 (letter),1892-11-09,167,kept,HAY TO ADAMS.
hay_all,hay-0361,letters_1908 (letter),1892-11-25,290,kept,HAY TO ADAMS.
hay_all,hay-0362,letters_1908 (letter),1893-02-05,140,kept,HAY TO H ' H-
hay_all,hay-0363,letters_1908 (letter),1893-02-11,192,kept,HAY TO ADAMS.
hay_all,hay-0364,letters_1908 (letter),1893-02-20,195,kept,HAY TO ADAMS.
hay_all,hay-0365,letters_1908 (letter),1893-03-06,238,kept,HAY TO ADAMS.
hay_all,hay-0366,letters_1908 (letter),1893-03-09,227,kept,HAY TO ADAMS.
hay_all,hay-0367,letters_1908 (letter),1893-06-09,365,kept,HAY TO ADAMS.
hay_all,hay-0368,letters_1908 (letter),1893-07-03,160,kept,HAY TO ADAMS.
hay_all,hay-0369,letters_1908 (letter),1893-07-22,321,kept,HAY TO ADAMS.
hay_all,hay-0370,letters_1908 (letter),1893-08-29,440,kept,HAY TO ADAMS.
hay_all,hay-0371,letters_1908 (letter),1893-09-25,164,kept,HAY TO ADAMS.
hay_all,hay-0372,letters_1908 (letter),1893-10-02,390,kept,HAY TO ADAMS.
hay_all,hay-0373,letters_1908 (letter),1893-11-03,308,kept,HAY TO ADAMS.
hay_all,hay-0374,letters_1908 (letter),1893-11-20,374,kept,HAY TO GILDER.
hay_all,hay-0375,letters_1908 (letter),1893-12-20,218,kept,HAY TO ADAMS.
hay_all,hay-0376,letters_1908 (letter),1894-01-01,256,kept,HAY TO ADAMS.
hay_all,hay-0377,letters_1908 (letter),1894-01-21,596,kept,HAY TO ADAMS.
hay_all,hay-0378,letters_1908 (letter),1894-01-20,491,kept,HAY TO NICOLA Y.
hay_all,hay-0379,letters_1908 (letter),1894-02-05,310,kept,HAY TO ADAMS.
hay_all,hay-0380,letters_1908 (letter),1894-02-07,266,kept,HAY TO WHITELAW KEID.
hay_all,hay-0381,letters_1908 (letter),1894-03-09,323,kept,HAY TO ADAMS.
hay_all,hay-0382,letters_1908 (letter),1894-03-18,442,kept,HAY TO ADAMS.
hay_all,hay-0383,letters_1908 (letter),1894-04-25,555,kept,HAY TO ADAMS.
hay_all,hay-0384,letters_1908 (letter),1894-05-04,336,kept,HAY TO WHITELAW EEID.
hay_all,hay-0385,letters_1908 (letter),1894-05-28,1274,kept,HAY TO ADAMS.
hay_all,hay-0386,letters_1908 (letter),1894-06-09,334,kept,HAY TO ADAMS.
hay_all,hay-0387,letters_1908 (letter),1894-06-10,231,kept,HAY TO ADAMS.
hay_all,hay-0388,letters_1908 (letter),1894-07-12,228,kept,HAY TO ADAMS.
hay_all,hay-0389,letters_1908 (letter),1894-07-14,489,kept,HAY TO ADAMS.
hay_all,hay-0390,letters_1908 (letter),1894-07-22,1274,kept,HAY TO C S H .
hay_all,hay-0391,letters_1908 (letter),1894-07-29,1125,kept,HAY TO C S H .
hay_all,hay-0392,letters_1908 (letter),1894,2320,kept,HAY TO C S H-
hay_all,hay-0393,letters_1908 (letter),1894,1280,kept,HAY TO C S H-
hay_all,hay-0394,letters_1908 (letter),1894,827,kept,HAY TO C S H-
hay_all,hay-0395,letters_1908 (letter),1894-09-09,251,kept,HAY TO ADAMS.
hay_all,hay-0396,letters_1908 (letter),1894-09-10,161,kept,HAY TO WHITELAW REID.
hay_all,hay-0397,letters_1908 (letter),1894-10-10,210,kept,HAY TO ADAMS.
hay_all,hay-0398,letters_1908 (letter),1894-10-26,282,kept,HAY TO WHITELAW REID.
hay_all,hay-0399,letters_1908 (letter),1894-10-27,395,kept,HAY TO ADAMS.
hay_all,hay-0400,letters_1908 (letter),1894-12-02,121,kept,HAY TO ADAMS.
hay_all,hay-0401,letters_1908 (letter),1894-12-04,235,kept,HAY TO BURLINGAME.
hay_all,hay-0402,letters_1908 (letter),1894-12-07,303,kept,HAY TO DR. CHAS. WALDSTEIN.
hay_all,hay-0403,letters_1908 (letter),1895-01-14,650,kept,HAY TO ADAMS.
hay_all,hay-0404,letters_1908 (letter),1895-01-28,557,kept,HAY TO WHITELAW REID.
hay_all,hay-0405,letters_1908 (letter),1895-02-06,402,kept,HAY TO ADAMS.
hay_all,hay-0406,letters_1908 (letter),1895-04-10,54,kept,HAY TO BURLINGAME.
hay_all,hay-0407,letters_1908 (letter),1895-05-02,43,kept,HAY TO BUELINGAME.
hay_all,hay-0408,letters_1908 (letter),1895-06-09,178,kept,HAY TO WHITELAW REID.
hay_all,hay-0409,letters_1908 (letter),1895-06-14,227,kept,HAY TO ADAMS.
hay_all,hay-0410,letters_1908 (letter),1895-06-27,330,kept,HAY TO ADAMS.
hay_all,hay-0411,letters_1908 (letter),1895-07-21,263,kept,HAY TO WHTTELAW REID.
hay_all,hay-0412,letters_1908 (letter),1895-08-04,244,kept,HAY TO WHITELAW REID.
hay_all,hay-0413,letters_1908 (letter),1895-09-03,691,kept,HAY TO ADAMS.
hay_all,hay-0414,letters_1908 (letter),1895-09-05,154,kept,HAY TO WHITELAW REID.
hay_all,hay-0415,letters_1908 (letter),1895-09-20,393,kept,HAY TO ADAMS.
hay_all,hay-0416,letters_1908 (letter),1895-10-25,240,kept,HAY TO ADAMS.
hay_all,hay-0417,letters_1908 (letter),,142,kept,HAY TO BISHOP LEONARD.
hay_all,hay-0418,letters_1908 (letter),1896-02-11,385,kept,HAY TO E. A. ABBEY.
hay_all,hay-0419,letters_1908 (letter),1896-04-13,173,kept,HAY TO H H .
hay_all,hay-0420,letters_1908 (letter),1896-04-17,230,kept,HAY TO ADAMS.
hay_all,hay-0421,letters_1908 (letter),1896-06-01,218,kept,HAY TO C S H .
hay_all,hay-0422,letters_1908 (letter),1896-06-02,596,kept,HAY TO C S H .
hay_all,hay-0423,letters_1908 (letter),1896-06-07,768,kept,HAY TO C S H-
hay_all,hay-0424,letters_1908 (letter),1896-06-13,284,kept,HAY TO C S H- .
hay_all,hay-0425,letters_1908 (letter),1896-06-16,501,kept,HAY TO C S H .
hay_all,hay-0426,letters_1908 (letter),1896-06-18,2547,kept,HAY TO C S H-
hay_all,hay-0427,letters_1908 (letter),1896-07-05,633,kept,HAY TO C S H .
hay_all,hay-0428,letters_1908 (letter),1896-07-08,1144,kept,HAY TO C S H-
hay_all,hay-0429,letters_1908 (letter),1896-07-11,958,kept,HAY TO C S H-
hay_all,hay-0430,letters_1908 (letter),1896-07-14,725,kept,HAY TO C S H .
hay_all,hay-0431,letters_1908 (letter),1896-07-16,1373,kept,HAY TO C S H .
hay_all,hay-0432,letters_1908 (letter),1896-07-23,266,kept,HAY TO C S H-
hay_all,hay-0433,letters_1908 (letter),1896-07-26,442,kept,HAY TO C S H .
hay_all,hay-0434,letters_1908 (letter),1896-07-26,360,kept,HAY TO ADAMS.
hay_all,hay-0435,letters_1908 (letter),1896-07-28,1086,kept,"HAY TO E. A. ABBEY',"
hay_all,hay-0436,letters_1908 (letter),1896-08-04,418,kept,HAY TO ADAMS.
hay_all,hay-0437,letters_1908 (letter),1896-08-05,323,kept,HAY TO HENRY WHITE.
hay_all,hay-0438,letters_1908 (letter),1896-09-08,331,kept,HAY TO ADAMS.
hay_all,hay-0439,letters_1908 (letter),1896-10-04,440,kept,"HAY TO ADAMS,"
hay_all,hay-0440,letters_1908 (letter),1896-10-20,333,kept,HAY TO ADAMS.
hay_all,hay-0441,letters_1908 (letter),1896-10-24,82,kept,HAY TO ADAMS.
hay_all,hay-0442,letters_1908 (letter),1897-04-03,195,kept,HAY TO ADAMS.
hay_all,hay-0443,letters_1908 (letter),1897-04-06,211,kept,HAY TO HENRY WHITE.
hay_all,hay-0444,letters_1908 (letter),1897-04-08,180,kept,HAY TO ADAMS.
hay_all,hay-0445,letters_1908 (letter),1897-05-06,115,kept,HAY TO H. CABOT LODGE.
hay_all,hay-0446,letters_1908 (letter),1897-05-24,131,kept,HAY TO ADAMS.
hay_all,hay-0447,letters_1908 (letter),1897-05-28,210,kept,HAY TO ADAMS.
hay_all,hay-0448,letters_1908 (letter),1897-06-07,308,kept,HAY TO C S H-
hay_all,hay-0449,letters_1908 (letter),1897-07-07,216,kept,HAY TO ADAMS.
hay_all,hay-0450,letters_1908 (letter),1897-07-16,92,kept,HAY TO LOED SALISBUEY.
hay_all,hay-0451,letters_1908 (letter),1897-07-25,147,kept,HAY TO ADAMS.
hay_all,hay-0452,letters_1908 (letter),1897-08-12,412,kept,HAY TO ADAMS.
hay_all,hay-0453,letters_1908 (letter),1897-09-05,204,kept,"HAY TO ADAMS,"
hay_all,hay-0454,letters_1908 (letter),1897-09-28,325,kept,HAY TO ADAMS.
hay_all,hay-0455,letters_1908 (letter),1897-10-02,160,kept,HAY TO HENRY WHITE.
hay_all,hay-0456,letters_1908 (letter),1897-10-16,106,kept,HAY TO HENRY WHITE.
hay_all,hay-0457,letters_1908 (letter),1897-10-20,152,kept,HAY TO ADAMS.
hay_all,hay-0458,letters_1908 (letter),1897,194,kept,HAY TO DR. WALDSTEIN.
hay_all,hay-0459,letters_1908 (letter),1897-10-30,135,kept,HAY TO ADAMS.
hay_all,hay-0460,letters_1908 (letter),1897-11-19,160,kept,HAY TO ADAMS.
hay_all,hay-0461,letters_1908 (letter),1897-11-21,121,kept,HAY TO SIR JOHN CLARK.
hay_all,hay-0462,letters_1908 (letter),1897-12-14,135,kept,HAY TO WHITELAW REID.
hay_all,hay-0463,letters_1908 (letter),1897-12-27,254,kept,"HAY TO ADAMS,"
hay_all,hay-0464,letters_1908 (letter),1897-12-27,334,kept,HAY TO NICOLAY.
hay_all,hay-0465,letters_1908 (letter),1898-01-10,147,kept,HAY TO GILDER.
hay_all,hay-0466,letters_1908 (letter),1898-01-10,90,kept,HAY TO ADAMS.
hay_all,hay-0467,letters_1908 (letter),1898-01-21,206,kept,HAY TO HENRY WHITE.
hay_all,hay-0468,letters_1908 (letter),1898-02-02,253,kept,HAY TO HENRY WHITE.
hay_all,hay-0469,letters_1908 (letter),1898-03-11,425,kept,HAY TO ADAMS.
hay_all,hay-0470,letters_1908 (letter),1898-03-15,195,kept,HAY TO HENRY WHITE.
hay_all,hay-0471,letters_1908 (letter),1898-03-29,281,kept,HAY TO ADAMS.
hay_all,hay-0472,letters_1908 (letter),1898-04-05,411,kept,HAY TO H. CABOT LODGE.
hay_all,hay-0473,letters_1908 (letter),1898-05-08,104,kept,HAY TO THEODORE STANTON.
hay_all,hay-0474,letters_1908 (letter),1898-05-09,223,kept,HAY TO ADAMS.
hay_all,hay-0475,letters_1908 (letter),1898-05-25,488,kept,HAY TO H. CABOT LODGE.
hay_all,hay-0476,letters_1908 (letter),1898-05-27,157,kept,HAY TO ADAMS.
hay_all,hay-0477,letters_1908 (letter),1898-06-07,79,kept,HAY TO HERBERT GLADSTONE.
hay_all,hay-0478,letters_1908 (letter),1898-07-27,191,kept,HAY TO H. CABOT LODGE.
hay_all,hay-0479,letters_1908 (letter),1898-08-22,136,kept,HAY TO ANDREW CARNEGIE.
hay_all,hay-0480,letters_1908 (letter),1898-08-30,292,kept,HAY TO SIS JOHN CLARK.
hay_all,hay-0481,letters_1908 (letter),1898-08-31,44,kept,HAY TO C. F. THWING.
hay_all,hay-0482,letters_1908 (letter),1898-08-31,196,kept,HAY TO H. CABOT LODGE.
hay_all,hay-0483,letters_1908 (letter),1898-09-05,158,kept,HAY TO JOHN BIGELOW.
hay_all,hay-0484,letters_1908 (letter),1898,218,kept,HAY TO H. CABOT LODGE.
hay_all,hay-0485,letters_1908 (letter),1898,1008,kept,HAY TO HENRY WHITE.
hay_all,hay-0486,letters_1908 (letter),1898,671,kept,HAY TO HENRY WHITE.
hay_all,hay-0487,letters_1908 (letter),1898,517,kept,HAY TO HENRY WHITE.
hay_all,hay-0488,letters_1908 (letter),1898,172,kept,HAY TO DR. W. STURGIS BIGELOW.
hay_all,hay-0489,letters_1908 (letter),1898,329,kept,HAY TO SIR JOHN CLARK.
hay_all,hay-0490,letters_1908 (letter),1898,475,kept,HAY TO ADAMS.
hay_all,hay-0491,letters_1908 (letter),1898,206,kept,HAY TO CLARENCE KING.
hay_all,hay-0492,letters_1908 (letter),1899-08-05,1822,kept,HAY TO ADAMS.
hay_all,hay-0493,letters_1908 (letter),1899-09-09,524,kept,HAY TO HENRY WHITE.
hay_all,hay-0494,letters_1908 (letter),1899,116,kept,HAY TO JAMES FORD RHODES.
hay_all,hay-0495,letters_1908 (letter),1899,223,kept,HAY TO HENRY WHITE.
hay_all,hay-0496,letters_1908 (letter),1899,345,kept,HAY TO ADAMS.
hay_all,hay-0497,letters_1908 (letter),1899,253,kept,HAY TO EDWIN A. ABBEY'.
hay_all,hay-0498,letters_1908 (letter),1899,460,kept,HAY TO SENATOR JOHN T. MORGAN.
hay_all,hay-0499,letters_1908 (letter),1899,146,kept,HAY TO RICHARD WATSON GILDER.
hay_all,hay-0500,letters_1908 (letter),1899,380,kept,HAY TO ADAMS.
hay_all,hay-0501,letters_1908 (letter),1899,112,kept,HAY TO EICHARD WATSON GILDER.
hay_all,hay-0502,letters_1908 (letter),1899,247,kept,HAY TO THE PRESIDENT.
hay_all,hay-0503,letters_1908 (letter),1900-08-11,83,kept,HAY TO SENATOR FAIRBANKS.
hay_all,hay-0504,letters_1908 (letter),1900-08-21,367,kept,HAY TO NICOLAY.
hay_all,hay-0505,letters_1908 (letter),1900-09-01,302,kept,HAY TO WHITELAW EEID.
hay_all,hay-0506,letters_1908 (letter),1900-09-13,121,kept,HAY TO H. CABOT LODGE.
hay_all,hay-0507,letters_1908 (letter),1900-09-18,556,kept,HAY TO SIR JOHN CLARK.
hay_all,hay-0508,letters_1908 (letter),1900-09-20,250,kept,"HAY TO WHITELAW REID,"
hay_all,hay-0509,letters_1908 (letter),1900-09-25,573,kept,HAY TO ADAMS.
hay_all,hay-0510,letters_1908 (letter),1900,765,kept,HAY TO C S H-
hay_all,hay-0511,letters_1908 (letter),1900,348,kept,HAY TO ADAMS.
hay_all,hay-0512,letters_1908 (letter),1900,447,kept,HAY TO MONTGOMERY SCHUYLER.
hay_all,hay-0513,letters_1908 (letter),1900,139,kept,HAY TO ANDREW CARNEGIE.
hay_all,hay-0514,letters_1908 (letter),1900,465,kept,HAY TO ADAMS.
hay_all,hay-0515,letters_1908 (letter),1901-05-23,172,kept,HAY TO CLARENCE KING.
hay_all,hay-0516,letters_1908 (letter),1901,93,kept,HAY TO CLAEENCE KING.
hay_all,hay-0517,letters_1908 (letter),1901,226,kept,HAY TO HENRY WHITE.
hay_all,hay-0518,letters_1908 (letter),1901-06-30,344,kept,HAY TO HENKY WHITE.
hay_all,hay-0519,letters_1908 (letter),1901-07-13,108,kept,HAY TO SIR JOHN CLARK.
hay_all,hay-0520,letters_1908 (letter),1901-07-14,252,kept,HAY TO ADAMS.
hay_all,hay-0521,letters_1908 (letter),1901-07-14,174,kept,HAY TO CLARENCE KING.
hay_all,hay-0522,letters_1908 (letter),1901-07-22,225,kept,HAY TO WHITELAW REID.
hay_all,hay-0523,letters_1908 (letter),1901-07-26,152,kept,HAY TO HENRY WHITE.
hay_all,hay-0524,letters_1908 (letter),1901-08-06,191,kept,HAY TO CLARENCE KING.
hay_all,hay-0525,letters_1908 (letter),1901-08-09,602,kept,HAY TO ADAMS.
hay_all,hay-0526,letters_1908 (letter),1901-08-30,220,kept,HAY TO JOSEPH B. BISHOP.
hay_all,hay-0527,letters_1908 (letter),1901-08-31,300,kept,HAY TO WHITELAW REID.
hay_all,hay-0528,letters_1908 (letter),1901-09-14,285,kept,"HAY TO LADY JEUNE,"
hay_all,hay-0529,letters_1908 (letter),1901-09-19,456,kept,HAY TO ADAMS.
hay_all,hay-0530,letters_1908 (letter),1901-10-01,398,kept,HAY TO HENRY WHITE.
hay_all,hay-0531,letters_1908 (letter),1901-10-05,151,kept,HAY TO WHITELAW EEID.
hay_all,hay-0532,letters_1908 (letter),1901-10-05,112,kept,"HAY TO JOHN R. CARTER,"
hay_all,hay-0533,letters_1908 (letter),1901-10-10,40,kept,HAY TO GILDER.
hay_all,hay-0534,letters_1908 (letter),1901-10-13,290,kept,HAY TO ADAMS.
hay_all,hay-0535,letters_1908 (letter),1901-10-14,166,kept,HAY TO HENRY WHITE.
hay_all,hay-0536,letters_1908 (letter),1901-10-21,414,kept,HAY TO ADAMS.
hay_all,hay-0537,letters_1908 (letter),1901-10-27,171,kept,HAY TO CLARENCE KING.
hay_all,hay-0538,letters_1908 (letter),1901,126,kept,HAY TO HOMER P. CLARK.
hay_all,hay-0539,letters_1908 (letter),1901,302,kept,HAY TO MRS. P W-
hay_all,hay-0540,letters_1908 (letter),1901,316,kept,HAY TO GILDER.
hay_all,hay-0541,letters_1908 (letter),1901,450,kept,HAY TO MRS. P W-
hay_all,hay-0542,letters_1908 (letter),1902-05-28,51,kept,HAY TO BKOOKS ADAMS.
hay_all,hay-0543,letters_1908 (letter),1902,149,kept,HAY TO ADAMS.
hay_all,hay-0544,letters_1908 (letter),1902-07-29,171,kept,HAY TO ARTHUR BALFOUR.
hay_all,hay-0545,letters_1908 (letter),1902-08-20,161,kept,HAY TO H. CABOT LODGE.
hay_all,hay-0546,letters_1908 (letter),1902-10-19,583,kept,HAY TO ADAMS.
hay_all,hay-0547,letters_1908 (letter),1902-11-23,260,kept,HAY TO ADAMS.
hay_all,hay-0548,letters_1908 (letter),1902-11-28,308,kept,HAY TO HENRY WHITE.
hay_all,hay-0549,letters_1908 (letter),1903-01-24,408,kept,HAY TO C S H-
hay_all,hay-0550,letters_1908 (letter),1903,235,kept,HAY TO HENRY JAMES.
hay_all,hay-0551,letters_1908 (letter),1903-02-27,310,kept,HAY TO MRS. P W-
hay_all,hay-0552,letters_1908 (letter),1903-03-13,225,kept,HAY TO MRS. P W-
hay_all,hay-0553,letters_1908 (letter),1903,350,kept,HAY TO HENEY WHITE.
hay_all,hay-0554,letters_1908 (letter),1903-07-13,236,kept,HAY TO T R .
hay_all,hay-0555,letters_1908 (letter),1903-08-28,258,kept,HAY TO MRS. P W .
hay_all,hay-0556,letters_1908 (letter),1903-09-02,362,kept,HAY TO ADAMS.
hay_all,hay-0557,letters_1908 (letter),1903-09-30,193,kept,HAY TO SAINT-GAUDENS.
hay_all,hay-0558,letters_1908 (letter),1903,138,kept,HAY TO MES. P W-
hay_all,hay-0559,letters_1908 (letter),1903-10-12,129,kept,HAY TO ADAMS.
hay_all,hay-0560,letters_1908 (letter),1903,251,kept,HAY TO MRS. P W-
hay_all,hay-0561,letters_1908 (letter),1903,147,kept,HAY TO ADAMS.
hay_all,hay-0562,letters_1908 (letter),1903-11-15,471,kept,HAY TO SIR G. O. TREVELYAN.
hay_all,hay-0563,letters_1908 (letter),1903,79,kept,HAY TO PRESIDENT ROOSEVELT.
hay_all,hay-0564,letters_1908 (letter),1903,165,kept,HAY TO JAMES FORD RHODES.
hay_all,hay-0565,letters_1908 (letter),1903-12-22,273,kept,HAY TO HENRY ADAMS.
hay_all,hay-0566,letters_1908 (letter),1904-02-01,225,kept,HAY TO ADAMS.
hay_all,hay-0567,letters_1908 (letter),1904-03-02,30,kept,HAY TO THEODOEE ROOSEVELT.
hay_all,hay-0568,letters_1908 (letter),1904,188,kept,HAY TO HENRY WHITE.
hay_all,hay-0569,letters_1908 (letter),1904,336,kept,HAY TO T-
hay_all,hay-0570,letters_1908 (letter),1904-05-15,264,kept,HAY TO MRS. P W-
hay_all,hay-0571,letters_1908 (letter),1904,157,kept,HAY TO HENRY WHITE.
hay_all,hay-0572,letters_1908 (letter),1904,212,kept,HAY TO MES. JAMES W. WADSWORTH.
hay_all,hay-0573,letters_1908 (letter),1904-07-16,416,kept,HAY TO MRS. P W
hay_all,hay-0574,letters_1908 (letter),1904-07-31,149,kept,HAY TO MRS. ST.-GAUDENS.
hay_all,hay-0575,letters_1908 (letter),1904-08-03,300,kept,HAY TO ANDREW CARNEGIE.
hay_all,hay-0576,letters_1908 (letter),1904,212,kept,HAY TO ADAMS.
hay_all,hay-0577,letters_1908 (letter),1904-09-01,183,kept,HAY TO AUGUSTUS ST.-GAUDENS.
hay_all,hay-0578,letters_1908 (letter),1904-09-07,361,kept,HAY TO SIR JOHN CLARK.
hay_all,hay-0579,letters_1908 (letter),1904-09-08,277,kept,HAY TO COUNT CASSINI.
hay_all,hay-0580,letters_1908 (letter),1904-09-13,197,kept,HAY TO SIR JOHN CLARK.
hay_all,hay-0581,letters_1908 (letter),1904-09-13,160,kept,HAY TO THEODORE ROOSEVELT.
hay_all,hay-0582,letters_1908 (letter),1904-09-18,276,kept,HAY TO MRS. P W .
hay_all,hay-0583,letters_1908 (letter),1904,94,kept,HAY TO A. H. W.
hay_all,hay-0584,letters_1908 (letter),1904-09-22,108,kept,HAY TO LOUBAT.
hay_all,hay-0585,letters_1908 (letter),1904,68,kept,HAY TO R. U. JOHNSON.
hay_all,hay-0586,letters_1908 (letter),1904,218,kept,HAY TO ADAMS.
hay_all,hay-0587,letters_1908 (letter),1904,42,kept,HAY TO W. L. STONE.
hay_all,hay-0588,letters_1908 (letter),1904-11-16,444,kept,HAY TO THEODORE ROOSEVELT.
hay_all,hay-0589,letters_1908 (letter),1904,265,kept,HAY TO SIR G. O. TREVELYAN.
hay_all,hay-0590,letters_1908 (letter),1904,152,kept,HAY TO JAMES FORD RHODES.
hay_all,hay-0591,letters_1908 (letter),1904,116,kept,HAY TO ANDREW CARNEGIE.
hay_all,hay-0592,letters_1908 (letter),1904,80,kept,HAY TO THEODOEE ROOSEVELT.
hay_all,hay-0593,letters_1908 (letter),1905-03-17,118,kept,HAY TO ADAMS.
hay_all,hay-0594,letters_1908 (letter),1905-04-12,197,kept,HAY TO AUGUSTUS ST.-GAUDENS.
hay_all,hay-0595,letters_1908 (letter),1905-04-30,366,kept,HAY TO ADAMS.
hay_all,hay-0596,letters_1908 (letter),1905-05-02,152,kept,HAY TO ADAMS.
hay_all,hay-0597,letters_1908 (letter),1905-05-19,61,kept,HAY TO ADAMS.
hay_all,hay-0598,letters_1908 (letter),1905-05-04,59,kept,HAY TO ADAMS.
hay_all,hay-0599,letters_1908 (letter),1905-05-10,160,kept,HAY TO A. H. W.
hay_all,hay-0600,letters_1908 (letter),1905-05-21,106,kept,HAY TO THEODORE ROOSEVELT.
hay_all,hay-0601,letters_1908 (letter),1905-05-21,58,kept,HAY TO ADAMS.
hay_all,hay-0602,letters_1908 (letter),1905-05-24,293,kept,HAY TO J. R. CARTER.
hay_all,hay-0603,letters_1908 (letter),1905-05-24,144,kept,HAY TO DR. CHAS. WALDSTEIN.
hay_all,hay-0604,letters_1908 (letter),1905-05-24,167,kept,HAY TO EDWIN A. ABBEY.
hay_all,hay-0605,letters_1908 (letter),1905-06-03,145,kept,HAY TO WHITELAW REID.
hay_all,hay-0606,letters_1908 (letter),1905-06-06,320,kept,HAY TO SIR JOHN CLARK.
hay_all,hay-0607,letters_1908 (letter),1905-06-07,278,kept,HAY TO ADAMS.
hay_all,hay-0608,letters_1908 (letter),1905-06-10,279,kept,HAY TO SENATOR C .
hay_all,hay-0609,letters_1908 (letter),1905,150,kept,HAY TO DAVID J. HILL.
hay_all,hay-0610,letters_1908 (diary),1905-06,194,kept,DIARY
hay_all,hay-0611,poet_in_exile (letter),1858-10-12,744,kept,October \2^ 1858.
hay_all,hay-0612,poet_in_exile (letter),1859-01-02,2832,kept,"January 2nd, 1859."
hay_all,hay-0613,poet_in_exile (letter),1859-05-15,717,kept,"Mat/ 15th, 1859."
hay_all,hay-0614,poet_in_exile (letter),1860-03-04,554,kept,"March 4>, 1860."
hay_all,hay-0615,castilian_days (essay),1871,6184,kept,Madrid Al Fresco
hay_all,hay-0616,castilian_days (essay),1871,5297,kept,Spanish Living And Dying
hay_all,hay-0617,castilian_days (essay),1871,6013,kept,Influence Of Tradition In Spanish Life
hay_all,hay-0618,castilian_days (essay),1871,5859,kept,Tauromachy
hay_all,hay-0619,castilian_days (essay),1871,5428,kept,Red-Letter Days
hay_all,hay-0620,castilian_days (essay),1871,8927,kept,An Hour With The Painters
hay_all,hay-0621,castilian_days (essay),1871,5798,kept,A Castle In The Air
hay_all,hay-0622,castilian_days (essay),1871,7520,kept,The City Of The Visigoths
hay_all,hay-0623,castilian_days (essay),1871,4982,kept,The Escorial
hay_all,hay-0624,castilian_days (essay),1871,4171,kept,A Miracle Play
hay_all,hay-0625,castilian_days (essay),1871,7385,kept,The Cradle And The Grave Of Cervantes
hay_all,hay-0626,bread_winners (fiction),1883,3247,kept,I. A Morning Call
hay_all,hay-0627,bread_winners (fiction),1883,6321,kept,II. A High-School Graduate.
hay_all,hay-0628,bread_winners (fiction),1883,3384,kept,III. The Widow And Her Daughter.
hay_all,hay-0629,bread_winners (fiction),1883,5640,kept,IV. Protector And Protegee.
hay_all,hay-0630,bread_winners (fiction),1883,3132,kept,V. A Professional Reformer.
hay_all,hay-0631,bread_winners (fiction),1883,3501,kept,VI. Two Men Shake Hands.
hay_all,hay-0632,bread_winners (fiction),1883,4304,kept,VII. Ghostly Counsel.
hay_all,hay-0633,bread_winners (fiction),1883,2779,kept,VIII. A Bud And A Blossom.
hay_all,hay-0634,bread_winners (fiction),1883,5157,kept,IX. A Drama With Two Spectators.
hay_all,hay-0635,bread_winners (fiction),1883,5077,kept,X. A Word Out Of Season.
hay_all,hay-0636,bread_winners (fiction),1883,6132,kept,XI. The Santa Rita Sherry.
hay_all,hay-0637,bread_winners (fiction),1883,3100,kept,XII. A Holiday Not In The Calendar.
hay_all,hay-0638,bread_winners (fiction),1883,4666,kept,XIII. A Busy Sunday For The Matchins.
hay_all,hay-0639,bread_winners (fiction),1883,4386,kept,XIV. Captain Farnham Sees Active Service Again.
hay_all,hay-0640,bread_winners (fiction),1883,3740,kept,XV. The Whip Of The Scythians.
hay_all,hay-0641,bread_winners (fiction),1883,3205,kept,XVI. Offitt Digs A Pit.
hay_all,hay-0642,bread_winners (fiction),1883,4063,kept,XVII. In And Out Of Windows.
hay_all,hay-0643,bread_winners (fiction),1883,5269,kept,XVIII. Offitt Plans A Long Journey.
hay_all,hay-0644,bread_winners (fiction),1883,4388,kept,XIX. A Leap For Somebody'S Life.
hay_all,hay-0645,bread_winners (fiction),1883,3496,kept,"XX. ""Now Do You Remember?"""
hay_all,hay-0646,addresses (speech),1904,7611,kept,I. Franklin In France
hay_all,hay-0647,addresses (speech),1897,995,kept,II. Omar Khayyam
hay_all,hay-0648,addresses (speech),1897,1238,kept,III. Sir Walter Scott
hay_all,hay-0649,addresses (speech),1897,2428,kept,IV. Speeches Before The American Society In London
hay_all,hay-0650,addresses (speech),1898,648,kept,V. A Partnership In Beneficence
hay_all,hay-0651,addresses (speech),1897,596,kept,VI. Speech At The Annual Dinner Of The Royal Society
hay_all,hay-0652,addresses (speech),1898,1889,kept,VII. Speech At The Annual Dinner Of The Literary Fund
hay_all,hay-0653,addresses (speech),1899,957,kept,IX. International Copyright
hay_all,hay-0654,addresses (speech),1901,2537,kept,X. American Diplomacy
hay_all,hay-0655,addresses (speech),1901,925,kept,XI. A Festival Of Peace
hay_all,hay-0656,addresses (speech),1902,7953,kept,XII. William Mckinley
hay_all,hay-0657,addresses (speech),1902,2126,kept,XIII. At The Universities
hay_all,hay-0658,addresses (speech),1904,1241,kept,XIV. Commercial Club Dinner
hay_all,hay-0659,addresses (speech),1901,771,kept,XV. New Orleans
hay_all,hay-0660,addresses (speech),1902,1351,kept,XVI. The Grand Army Of The Republic
hay_all,hay-0661,addresses (speech),,1283,kept,XVII. President Roosevelt
hay_all,hay-0662,addresses (speech),1903,829,kept,XVIII. Edmund Clarence Stedman
hay_all,hay-0663,addresses (speech),1902,691,kept,XIX. Lincoln'S Faith
hay_all,hay-0664,addresses (speech),1904,3286,kept,XX. The Press And Modern Progress
hay_all,hay-0665,addresses (speech),1904,7872,kept,XXI. Fifty Years Of The Republican Party
hay_all,hay-0666,addresses (speech),1904,2814,kept,XXII. America'S Love Of Peace
hay_all,hay-0667,addresses (speech),,4158,kept,XXIII. Life In The White House In The Time Of Lincoln
hay_all,hay-0668,addresses (speech),,1694,kept,XXIV. Clarence King
hay_all,hay-0669,mckinley (speech),1902-02-27,7952,kept,"William McKinley: Memorial Address (Feb. 27, 1902)"
hay_all,hay-0670,washington_after_war (diary),1867-02-01,398,kept,DIARY (Harper's 1915 extract)
hay_all,hay-0671,washington_after_war (diary),1867-02-08,793,kept,DIARY (Harper's 1915 extract)
hay_all,hay-0672,washington_after_war (diary),1867-02-12,257,kept,DIARY (Harper's 1915 extract)
hay_all,hay-0673,pike_county_ballads (verse),1871,47,kept,Sunrise In The Place De La Concorde
hay_all,hay-0674,pike_county_ballads (verse),1871,110,kept,Miles Keogh'S Horse
hay_all,hay-0675,pike_county_ballads (verse),1871,21,kept,The Way To Heaven
hay_all,hay-0676,pike_county_ballads (verse),1871,813,kept,Introduction.
hay_all,hay-0677,pike_county_ballads (verse),1871,387,kept,The Pike County Ballads.
hay_all,hay-0678,pike_county_ballads (verse),1871,374,kept,Little Breeches.
hay_all,hay-0679,pike_county_ballads (verse),1871,398,kept,Remarks Of Sergeant Tilmon Joy To The White Man'S
hay_all,hay-0680,pike_county_ballads (verse),1871,317,kept,The Mystery Of Gilgal.
hay_all,hay-0681,pike_county_ballads (verse),1871,550,kept,Golyer.
hay_all,hay-0682,pike_county_ballads (verse),1871,530,kept,A Tale Of Earnest Effort And Human Perfidy.
hay_all,hay-0683,pike_county_ballads (verse),1871,684,kept,Sunrise In The Place De La Concorde.
hay_all,hay-0684,pike_county_ballads (verse),1871,266,kept,The Sphinx Of The Tuileries.
hay_all,hay-0685,pike_county_ballads (verse),1871,44,kept,The Surrender Of Spain.
hay_all,hay-0686,pike_county_ballads (verse),1871,42,kept,Ii.
hay_all,hay-0687,pike_county_ballads (verse),1871,47,kept,Iii.
hay_all,hay-0688,pike_county_ballads (verse),1871,102,kept,Iv.
hay_all,hay-0689,pike_county_ballads (verse),1871,47,kept,Vi.
hay_all,hay-0690,pike_county_ballads (verse),1871,251,kept,The Prayer Of The Romans.
hay_all,hay-0691,pike_county_ballads (verse),1871,355,kept,The Curse Of Hungary.
hay_all,hay-0692,pike_county_ballads (verse),1871,193,kept,The Monks Of Basle.
hay_all,hay-0693,pike_county_ballads (verse),1871,141,kept,Ii.
hay_all,hay-0694,pike_county_ballads (verse),1871,139,kept,Iii.
hay_all,hay-0695,pike_county_ballads (verse),1871,54,kept,Iv.
hay_all,hay-0696,pike_county_ballads (verse),1871,598,kept,The Enchanted Shirt.
hay_all,hay-0697,pike_county_ballads (verse),1871,271,kept,A Woman'S Love.
hay_all,hay-0698,pike_county_ballads (verse),1871,167,kept,On Pitz Languard.
hay_all,hay-0699,pike_county_ballads (verse),1871,148,kept,Boudoir Prophecies.
hay_all,hay-0700,pike_county_ballads (verse),1871,259,kept,A Triumph Of Order.
hay_all,hay-0701,pike_county_ballads (verse),1871,314,kept,Ernst Of Edelsheim.
hay_all,hay-0702,pike_county_ballads (verse),1871,422,kept,My Castle In Spain.
hay_all,hay-0703,pike_county_ballads (verse),1871,81,kept,Sister Saint Luke.
hay_all,hay-0704,pike_county_ballads (verse),1871,322,kept,Miles Keogh'S Horse.
hay_all,hay-0705,pike_county_ballads (verse),1871,375,kept,The Advance-Guard.
hay_all,hay-0706,pike_county_ballads (verse),1871,143,kept,Love'S Prayer.
hay_all,hay-0707,pike_county_ballads (verse),1871,96,kept,Christine.
hay_all,hay-0708,pike_county_ballads (verse),1871,113,kept,Expectation.
hay_all,hay-0709,pike_county_ballads (verse),1871,181,kept,To Flora.
hay_all,hay-0710,pike_county_ballads (verse),1871,110,kept,A Haunted Room.
hay_all,hay-0711,pike_county_ballads (verse),1871,82,kept,Dreams.
hay_all,hay-0712,pike_county_ballads (verse),1871,91,kept,The Light Of Love.
hay_all,hay-0713,pike_county_ballads (verse),1871,215,kept,Quand Meme.
hay_all,hay-0714,pike_county_ballads (verse),1871,86,kept,Words.
hay_all,hay-0715,pike_county_ballads (verse),1871,114,kept,The Stirrup-Cup.
hay_all,hay-0716,pike_county_ballads (verse),1871,922,kept,A Dream Of Bric-A-Brac.
hay_all,hay-0717,pike_county_ballads (verse),1871,259,kept,Liberty.
hay_all,hay-0718,pike_county_ballads (verse),1871,120,kept,The White Flag.
hay_all,hay-0719,pike_county_ballads (verse),1871,464,kept,The Law Of Death.
hay_all,hay-0720,pike_county_ballads (verse),1871,274,kept,Mount Tabor.
hay_all,hay-0721,pike_county_ballads (verse),1871,321,kept,Religion And Doctrine.
hay_all,hay-0722,pike_county_ballads (verse),1871,205,kept,Sinai And Calvary.
hay_all,hay-0723,pike_county_ballads (verse),1871,247,kept,The Vision Of St. Peter.
hay_all,hay-0724,pike_county_ballads (verse),1871,464,kept,Israel.
hay_all,hay-0725,pike_county_ballads (verse),1871,218,kept,The Crows At Washington.
hay_all,hay-0726,pike_county_ballads (verse),1871,98,kept,Remorse.
hay_all,hay-0727,pike_county_ballads (verse),1871,102,kept,Esse Quam Videri.
hay_all,hay-0728,pike_county_ballads (verse),1871,219,kept,When The Boys Come Home.
hay_all,hay-0729,pike_county_ballads (verse),1871,181,kept,Lese-Amour.
hay_all,hay-0730,pike_county_ballads (verse),1871,278,kept,Northward.
hay_all,hay-0731,pike_county_ballads (verse),1871,348,kept,In The Firelight.
hay_all,hay-0732,pike_county_ballads (verse),1871,117,kept,In A Graveyard.
hay_all,hay-0733,pike_county_ballads (verse),1871,255,kept,The Prairie.
hay_all,hay-0734,pike_county_ballads (verse),1871,470,kept,Centennial.
hay_all,hay-0735,pike_county_ballads (verse),1871,115,kept,A Winter Night.
hay_all,hay-0736,pike_county_ballads (verse),1871,149,kept,Student-Song.
hay_all,hay-0737,pike_county_ballads (verse),1871,272,kept,How It Happened.
hay_all,hay-0738,pike_county_ballads (verse),1871,115,kept,God'S Vengeance.
hay_all,hay-0739,pike_county_ballads (verse),1871,252,kept,Too Late.
hay_all,hay-0740,pike_county_ballads (verse),1871,159,kept,Love'S Doubt.
hay_all,hay-0741,pike_county_ballads (verse),1871,149,kept,Lacrimas.
hay_all,hay-0742,pike_county_ballads (verse),1871,128,kept,On The Bluff.
hay_all,hay-0743,pike_county_ballads (verse),1871,268,kept,Una.
hay_all,hay-0744,pike_county_ballads (verse),1871,71,kept,Through The Long Days.
hay_all,hay-0745,pike_county_ballads (verse),1871,152,kept,A Phylactery.
hay_all,hay-0746,pike_county_ballads (verse),1871,144,kept,Blondine.
hay_all,hay-0747,pike_county_ballads (verse),1871,26,kept,Distiches.
hay_all,hay-0748,pike_county_ballads (verse),1871,23,kept,Ii.
hay_all,hay-0749,pike_county_ballads (verse),1871,51,kept,Iv.
hay_all,hay-0750,pike_county_ballads (verse),1871,24,kept,Vi.
hay_all,hay-0751,pike_county_ballads (verse),1871,29,kept,Vii.
hay_all,hay-0752,pike_county_ballads (verse),1871,21,kept,Viii.
hay_all,hay-0753,pike_county_ballads (verse),1871,47,kept,Ix.
hay_all,hay-0754,pike_county_ballads (verse),1871,22,kept,Xi.
hay_all,hay-0755,pike_county_ballads (verse),1871,23,kept,Xii.
hay_all,hay-0756,pike_county_ballads (verse),1871,26,kept,Xiii.
hay_all,hay-0757,pike_county_ballads (verse),1871,27,kept,Xiv.
hay_all,hay-0758,pike_county_ballads (verse),1871,25,kept,Xv.
hay_all,hay-0759,pike_county_ballads (verse),1871,24,kept,Xvi.
hay_all,hay-0760,pike_county_ballads (verse),1871,28,kept,Xvii.
hay_all,hay-0761,pike_county_ballads (verse),1871,26,kept,Xviii.
hay_all,hay-0762,pike_county_ballads (verse),1871,266,kept,Regardant.
hay_all,hay-0763,pike_county_ballads (verse),1871,2628,kept,Guy Of The Temple.
hay_all,hay-0764,pike_county_ballads (verse),1871,159,kept,From The German.
hay_all,hay-0765,pike_county_ballads (verse),1871,131,kept,From The German Of Heinrich Heine.
hay_all,hay-0766,pike_county_ballads (verse),1871,77,kept,After Heine.
hay_all,hay-0767,pike_county_ballads (verse),1871,81,kept,After Heine.
hay_all,hay-0768,pike_county_ballads (verse),1871,84,kept,After Heine.
hay_all,hay-0769,pike_county_ballads (verse),1871,95,kept,After Heine.
hay_all,hay-0770,pike_county_ballads (verse),1871,61,kept,After Heine.
hay_all,hay-0771,pike_county_ballads (verse),1871,191,kept,After Charles Baudelaire.
hay_all,hay-0772,pike_county_ballads (verse),1871,200,kept,From The Spanish Of Sor Marcela De Carpio.
hay_all,hay-0773,poems (verse),1890,43,kept,Ii.
hay_all,hay-0774,poems (verse),1890,47,kept,Iii.
hay_all,hay-0775,poems (verse),1890,103,kept,Iv.
hay_all,hay-0776,poems (verse),1890,856,kept,Vi.
hay_all,hay-0777,poems (verse),1890,141,kept,Ii.
hay_all,hay-0778,poems (verse),1890,138,kept,Iii.
hay_all,hay-0779,poems (verse),1890,8712,kept,Iv.
hay_all,hay-0780,poems (verse),1890,728,kept,"Key West, 1864."
hay_all,hay-0781,poems (verse),1890,2495,kept,"Illinois, 1858."
hay_all,hay-0782,poems (verse),1890,23,kept,Ii.
hay_all,hay-0783,poems (verse),1890,51,kept,Iv.
hay_all,hay-0784,poems (verse),1890,24,kept,Vi.
hay_all,hay-0785,poems (verse),1890,29,kept,Vii.
hay_all,hay-0786,poems (verse),1890,21,kept,Viii.
hay_all,hay-0787,poems (verse),1890,47,kept,Ix.
hay_all,hay-0788,poems (verse),1890,22,kept,Xi.
hay_all,hay-0789,poems (verse),1890,23,kept,Xii.
hay_all,hay-0790,poems (verse),1890,26,kept,Xiii.
hay_all,hay-0791,poems (verse),1890,27,kept,Xiv.
hay_all,hay-0792,poems (verse),1890,25,kept,Xv.
hay_all,hay-0793,poems (verse),1890,25,kept,Xvi.
hay_all,hay-0794,poems (verse),1890,28,kept,Xvii.
hay_all,hay-0795,poems (verse),1890,3244,kept,Xviii.
hay_all,hay-0796,poems (verse),1890,80,kept,After Heine.
hay_all,hay-0797,poems (verse),1890,83,kept,After Heine.
hay_all,hay-0798,poems (verse),1890,86,kept,After Heine.
hay_all,hay-0799,poems (verse),1890,99,kept,After Heine.
hay_all,hay-0800,poems (verse),1890,458,kept,After Heine.
hay_all,hay-0801,thayer (letter),1868-04-27,442,kept,To John Bigelow
hay_all,hay-0802,thayer (letter),1870-09-29,106,kept,To Whitelaw Reid
hay_all,hay-0803,thayer (letter),1870-10-13,283,kept,To J. G. Nicolay
hay_all,hay-0804,thayer (letter),1870-12-12,198,kept,To J. G. Nicolay
hay_all,hay-0805,thayer (letter),1872-08-01,360,kept,To Whitelaw Reid
hay_all,hay-0806,thayer (letter),1872-11-27,472,kept,To Whitelaw Reid
hay_all,hay-0807,thayer (letter),1873-08-27,193,kept,To J. G. Nicolay
hay_all,hay-0808,thayer (letter),1870-12-29,228,kept,To W. D. Howells
hay_all,hay-0809,thayer (letter),1871-12-24,175,kept,To W. D. Howells
hay_all,hay-0810,thayer (letter),1871-10-05,819,kept,To R. H. Stoddard
hay_all,hay-0811,thayer (letter),1870-12-07,165,kept,To James T. Fields
hay_all,hay-0812,thayer (letter),1875-01-28,132,kept,To Albert Rhodes
hay_all,hay-0813,thayer (letter),1875-04-29,256,kept,To Whitelaw Reid
hay_all,hay-0814,thayer (letter),1875-07-19,351,kept,To Whitelaw Reid
hay_all,hay-0815,thayer (letter),1877-02-20,194,kept,To W. D. Howells
hay_all,hay-0816,thayer (letter),1878-04-06,103,kept,To J. G. Nicolay
hay_all,hay-0817,thayer (letter),1878-07-05,300,kept,To Whitelaw Reid
hay_all,hay-0818,thayer (letter),1878-07-27,231,kept,To Whitelaw Reid
hay_all,hay-0819,thayer (letter),1880-06-08,133,kept,To Albert Rhodes
hay_all,hay-0820,thayer (letter),1881-02-11,280,kept,To Whitelaw Reid
hay_all,hay-0821,thayer (letter),1882-03-26,325,kept,To W. D. Howells
hay_all,hay-0822,thayer (letter),1882-09-18,306,kept,To W. D. Howells
hay_all,hay-0823,thayer (letter),1882-12-20,867,kept,To W. D. Howells
hay_all,hay-0824,thayer (letter),1883-03-11,456,kept,To Amasa Stone
hay_all,hay-0825,thayer (letter),1883-08-11,220,kept,To Henry James
hay_all,hay-0826,thayer (letter),1883-09-09,936,kept,To W. D. Howells
hay_all,hay-0827,thayer (letter),1877-11-26,419,kept,To Whitelaw Reid
hay_all,hay-0828,thayer (letter),1879-11-03,75,kept,To Whitelaw Reid
hay_all,hay-0829,thayer (letter),1879-10-28,208,kept,To William M. Evarts
hay_all,hay-0830,thayer (letter),1880-03-31,256,kept,To Whitelaw Reid
hay_all,hay-0831,thayer (letter),1881-05-26,293,kept,To Whitelaw Reid
hay_all,hay-0832,thayer (letter),1881-09-14,569,kept,To Whitelaw Reid
hay_all,hay-0833,thayer (letter),1889-04-15,310,kept,To J. G. Nicolay
hay_all,hay-0834,thayer (letter),1889-08-04,115,kept,To Henry Adams
hay_all,hay-0835,thayer (letter),1888-03-05,357,kept,To R. T. Lincoln
hay_all,hay-0836,thayer (letter),1890-01-22,265,kept,To W. D. Howells
hay_all,hay-0837,thayer (letter),1890-06-19,295,kept,To R. W. Gilder
hay_all,hay-0838,thayer (letter),1885-12-09,392,kept,To Henry Adains
hay_all,hay-0839,thayer (letter),1890-06-08,734,kept,To W. D. Howells
hay_all,hay-0840,thayer (letter),1887-07-20,421,kept,To Henry Adams
hay_all,hay-0841,thayer (letter),1893-11-20,424,kept,To R. W. Gilder
hay_all,hay-0842,thayer (letter),1893-07-22,322,kept,To Henry Adams
hay_all,hay-0843,thayer (letter),1894-01-26,70,kept,To J. G. Nicolay
hay_all,hay-0844,thayer (letter),1894-02-05,566,kept,To Henry Adams
hay_all,hay-0845,thayer (letter),1888-03-16,192,kept,To Whitelaw Reid
hay_all,hay-0846,thayer (letter),1888-06-25,449,kept,To Henry Adams
hay_all,hay-0847,thayer (letter),1892-10-20,666,kept,To Whitelaw Reid
hay_all,hay-0848,thayer (letter),1896-04-17,220,kept,To Henry Adams
hay_all,hay-0849,thayer (letter),1897-07-25,217,kept,To Henry Adams
hay_all,hay-0850,thayer (letter),1898-04-05,494,kept,To Senator H. C. Lodge
hay_all,hay-0851,thayer (letter),1898-05-25,725,kept,To Senator Lodge
hay_all,hay-0852,thayer (letter),1898-07-27,352,kept,To Senator Lodge
hay_all,hay-0853,thayer (letter),1898-08-22,153,kept,To Andrew Carnegie
hay_all,hay-0854,thayer (letter),1898-08-30,298,kept,To Sir John Clark
hay_all,hay-0855,thayer (letter),1898-08-31,212,kept,To Senator Lodge
hay_all,hay-0856,thayer (letter),1902-07-02,218,kept,To Professor G. P. Fisher
hay_all,hay-0857,thayer (letter),1898-11-13,293,kept,To Whitelaw Reid
hay_all,hay-0858,thayer (letter),1898-12-26,429,kept,To Whitelaw Reid
hay_all,hay-0859,thayer (letter),1898-11-29,777,kept,To Whitelaw Reid
hay_all,hay-0860,thayer (letter),1899-04-28,304,kept,To Joseph H. Choate
hay_all,hay-0861,thayer (letter),1899-07-27,202,kept,To Whitelaw Reid
hay_all,hay-0862,thayer (letter),1898-12-27,131,kept,To Senator John T. Morgan
hay_all,hay-0863,thayer (letter),1899-01-13,490,kept,To Henry White
hay_all,hay-0864,thayer (letter),1899-09-09,381,kept,To Henry White
hay_all,hay-0865,thayer (letter),1900-01-15,386,kept,To Joseph H. Choate
hay_all,hay-0866,thayer (letter),1900-02-07,144,kept,To Whitelaw Reid
hay_all,hay-0867,thayer (letter),1900-03-07,168,kept,To Joseph H. Choate
hay_all,hay-0868,thayer (letter),1900-03-13,161,kept,To President McKinley
hay_all,hay-0869,thayer (letter),1900-06-15,309,kept,To Henry Adams
hay_all,hay-0870,thayer (letter),1900-07-03,72,kept,To Senator McMillan
hay_all,hay-0871,thayer (letter),1900-06-23,311,kept,To J. W. Foster
hay_all,hay-0872,thayer (letter),1899-03-16,385,kept,To Paul Dana
hay_all,hay-0873,thayer (letter),1900-11-21,982,kept,To Henry Adams
hay_all,hay-0874,thayer (letter),1900-09-28,376,kept,To Samuel Mather
hay_all,hay-0875,thayer (letter),1900-10-08,314,kept,To Samuel Mather
hay_all,hay-0876,thayer (letter),1901-08-09,202,kept,To Henry Adams
hay_all,hay-0877,thayer (letter),1901-09-14,579,kept,To Lady Jeiine
hay_all,hay-0878,thayer (letter),1899-11-13,475,kept,To Joseph H. Choate
hay_all,hay-0879,thayer (letter),1902-04-22,717,kept,To Senator John T. Morgan
hay_all,hay-0880,thayer (letter),1903-05-14,549,kept,To Senator M. A. Hanna
hay_all,hay-0881,thayer (letter),1903-11-19,362,kept,To Mrs. Helen Hay Whitney
hay_all,hay-0882,thayer (letter),1904-01-11,206,kept,To Senator George F. Hoar
hay_all,hay-0883,thayer (letter),1904-01-20,235,kept,To Professor George P. Fisher
hay_all,hay-0884,thayer (letter),1904-03-12,360,kept,To Secretary Elihu Root
hay_all,hay-0885,thayer (letter),1903-12-28,1483,kept,To President H. S. Pritchett
hay_all,hay-0886,thayer (letter),1903-05-22,615,kept,To Henry White
hay_all,hay-0887,thayer (letter),1903-11-24,428,kept,To W. F. G. Shanks
hay_all,hay-0888,thayer (letter),1904-07-11,332,kept,To Joseph H. Choate
hay_all,hay-0889,thayer (letter),1904-07-13,538,kept,To President Roosevelt
hay_all,hay-0890,thayer (letter),1904-11-26,937,kept,To Frank H. Mason
hay_all,hay-0891,thayer (letter),1904-11-22,625,kept,To George W. Smalley
hay_all,hay-0892,thayer (letter),1905-04-12,208,kept,To Augustus Saint-Gaudens
hay_all,hay-0893,thayer (letter),1905-04-30,261,kept,To Henry Adams
hay_all,hay-0894,thayer (letter),1905-05-21,90,kept,To President Roosevelt
hay_all,hay-0895,thayer (letter),1905-06-07,291,kept,To Henry Adams
